user_id,age,gender,country,city,device_type,subscription_type,content_id,content_genre,content_duration,content_rating,campaign_id,ad_type,ad_placement,advertiser_category,bid_amount,impressions,clicks,conversions,clicked,session_duration,pages_viewed,cpm,cpc,revenue,cost,timestamp,hour,day_of_week,month,ctr,cvr,engagement_rate,user_engagement_score,ad_frequency,content_affinity,device_category_interaction,time_of_day,is_weekend,rolling_7d_revenue,rolling_7d_ctr,avg_session_duration_user
943560,19.0,F,FR,Paris,mobile,free,3186,sports,39.9,PG-13,5908,banner,pre_roll,tech,8.48,4,0,0,0,26.9,2,10.89,1.16,0.02,0.04,2024-03-01 00:00:00,0,4,3,0.0,0.0,0.5,0.4637716666666666,4,0.0,mobile_tech,late_night,0,268.1550148431532,0.0477453580901856,26.9
377258,29.0,M,IN,Mumbai,mobile,family,8080,comedy,74.9,G,5827,interstitial,post_roll,retail,12.13,8,1,0,1,69.6,1,9.09,1.39,26.08467219873664,0.28,2024-03-01 00:00:00,0,4,3,0.125,0.0,0.25,0.6884453333333334,8,0.125,mobile_retail,late_night,0,268.1550148431532,0.0477453580901856,69.6
379968,71.0,M,IN,Hyderabad,desktop,family,1868,documentary,26.8,R,5909,video,mid_roll,travel,5.14,3,0,0,0,0.5,3,11.5,1.34,0.01,0.03,2024-03-01 00:00:00,0,4,3,0.0,0.0,1.0,0.2779266666666666,3,0.0,desktop_travel,late_night,0,268.1550148431532,0.0477453580901856,14.05
598776,58.0,M,UK,London,mobile,free,6688,documentary,54.2,G,5437,interstitial,in_feed,healthcare,4.89,6,0,0,0,42.1,5,1.43,0.77,0.0,0.01,2024-03-01 00:00:00,0,4,3,0.0,0.0,0.8333333333333334,0.7085436666666667,6,0.0,mobile_healthcare,late_night,0,268.1550148431532,0.0477453580901856,42.1
336484,35.0,F,DE,Berlin,smart_tv,free,3715,documentary,6.4,PG-13,5654,native,pre_roll,auto,7.48,4,0,0,0,0.5,1,9.04,1.43,0.01,0.04,2024-03-01 00:00:00,0,4,3,0.0,0.0,0.25,0.1674656666666666,4,0.0,smart_tv_auto,late_night,0,268.1550148431532,0.0477453580901856,0.5
918530,20.0,F,DE,Berlin,mobile,free,8061,drama,28.7,PG-13,5149,interstitial,post_roll,gaming,7.6,10,0,0,0,18.9,2,8.89,1.9,0.04,0.09,2024-03-01 00:00:00,0,4,3,0.0,0.0,0.2,0.3804076666666666,10,0.0,mobile_gaming,late_night,0,268.1550148431532,0.0477453580901856,18.9
139198,64.0,M,US,Chicago,mobile,free,2394,news,45.2,PG-13,5788,audio,sidebar,tech,6.13,8,0,0,0,9.1,1,8.66,1.52,0.03,0.07,2024-03-01 00:00:00,0,4,3,0.0,0.0,0.125,0.2396643333333333,8,0.0,mobile_tech,late_night,0,268.1550148431532,0.0477453580901856,9.1
135214,47.0,F,BR,Rio de Janeiro,tablet,basic,2551,music,47.3,R,5710,banner,sidebar,gaming,10.45,8,1,0,1,9.4,2,15.56,1.37,0.87,0.33,2024-03-01 00:00:00,0,4,3,0.125,0.0,0.375,0.4351073333333333,8,0.125,tablet_gaming,late_night,0,268.1550148431532,0.0477453580901856,9.4
756562,45.0,Unknown,US,Austin,tablet,basic,3049,drama,11.1,G,5865,native,pre_roll,cpg,3.74,11,0,0,0,6.8,2,12.27,1.43,0.05,0.13,2024-03-01 00:00:00,0,4,3,0.0,0.0,0.1818181818181818,0.2720356666666667,11,0.0,tablet_cpg,late_night,0,268.1550148431532,0.0477453580901856,6.8
242074,36.0,F,US,New York,mobile,premium,4981,documentary,10.3,PG-13,5321,interstitial,in_feed,healthcare,3.28,1,0,0,0,0.5,1,11.38,0.42,0.0,0.01,2024-03-01 00:00:00,0,4,3,0.0,0.0,1.0,0.1674656666666666,1,0.0,mobile_healthcare,late_night,0,268.1550148431532,0.0477453580901856,0.5
769902,31.0,M,US,Austin,mobile,free,2304,gaming,25.4,PG-13,5850,video,post_roll,finance,3.44,3,0,0,0,12.1,1,15.44,1.16,0.02,0.05,2024-03-01 00:00:00,0,4,3,0.0,0.0,0.3333333333333333,0.2660923333333333,3,0.0,mobile_finance,late_night,0,268.1550148431532,0.0477453580901856,12.1
459075,60.0,F,CA,Toronto,tablet,free,9956,gaming,2.0,R,5986,interstitial,pre_roll,healthcare,10.44,4,1,0,1,0.5,3,12.58,1.46,0.9,0.27,2024-03-01 00:00:00,0,4,3,0.25,0.0,1.0,0.4490676666666666,4,0.25,tablet_healthcare,late_night,0,268.1550148431532,0.0477453580901856,16.35
613365,74.0,F,UK,London,tablet,basic,7507,sports,28.3,PG-13,5267,banner,in_feed,healthcare,5.9,5,0,0,0,22.2,3,13.47,0.84,0.03,0.07,2024-03-01 00:00:00,0,4,3,0.0,0.0,0.6,0.4828319999999999,5,0.0,tablet_healthcare,late_night,0,268.1550148431532,0.0477453580901856,22.2
793193,64.0,F,AU,Sydney,tablet,premium,5278,kids,73.4,R,5686,native,mid_roll,finance,1.48,1,0,0,0,39.2,2,14.15,1.08,0.01,0.01,2024-03-01 00:00:00,0,4,3,0.0,0.0,2.0,0.5418076666666667,1,0.0,tablet_finance,late_night,0,268.1550148431532,0.0477453580901856,39.2
593888,70.0,M,US,Austin,tablet,free,4551,drama,18.2,PG-13,5255,audio,mid_roll,tech,5.17,11,0,0,0,7.9,2,4.26,0.81,0.02,0.05,2024-03-01 00:00:00,0,4,3,0.0,0.0,0.1818181818181818,0.2802556666666667,11,0.0,tablet_tech,late_night,0,268.1550148431532,0.0477453580901856,7.9
791253,44.0,F,US,Seattle,mobile,basic,5090,kids,46.6,R,5420,native,mid_roll,retail,7.63,5,0,0,0,27.4,3,12.81,1.05,0.03,0.06,2024-03-01 01:00:00,1,4,3,0.0,0.0,0.6,0.52764,5,0.0,mobile_retail,late_night,0,268.1550148431532,0.0477453580901856,27.4
283491,68.0,M,US,New York,desktop,family,5681,music,44.9,PG-13,5709,interstitial,mid_roll,retail,5.24,6,0,0,0,24.1,5,11.52,0.75,0.03,0.07,2024-03-01 01:00:00,1,4,3,0.0,0.0,0.8333333333333334,0.595309,6,0.0,desktop_retail,late_night,0,268.1550148431532,0.0477453580901856,24.1
618047,52.0,M,US,New York,smart_tv,free,9324,kids,46.1,PG,5708,banner,sidebar,healthcare,9.95,3,0,0,0,23.6,2,12.55,1.19,0.02,0.04,2024-03-01 01:00:00,1,4,3,0.0,0.0,0.6666666666666666,0.4357076666666666,3,0.0,smart_tv_healthcare,late_night,0,268.1550148431532,0.0477453580901856,23.6
973533,32.0,M,IN,Bengaluru,desktop,family,8994,gaming,37.3,PG-13,5317,interstitial,sidebar,finance,5.42,11,1,0,1,23.1,5,14.05,1.18,0.77,0.33,2024-03-01 01:00:00,1,4,3,0.0909090909090909,0.0,0.5454545454545454,0.705689,11,0.0909090909090909,desktop_finance,late_night,0,268.1550148431532,0.0477453580901856,23.1
221243,37.0,M,UK,London,mobile,premium,1028,documentary,11.2,PG-13,5869,video,post_roll,healthcare,3.79,4,0,0,0,0.5,3,3.89,1.47,0.01,0.02,2024-03-01 01:00:00,1,4,3,0.0,0.0,0.75,0.2779266666666666,4,0.0,mobile_healthcare,late_night,0,268.1550148431532,0.0477453580901856,0.5
694270,44.0,F,DE,Berlin,mobile,premium,9781,kids,95.8,R,5083,native,in_feed,finance,11.75,3,0,0,0,68.0,2,12.24,1.77,0.01,0.04,2024-03-01 01:00:00,1,4,3,0.0,0.0,0.6666666666666666,0.5960636666666667,3,0.0,mobile_finance,late_night,0,268.1550148431532,0.0477453580901856,56.75
299844,29.0,M,DE,Berlin,mobile,basic,1133,sports,41.5,R,5399,video,in_feed,travel,5.39,1,0,0,0,32.3,1,4.09,1.4,0.0,0.0,2024-03-01 01:00:00,1,4,3,0.0,0.0,1.0,0.453299,1,0.0,mobile_travel,late_night,0,268.1550148431532,0.0477453580901856,32.3
950372,57.0,F,IN,Mumbai,mobile,premium,5491,documentary,23.6,PG-13,5866,video,pre_roll,gaming,1.73,11,1,0,1,8.3,3,10.78,0.67,0.45,0.22,2024-03-01 01:00:00,1,4,3,0.0909090909090909,0.0,0.3636363636363636,0.462824,11,0.0909090909090909,mobile_gaming,late_night,0,268.1550148431532,0.0477453580901856,17.700000000000003
217326,60.0,F,FR,Lyon,desktop,free,2407,news,3.3,PG-13,5743,banner,post_roll,gaming,2.57,10,1,0,1,5.0,1,10.82,0.86,0.56,0.24,2024-03-01 01:00:00,1,4,3,0.1,0.0,0.2,0.3360653333333333,10,0.1,desktop_gaming,late_night,0,268.1550148431532,0.0477453580901856,5.0
477674,29.0,M,BR,Sao Paulo,tablet,basic,8304,sports,20.7,PG-13,5814,audio,post_roll,finance,6.82,9,0,0,0,22.8,7,13.28,2.0,0.05,0.12,2024-03-01 01:00:00,1,4,3,0.0,0.0,0.7777777777777778,0.6253879999999999,9,0.0,tablet_finance,late_night,0,268.1550148431532,0.0477453580901856,22.8
652120,46.0,F,IN,Hyderabad,mobile,free,9850,documentary,24.1,R,5385,video,mid_roll,healthcare,3.19,11,0,0,0,14.2,2,3.33,1.01,0.01,0.04,2024-03-01 01:00:00,1,4,3,0.0,0.0,0.1818181818181818,0.3357076666666667,11,0.0,mobile_healthcare,late_night,0,268.1550148431532,0.0477453580901856,14.2
730020,67.0,F,US,Chicago,tablet,premium,8217,news,15.7,PG,5737,banner,sidebar,auto,2.38,7,0,0,0,0.6,2,5.67,1.22,0.02,0.04,2024-03-01 02:00:00,2,4,3,0.0,0.0,0.2857142857142857,0.2337236666666666,7,0.0,tablet_auto,late_night,0,268.1550148431532,0.0477453580901856,0.6
176123,62.0,M,US,New York,desktop,family,8820,sports,61.0,PG,5586,native,pre_roll,finance,3.86,8,0,0,0,20.8,2,13.22,0.57,0.04,0.11,2024-03-01 02:00:00,2,4,3,0.0,0.0,0.25,0.410165,8,0.0,desktop_finance,late_night,0,268.1550148431532,0.0477453580901856,20.8
553752,13.0,F,IN,Mumbai,tablet,free,6306,news,13.0,G,5348,banner,pre_roll,travel,3.01,6,0,0,0,1.9,0,10.43,0.9,0.03,0.06,2024-03-01 02:00:00,2,4,3,0.0,0.0,0.0,0.1607753333333333,6,0.0,tablet_travel,late_night,0,268.1550148431532,0.0477453580901856,1.9
272398,44.0,F,US,Chicago,desktop,premium,8674,kids,25.9,PG-13,5687,native,post_roll,healthcare,4.74,10,0,0,0,14.1,1,8.61,1.65,0.03,0.09,2024-03-01 02:00:00,2,4,3,0.0,0.0,0.1,0.2842336666666666,10,0.0,desktop_healthcare,late_night,0,268.1550148431532,0.0477453580901856,14.1
806547,16.0,M,MX,Guadalajara,desktop,basic,3230,gaming,52.6,R,5015,banner,mid_roll,retail,8.56,7,0,0,0,17.0,3,14.3,1.94,0.04,0.1,2024-03-01 02:00:00,2,4,3,0.0,0.0,0.4285714285714285,0.4220426666666667,7,0.0,desktop_retail,late_night,0,268.1550148431532,0.0477453580901856,17.0
632159,63.0,F,US,New York,desktop,basic,1745,sports,72.9,G,5932,audio,mid_roll,finance,9.29,3,1,0,1,48.2,1,11.37,1.88,1.14,0.32,2024-03-01 02:00:00,2,4,3,0.3333333333333333,0.0,0.6666666666666666,0.6986523333333333,3,0.3333333333333333,desktop_finance,late_night,0,268.1550148431532,0.0477453580901856,48.2
519087,51.0,F,IN,Hyderabad,mobile,free,1299,kids,44.5,R,5588,native,pre_roll,auto,5.54,7,0,0,0,27.5,2,11.75,1.3,0.03,0.08,2024-03-01 02:00:00,2,4,3,0.0,0.0,0.2857142857142857,0.468581,7,0.0,mobile_auto,late_night,0,268.1550148431532,0.0477453580901856,27.5
571089,31.0,M,BR,Rio de Janeiro,mobile,family,2297,gaming,56.6,PG,5010,interstitial,post_roll,healthcare,6.98,7,0,0,0,48.3,2,8.01,1.23,0.02,0.06,2024-03-01 02:00:00,2,4,3,0.0,0.0,0.2857142857142857,0.5721863333333334,7,0.0,mobile_healthcare,late_night,0,268.1550148431532,0.0477453580901856,48.3
480151,40.0,F,MX,Mexico City,smart_tv,free,4096,kids,47.4,PG-13,5213,audio,pre_roll,cpg,5.96,9,0,0,0,33.2,3,15.47,0.94,0.06,0.14,2024-03-01 02:00:00,2,4,3,0.0,0.0,0.3333333333333333,0.5694786666666667,9,0.0,smart_tv_cpg,late_night,0,268.1550148431532,0.0477453580901856,33.2
704007,34.0,M,US,Austin,desktop,free,2414,documentary,20.0,PG,5266,native,post_roll,gaming,3.11,8,1,0,1,14.9,2,9.81,0.94,0.6,0.22,2024-03-01 02:00:00,2,4,3,0.125,0.0,0.375,0.4847059999999999,8,0.125,desktop_gaming,late_night,0,268.1550148431532,0.0477453580901856,14.9
524840,37.0,F,BR,Rio de Janeiro,tablet,premium,2492,news,43.0,PG-13,5449,interstitial,in_feed,tech,4.17,2,0,0,0,21.0,5,9.9,1.55,0.01,0.02,2024-03-01 02:00:00,2,4,3,0.0,0.0,2.5,0.5671343333333333,2,0.0,tablet_tech,late_night,0,268.1550148431532,0.0477453580901856,11.65
602728,46.0,M,US,Austin,mobile,basic,5713,news,22.6,R,5429,audio,mid_roll,auto,6.02,4,0,0,0,11.4,2,10.3,1.76,0.02,0.04,2024-03-01 03:00:00,3,4,3,0.0,0.0,0.5,0.310269,4,0.0,mobile_auto,late_night,0,268.1550148431532,0.0477453580901856,15.95
483732,60.0,F,US,New York,smart_tv,free,1636,documentary,59.9,PG,5428,interstitial,post_roll,cpg,8.74,1,0,0,0,32.8,1,8.31,1.35,0.0,0.01,2024-03-01 03:00:00,3,4,3,0.0,0.0,1.0,0.456527,1,0.0,smart_tv_cpg,late_night,0,268.1550148431532,0.0477453580901856,32.8
560018,14.0,M,BR,Sao Paulo,desktop,family,4181,documentary,2.0,PG-13,5160,interstitial,mid_roll,auto,10.65,5,0,0,0,12.1,5,13.43,1.22,0.03,0.07,2024-03-01 03:00:00,3,4,3,0.0,0.0,1.0,0.4717223333333333,5,0.0,desktop_auto,late_night,0,268.1550148431532,0.0477453580901856,12.1
322532,15.0,F,US,New York,mobile,premium,1233,music,28.6,G,5053,audio,mid_roll,cpg,3.99,11,0,0,0,5.1,2,5.73,1.14,0.03,0.06,2024-03-01 03:00:00,3,4,3,0.0,0.0,0.1818181818181818,0.259949,11,0.0,mobile_cpg,late_night,0,268.1550148431532,0.0477453580901856,5.1
868632,23.0,F,FR,Lyon,tablet,free,5410,kids,27.8,PG,5435,audio,sidebar,retail,4.31,7,0,0,0,0.5,2,16.99,1.51,0.05,0.12,2024-03-01 03:00:00,3,4,3,0.0,0.0,0.2857142857142857,0.2180356666666666,7,0.0,tablet_retail,late_night,0,268.1550148431532,0.0477453580901856,19.6
153103,44.0,Other,UK,Manchester,mobile,free,2312,kids,22.7,PG-13,5152,banner,pre_roll,cpg,2.77,5,0,0,0,11.8,4,13.88,0.87,0.03,0.07,2024-03-01 03:00:00,3,4,3,0.0,0.0,0.8,0.4283383333333333,5,0.0,mobile_cpg,late_night,0,268.1550148431532,0.0477453580901856,11.8
915338,31.0,Other,AU,Sydney,mobile,free,8117,drama,11.1,PG-13,5286,interstitial,mid_roll,retail,8.64,5,0,0,0,0.5,2,10.19,2.08,0.3817077889114549,0.05,2024-03-01 03:00:00,3,4,3,0.0,0.0,0.4,0.2180356666666666,5,0.0,mobile_retail,late_night,0,268.1550148431532,0.0477453580901856,0.5
932400,54.0,M,JP,Osaka,desktop,free,8830,kids,7.0,G,5850,audio,pre_roll,travel,9.34,8,1,0,1,0.5,2,16.99,1.02,0.67,0.29,2024-03-01 03:00:00,3,4,3,0.125,0.0,0.375,0.3603766666666667,8,0.125,desktop_travel,late_night,0,268.1550148431532,0.0477453580901856,0.5
418372,52.0,M,IN,Mumbai,desktop,free,7696,sports,8.4,PG,5281,native,post_roll,travel,5.52,11,1,0,1,16.3,1,8.08,1.8,1.12,0.36,2024-03-01 04:00:00,4,4,3,0.0909090909090909,0.0,0.1818181818181818,0.424303,11,0.0909090909090909,desktop_travel,late_night,0,268.1550148431532,0.0477453580901856,16.3
361186,55.0,M,US,Seattle,mobile,family,7885,drama,35.8,R,5920,banner,in_feed,cpg,12.65,4,0,0,0,24.2,2,11.47,0.8,0.02,0.05,2024-03-01 04:00:00,4,4,3,0.0,0.0,0.5,0.4411583333333333,4,0.0,mobile_cpg,late_night,0,268.1550148431532,0.0477453580901856,24.2
259915,57.0,F,US,Austin,mobile,basic,5744,drama,39.6,PG-13,5402,video,mid_roll,auto,6.46,9,1,0,1,95.05050000000048,1,5.56,1.05,25.83963889306684,0.21,2024-03-01 04:00:00,4,4,3,0.1111111111111111,0.0,0.2222222222222222,0.6861816666666667,9,0.1111111111111111,mobile_auto,late_night,0,268.1550148431532,0.0477453580901856,95.05050000000048
717831,44.0,F,US,Chicago,tablet,premium,8221,comedy,34.6,PG,5564,video,mid_roll,travel,1.93,1,0,0,0,10.0,5,8.94,0.7,0.0,0.01,2024-03-01 04:00:00,4,4,3,0.0,0.0,5.0,0.4529196666666666,1,0.0,tablet_travel,late_night,0,268.1550148431532,0.0477453580901856,10.0
401797,55.0,M,IN,Mumbai,mobile,family,3998,sports,42.5,PG-13,5670,native,sidebar,cpg,5.99,8,0,0,0,19.2,7,5.54,1.11,0.02,0.04,2024-03-01 04:00:00,4,4,3,0.0,0.0,0.875,0.5801906666666666,8,0.0,mobile_cpg,late_night,0,268.1550148431532,0.0477453580901856,19.2
697232,53.0,F,US,Chicago,mobile,free,6513,gaming,43.4,PG-13,5816,audio,in_feed,gaming,8.12,6,0,0,0,23.3,1,12.86,1.34,0.03,0.08,2024-03-01 04:00:00,4,4,3,0.0,0.0,0.1666666666666666,0.3824683333333333,6,0.0,mobile_gaming,late_night,0,268.1550148431532,0.0477453580901856,23.3
747798,67.0,M,US,New York,desktop,free,3270,comedy,17.3,PG,5614,video,mid_roll,auto,9.42,9,2,0,1,2.4,0,13.59,0.65,0.83,0.32,2024-03-01 04:00:00,4,4,3,0.2222222222222222,0.0,0.2222222222222222,0.331298,9,0.2222222222222222,desktop_auto,late_night,0,268.1550148431532,0.0477453580901856,2.4
509072,63.0,F,US,Chicago,smart_tv,free,7185,sports,19.6,PG,5758,audio,post_roll,gaming,4.89,1,0,0,0,15.9,1,10.98,0.9,0.0,0.01,2024-03-01 04:00:00,4,4,3,0.0,0.0,1.0,0.3013003333333333,1,0.0,smart_tv_gaming,late_night,0,268.1550148431532,0.0477453580901856,15.9
796117,23.0,M,US,Seattle,desktop,free,7394,documentary,35.9,PG-13,5876,video,sidebar,auto,4.56,3,0,0,0,30.9,1,10.87,0.83,0.01,0.03,2024-03-01 04:00:00,4,4,3,0.0,0.0,0.3333333333333333,0.4435736666666666,3,0.0,desktop_auto,late_night,0,268.1550148431532,0.0477453580901856,30.9
622663,48.0,M,IN,Bengaluru,mobile,family,6017,drama,55.7,PG,5732,video,sidebar,healthcare,4.44,10,1,0,1,36.3,2,5.31,0.53,0.34,0.13,2024-03-01 04:00:00,4,4,3,0.1,0.0,0.3,0.6550499999999999,10,0.1,mobile_healthcare,late_night,0,268.1550148431532,0.0477453580901856,36.3
205015,34.0,M,FR,Paris,mobile,free,5745,documentary,36.1,PG-13,5610,video,mid_roll,finance,1.29,8,0,0,0,20.6,3,10.12,0.16,0.03,0.08,2024-03-01 04:00:00,4,4,3,0.0,0.0,0.375,0.4622653333333333,8,0.0,mobile_finance,late_night,0,268.1550148431532,0.0477453580901856,20.6
307132,35.0,M,IN,Hyderabad,tablet,basic,9134,comedy,45.8,PG-13,5620,audio,mid_roll,tech,11.54,8,0,0,0,34.0,3,11.96,1.39,0.04,0.1,2024-03-01 05:00:00,5,4,3,0.0,0.0,0.375,0.574264,8,0.0,tablet_tech,late_night,0,268.1550148431532,0.0477453580901856,34.0
531336,68.0,Other,US,New York,mobile,premium,5783,drama,54.4,PG-13,5982,interstitial,mid_roll,gaming,10.45,5,1,0,1,30.7,3,14.14,1.43,0.89,0.29,2024-03-01 05:00:00,5,4,3,0.2,0.0,0.8,0.7161466666666667,5,0.2,mobile_gaming,late_night,0,268.1550148431532,0.0477453580901856,41.1
527098,68.0,F,US,New York,mobile,free,5811,gaming,28.6,PG,5111,native,sidebar,auto,4.37,1,0,0,0,11.2,3,12.4,0.86,0.0,0.01,2024-03-01 05:00:00,5,4,3,0.0,0.0,3.0,0.3683079999999999,1,0.0,mobile_auto,late_night,0,268.1550148431532,0.0477453580901856,16.45
845980,37.0,F,CA,Toronto,tablet,basic,9216,gaming,9.5,PG-13,5383,banner,post_roll,tech,5.29,5,0,0,0,0.5,2,11.01,1.8,0.02,0.06,2024-03-01 05:00:00,5,4,3,0.0,0.0,0.4,0.2180356666666666,5,0.0,tablet_tech,late_night,0,268.1550148431532,0.0477453580901856,0.5
142031,59.0,F,CA,Toronto,desktop,free,2041,music,54.5,PG-13,5531,banner,mid_roll,gaming,6.65,4,0,0,0,25.7,1,6.57,1.47,0.01,0.03,2024-03-01 05:00:00,5,4,3,0.0,0.0,0.25,0.4033923333333333,4,0.0,desktop_gaming,late_night,0,268.1550148431532,0.0477453580901856,25.7
117161,71.0,F,US,Chicago,mobile,free,7591,gaming,21.9,R,5011,interstitial,post_roll,travel,1.0,3,0,0,0,15.8,3,13.36,1.45,0.02,0.04,2024-03-01 05:00:00,5,4,3,0.0,0.0,1.0,0.4107959999999999,3,0.0,mobile_travel,late_night,0,268.1550148431532,0.0477453580901856,15.8
523594,72.0,F,CA,Toronto,tablet,free,6808,sports,21.8,R,5015,audio,mid_roll,auto,2.35,3,0,0,0,17.0,2,5.47,1.28,0.01,0.02,2024-03-01 05:00:00,5,4,3,0.0,0.0,0.6666666666666666,0.3621516666666666,3,0.0,tablet_auto,late_night,0,268.1550148431532,0.0477453580901856,17.0
882981,28.0,M,MX,Mexico City,desktop,premium,4816,news,38.2,PG,5932,video,sidebar,finance,5.96,4,0,0,0,20.0,2,5.17,0.73,0.01,0.02,2024-03-01 05:00:00,5,4,3,0.0,0.0,0.5,0.3907863333333333,4,0.0,desktop_finance,late_night,0,268.1550148431532,0.0477453580901856,20.0
799324,26.0,M,BR,Rio de Janeiro,mobile,free,8092,sports,4.8,G,5242,banner,in_feed,tech,2.71,4,0,0,0,0.5,1,14.6,1.73,0.02,0.06,2024-03-01 05:00:00,5,4,3,0.0,0.0,0.25,0.1674656666666666,4,0.0,mobile_tech,late_night,0,268.1550148431532,0.0477453580901856,0.5
242158,52.0,F,IN,Mumbai,desktop,premium,3817,documentary,52.4,PG-13,5199,native,pre_roll,retail,5.04,1,0,0,0,35.6,1,8.71,1.53,0.0,0.01,2024-03-01 05:00:00,5,4,3,0.0,0.0,1.0,0.473155,1,0.0,desktop_retail,late_night,0,268.1550148431532,0.0477453580901856,35.6
716474,74.0,F,US,New York,mobile,free,5834,music,44.8,PG-13,5007,banner,pre_roll,travel,12.15,9,1,0,1,24.8,0,14.89,2.94,1.82,0.58,2024-03-01 05:00:00,5,4,3,0.1111111111111111,0.0,0.1111111111111111,0.5019166666666667,9,0.1111111111111111,mobile_travel,late_night,0,268.1550148431532,0.0477453580901856,24.8
431746,13.0,M,CA,Vancouver,mobile,free,5655,kids,36.3,PG,5780,banner,pre_roll,auto,3.07,10,1,1,1,22.9,2,12.17,0.73,34.13005000000005,0.23,2024-03-01 06:00:00,6,4,3,0.1,1.0,0.4,0.55687,10,0.1,mobile_auto,morning,0,268.1550148431532,0.0477453580901856,22.9
345862,64.0,M,IN,Mumbai,mobile,free,9291,news,46.9,R,5026,video,in_feed,retail,8.98,10,0,0,0,30.2,7,10.12,0.86,0.04,0.1,2024-03-01 06:00:00,6,4,3,0.0,0.0,0.7,0.686248,10,0.0,mobile_retail,morning,0,268.1550148431532,0.0477453580901856,30.2
107298,40.0,M,US,Austin,tablet,basic,1138,drama,18.9,PG,5545,interstitial,sidebar,finance,4.24,7,1,0,1,9.0,2,11.68,1.79,1.11,0.35,2024-03-01 06:00:00,6,4,3,0.1428571428571428,0.0,0.4285714285714285,0.4383813333333333,7,0.1428571428571428,tablet_finance,morning,0,268.1550148431532,0.0477453580901856,17.45
869004,17.0,F,BR,Sao Paulo,mobile,free,6498,sports,2.0,PG-13,5284,audio,mid_roll,healthcare,2.72,10,0,0,0,0.5,4,9.17,1.3,0.04,0.09,2024-03-01 06:00:00,6,4,3,0.0,0.0,0.4,0.3323756666666666,10,0.0,mobile_healthcare,morning,0,268.1550148431532,0.0477453580901856,0.5
103803,48.0,F,DE,Berlin,mobile,basic,2813,documentary,19.8,PG-13,5274,video,mid_roll,travel,4.78,4,0,0,0,8.3,3,13.76,0.88,0.02,0.06,2024-03-01 06:00:00,6,4,3,0.0,0.0,0.75,0.3435279999999999,4,0.0,mobile_travel,morning,0,268.1550148431532,0.0477453580901856,8.3
627551,26.0,M,US,Seattle,desktop,family,6097,comedy,62.5,R,5188,audio,mid_roll,tech,1.76,3,1,0,1,41.9,5,13.16,0.48,0.3,0.11,2024-03-01 06:00:00,6,4,3,0.3333333333333333,0.0,2.0,0.8851143333333333,3,0.3333333333333333,desktop_tech,morning,0,268.1550148431532,0.0477453580901856,25.65
841874,23.0,F,US,Austin,mobile,free,3702,gaming,45.0,PG-13,5349,video,in_feed,cpg,9.79,4,0,0,0,18.1,2,11.28,0.49,0.02,0.05,2024-03-01 06:00:00,6,4,3,0.0,0.0,0.5,0.3728956666666667,4,0.0,mobile_cpg,morning,0,268.1550148431532,0.0477453580901856,18.1
567852,35.0,F,DE,Berlin,tablet,free,6580,music,20.7,G,5594,banner,in_feed,finance,8.97,10,0,0,0,9.9,5,10.89,1.49,0.04,0.11,2024-03-01 06:00:00,6,4,3,0.0,0.0,0.5,0.4520383333333333,10,0.0,tablet_finance,morning,0,268.1550148431532,0.0477453580901856,14.5
581719,63.0,M,JP,Tokyo,desktop,basic,7482,documentary,43.8,R,5857,interstitial,pre_roll,finance,4.71,5,1,0,1,20.6,2,9.56,0.81,0.51,0.17,2024-03-01 06:00:00,6,4,3,0.2,0.0,0.6,0.5659543333333333,5,0.2,desktop_finance,morning,0,268.1550148431532,0.0477453580901856,20.6
749415,54.0,M,UK,Manchester,mobile,premium,4135,documentary,22.3,PG-13,5697,video,pre_roll,finance,4.63,11,0,0,0,15.2,1,8.06,0.92,0.04,0.09,2024-03-01 06:00:00,6,4,3,0.0,0.0,0.0909090909090909,0.294583,11,0.0,mobile_finance,morning,0,268.1550148431532,0.0477453580901856,15.2
277253,58.0,M,US,New York,mobile,family,2337,documentary,26.9,R,5058,native,pre_roll,finance,3.06,6,1,0,1,11.5,4,9.45,1.08,0.67,0.22,2024-03-01 06:00:00,6,4,3,0.1666666666666666,0.0,0.8333333333333334,0.5806606666666667,6,0.1666666666666666,mobile_finance,morning,0,268.1550148431532,0.0477453580901856,11.5
983443,69.0,F,US,Chicago,desktop,free,2038,documentary,61.2,PG-13,5557,banner,post_roll,gaming,5.87,2,0,0,0,43.4,3,14.27,1.51,0.01,0.03,2024-03-01 06:00:00,6,4,3,0.0,0.0,1.5,0.6179906666666667,2,0.0,desktop_gaming,morning,0,268.1550148431532,0.0477453580901856,43.4
930868,58.0,F,DE,Berlin,mobile,basic,7935,music,11.2,PG-13,5172,interstitial,sidebar,healthcare,2.64,5,0,0,0,6.2,3,6.54,0.74,0.01,0.03,2024-03-01 06:00:00,6,4,3,0.0,0.0,0.6,0.3274399999999999,5,0.0,mobile_healthcare,morning,0,268.1550148431532,0.0477453580901856,6.2
496441,22.0,M,US,Austin,mobile,basic,9361,sports,70.3,PG-13,5600,audio,sidebar,healthcare,5.19,5,0,0,0,20.6,2,5.51,0.86,0.01,0.03,2024-03-01 07:00:00,7,4,3,0.0,0.0,0.4,0.4023743333333333,5,0.0,mobile_healthcare,morning,0,268.1550148431532,0.0477453580901856,20.6
402024,35.0,F,US,Chicago,mobile,basic,6951,comedy,39.1,PG-13,5368,interstitial,pre_roll,auto,10.63,3,0,0,0,10.9,0,13.47,0.82,0.02,0.04,2024-03-01 07:00:00,7,4,3,0.0,0.0,0.0,0.2262713333333333,3,0.0,mobile_auto,morning,0,268.1550148431532,0.0477453580901856,10.9
971646,14.0,M,CA,Vancouver,desktop,free,2794,sports,46.8,PG-13,5102,interstitial,in_feed,auto,4.51,6,0,0,0,19.4,1,12.54,1.4,0.03,0.08,2024-03-01 07:00:00,7,4,3,0.0,0.0,0.1666666666666666,0.3345909999999999,6,0.0,desktop_auto,morning,0,268.1550148431532,0.0477453580901856,19.4
667279,60.0,F,BR,Rio de Janeiro,desktop,free,1616,documentary,7.0,PG,5061,native,mid_roll,auto,2.52,2,1,0,1,6.7,0,7.24,1.31,0.79,0.21,2024-03-01 07:00:00,7,4,3,0.5,0.0,0.5,0.373299,2,0.5,desktop_auto,morning,0,268.1550148431532,0.0477453580901856,6.7
293996,72.0,M,IN,Mumbai,mobile,free,2052,kids,38.9,G,5624,interstitial,mid_roll,retail,7.26,11,0,0,0,15.9,1,9.36,1.02,0.04,0.1,2024-03-01 07:00:00,7,4,3,0.0,0.0,0.0909090909090909,0.3013003333333333,11,0.0,mobile_retail,morning,0,268.1550148431532,0.0477453580901856,9.55
584021,51.0,M,UK,Manchester,smart_tv,free,3478,drama,20.6,PG,5922,video,post_roll,tech,3.47,1,0,0,0,0.5,3,6.85,1.15,0.0,0.01,2024-03-01 07:00:00,7,4,3,0.0,0.0,3.0,0.2779266666666666,1,0.0,smart_tv_tech,morning,0,268.1550148431532,0.0477453580901856,0.5
493028,44.0,F,IN,Hyderabad,tablet,free,9021,drama,2.0,G,5692,banner,mid_roll,travel,7.02,4,0,0,0,3.0,4,12.3,1.11,0.02,0.05,2024-03-01 07:00:00,7,4,3,0.0,0.0,1.0,0.3608249999999999,4,0.0,tablet_travel,morning,0,268.1550148431532,0.0477453580901856,3.0
985931,32.0,F,FR,Lyon,desktop,family,4889,gaming,12.4,G,5800,banner,post_roll,gaming,8.09,2,0,0,0,3.6,5,10.82,0.96,0.01,0.02,2024-03-01 07:00:00,7,4,3,0.0,0.0,2.5,0.4051476666666666,2,0.0,desktop_gaming,morning,0,268.1550148431532,0.0477453580901856,3.6
982984,41.0,M,BR,Sao Paulo,mobile,free,1069,gaming,7.1,R,5800,audio,in_feed,healthcare,3.95,6,1,0,1,0.6,2,13.22,1.02,0.64,0.23,2024-03-01 07:00:00,7,4,3,0.1666666666666666,0.0,0.5,0.3888486666666667,6,0.1666666666666666,mobile_healthcare,morning,0,268.1550148431532,0.0477453580901856,0.6
345952,59.0,F,FR,Paris,mobile,basic,4700,gaming,25.0,PG-13,5862,video,mid_roll,tech,4.63,7,1,0,1,21.7,2,8.5,1.4,0.86,0.27,2024-03-01 07:00:00,7,4,3,0.1428571428571428,0.0,0.4285714285714285,0.5674333333333332,7,0.1428571428571428,mobile_tech,morning,0,268.1550148431532,0.0477453580901856,21.7
372972,29.0,M,AU,Sydney,desktop,basic,6984,kids,44.9,R,5097,video,in_feed,retail,4.13,11,0,0,0,20.6,4,7.24,0.62,0.4589459624382228,0.08,2024-03-01 07:00:00,7,4,3,0.0,0.0,0.3636363636363636,0.5167143333333333,11,0.0,desktop_retail,morning,0,268.1550148431532,0.0477453580901856,20.6
396769,51.0,M,AU,Melbourne,mobile,premium,1490,drama,18.8,PG-13,5478,native,sidebar,retail,6.39,10,0,0,0,17.7,3,8.82,1.25,0.04,0.09,2024-03-01 07:00:00,7,4,3,0.0,0.0,0.3,0.4288959999999999,10,0.0,mobile_retail,morning,0,268.1550148431532,0.0477453580901856,17.7
325520,65.0,F,US,New York,mobile,basic,2577,drama,37.8,PG,5603,native,pre_roll,auto,1.25,4,0,0,0,14.1,3,11.39,1.17,0.02,0.05,2024-03-01 07:00:00,7,4,3,0.0,0.0,0.75,0.3946946666666666,4,0.0,mobile_auto,morning,0,268.1550148431532,0.0477453580901856,14.1
862290,71.0,M,FR,Paris,desktop,basic,5720,documentary,46.1,G,5731,native,sidebar,retail,2.92,4,0,0,0,20.6,2,8.21,0.7,0.01,0.03,2024-03-01 07:00:00,7,4,3,0.0,0.0,0.5,0.4023743333333333,4,0.0,desktop_retail,morning,0,268.1550148431532,0.0477453580901856,20.6
119381,44.0,M,DE,Munich,desktop,premium,5796,music,16.3,PG,5318,audio,pre_roll,travel,6.77,5,0,0,0,18.0,2,12.0,1.05,0.02,0.06,2024-03-01 07:00:00,7,4,3,0.0,0.0,0.4,0.3719543333333333,5,0.0,desktop_travel,morning,0,268.1550148431532,0.0477453580901856,18.0
177089,47.0,F,UK,Manchester,mobile,premium,6102,comedy,47.8,PG,5744,audio,pre_roll,tech,6.7,11,1,0,1,26.2,4,13.14,0.87,0.58,0.28,2024-03-01 08:00:00,8,4,3,0.0909090909090909,0.0,0.4545454545454545,0.6915903333333333,11,0.0909090909090909,mobile_tech,morning,0,268.1550148431532,0.0477453580901856,26.2
406169,37.0,F,CA,Toronto,mobile,free,6991,sports,44.6,PG-13,5142,audio,sidebar,finance,3.91,2,0,0,0,23.8,2,1.15,1.46,0.0,0.0,2024-03-01 08:00:00,8,4,3,0.0,0.0,1.0,0.4374716666666666,2,0.0,mobile_finance,morning,0,268.1550148431532,0.0477453580901856,23.8
471858,62.0,F,BR,Sao Paulo,tablet,premium,1950,kids,2.0,PG,5634,interstitial,in_feed,retail,8.68,8,1,1,1,0.5,2,7.49,1.28,23.13,0.25,2024-03-01 08:00:00,8,4,3,0.125,1.0,0.5,0.3603766666666667,8,0.125,tablet_retail,morning,0,268.1550148431532,0.0477453580901856,0.5
207938,21.0,F,DE,Berlin,mobile,premium,9105,drama,13.2,G,5691,interstitial,mid_roll,travel,5.8,5,0,0,0,1.4,0,10.13,1.2,0.02,0.05,2024-03-01 08:00:00,8,4,3,0.0,0.0,0.0,0.158222,5,0.0,mobile_travel,morning,0,268.1550148431532,0.0477453580901856,1.4
914787,50.0,F,IN,Mumbai,mobile,family,2272,sports,59.5,PG-13,5617,native,post_roll,healthcare,5.16,8,1,0,1,40.4,3,12.11,1.69,1.05,0.35,2024-03-01 08:00:00,8,4,3,0.125,0.0,0.5,0.7490716666666666,8,0.125,mobile_healthcare,morning,0,268.1550148431532,0.0477453580901856,40.4
719727,36.0,F,UK,Manchester,tablet,basic,8696,drama,31.6,G,5725,interstitial,in_feed,retail,5.93,3,0,0,0,22.7,1,7.96,1.45,0.01,0.02,2024-03-01 08:00:00,8,4,3,0.0,0.0,0.3333333333333333,0.376963,3,0.0,tablet_retail,morning,0,268.1550148431532,0.0477453580901856,22.7
607064,40.0,M,AU,Melbourne,mobile,free,8163,kids,34.5,PG-13,5856,audio,in_feed,healthcare,5.64,10,1,0,1,22.8,0,11.0,1.24,0.79,0.3,2024-03-01 08:00:00,8,4,3,0.1,0.0,0.1,0.476375,10,0.1,mobile_healthcare,morning,0,268.1550148431532,0.0477453580901856,22.8
633452,46.0,F,US,Seattle,mobile,family,3026,drama,30.7,PG-13,5764,video,pre_roll,cpg,1.74,11,0,0,0,29.7,2,10.87,0.88,0.05,0.12,2024-03-01 08:00:00,8,4,3,0.0,0.0,0.1818181818181818,0.4855236666666666,11,0.0,mobile_cpg,morning,0,268.1550148431532,0.0477453580901856,20.7
421063,44.0,M,DE,Munich,tablet,premium,4316,sports,9.2,G,5571,video,in_feed,cpg,4.65,2,0,0,0,2.3,1,15.32,1.42,0.01,0.03,2024-03-01 08:00:00,8,4,3,0.0,0.0,0.5,0.1919003333333333,2,0.0,tablet_cpg,morning,0,268.1550148431532,0.0477453580901856,2.3
574860,46.0,F,DE,Berlin,desktop,free,3670,music,13.3,PG,5961,banner,pre_roll,healthcare,1.0,1,0,0,0,12.1,1,6.94,1.94,0.0,0.01,2024-03-01 08:00:00,8,4,3,0.0,0.0,1.0,0.2660923333333333,1,0.0,desktop_healthcare,morning,0,268.1550148431532,0.0477453580901856,12.1
556775,27.0,F,US,New York,smart_tv,premium,7743,news,9.3,R,5425,interstitial,pre_roll,travel,6.54,3,0,0,0,0.5,1,14.4,2.08,0.02,0.04,2024-03-01 08:00:00,8,4,3,0.0,0.0,0.3333333333333333,0.1674656666666666,3,0.0,smart_tv_travel,morning,0,268.1550148431532,0.0477453580901856,0.5
267225,72.0,M,FR,Lyon,mobile,premium,5313,comedy,32.9,G,5013,banner,sidebar,retail,4.84,3,0,0,0,9.3,3,7.17,1.3,0.01,0.02,2024-03-01 08:00:00,8,4,3,0.0,0.0,1.0,0.351796,3,0.0,mobile_retail,morning,0,268.1550148431532,0.0477453580901856,9.3
657042,44.0,M,US,Chicago,mobile,free,9093,music,55.9,R,5054,banner,pre_roll,gaming,3.87,9,0,0,0,22.8,3,10.91,1.25,0.04,0.1,2024-03-01 08:00:00,8,4,3,0.0,0.0,0.3333333333333333,0.488372,9,0.0,mobile_gaming,morning,0,268.1550148431532,0.0477453580901856,22.8
624954,42.0,M,DE,Munich,mobile,family,9627,comedy,15.8,PG-13,5013,audio,pre_roll,auto,7.02,9,1,0,1,11.7,3,13.17,0.9,0.59,0.25,2024-03-01 08:00:00,8,4,3,0.1111111111111111,0.0,0.4444444444444444,0.5080413333333333,9,0.1111111111111111,mobile_auto,morning,0,268.1550148431532,0.0477453580901856,11.7
563168,65.0,F,MX,Guadalajara,desktop,basic,1610,comedy,52.5,PG-13,5427,banner,mid_roll,tech,4.96,11,1,1,1,20.6,2,13.03,0.96,23.32,0.29,2024-03-01 08:00:00,8,4,3,0.0909090909090909,1.0,0.3636363636363636,0.5216703333333333,11,0.0909090909090909,desktop_tech,morning,0,268.1550148431532,0.0477453580901856,20.6
132267,14.0,M,BR,Sao Paulo,mobile,premium,6362,drama,62.9,PG-13,5850,audio,sidebar,auto,4.03,8,1,0,1,59.8,5,12.75,0.98,0.63,0.25,2024-03-01 09:00:00,9,4,3,0.125,0.0,0.75,0.8877713333333332,8,0.125,mobile_auto,morning,0,268.1550148431532,0.0477453580901856,59.8
595960,62.0,M,US,Chicago,mobile,basic,4511,kids,2.9,PG-13,5755,audio,in_feed,finance,2.9,11,0,0,0,0.5,2,4.58,1.15,0.02,0.05,2024-03-01 09:00:00,9,4,3,0.0,0.0,0.1818181818181818,0.2180356666666666,11,0.0,mobile_finance,morning,0,268.1550148431532,0.0477453580901856,0.5
216269,41.0,F,US,New York,desktop,free,2484,kids,42.2,R,5966,video,post_roll,auto,3.64,9,0,0,0,0.5,2,9.18,0.96,0.03,0.08,2024-03-01 09:00:00,9,4,3,0.0,0.0,0.2222222222222222,0.2180356666666666,9,0.0,desktop_auto,morning,0,268.1550148431532,0.0477453580901856,4.133333333333334
268691,24.0,F,AU,Sydney,mobile,basic,2719,news,33.4,R,5873,native,in_feed,auto,3.47,4,0,0,0,21.8,1,5.86,0.73,0.01,0.02,2024-03-01 09:00:00,9,4,3,0.0,0.0,0.25,0.368811,4,0.0,mobile_auto,morning,0,268.1550148431532,0.0477453580901856,21.8
367603,47.0,M,DE,Berlin,smart_tv,basic,6055,drama,13.6,G,5278,native,pre_roll,auto,5.46,10,2,1,1,2.9,2,9.08,1.46,30.52,0.53,2024-03-01 09:00:00,9,4,3,0.2,0.5,0.5,0.409485,10,0.2,smart_tv_auto,morning,0,268.1550148431532,0.0477453580901856,2.9
123273,56.0,M,US,Austin,mobile,free,8930,gaming,37.3,G,5565,native,mid_roll,healthcare,3.12,3,0,0,0,20.6,3,10.15,1.24,0.01,0.03,2024-03-01 09:00:00,9,4,3,0.0,0.0,1.0,0.4622653333333333,3,0.0,mobile_healthcare,morning,0,268.1550148431532,0.0477453580901856,20.6
546045,70.0,F,US,Austin,mobile,family,6896,documentary,30.3,PG-13,5719,interstitial,in_feed,retail,1.51,6,0,0,0,7.8,4,4.18,0.51,0.01,0.03,2024-03-01 10:00:00,10,4,3,0.0,0.0,0.6666666666666666,0.393853,6,0.0,mobile_retail,morning,0,268.1550148431532,0.0477453580901856,7.8
131695,17.0,M,US,Seattle,mobile,free,7279,kids,66.0,R,5494,interstitial,mid_roll,gaming,5.79,1,0,0,0,56.2,8,12.23,1.44,0.0,0.01,2024-03-01 10:00:00,10,4,3,0.0,0.0,8.0,0.791532,1,0.0,mobile_gaming,morning,0,268.1550148431532,0.0477453580901856,56.2
848023,47.0,M,US,Austin,mobile,basic,3827,gaming,63.6,PG,5931,interstitial,post_roll,finance,4.58,7,0,0,0,66.1,4,12.65,1.47,0.04,0.09,2024-03-01 10:00:00,10,4,3,0.0,0.0,0.5714285714285714,0.709369,7,0.0,mobile_finance,morning,0,268.1550148431532,0.0477453580901856,66.1
607364,68.0,F,CA,Toronto,mobile,free,1659,comedy,36.9,PG-13,5216,interstitial,pre_roll,finance,3.19,7,0,0,0,18.6,3,1.22,0.86,0.0,0.01,2024-03-01 10:00:00,10,4,3,0.0,0.0,0.4285714285714285,0.4374706666666667,7,0.0,mobile_finance,morning,0,268.1550148431532,0.0477453580901856,18.6
790131,17.0,F,CA,Toronto,desktop,free,6351,documentary,47.6,PG,5731,interstitial,in_feed,healthcare,5.02,5,0,0,0,12.1,2,9.87,1.15,0.02,0.05,2024-03-01 10:00:00,10,4,3,0.0,0.0,0.4,0.3166623333333333,5,0.0,desktop_healthcare,morning,0,268.1550148431532,0.0477453580901856,10.05
437606,42.0,M,JP,Osaka,mobile,free,9329,gaming,52.6,PG,5971,interstitial,mid_roll,retail,6.49,6,0,0,0,27.5,2,10.39,1.22,0.02,0.06,2024-03-01 10:00:00,10,4,3,0.0,0.0,0.3333333333333333,0.468581,6,0.0,mobile_retail,morning,0,268.1550148431532,0.0477453580901856,27.5
633748,25.0,M,BR,Rio de Janeiro,mobile,basic,1181,documentary,29.5,G,5784,audio,pre_roll,retail,8.81,5,0,0,0,20.6,1,10.67,1.15,0.02,0.05,2024-03-01 10:00:00,10,4,3,0.0,0.0,0.2,0.3518043333333333,5,0.0,mobile_retail,morning,0,268.1550148431532,0.0477453580901856,28.8
944678,18.0,M,US,Austin,desktop,family,5821,drama,47.1,R,5458,banner,pre_roll,finance,6.51,11,3,0,1,12.8,3,8.68,1.59,2.9,0.81,2024-03-01 10:00:00,10,4,3,0.2727272727272727,0.0,0.5454545454545454,0.5568613333333334,11,0.2727272727272727,desktop_finance,morning,0,268.1550148431532,0.0477453580901856,12.8
239228,13.0,F,JP,Tokyo,mobile,basic,6552,gaming,26.4,PG-13,5093,interstitial,sidebar,retail,7.24,8,0,0,0,25.8,3,8.82,1.63,0.03,0.07,2024-03-01 10:00:00,10,4,3,0.0,0.0,0.375,0.5146866666666666,8,0.0,mobile_retail,morning,0,268.1550148431532,0.0477453580901856,25.8
822791,46.0,Unknown,BR,Rio de Janeiro,desktop,family,5806,music,44.3,G,5317,banner,post_roll,cpg,5.53,8,0,0,0,44.4,3,9.64,1.23,0.03,0.08,2024-03-01 10:00:00,10,4,3,0.0,0.0,0.375,0.6211413333333333,8,0.0,desktop_cpg,morning,0,268.1550148431532,0.0477453580901856,44.4
595184,51.0,M,US,Austin,desktop,premium,4962,news,58.0,G,5335,banner,sidebar,gaming,10.58,9,1,1,1,31.8,2,12.92,1.1,16.35,0.28,2024-03-01 11:00:00,11,4,3,0.1111111111111111,1.0,0.4444444444444444,0.635697,9,0.1111111111111111,desktop_gaming,morning,0,268.1550148431532,0.0477453580901856,31.8
268396,50.0,F,DE,Munich,mobile,free,7236,news,34.5,PG-13,5823,native,sidebar,auto,6.52,10,1,0,1,18.7,4,9.01,0.91,0.58,0.23,2024-03-01 11:00:00,11,4,3,0.1,0.0,0.5,0.6202939999999999,10,0.1,mobile_auto,morning,0,268.1550148431532,0.0477453580901856,18.7
703420,35.0,M,US,New York,mobile,free,5519,documentary,3.9,PG-13,5474,interstitial,pre_roll,retail,8.1,7,0,0,0,12.0,1,11.27,2.04,0.03,0.08,2024-03-01 11:00:00,11,4,3,0.0,0.0,0.1428571428571428,0.2651909999999999,7,0.0,mobile_retail,morning,0,268.1550148431532,0.0477453580901856,12.0
381640,71.0,M,US,Chicago,mobile,basic,4792,gaming,10.8,PG-13,5957,video,in_feed,healthcare,7.24,5,0,0,0,20.6,3,10.73,1.12,0.02,0.05,2024-03-01 11:00:00,11,4,3,0.0,0.0,0.6,0.4622653333333333,5,0.0,mobile_healthcare,morning,0,268.1550148431532,0.0477453580901856,20.6
506988,46.0,F,BR,Sao Paulo,desktop,premium,6392,drama,50.7,PG-13,5269,audio,post_roll,travel,3.69,2,0,0,0,40.3,7,11.63,1.98,0.01,0.02,2024-03-01 12:00:00,12,4,3,0.0,0.0,3.5,0.7433306666666667,2,0.0,desktop_travel,afternoon,0,268.1550148431532,0.0477453580901856,40.3
229424,45.0,M,US,Chicago,tablet,free,7884,drama,83.0,R,5901,banner,pre_roll,finance,13.18,10,0,0,0,41.1,3,10.17,1.88,0.04,0.1,2024-03-01 12:00:00,12,4,3,0.0,0.0,0.3,0.6095786666666667,10,0.0,tablet_finance,afternoon,0,268.1550148431532,0.0477453580901856,41.1
984894,69.0,F,AU,Sydney,mobile,free,3935,kids,25.8,R,5831,audio,pre_roll,finance,2.35,7,0,0,0,30.4,3,4.84,0.82,0.01,0.03,2024-03-01 12:00:00,12,4,3,0.0,0.0,0.4285714285714285,0.5506093333333333,7,0.0,mobile_finance,afternoon,0,268.1550148431532,0.0477453580901856,30.4
370771,38.0,F,AU,Sydney,desktop,premium,7836,comedy,71.6,PG,5649,video,sidebar,finance,10.06,7,1,0,1,45.0,5,12.89,0.9,0.58,0.23,2024-03-01 12:00:00,12,4,3,0.1428571428571428,0.0,0.8571428571428571,0.867232,7,0.1428571428571428,desktop_finance,afternoon,0,268.1550148431532,0.0477453580901856,45.0
564113,57.0,F,US,New York,desktop,free,3785,comedy,50.7,PG-13,5560,native,sidebar,travel,2.42,9,0,0,0,95.05050000000048,3,5.08,0.99,0.02,0.05,2024-03-01 12:00:00,12,4,3,0.0,0.0,0.3333333333333333,0.6615226666666667,9,0.0,desktop_travel,afternoon,0,268.1550148431532,0.0477453580901856,95.05050000000048
177857,58.0,Other,US,Seattle,smart_tv,free,8270,news,25.3,R,5068,native,mid_roll,tech,6.51,9,0,0,0,25.6,1,5.64,2.06,0.02,0.05,2024-03-01 12:00:00,12,4,3,0.0,0.0,0.1111111111111111,0.4025736666666666,9,0.0,smart_tv_tech,afternoon,0,268.1550148431532,0.0477453580901856,25.6
484791,64.0,M,UK,London,mobile,premium,4657,music,2.0,PG-13,5784,interstitial,in_feed,auto,12.3,10,1,0,1,4.5,0,14.0,1.61,1.02,0.38,2024-03-01 12:00:00,12,4,3,0.1,0.0,0.1,0.3038056666666666,10,0.1,mobile_auto,afternoon,0,268.1550148431532,0.0477453580901856,18.35
301854,53.0,F,US,Seattle,desktop,basic,6632,kids,2.0,PG,5291,interstitial,sidebar,tech,1.61,3,0,0,0,0.5,0,8.98,0.61,0.01,0.03,2024-03-01 12:00:00,12,4,3,0.0,0.0,0.0,0.1385326666666666,3,0.0,desktop_tech,afternoon,0,268.1550148431532,0.0477453580901856,0.5
427289,71.0,M,US,New York,mobile,premium,9757,sports,13.5,G,5630,native,sidebar,tech,6.05,11,0,0,0,20.4,4,13.79,1.0,0.06,0.15,2024-03-01 12:00:00,12,4,3,0.0,0.0,0.3636363636363636,0.5088636666666666,11,0.0,mobile_tech,afternoon,0,268.1550148431532,0.0477453580901856,20.4
890522,70.0,M,DE,Berlin,mobile,free,8375,documentary,46.6,PG-13,5313,video,post_roll,healthcare,7.33,6,0,0,0,25.4,2,12.57,0.83,0.03,0.08,2024-03-01 12:00:00,12,4,3,0.0,0.0,0.3333333333333333,0.4515183333333333,6,0.0,mobile_healthcare,afternoon,0,268.1550148431532,0.0477453580901856,25.4
738776,43.0,M,CA,Vancouver,mobile,free,8318,drama,40.1,G,5525,video,pre_roll,auto,3.42,10,0,0,0,42.6,5,8.38,1.25,0.03,0.08,2024-03-01 12:00:00,12,4,3,0.0,0.0,0.5,0.7104116666666667,10,0.0,mobile_auto,afternoon,0,268.1550148431532,0.0477453580901856,42.6
923888,42.0,F,US,Austin,mobile,free,8103,documentary,28.4,G,5133,banner,post_roll,auto,5.8,2,0,0,0,17.3,3,4.26,1.52,0.0,0.01,2024-03-01 12:00:00,12,4,3,0.0,0.0,1.5,0.424864,2,0.0,mobile_auto,afternoon,0,268.1550148431532,0.0477453580901856,17.3
171251,21.0,M,JP,Unknown,mobile,free,4305,kids,13.3,PG-13,5465,video,post_roll,gaming,2.63,3,0,0,0,20.6,3,10.9,0.92,0.01,0.03,2024-03-01 12:00:00,12,4,3,0.0,0.0,1.0,0.4622653333333333,3,0.0,mobile_gaming,afternoon,0,268.1550148431532,0.0477453580901856,20.6
778679,32.0,F,CA,Vancouver,desktop,free,8137,news,38.9,PG,5875,native,sidebar,retail,4.29,2,1,0,1,20.2,0,9.8,1.58,0.96,0.26,2024-03-01 12:00:00,12,4,3,0.5,0.0,0.5,0.4946723333333333,2,0.5,desktop_retail,afternoon,0,268.1550148431532,0.0477453580901856,20.2
895329,59.0,F,IN,Mumbai,desktop,free,6692,music,2.0,PG,5431,video,post_roll,retail,3.68,9,0,0,0,0.7,2,10.14,1.62,0.04,0.09,2024-03-01 12:00:00,12,4,3,0.0,0.0,0.2222222222222222,0.2342063333333333,9,0.0,desktop_retail,afternoon,0,268.1550148431532,0.0477453580901856,0.7
292892,15.0,F,DE,Unknown,desktop,free,1872,news,44.0,PG,5818,native,in_feed,auto,4.02,10,1,0,1,30.6,2,12.37,0.8,0.53,0.24,2024-03-01 12:00:00,12,4,3,0.1,0.0,0.3,0.6194193333333333,10,0.1,desktop_auto,afternoon,0,268.1550148431532,0.0477453580901856,30.6
756875,62.0,M,IN,Mumbai,mobile,basic,1654,sports,2.0,G,5272,interstitial,pre_roll,retail,6.04,8,1,0,1,9.2,0,8.73,0.89,0.56,0.2,2024-03-01 13:00:00,13,4,3,0.125,0.0,0.125,0.3539136666666667,8,0.125,mobile_retail,afternoon,0,268.1550148431532,0.0477453580901856,9.2
164266,25.0,F,AU,Unknown,desktop,free,7623,comedy,46.1,G,5077,video,sidebar,gaming,10.88,5,0,0,0,20.6,4,11.24,0.96,0.02,0.06,2024-03-01 13:00:00,13,4,3,0.0,0.0,0.8,0.5167143333333333,5,0.0,desktop_gaming,afternoon,0,268.1550148431532,0.0477453580901856,20.6
146688,73.0,F,DE,Munich,mobile,free,6518,drama,27.6,PG-13,5963,video,sidebar,finance,6.24,9,0,0,0,26.8,1,5.34,0.75,0.02,0.05,2024-03-01 13:00:00,13,4,3,0.0,0.0,0.1111111111111111,0.4124083333333333,9,0.0,mobile_finance,afternoon,0,268.1550148431532,0.0477453580901856,26.8
614284,67.0,F,MX,Mexico City,mobile,free,9960,kids,32.6,G,5761,audio,sidebar,gaming,5.89,3,0,0,0,20.5,5,9.92,0.8,0.01,0.03,2024-03-01 13:00:00,13,4,3,0.0,0.0,1.6666666666666667,0.5505223333333333,3,0.0,mobile_gaming,afternoon,0,268.1550148431532,0.0477453580901856,20.5
118415,50.0,M,IN,Bengaluru,desktop,premium,2427,gaming,26.8,PG-13,5027,native,pre_roll,finance,1.98,6,0,0,0,32.1,2,12.4,0.11,0.03,0.07,2024-03-01 13:00:00,13,4,3,0.0,0.0,0.3333333333333333,0.5025383333333333,6,0.0,desktop_finance,afternoon,0,268.1550148431532,0.0477453580901856,32.1
240727,15.0,F,CA,Vancouver,desktop,free,7064,drama,27.5,G,5107,banner,post_roll,auto,4.23,2,0,0,0,12.5,4,6.27,0.88,0.01,0.01,2024-03-01 13:00:00,13,4,3,0.0,0.0,2.0,0.4346276666666666,2,0.0,desktop_auto,afternoon,0,268.1550148431532,0.0477453580901856,23.5
813132,54.0,M,US,Seattle,desktop,family,7546,comedy,2.0,PG,5933,video,pre_roll,retail,3.58,2,0,0,0,2.1,4,11.13,1.39,0.01,0.02,2024-03-01 13:00:00,13,4,3,0.0,0.0,2.0,0.3556876666666666,2,0.0,desktop_retail,afternoon,0,268.1550148431532,0.0477453580901856,2.1
745362,21.0,F,MX,Mexico City,mobile,premium,5161,news,42.4,R,5648,interstitial,post_roll,auto,5.14,10,1,0,1,10.8,2,9.55,1.3,0.82,0.29,2024-03-01 13:00:00,13,4,3,0.1,0.0,0.3,0.4322939999999999,10,0.1,mobile_auto,afternoon,0,268.1550148431532,0.0477453580901856,10.8
938746,34.0,F,IN,Bengaluru,mobile,free,5623,documentary,73.7,G,5786,video,pre_roll,tech,6.15,1,0,0,0,34.2,3,10.92,1.55,0.0,0.01,2024-03-01 13:00:00,13,4,3,0.0,0.0,3.0,0.5754746666666667,1,0.0,mobile_tech,afternoon,0,268.1550148431532,0.0477453580901856,34.2
247845,13.0,M,BR,Sao Paulo,desktop,free,6897,drama,30.8,G,5310,video,pre_roll,tech,2.6,7,0,0,0,17.0,6,9.48,0.91,0.03,0.07,2024-03-01 13:00:00,13,4,3,0.0,0.0,0.8571428571428571,0.5437356666666666,7,0.0,desktop_tech,afternoon,0,268.1550148431532,0.0477453580901856,17.0
367903,64.0,F,US,New York,desktop,premium,6019,drama,2.0,PG,5836,audio,pre_roll,tech,2.05,10,1,0,1,4.4,2,5.18,1.14,0.7,0.22,2024-03-01 14:00:00,14,4,3,0.1,0.0,0.3,0.3826006666666666,10,0.1,desktop_tech,afternoon,0,268.1550148431532,0.0477453580901856,4.4
212703,44.0,Other,UK,London,tablet,premium,1527,gaming,16.5,PG-13,5195,native,post_roll,tech,8.13,8,1,0,1,13.9,5,16.17,1.26,0.81,0.32,2024-03-01 14:00:00,14,4,3,0.125,0.0,0.75,0.63037,8,0.125,tablet_tech,afternoon,0,268.1550148431532,0.0477453580901856,13.9
657733,52.0,F,US,New York,smart_tv,basic,7425,kids,3.4,G,5119,banner,sidebar,tech,5.64,5,0,0,0,15.3,3,16.64,1.08,0.03,0.08,2024-03-01 14:00:00,14,4,3,0.0,0.0,0.6,0.4059453333333333,5,0.0,smart_tv_tech,afternoon,0,268.1550148431532,0.0477453580901856,15.3
817367,68.0,M,US,Seattle,smart_tv,free,3443,music,29.4,PG,5022,banner,pre_roll,finance,6.97,10,0,0,0,17.1,2,8.89,1.8,0.04,0.09,2024-03-01 14:00:00,14,4,3,0.0,0.0,0.2,0.3630876666666666,10,0.0,smart_tv_finance,afternoon,0,268.1550148431532,0.0477453580901856,17.1
570210,41.0,M,FR,Paris,mobile,free,2881,drama,73.8,PG,5452,video,in_feed,retail,2.79,3,0,0,0,49.8,6,8.8,0.58,0.01,0.03,2024-03-01 14:00:00,14,4,3,0.0,0.0,2.0,0.7573063333333333,3,0.0,mobile_retail,afternoon,0,268.1550148431532,0.0477453580901856,49.8
867726,70.0,Other,JP,Osaka,desktop,basic,3646,kids,5.6,PG,5453,banner,pre_roll,auto,7.31,6,0,0,0,9.1,3,10.76,1.51,0.03,0.06,2024-03-01 14:00:00,14,4,3,0.0,0.0,0.5,0.3501253333333333,6,0.0,desktop_auto,afternoon,0,268.1550148431532,0.0477453580901856,9.1
935073,65.0,M,UK,London,desktop,basic,6958,music,26.5,R,5031,banner,pre_roll,finance,1.09,3,0,0,0,15.8,2,10.3,1.55,0.01,0.03,2024-03-01 14:00:00,14,4,3,0.0,0.0,0.6666666666666666,0.3509049999999999,3,0.0,desktop_finance,afternoon,0,268.1550148431532,0.0477453580901856,15.8
104097,33.0,F,US,Seattle,desktop,free,2939,comedy,35.8,R,5323,audio,post_roll,finance,4.03,2,0,0,0,10.3,1,12.04,1.55,0.01,0.02,2024-03-01 15:00:00,15,4,3,0.0,0.0,0.5,0.2498803333333333,2,0.0,desktop_finance,afternoon,0,268.1550148431532,0.0477453580901856,10.3
589707,33.0,M,IN,Hyderabad,tablet,free,4089,documentary,51.7,PG,5033,video,in_feed,auto,8.15,5,0,0,0,35.4,4,11.2,2.03,0.02,0.06,2024-03-01 15:00:00,15,4,3,0.0,0.0,0.8,0.6369183333333334,5,0.0,tablet_auto,afternoon,0,268.1550148431532,0.0477453580901856,35.4
946532,13.0,M,BR,Sao Paulo,mobile,free,4351,documentary,48.5,PG,5323,video,mid_roll,tech,10.77,6,0,0,0,21.5,4,11.51,1.69,0.03,0.07,2024-03-01 15:00:00,15,4,3,0.0,0.0,0.6666666666666666,0.5309516666666667,6,0.0,mobile_tech,afternoon,0,268.1550148431532,0.0477453580901856,21.5
793090,20.0,F,US,Seattle,tablet,premium,9630,news,31.6,R,5085,native,pre_roll,finance,5.15,6,1,1,1,18.5,8,10.39,0.97,17.33,0.21,2024-03-01 15:00:00,15,4,3,0.1666666666666666,1.0,1.6666666666666667,0.736865,6,0.1666666666666666,tablet_finance,afternoon,0,268.1550148431532,0.0477453580901856,18.5
806466,72.0,M,MX,Mexico City,desktop,family,3708,drama,29.4,PG,5032,banner,sidebar,auto,7.49,8,0,0,0,28.6,2,11.21,1.27,0.04,0.09,2024-03-01 15:00:00,15,4,3,0.0,0.0,0.25,0.4771743333333333,8,0.0,desktop_auto,afternoon,0,268.1550148431532,0.0477453580901856,28.6
190041,56.0,F,US,New York,desktop,free,4503,sports,39.7,PG,5778,audio,post_roll,gaming,5.05,3,0,0,0,22.2,3,9.31,0.98,0.01,0.03,2024-03-01 15:00:00,15,4,3,0.0,0.0,1.0,0.4828319999999999,3,0.0,desktop_gaming,afternoon,0,268.1550148431532,0.0477453580901856,22.2
620001,36.0,M,US,Seattle,mobile,family,7002,comedy,22.5,G,5394,banner,pre_roll,tech,5.14,2,0,0,0,16.9,1,7.71,1.3,0.01,0.02,2024-03-01 15:00:00,15,4,3,0.0,0.0,0.5,0.3106283333333333,2,0.0,mobile_tech,afternoon,0,268.1550148431532,0.0477453580901856,16.9
447198,13.0,F,DE,Munich,desktop,free,1764,gaming,46.3,PG,5491,video,mid_roll,tech,2.62,6,0,0,0,32.7,1,7.58,0.93,0.02,0.05,2024-03-01 15:00:00,15,4,3,0.0,0.0,0.1666666666666666,0.4559483333333333,6,0.0,desktop_tech,afternoon,0,268.1550148431532,0.0477453580901856,32.7
344995,22.0,M,FR,Lyon,mobile,premium,1580,drama,25.6,PG-13,5645,native,pre_roll,finance,3.98,3,0,0,0,6.9,2,8.68,1.27,0.01,0.03,2024-03-01 15:00:00,15,4,3,0.0,0.0,0.6666666666666666,0.272769,3,0.0,mobile_finance,afternoon,0,268.1550148431532,0.0477453580901856,6.9
277769,38.0,M,IN,Mumbai,mobile,basic,6050,kids,16.1,PG,5022,audio,post_roll,cpg,4.0,5,0,0,0,11.7,1,12.46,0.08,0.02,0.06,2024-03-01 15:00:00,15,4,3,0.0,0.0,0.2,0.2624603333333333,5,0.0,mobile_cpg,afternoon,0,268.1550148431532,0.0477453580901856,11.7
510529,62.0,F,FR,Paris,mobile,family,3057,kids,30.3,G,5523,video,post_roll,retail,5.96,7,1,0,1,4.7,1,7.67,1.04,0.65,0.21,2024-03-01 16:00:00,16,4,3,0.1428571428571428,0.0,0.2857142857142857,0.3556939999999999,7,0.1428571428571428,mobile_retail,afternoon,0,268.1550148431532,0.0477453580901856,4.7
984082,63.0,M,UK,Manchester,mobile,basic,7609,music,29.5,PG-13,5861,banner,mid_roll,retail,7.9,7,0,0,0,12.0,1,13.2,1.66,0.04,0.09,2024-03-01 16:00:00,16,4,3,0.0,0.0,0.1428571428571428,0.2651909999999999,7,0.0,mobile_retail,afternoon,0,268.1550148431532,0.0477453580901856,12.0
485517,19.0,F,MX,Guadalajara,desktop,free,1887,documentary,12.8,R,5677,video,sidebar,cpg,6.29,5,0,0,0,19.6,0,5.29,0.76,0.01,0.03,2024-03-01 16:00:00,16,4,3,0.0,0.0,0.0,0.3075206666666666,5,0.0,desktop_cpg,afternoon,0,268.1550148431532,0.0477453580901856,19.6
362544,28.0,F,UK,London,mobile,free,8628,news,86.7,G,5590,native,mid_roll,cpg,2.7,2,0,0,0,75.4,2,10.98,0.55,0.01,0.02,2024-03-01 16:00:00,16,4,3,0.0,0.0,1.0,0.5984596666666666,2,0.0,mobile_cpg,afternoon,0,268.1550148431532,0.0477453580901856,44.45
121281,44.0,M,MX,Guadalajara,desktop,free,3492,gaming,4.7,R,5054,interstitial,sidebar,cpg,3.03,8,0,0,0,20.6,5,5.16,1.35,0.02,0.04,2024-03-01 16:00:00,16,4,3,0.0,0.0,0.625,0.5574343333333334,8,0.0,desktop_cpg,afternoon,0,268.1550148431532,0.0477453580901856,57.82525000000024
603395,19.0,M,UK,London,desktop,free,9712,sports,51.3,PG-13,5209,banner,sidebar,tech,1.91,9,0,0,0,34.2,4,9.24,1.01,0.03,0.08,2024-03-01 16:00:00,16,4,3,0.0,0.0,0.4444444444444444,0.6299236666666667,9,0.0,desktop_tech,afternoon,0,268.1550148431532,0.0477453580901856,34.2
888355,64.0,M,DE,Munich,tablet,basic,4483,news,12.4,R,5397,banner,mid_roll,retail,2.21,1,0,0,0,5.3,4,9.55,1.64,0.0,0.01,2024-03-01 16:00:00,16,4,3,0.0,0.0,4.0,0.375677,1,0.0,tablet_retail,afternoon,0,268.1550148431532,0.0477453580901856,5.3
403548,30.0,F,US,New York,desktop,free,3992,gaming,40.8,PG-13,5837,interstitial,mid_roll,finance,5.99,3,0,0,0,27.3,4,12.7,1.59,0.02,0.04,2024-03-01 16:00:00,16,4,3,0.0,0.0,1.3333333333333333,0.581277,3,0.0,desktop_finance,afternoon,0,268.1550148431532,0.0477453580901856,27.3
108699,63.0,F,US,Austin,desktop,basic,7617,gaming,5.5,R,5990,interstitial,sidebar,gaming,4.5,9,0,0,0,4.3,3,12.36,1.17,0.04,0.11,2024-03-01 16:00:00,16,4,3,0.0,0.0,0.3333333333333333,0.3143906666666666,9,0.0,desktop_gaming,afternoon,0,268.1550148431532,0.0477453580901856,4.3
723214,42.0,M,AU,Sydney,desktop,free,5241,drama,38.4,G,5400,banner,sidebar,retail,3.04,8,0,0,0,26.2,1,10.52,1.25,0.03,0.08,2024-03-01 16:00:00,16,4,3,0.0,0.0,0.125,0.4073843333333333,8,0.0,desktop_retail,afternoon,0,268.1550148431532,0.0477453580901856,26.2
180287,33.0,M,US,Seattle,mobile,basic,6693,music,67.8,PG-13,5281,interstitial,pre_roll,retail,4.29,4,0,0,0,26.2,5,12.87,1.35,0.02,0.05,2024-03-01 16:00:00,16,4,3,0.0,0.0,1.25,0.6130143333333333,4,0.0,mobile_retail,afternoon,0,268.1550148431532,0.0477453580901856,22.1
602154,61.0,F,US,Austin,desktop,free,8549,music,28.9,PG-13,5085,interstitial,sidebar,finance,20.07,9,0,0,0,6.5,1,11.63,1.86,0.04,0.1,2024-03-01 16:00:00,16,4,3,0.0,0.0,0.1111111111111111,0.2192176666666666,9,0.0,desktop_finance,afternoon,0,268.1550148431532,0.0477453580901856,6.5
910044,19.0,F,US,New York,mobile,premium,4989,sports,39.4,R,5157,video,pre_roll,gaming,5.84,11,0,0,0,15.4,1,11.1,0.78,0.05,0.12,2024-03-01 16:00:00,16,4,3,0.0,0.0,0.0909090909090909,0.2963896666666666,11,0.0,mobile_gaming,afternoon,0,268.1550148431532,0.0477453580901856,15.4
521723,15.0,F,US,Chicago,desktop,free,6160,music,31.3,PG-13,5556,native,pre_roll,auto,3.26,5,1,0,1,22.3,1,10.71,0.98,0.61,0.2,2024-03-01 16:00:00,16,4,3,0.2,0.0,0.4,0.5368976666666667,5,0.2,desktop_auto,afternoon,0,268.1550148431532,0.0477453580901856,22.3
772647,68.0,F,US,New York,desktop,free,6175,gaming,70.7,PG-13,5873,banner,sidebar,retail,8.12,7,0,0,0,42.3,2,11.92,1.32,0.03,0.08,2024-03-01 17:00:00,17,4,3,0.0,0.0,0.2857142857142857,0.5542290000000001,7,0.0,desktop_retail,afternoon,0,268.1550148431532,0.0477453580901856,42.3
897741,31.0,F,IN,Hyderabad,smart_tv,basic,1226,news,48.5,G,5577,interstitial,sidebar,finance,3.7,11,1,0,1,48.3,4,5.55,0.45,0.29,0.13,2024-03-01 17:00:00,17,4,3,0.0909090909090909,0.0,0.4545454545454545,0.8058223333333334,11,0.0909090909090909,smart_tv_finance,afternoon,0,268.1550148431532,0.0477453580901856,48.3
837579,71.0,F,MX,Guadalajara,mobile,basic,8542,sports,35.3,PG,5769,video,in_feed,auto,4.53,1,0,0,0,20.0,6,12.0,0.85,0.0,0.01,2024-03-01 17:00:00,17,4,3,0.0,0.0,6.0,0.5723703333333333,1,0.0,mobile_auto,afternoon,0,268.1550148431532,0.0477453580901856,20.0
766839,60.0,F,MX,Mexico City,smart_tv,family,3029,news,65.3,R,5743,video,mid_roll,finance,4.67,5,0,0,0,50.0,3,7.8,1.76,0.02,0.04,2024-03-01 17:00:00,17,4,3,0.0,0.0,0.6,0.6360893333333333,5,0.0,smart_tv_finance,afternoon,0,268.1550148431532,0.0477453580901856,50.0
402446,36.0,M,US,Austin,smart_tv,family,3305,drama,32.3,PG,5046,interstitial,post_roll,gaming,7.7,6,0,0,0,13.1,3,9.84,1.93,0.02,0.06,2024-03-01 17:00:00,17,4,3,0.0,0.0,0.5,0.3857213333333333,6,0.0,smart_tv_gaming,afternoon,0,268.1550148431532,0.0477453580901856,13.1
556272,32.0,M,IN,Hyderabad,mobile,free,4015,kids,29.9,G,5324,banner,mid_roll,travel,4.21,6,0,0,0,7.5,3,8.94,1.79,0.02,0.05,2024-03-01 17:00:00,17,4,3,0.0,0.0,0.5,0.3371586666666666,6,0.0,mobile_travel,afternoon,0,268.1550148431532,0.0477453580901856,7.5
447960,60.0,F,UK,Manchester,mobile,free,3072,music,37.0,R,5413,interstitial,mid_roll,auto,6.76,2,0,0,0,21.9,4,9.5,0.83,0.01,0.02,2024-03-01 17:00:00,17,4,3,0.0,0.0,2.0,0.534645,2,0.0,mobile_auto,afternoon,0,268.1550148431532,0.0477453580901856,21.9
960710,42.0,M,US,Seattle,tablet,free,3919,comedy,29.0,PG,5990,interstitial,in_feed,travel,2.5,10,0,0,0,20.6,1,10.57,1.44,0.04,0.11,2024-03-01 17:00:00,17,4,3,0.0,0.0,0.1,0.3518043333333333,10,0.0,tablet_travel,afternoon,0,268.1550148431532,0.0477453580901856,22.15
365737,39.0,M,US,New York,mobile,free,1621,gaming,67.0,PG-13,5008,audio,pre_roll,tech,4.99,1,0,0,0,45.1,2,12.13,0.75,0.0,0.01,2024-03-01 17:00:00,17,4,3,0.0,0.0,2.0,0.5634943333333333,1,0.0,mobile_tech,afternoon,0,268.1550148431532,0.0477453580901856,45.1
733323,38.0,M,UK,London,desktop,basic,2501,gaming,23.6,PG-13,5089,video,in_feed,finance,5.14,3,2,0,1,30.8,1,5.02,1.2,1.45,0.38,2024-03-01 17:00:00,17,4,3,0.6666666666666666,0.0,1.0,0.625822,3,0.6666666666666666,desktop_finance,afternoon,0,268.1550148431532,0.0477453580901856,30.8
586787,62.0,M,IN,Mumbai,tablet,free,9869,gaming,15.1,PG-13,5007,audio,in_feed,cpg,1.21,1,0,0,0,2.4,0,4.98,0.73,0.0,0.0,2024-03-01 17:00:00,17,4,3,0.0,0.0,0.0,0.163522,1,0.0,tablet_cpg,afternoon,0,268.1550148431532,0.0477453580901856,4.6
640638,50.0,F,US,New York,desktop,free,6101,drama,66.5,G,5410,video,in_feed,auto,4.1,1,0,0,0,55.7,4,7.71,0.88,0.0,0.01,2024-03-01 17:00:00,17,4,3,0.0,0.0,4.0,0.7001543333333333,1,0.0,desktop_auto,afternoon,0,268.1550148431532,0.0477453580901856,55.7
746706,64.0,F,BR,Rio de Janeiro,mobile,free,3343,gaming,3.4,PG-13,5240,video,mid_roll,cpg,4.53,6,0,0,0,22.0,5,10.75,1.25,0.03,0.06,2024-03-01 17:00:00,17,4,3,0.0,0.0,0.8333333333333334,0.5762263333333333,6,0.0,mobile_cpg,afternoon,0,268.1550148431532,0.0477453580901856,22.0
712999,23.0,F,BR,Sao Paulo,mobile,free,2127,documentary,29.7,PG,5500,audio,in_feed,healthcare,7.31,9,0,0,0,10.1,2,11.14,1.17,0.04,0.1,2024-03-01 17:00:00,17,4,3,0.0,0.0,0.2222222222222222,0.2986823333333333,9,0.0,mobile_healthcare,afternoon,0,268.1550148431532,0.0477453580901856,10.1
965956,30.0,F,UK,Manchester,mobile,free,1469,gaming,37.7,R,5226,native,pre_roll,auto,1.86,1,0,0,0,95.05050000000048,1,10.38,1.58,0.0,0.01,2024-03-01 17:00:00,17,4,3,0.0,0.0,1.0,0.5510616666666667,1,0.0,mobile_auto,afternoon,0,268.1550148431532,0.0477453580901856,62.87525000000024
634337,23.0,F,US,Austin,mobile,free,7154,comedy,42.0,PG-13,5330,audio,pre_roll,retail,2.62,3,0,0,0,37.3,3,8.44,1.38,0.01,0.03,2024-03-01 17:00:00,17,4,3,0.0,0.0,1.0,0.5926826666666667,3,0.0,mobile_retail,afternoon,0,268.1550148431532,0.0477453580901856,37.3
751084,22.0,F,US,Unknown,mobile,free,6067,kids,69.2,G,5066,interstitial,post_roll,auto,1.36,8,1,0,1,60.4,6,7.66,1.22,0.76,0.24,2024-03-01 17:00:00,17,4,3,0.125,0.0,0.875,0.9148406666666666,8,0.125,mobile_auto,afternoon,0,268.1550148431532,0.0477453580901856,60.4
366808,71.0,F,CA,Toronto,smart_tv,family,3274,comedy,28.5,PG,5111,audio,pre_roll,auto,3.79,7,0,0,0,23.0,4,9.35,0.67,0.03,0.07,2024-03-01 17:00:00,17,4,3,0.0,0.0,0.5714285714285714,0.5447770000000001,7,0.0,smart_tv_auto,afternoon,0,268.1550148431532,0.0477453580901856,23.0
938721,44.0,F,IN,Bengaluru,mobile,free,4512,sports,45.6,PG,5330,interstitial,sidebar,auto,7.86,4,1,0,1,44.1,5,9.54,0.87,0.54,0.17,2024-03-01 17:00:00,17,4,3,0.25,0.0,1.5,0.8865566666666667,4,0.25,mobile_auto,afternoon,0,268.1550148431532,0.0477453580901856,44.1
645243,61.0,M,UK,London,mobile,family,8779,gaming,8.9,R,5563,interstitial,post_roll,retail,3.36,1,0,0,0,0.5,5,13.86,1.05,0.01,0.01,2024-03-01 17:00:00,17,4,3,0.0,0.0,5.0,0.3730956666666666,1,0.0,mobile_retail,afternoon,0,268.1550148431532,0.0477453580901856,0.5
166045,40.0,F,IN,Bengaluru,mobile,premium,5902,news,33.1,PG,5765,native,pre_roll,gaming,3.28,8,0,0,0,21.3,1,4.33,1.17,0.01,0.03,2024-03-01 17:00:00,17,4,3,0.0,0.0,0.125,0.3642616666666666,8,0.0,mobile_gaming,afternoon,0,268.1550148431532,0.0477453580901856,10.9
567383,51.0,F,BR,Rio de Janeiro,mobile,free,1177,sports,20.5,G,5300,native,in_feed,finance,7.19,2,0,0,0,6.4,2,15.35,0.8,0.01,0.03,2024-03-01 17:00:00,17,4,3,0.0,0.0,1.0,0.2690596666666666,2,0.0,mobile_finance,afternoon,0,268.1550148431532,0.0477453580901856,6.4
956412,40.0,F,US,New York,mobile,basic,1450,documentary,19.6,PG,5321,video,mid_roll,retail,7.51,8,1,0,1,6.9,3,15.03,0.38,0.28,0.18,2024-03-01 18:00:00,18,4,3,0.125,0.0,0.5,0.4750009999999999,8,0.125,mobile_retail,evening,0,268.1550148431532,0.0477453580901856,6.9
413922,54.0,M,CA,Toronto,desktop,free,6554,gaming,15.1,PG,5796,audio,post_roll,healthcare,4.14,2,0,0,0,11.6,3,11.96,1.37,0.01,0.02,2024-03-01 18:00:00,18,4,3,0.0,0.0,1.5,0.3719706666666666,2,0.0,desktop_healthcare,evening,0,268.1550148431532,0.0477453580901856,11.6
101805,32.0,M,DE,Berlin,mobile,premium,2264,drama,61.8,PG,5415,video,mid_roll,finance,3.85,2,0,0,0,38.7,7,8.31,0.76,0.01,0.02,2024-03-01 18:00:00,18,4,3,0.0,0.0,3.5,0.736328,2,0.0,mobile_finance,evening,0,268.1550148431532,0.0477453580901856,38.7
538824,14.0,F,US,Seattle,mobile,free,6354,kids,29.5,PG-13,5496,native,post_roll,gaming,2.53,4,0,0,0,16.4,1,10.79,1.11,0.02,0.04,2024-03-01 18:00:00,18,4,3,0.0,0.0,0.25,0.3060083333333333,4,0.0,mobile_gaming,evening,0,268.1550148431532,0.0477453580901856,16.4
288158,65.0,M,IN,Bengaluru,mobile,free,2959,music,11.0,PG-13,5685,banner,post_roll,retail,11.33,1,0,0,0,0.5,4,10.18,1.28,0.0,0.01,2024-03-01 18:00:00,18,4,3,0.0,0.0,4.0,0.3323756666666666,1,0.0,mobile_retail,evening,0,268.1550148431532,0.0477453580901856,0.5
289934,38.0,M,MX,Mexico City,mobile,free,1294,documentary,42.5,PG,5389,interstitial,mid_roll,tech,5.7,2,0,0,0,27.4,4,4.89,1.19,0.0,0.01,2024-03-01 18:00:00,18,4,3,0.0,0.0,2.0,0.582089,2,0.0,mobile_tech,evening,0,268.1550148431532,0.0477453580901856,27.4
940935,51.0,F,BR,Sao Paulo,mobile,basic,8818,gaming,25.8,G,5947,native,mid_roll,retail,3.95,7,2,0,1,17.9,1,7.97,1.48,1.8,0.5,2024-03-01 18:00:00,18,4,3,0.2857142857142857,0.0,0.4285714285714285,0.494965,7,0.2857142857142857,mobile_retail,evening,0,268.1550148431532,0.0477453580901856,17.9
578672,24.0,M,IN,Mumbai,desktop,free,7674,comedy,39.8,PG-13,5457,video,post_roll,cpg,5.03,2,0,0,0,15.9,3,7.81,1.05,0.01,0.02,2024-03-01 18:00:00,18,4,3,0.0,0.0,1.5,0.4117613333333333,2,0.0,desktop_cpg,evening,0,268.1550148431532,0.0477453580901856,15.9
857671,22.0,M,JP,Osaka,mobile,basic,9892,news,39.7,PG,5699,interstitial,in_feed,gaming,7.22,1,0,0,0,16.1,4,7.62,1.75,0.0,0.01,2024-03-01 18:00:00,18,4,3,0.0,0.0,4.0,0.4680956666666666,1,0.0,mobile_gaming,evening,0,268.1550148431532,0.0477453580901856,16.1
382924,39.0,M,UK,Manchester,tablet,family,3446,comedy,34.3,PG-13,5297,video,sidebar,auto,3.23,4,0,0,0,0.5,3,8.26,0.06,0.01,0.03,2024-03-01 18:00:00,18,4,3,0.0,0.0,0.75,0.2779266666666666,4,0.0,tablet_auto,evening,0,268.1550148431532,0.0477453580901856,0.5
742805,41.0,F,FR,Paris,tablet,free,7051,documentary,56.7,R,5093,banner,pre_roll,retail,1.74,2,0,0,0,45.6,3,9.15,0.89,0.01,0.02,2024-03-01 18:00:00,18,4,3,0.0,0.0,1.5,0.6248613333333333,2,0.0,tablet_retail,evening,0,268.1550148431532,0.0477453580901856,45.6
909550,28.0,M,IN,Bengaluru,mobile,free,2605,comedy,65.8,PG-13,5062,audio,post_roll,auto,4.7,7,0,0,0,58.9,7,12.96,0.74,0.04,0.09,2024-03-01 19:00:00,19,4,3,0.0,0.0,1.0,0.7863146666666666,7,0.0,mobile_auto,evening,0,268.1550148431532,0.0477453580901856,58.9
837509,25.0,M,AU,Sydney,smart_tv,basic,1689,news,23.5,PG,5176,video,pre_roll,healthcare,10.61,2,0,0,0,13.4,2,11.43,1.9,0.01,0.02,2024-03-01 19:00:00,19,4,3,0.0,0.0,1.0,0.3284583333333333,2,0.0,smart_tv_healthcare,evening,0,268.1550148431532,0.0477453580901856,13.4
827420,57.0,F,US,Austin,desktop,free,8050,news,52.3,PG,5222,banner,post_roll,finance,3.4,1,0,0,0,20.9,1,10.16,1.08,0.0,0.01,2024-03-01 19:00:00,19,4,3,0.0,0.0,1.0,0.360543,1,0.0,desktop_finance,evening,0,268.1550148431532,0.0477453580901856,20.9
241762,65.0,M,US,Seattle,smart_tv,free,8814,documentary,46.0,PG-13,5400,video,post_roll,retail,3.54,10,0,0,0,28.7,5,11.34,1.45,0.05,0.11,2024-03-01 19:00:00,19,4,3,0.0,0.0,0.5,0.633001,10,0.0,smart_tv_retail,evening,0,268.1550148431532,0.0477453580901856,28.7
554350,32.0,F,US,Seattle,desktop,family,2401,news,70.4,G,5660,native,post_roll,retail,5.8,11,2,0,1,38.3,4,10.09,1.25,1.54,0.49,2024-03-01 19:00:00,19,4,3,0.1818181818181818,0.0,0.5454545454545454,0.8109306666666667,11,0.1818181818181818,desktop_retail,evening,0,268.1550148431532,0.0477453580901856,38.3
461095,19.0,F,UK,London,tablet,free,8789,comedy,12.1,PG-13,5957,banner,post_roll,tech,1.66,1,0,0,0,7.6,2,7.96,0.91,0.0,0.01,2024-03-01 19:00:00,19,4,3,0.0,0.0,2.0,0.2780276666666667,1,0.0,tablet_tech,evening,0,268.1550148431532,0.0477453580901856,7.6
493919,27.0,M,US,Seattle,desktop,family,3382,documentary,62.1,R,5616,video,post_roll,healthcare,3.87,7,2,0,1,39.7,2,7.5,1.15,1.4,0.4,2024-03-01 19:00:00,19,4,3,0.2857142857142857,0.0,0.5714285714285714,0.7184736666666667,7,0.2857142857142857,desktop_healthcare,evening,0,268.1550148431532,0.0477453580901856,39.7
478599,33.0,F,UK,London,desktop,premium,3815,music,2.0,PG-13,5702,interstitial,post_roll,tech,5.8,4,2,0,1,20.6,1,12.08,1.61,1.95,0.53,2024-03-01 19:00:00,19,4,3,0.5,0.0,0.75,0.5333253333333333,4,0.5,desktop_tech,evening,0,268.1550148431532,0.0477453580901856,20.6
989965,38.0,F,CA,Toronto,mobile,premium,1558,documentary,52.5,R,5676,video,post_roll,retail,10.76,5,0,0,0,30.7,4,15.33,1.19,0.03,0.08,2024-03-01 19:00:00,19,4,3,0.0,0.0,0.8,0.6070156666666666,5,0.0,mobile_retail,evening,0,268.1550148431532,0.0477453580901856,30.7
252213,72.0,M,FR,Lyon,mobile,free,2127,news,12.1,G,5580,audio,pre_roll,finance,4.49,4,0,0,0,25.3,2,13.3,1.21,0.02,0.05,2024-03-01 19:00:00,19,4,3,0.0,0.0,0.5,0.450661,4,0.0,mobile_finance,evening,0,268.1550148431532,0.0477453580901856,25.3
866795,35.0,M,AU,Unknown,tablet,basic,2935,kids,20.2,G,5531,audio,sidebar,finance,15.68,2,0,0,0,20.6,2,11.39,2.59,0.01,0.02,2024-03-01 19:00:00,19,4,3,0.0,0.0,1.0,0.4023743333333333,2,0.0,tablet_finance,evening,0,268.1550148431532,0.0477453580901856,20.6
110698,18.0,F,MX,Mexico City,desktop,premium,3744,kids,59.9,R,5530,interstitial,sidebar,finance,8.11,11,0,0,0,34.6,8,16.04,2.0,0.07,0.18,2024-03-01 19:00:00,19,4,3,0.0,0.0,0.7272727272727273,0.7230573333333333,11,0.0,desktop_finance,evening,0,268.1550148431532,0.0477453580901856,34.6
265053,23.0,M,DE,Munich,mobile,free,7846,documentary,51.5,PG,5307,audio,pre_roll,auto,7.23,10,1,1,1,46.7,5,7.57,1.41,20.14,0.29,2024-03-01 20:00:00,20,4,3,0.1,1.0,0.7,0.8504886666666667,10,0.1,mobile_auto,evening,0,268.1550148431532,0.0477453580901856,46.7
524322,68.0,F,IN,Bengaluru,mobile,free,4238,comedy,48.8,PG,5113,native,sidebar,finance,4.99,5,0,0,0,60.4,5,10.64,0.84,0.02,0.05,2024-03-01 20:00:00,20,4,3,0.0,0.0,1.0,0.7459756666666667,5,0.0,mobile_finance,evening,0,268.1550148431532,0.0477453580901856,47.7
558546,61.0,F,MX,Guadalajara,smart_tv,free,7573,news,9.0,PG,5705,banner,mid_roll,tech,6.24,1,0,0,0,0.5,2,7.43,0.89,0.0,0.01,2024-03-01 20:00:00,20,4,3,0.0,0.0,2.0,0.2180356666666666,1,0.0,smart_tv_tech,evening,0,268.1550148431532,0.0477453580901856,0.5
708630,20.0,F,US,Chicago,tablet,basic,7839,news,16.1,PG-13,5185,native,sidebar,travel,2.58,10,1,0,1,22.8,7,8.38,0.91,0.58,0.22,2024-03-01 20:00:00,20,4,3,0.1,0.0,0.8,0.7527849999999999,10,0.1,tablet_travel,evening,0,268.1550148431532,0.0477453580901856,22.8
355012,34.0,F,JP,Osaka,mobile,basic,4105,sports,39.6,G,5833,interstitial,sidebar,finance,6.7,4,0,0,0,12.2,0,8.22,1.37,0.01,0.03,2024-03-01 20:00:00,20,4,3,0.0,0.0,0.0,0.2380979999999999,4,0.0,mobile_finance,evening,0,268.1550148431532,0.0477453580901856,12.2
113791,45.0,M,US,Seattle,mobile,free,8477,drama,38.9,PG-13,5482,video,in_feed,healthcare,5.74,3,0,0,0,15.4,6,10.1,1.16,0.01,0.03,2024-03-01 20:00:00,20,4,3,0.0,0.0,2.0,0.5285436666666666,3,0.0,mobile_healthcare,evening,0,268.1550148431532,0.0477453580901856,15.4
362006,28.0,M,BR,Sao Paulo,desktop,premium,1357,gaming,70.7,PG,5058,audio,pre_roll,auto,4.76,7,0,0,0,46.0,3,6.73,1.13,0.02,0.05,2024-03-01 21:00:00,21,4,3,0.0,0.0,0.4285714285714285,0.6259813333333333,7,0.0,desktop_auto,evening,0,268.1550148431532,0.0477453580901856,46.0
906263,38.0,M,MX,Unknown,tablet,basic,3135,drama,30.0,R,5446,native,pre_roll,healthcare,2.94,1,0,0,0,22.4,4,7.87,1.87,0.0,0.01,2024-03-01 21:00:00,21,4,3,0.0,0.0,4.0,0.5391876666666666,1,0.0,tablet_healthcare,evening,0,268.1550148431532,0.0477453580901856,22.4
622157,35.0,M,IN,Mumbai,mobile,family,9693,documentary,47.8,PG-13,5611,audio,mid_roll,finance,1.18,10,0,0,0,20.2,1,7.05,0.66,0.03,0.07,2024-03-01 21:00:00,21,4,3,0.0,0.0,0.1,0.3420843333333333,10,0.0,mobile_finance,evening,0,268.1550148431532,0.0477453580901856,20.2
467946,42.0,M,UK,Manchester,desktop,basic,3249,drama,64.4,PG-13,5532,native,post_roll,auto,3.41,9,0,0,0,47.4,5,8.53,1.41,0.03,0.08,2024-03-01 21:00:00,21,4,3,0.0,0.0,0.5555555555555556,0.724909,9,0.0,desktop_auto,evening,0,268.1550148431532,0.0477453580901856,47.4
727900,46.0,F,CA,Toronto,desktop,basic,5075,sports,62.2,PG,5580,interstitial,sidebar,travel,6.46,1,0,0,0,41.4,3,14.35,1.25,0.01,0.01,2024-03-01 21:00:00,21,4,3,0.0,0.0,3.0,0.610664,1,0.0,desktop_travel,evening,0,268.1550148431532,0.0477453580901856,41.4
244036,33.0,F,US,Austin,mobile,premium,7510,news,42.3,PG-13,5935,audio,post_roll,healthcare,5.14,1,0,0,0,23.2,8,4.35,1.55,0.0,0.0,2024-03-01 21:00:00,21,4,3,0.0,0.0,8.0,0.6372893333333333,1,0.0,mobile_healthcare,evening,0,268.1550148431532,0.0477453580901856,23.2
295763,60.0,F,JP,Osaka,mobile,basic,3150,kids,17.1,PG,5572,video,post_roll,gaming,5.93,5,0,0,0,10.8,4,12.36,1.28,0.02,0.06,2024-03-01 21:00:00,21,4,3,0.0,0.0,0.8,0.4192369999999999,5,0.0,mobile_gaming,evening,0,268.1550148431532,0.0477453580901856,10.8
179874,39.0,F,MX,Guadalajara,desktop,free,7292,gaming,47.3,PG,5930,video,post_roll,cpg,2.66,2,1,0,1,35.2,4,12.18,1.34,0.81,0.23,2024-03-01 21:00:00,21,4,3,0.5,0.0,2.5,0.817266,2,0.5,desktop_cpg,evening,0,268.1550148431532,0.0477453580901856,35.2
979342,70.0,F,FR,Lyon,desktop,premium,8829,news,27.2,PG-13,5271,video,pre_roll,finance,7.5,11,1,0,1,11.9,1,10.63,1.38,0.87,0.32,2024-03-01 21:00:00,21,4,3,0.0909090909090909,0.0,0.1818181818181818,0.3836043333333333,11,0.0909090909090909,desktop_finance,evening,0,268.1550148431532,0.0477453580901856,11.9
981796,22.0,F,AU,Sydney,tablet,free,2485,comedy,18.7,G,5295,video,mid_roll,auto,3.63,5,0,0,0,13.2,3,12.85,0.92,0.03,0.06,2024-03-01 22:00:00,22,4,3,0.0,0.0,0.6,0.3865999999999999,5,0.0,tablet_auto,night,0,268.1550148431532,0.0477453580901856,13.2
434729,68.0,Unknown,BR,Unknown,desktop,free,3753,documentary,23.3,PG,5298,native,pre_roll,cpg,5.06,3,0,0,0,3.2,7,10.21,1.68,0.01,0.03,2024-03-01 22:00:00,22,4,3,0.0,0.0,2.333333333333333,0.4445733333333333,3,0.0,desktop_cpg,night,0,268.1550148431532,0.0477453580901856,1.85
248136,40.0,F,DE,Berlin,mobile,free,8953,documentary,23.5,R,5953,audio,in_feed,gaming,4.98,3,0,0,0,15.8,3,10.03,1.14,0.01,0.03,2024-03-01 22:00:00,22,4,3,0.0,0.0,1.0,0.4107959999999999,3,0.0,mobile_gaming,night,0,268.1550148431532,0.0477453580901856,16.25
770670,64.0,F,CA,Vancouver,desktop,basic,1527,drama,66.0,R,5405,audio,sidebar,tech,4.17,7,0,0,0,59.4,5,2.9,0.36,0.01,0.02,2024-03-01 22:00:00,22,4,3,0.0,0.0,0.7142857142857143,0.7450463333333334,7,0.0,desktop_tech,night,0,268.1550148431532,0.0477453580901856,59.4
105542,25.0,M,MX,Mexico City,mobile,basic,1688,music,43.1,PG-13,5741,native,pre_roll,gaming,6.95,5,0,0,0,23.7,3,10.59,1.23,0.02,0.05,2024-03-01 22:00:00,22,4,3,0.0,0.0,0.6,0.496444,5,0.0,mobile_gaming,night,0,268.1550148431532,0.0477453580901856,23.7
238995,32.0,F,AU,Melbourne,tablet,premium,2916,documentary,5.6,PG-13,5988,banner,mid_roll,tech,10.45,10,0,0,0,6.1,1,8.87,1.13,0.04,0.09,2024-03-01 22:00:00,22,4,3,0.0,0.0,0.1,0.2162763333333333,10,0.0,tablet_tech,night,0,268.1550148431532,0.0477453580901856,6.1
574907,54.0,M,BR,Rio de Janeiro,mobile,free,7757,drama,25.4,PG-13,5830,video,sidebar,finance,5.7,8,1,0,1,5.8,5,10.63,0.92,0.59,0.22,2024-03-01 23:00:00,23,4,3,0.125,0.0,0.75,0.562214,8,0.125,mobile_finance,night,0,268.1550148431532,0.0477453580901856,5.8
885052,25.0,F,FR,Lyon,desktop,free,5047,music,35.5,G,5794,banner,mid_roll,healthcare,4.57,1,0,0,0,34.2,2,7.95,1.57,0.0,0.01,2024-03-01 23:00:00,23,4,3,0.0,0.0,2.0,0.5155836666666667,1,0.0,desktop_healthcare,night,0,268.1550148431532,0.0477453580901856,34.2
327158,41.0,F,US,New York,mobile,free,4356,comedy,58.8,PG-13,5721,banner,sidebar,finance,2.4,9,1,0,1,36.3,9,11.59,0.75,0.49,0.22,2024-03-01 23:00:00,23,4,3,0.1111111111111111,0.0,1.1111111111111112,0.8720600000000001,9,0.1111111111111111,mobile_finance,night,0,268.1550148431532,0.0477453580901856,36.3
124308,26.0,M,IN,Bengaluru,mobile,free,7045,gaming,24.1,G,5886,banner,post_roll,travel,7.16,11,1,0,1,28.1,3,12.93,1.21,0.78,0.32,2024-03-01 23:00:00,23,4,3,0.0909090909090909,0.0,0.3636363636363636,0.6525573333333334,11,0.0909090909090909,mobile_travel,night,0,268.1550148431532,0.0477453580901856,27.15
691123,51.0,M,IN,Hyderabad,tablet,basic,8128,news,34.7,PG,5116,audio,sidebar,finance,2.36,8,2,0,1,2.9,0,8.26,1.88,2.28,0.63,2024-03-01 23:00:00,23,4,3,0.25,0.0,0.25,0.337543,8,0.25,tablet_finance,night,0,268.1550148431532,0.0477453580901856,2.9
121772,53.0,F,US,New York,tablet,free,1544,sports,2.0,PG-13,5213,interstitial,in_feed,gaming,2.62,11,0,0,0,0.8,5,6.09,1.39,0.03,0.07,2024-03-01 23:00:00,23,4,3,0.0,0.0,0.4545454545454545,0.3897436666666666,11,0.0,tablet_gaming,night,0,268.1550148431532,0.0477453580901856,0.8
329028,45.0,M,CA,Vancouver,mobile,basic,4872,comedy,3.9,PG-13,5932,banner,mid_roll,retail,3.46,3,0,0,0,10.8,1,8.79,1.17,0.01,0.03,2024-03-02 00:00:00,0,5,3,0.0,0.0,0.3333333333333333,0.2543269999999999,3,0.0,mobile_retail,late_night,1,257.3575324215766,0.0465716840202172,10.8
819125,13.0,M,US,Austin,mobile,premium,7253,music,49.3,PG-13,5295,interstitial,mid_roll,auto,4.45,4,1,0,1,34.6,4,10.95,0.85,0.53,0.17,2024-03-02 00:00:00,0,5,3,0.25,0.0,1.25,0.8034273333333334,4,0.25,mobile_auto,late_night,1,257.3575324215766,0.0465716840202172,19.65
811189,39.0,F,FR,Unknown,desktop,premium,5869,news,42.6,R,5108,native,pre_roll,healthcare,3.51,10,0,0,0,16.4,5,12.57,1.3,0.05,0.13,2024-03-02 00:00:00,0,5,3,0.0,0.0,0.5,0.5116383333333333,10,0.0,desktop_healthcare,late_night,1,257.3575324215766,0.0465716840202172,22.766666666666666
725481,61.0,F,US,Austin,mobile,free,7914,drama,44.0,PG-13,5611,video,mid_roll,tech,8.45,6,0,0,0,31.3,2,11.66,1.4,0.03,0.07,2024-03-02 00:00:00,0,5,3,0.0,0.0,0.3333333333333333,0.4970423333333333,6,0.0,mobile_tech,late_night,1,257.3575324215766,0.0465716840202172,31.3
685866,48.0,F,CA,Vancouver,mobile,premium,3476,comedy,37.3,PG,5205,banner,mid_roll,gaming,3.65,6,1,0,1,21.6,3,7.52,1.91,1.16,0.33,2024-03-02 00:00:00,0,5,3,0.1666666666666666,0.0,0.6666666666666666,0.632557,6,0.1666666666666666,mobile_gaming,late_night,1,257.3575324215766,0.0465716840202172,27.05
489648,59.0,M,CA,Vancouver,tablet,basic,7642,gaming,51.1,PG-13,5243,banner,pre_roll,finance,3.47,7,0,0,0,43.2,7,12.07,0.64,0.03,0.08,2024-03-02 00:00:00,0,5,3,0.0,0.0,1.0,0.7542853333333334,7,0.0,tablet_finance,late_night,1,257.3575324215766,0.0465716840202172,43.2
205177,38.0,M,IN,Unknown,mobile,free,2646,music,38.4,R,5952,banner,post_roll,gaming,1.81,1,0,0,0,9.0,6,11.36,1.4,0.0,0.01,2024-03-02 00:00:00,0,5,3,0.0,0.0,6.0,0.4709783333333333,1,0.0,mobile_gaming,late_night,1,257.3575324215766,0.0465716840202172,9.0
223525,50.0,F,CA,Vancouver,smart_tv,free,2829,comedy,25.5,PG-13,5995,video,mid_roll,travel,4.48,9,0,0,0,11.8,1,9.51,0.35,0.03,0.09,2024-03-02 00:00:00,0,5,3,0.0,0.0,0.1111111111111111,0.2634283333333333,9,0.0,smart_tv_travel,late_night,1,257.3575324215766,0.0465716840202172,11.8
123103,44.0,F,UK,London,desktop,family,3464,documentary,2.0,PG-13,5890,native,mid_roll,retail,5.46,8,0,0,0,20.6,0,11.83,1.59,0.04,0.09,2024-03-02 01:00:00,1,5,3,0.0,0.0,0.0,0.3228713333333333,8,0.0,desktop_retail,late_night,1,257.3575324215766,0.0465716840202172,20.6
826690,71.0,M,DE,Munich,desktop,free,3494,gaming,2.0,PG,5338,video,post_roll,travel,2.92,3,2,0,1,20.6,0,14.02,1.35,1.64,0.45,2024-03-02 01:00:00,1,5,3,0.6666666666666666,0.0,0.6666666666666666,0.5058543333333334,3,0.6666666666666666,desktop_travel,late_night,1,257.3575324215766,0.0465716840202172,20.6
689628,21.0,F,FR,Paris,smart_tv,family,5899,documentary,2.0,G,5573,video,pre_roll,cpg,2.49,4,0,0,0,20.6,5,9.56,1.26,0.02,0.04,2024-03-02 01:00:00,1,5,3,0.0,0.0,1.25,0.5574343333333334,4,0.0,smart_tv_cpg,late_night,1,257.3575324215766,0.0465716840202172,32.0
760995,74.0,M,DE,Berlin,desktop,free,2109,comedy,41.8,R,5588,audio,pre_roll,travel,2.71,7,0,0,0,24.6,1,14.65,0.43,0.04,0.1,2024-03-02 01:00:00,1,5,3,0.0,0.0,0.1428571428571428,0.393991,7,0.0,desktop_travel,late_night,1,257.3575324215766,0.0465716840202172,28.5
897379,31.0,M,US,Seattle,mobile,free,5884,news,56.4,PG-13,5593,interstitial,pre_roll,travel,4.42,11,0,0,0,48.0,7,10.12,1.35,0.04,0.11,2024-03-02 01:00:00,1,5,3,0.0,0.0,0.6363636363636364,0.768304,11,0.0,mobile_travel,late_night,1,257.3575324215766,0.0465716840202172,48.0
265973,17.0,M,FR,Paris,mobile,free,6110,documentary,37.0,R,5527,banner,mid_roll,travel,6.47,8,2,0,1,9.1,3,12.05,1.34,1.65,0.5,2024-03-02 01:00:00,1,5,3,0.25,0.0,0.625,0.5212663333333333,8,0.25,mobile_travel,late_night,1,257.3575324215766,0.0465716840202172,9.1
359044,66.0,F,IN,Bengaluru,mobile,premium,8001,documentary,8.5,PG,5087,video,mid_roll,tech,9.55,4,0,0,0,1.7,1,14.1,1.05,0.02,0.06,2024-03-02 01:00:00,1,5,3,0.0,0.0,0.25,0.188751,4,0.0,mobile_tech,late_night,1,257.3575324215766,0.0465716840202172,1.7
436319,47.0,F,JP,Tokyo,mobile,free,4105,music,72.2,R,5033,video,pre_roll,cpg,8.82,7,0,0,0,47.4,2,12.17,1.1,0.03,0.09,2024-03-02 01:00:00,1,5,3,0.0,0.0,0.2857142857142857,0.569849,7,0.0,mobile_cpg,late_night,1,257.3575324215766,0.0465716840202172,47.4
344874,57.0,M,US,Chicago,desktop,free,1160,drama,54.3,G,5857,interstitial,mid_roll,healthcare,6.95,1,0,0,0,41.8,3,9.54,0.91,0.0,0.01,2024-03-02 01:00:00,1,5,3,0.0,0.0,3.0,0.612236,1,0.0,desktop_healthcare,late_night,1,257.3575324215766,0.0465716840202172,41.8
131185,64.0,F,CA,Vancouver,console,premium,2525,sports,20.4,R,5538,audio,post_roll,healthcare,10.76,3,0,0,0,26.9,5,8.12,1.6,0.01,0.02,2024-03-02 01:00:00,1,5,3,0.0,0.0,1.6666666666666667,0.6188316666666667,3,0.0,console_healthcare,late_night,1,257.3575324215766,0.0465716840202172,26.9
233505,20.0,M,IN,Mumbai,tablet,basic,8190,drama,34.8,PG,5661,banner,post_roll,auto,4.9,1,0,0,0,33.1,5,11.01,1.08,0.0,0.01,2024-03-02 01:00:00,1,5,3,0.0,0.0,5.0,0.6639956666666667,1,0.0,tablet_auto,late_night,1,257.3575324215766,0.0465716840202172,33.1
951057,48.0,F,CA,Vancouver,mobile,free,4739,music,25.6,G,5429,banner,in_feed,retail,8.16,9,0,0,0,7.6,2,12.49,1.7,0.04,0.11,2024-03-02 01:00:00,1,5,3,0.0,0.0,0.2222222222222222,0.2780276666666667,9,0.0,mobile_retail,late_night,1,257.3575324215766,0.0465716840202172,7.6
233174,32.0,F,FR,Lyon,mobile,free,6106,kids,17.2,G,5444,audio,post_roll,auto,6.2,8,0,0,0,3.5,0,10.74,1.19,0.03,0.09,2024-03-02 01:00:00,1,5,3,0.0,0.0,0.0,0.169958,8,0.0,mobile_auto,late_night,1,257.3575324215766,0.0465716840202172,3.5
655635,70.0,F,US,Chicago,tablet,basic,2388,kids,24.3,PG,5108,banner,post_roll,retail,4.83,2,0,0,0,0.5,5,7.92,1.15,0.01,0.02,2024-03-02 01:00:00,1,5,3,0.0,0.0,2.5,0.3730956666666666,2,0.0,tablet_retail,late_night,1,257.3575324215766,0.0465716840202172,0.5
802040,41.0,M,AU,Sydney,desktop,family,4439,kids,49.2,PG-13,5529,interstitial,sidebar,tech,3.57,1,0,0,0,23.3,1,6.18,1.69,0.0,0.01,2024-03-02 01:00:00,1,5,3,0.0,0.0,1.0,0.3824683333333333,1,0.0,desktop_tech,late_night,1,257.3575324215766,0.0465716840202172,23.3
164204,71.0,M,IN,Bengaluru,desktop,free,9224,drama,51.4,G,5666,banner,pre_roll,gaming,3.46,4,0,0,0,28.3,3,11.08,1.2,0.02,0.04,2024-03-02 02:00:00,2,5,3,0.0,0.0,0.75,0.5348533333333333,4,0.0,desktop_gaming,late_night,1,257.3575324215766,0.0465716840202172,28.3
343746,24.0,F,IN,Mumbai,smart_tv,family,5236,sports,13.5,PG-13,5717,video,mid_roll,auto,15.13,11,1,0,1,10.7,6,17.15,2.3,1.46,0.53,2024-03-02 02:00:00,2,5,3,0.0909090909090909,0.0,0.6363636363636364,0.604901,11,0.0909090909090909,smart_tv_auto,late_night,1,257.3575324215766,0.0465716840202172,10.7
375121,23.0,F,MX,Guadalajara,mobile,basic,2791,documentary,33.7,PG-13,5466,native,sidebar,finance,4.46,10,0,0,0,7.2,4,5.47,1.16,0.02,0.05,2024-03-02 02:00:00,2,5,3,0.0,0.0,0.4,0.389269,10,0.0,mobile_finance,late_night,1,257.3575324215766,0.0465716840202172,7.2
549659,40.0,M,US,Chicago,desktop,premium,3076,kids,40.5,G,5729,banner,pre_roll,healthcare,5.31,8,0,0,0,31.8,6,10.26,1.61,0.03,0.08,2024-03-02 02:00:00,2,5,3,0.0,0.0,0.75,0.682161,8,0.0,desktop_healthcare,late_night,1,257.3575324215766,0.0465716840202172,31.55
250097,60.0,M,BR,Sao Paulo,mobile,basic,4057,music,23.8,PG,5280,banner,pre_roll,gaming,8.25,11,2,0,1,6.3,6,7.96,1.23,1.51,0.46,2024-03-02 02:00:00,2,5,3,0.1818181818181818,0.0,0.7272727272727273,0.6089813333333334,11,0.1818181818181818,mobile_gaming,late_night,1,257.3575324215766,0.0465716840202172,6.3
958971,38.0,F,IN,Hyderabad,tablet,basic,8857,documentary,17.5,R,5391,banner,mid_roll,gaming,2.52,11,0,0,0,9.0,4,4.97,1.27,0.02,0.05,2024-03-02 02:00:00,2,5,3,0.0,0.0,0.3636363636363636,0.4037343333333333,11,0.0,tablet_gaming,late_night,1,257.3575324215766,0.0465716840202172,9.0
140428,55.0,M,FR,Paris,console,premium,1997,music,39.4,PG-13,5363,banner,pre_roll,cpg,9.83,5,0,0,0,40.0,4,10.19,1.64,0.02,0.05,2024-03-02 02:00:00,2,5,3,0.0,0.0,0.8,0.6595743333333334,5,0.0,console_cpg,late_night,1,257.3575324215766,0.0465716840202172,40.0
854854,35.0,M,UK,London,desktop,premium,8265,news,57.5,PG,5293,audio,post_roll,auto,4.03,10,2,0,1,52.9,5,13.23,0.99,1.24,0.43,2024-03-02 02:00:00,2,5,3,0.2,0.0,0.7,0.9002156666666667,10,0.2,desktop_auto,late_night,1,257.3575324215766,0.0465716840202172,52.9
906871,59.0,F,AU,Melbourne,smart_tv,free,2905,news,39.9,G,5065,banner,pre_roll,healthcare,8.94,9,0,0,0,19.3,2,12.01,0.45,0.04,0.11,2024-03-02 02:00:00,2,5,3,0.0,0.0,0.2222222222222222,0.3842556666666666,9,0.0,smart_tv_healthcare,late_night,1,257.3575324215766,0.0465716840202172,19.3
551448,45.0,F,IN,Bengaluru,mobile,free,7177,documentary,56.9,PG-13,5835,audio,post_roll,travel,5.27,2,0,0,0,29.3,1,9.55,1.75,0.01,0.02,2024-03-02 02:00:00,2,5,3,0.0,0.0,0.5,0.432035,2,0.0,mobile_travel,late_night,1,257.3575324215766,0.0465716840202172,29.3
717267,60.0,F,US,Austin,mobile,free,3137,documentary,37.5,PG,5636,audio,mid_roll,auto,7.61,2,0,0,0,22.0,0,7.48,1.2,0.01,0.01,2024-03-02 02:00:00,2,5,3,0.0,0.0,0.0,0.3416633333333333,2,0.0,mobile_auto,late_night,1,257.3575324215766,0.0465716840202172,22.0
163133,25.0,F,AU,Sydney,desktop,free,3321,sports,70.5,PG-13,5949,banner,in_feed,healthcare,3.07,9,1,0,1,50.4,5,11.31,0.97,0.62,0.25,2024-03-02 02:00:00,2,5,3,0.1111111111111111,0.0,0.6666666666666666,0.8671423333333332,9,0.1111111111111111,desktop_healthcare,late_night,1,257.3575324215766,0.0465716840202172,50.4
962655,34.0,F,IN,Bengaluru,desktop,free,6494,music,50.5,PG,5807,native,mid_roll,tech,4.0,2,0,0,0,28.4,3,9.49,1.44,0.01,0.02,2024-03-02 03:00:00,3,5,3,0.0,0.0,1.5,0.535592,2,0.0,desktop_tech,late_night,1,257.3575324215766,0.0465716840202172,28.4
888206,48.0,M,BR,Rio de Janeiro,tablet,premium,6740,documentary,8.6,PG,5946,banner,post_roll,retail,5.14,3,0,0,0,7.0,7,7.67,1.25,0.01,0.02,2024-03-02 03:00:00,3,5,3,0.0,0.0,2.333333333333333,0.4704226666666666,3,0.0,tablet_retail,late_night,1,257.3575324215766,0.0465716840202172,7.0
675616,26.0,F,CA,Vancouver,smart_tv,basic,1706,comedy,21.4,PG,5651,native,pre_roll,tech,8.72,5,1,0,1,20.6,0,16.59,1.4,0.87,0.29,2024-03-02 03:00:00,3,5,3,0.2,0.0,0.2,0.4864513333333333,5,0.2,smart_tv_tech,late_night,1,257.3575324215766,0.0465716840202172,20.6
330044,66.0,F,FR,Lyon,desktop,free,1098,gaming,58.4,PG,5699,audio,post_roll,healthcare,8.45,2,0,0,0,35.2,2,13.2,1.45,0.01,0.03,2024-03-02 03:00:00,3,5,3,0.0,0.0,1.0,0.521405,2,0.0,desktop_healthcare,late_night,1,257.3575324215766,0.0465716840202172,35.2
803885,39.0,F,US,Chicago,desktop,premium,7280,gaming,13.0,R,5907,audio,sidebar,auto,6.22,1,0,0,0,6.2,4,8.84,1.9,0.0,0.01,2024-03-02 03:00:00,3,5,3,0.0,0.0,4.0,0.381889,1,0.0,desktop_auto,late_night,1,257.3575324215766,0.0465716840202172,6.2
115938,59.0,M,CA,Toronto,mobile,basic,5792,comedy,17.0,PG-13,5758,banner,post_roll,cpg,7.14,1,0,0,0,6.4,1,12.52,1.31,0.01,0.01,2024-03-02 03:00:00,3,5,3,0.0,0.0,1.0,0.2184896666666666,1,0.0,mobile_cpg,late_night,1,257.3575324215766,0.0465716840202172,6.4
399464,68.0,M,IN,Hyderabad,mobile,basic,8962,music,47.5,PG,5627,interstitial,in_feed,travel,3.18,7,0,0,0,24.8,4,11.24,0.52,0.03,0.08,2024-03-02 04:00:00,4,5,3,0.0,0.0,0.5714285714285714,0.5606396666666666,7,0.0,mobile_travel,late_night,1,257.3575324215766,0.0465716840202172,24.8
300691,43.0,F,CA,Toronto,mobile,free,4609,documentary,73.6,G,5253,audio,in_feed,healthcare,2.18,9,0,0,0,47.6,7,15.24,1.6,0.05,0.14,2024-03-02 04:00:00,4,5,3,0.0,0.0,0.7777777777777778,0.7672573333333333,9,0.0,mobile_healthcare,late_night,1,257.3575324215766,0.0465716840202172,47.6
446430,59.0,F,MX,Guadalajara,tablet,free,7825,music,20.6,PG,5221,native,post_roll,travel,5.12,3,0,0,0,17.1,6,8.08,1.05,0.01,0.02,2024-03-02 04:00:00,4,5,3,0.0,0.0,2.0,0.5446716666666667,3,0.0,tablet_travel,late_night,1,257.3575324215766,0.0465716840202172,17.1
540661,20.0,M,US,Chicago,mobile,basic,2731,comedy,77.2,R,5663,native,in_feed,cpg,3.88,8,0,0,0,71.2,5,8.39,0.57,0.03,0.07,2024-03-02 04:00:00,4,5,3,0.0,0.0,0.625,0.752305,8,0.0,mobile_cpg,late_night,1,257.3575324215766,0.0465716840202172,71.2
730943,31.0,F,BR,Sao Paulo,smart_tv,basic,6614,comedy,19.6,PG-13,5684,audio,in_feed,cpg,7.56,7,0,0,0,8.9,3,10.4,1.39,0.03,0.07,2024-03-02 04:00:00,4,5,3,0.0,0.0,0.4285714285714285,0.348468,7,0.0,smart_tv_cpg,late_night,1,257.3575324215766,0.0465716840202172,8.9
143510,69.0,F,UK,Manchester,tablet,free,7104,news,45.5,R,5090,banner,post_roll,auto,4.59,2,1,1,1,26.9,2,9.91,0.92,32.14,0.16,2024-03-02 05:00:00,5,5,3,0.5,1.0,2.0,0.6452926666666666,2,0.5,tablet_auto,late_night,1,257.3575324215766,0.0465716840202172,30.8
440237,37.0,F,US,Seattle,mobile,basic,9854,news,17.7,PG,5549,banner,sidebar,auto,5.59,1,0,0,0,7.8,3,10.24,0.75,0.0,0.01,2024-03-02 05:00:00,5,5,3,0.0,0.0,3.0,0.339404,1,0.0,mobile_auto,late_night,1,257.3575324215766,0.0465716840202172,51.42525000000023
562449,74.0,F,IN,Mumbai,mobile,free,9984,gaming,27.5,PG,5686,video,in_feed,auto,6.18,5,0,0,0,2.7,5,10.32,1.38,0.02,0.05,2024-03-02 05:00:00,5,5,3,0.0,0.0,1.0,0.3997996666666666,5,0.0,mobile_auto,late_night,1,257.3575324215766,0.0465716840202172,2.7
267544,69.0,M,MX,Mexico City,mobile,free,2204,news,24.9,G,5964,banner,in_feed,retail,1.74,3,0,0,0,16.2,2,14.65,1.35,0.02,0.04,2024-03-02 05:00:00,5,5,3,0.0,0.0,0.6666666666666666,0.354617,3,0.0,mobile_retail,late_night,1,257.3575324215766,0.0465716840202172,16.2
505953,44.0,F,MX,Mexico City,desktop,basic,3513,comedy,39.9,PG-13,5273,banner,in_feed,auto,4.21,10,1,0,1,27.3,3,6.21,1.35,0.83,0.26,2024-03-02 05:00:00,5,5,3,0.1,0.0,0.4,0.654225,10,0.1,desktop_auto,late_night,1,257.3575324215766,0.0465716840202172,27.3
906577,19.0,M,US,Austin,desktop,basic,8182,music,37.4,PG,5963,interstitial,pre_roll,finance,5.69,10,0,0,0,36.4,9,13.2,1.55,0.05,0.13,2024-03-02 05:00:00,5,5,3,0.0,0.0,0.9,0.7374453333333334,10,0.0,desktop_finance,late_night,1,257.3575324215766,0.0465716840202172,28.7
725238,20.0,M,FR,Lyon,console,family,9007,comedy,21.7,G,5210,interstitial,mid_roll,auto,4.93,9,0,0,0,18.8,3,9.63,0.96,0.03,0.09,2024-03-02 05:00:00,5,5,3,0.0,0.0,0.3333333333333333,0.43938,9,0.0,console_auto,late_night,1,257.3575324215766,0.0465716840202172,18.8
785054,66.0,M,CA,Vancouver,mobile,family,6176,music,64.8,R,5474,native,post_roll,retail,8.19,2,0,0,0,50.0,3,12.61,1.76,0.01,0.03,2024-03-02 05:00:00,5,5,3,0.0,0.0,1.5,0.6360893333333333,2,0.0,mobile_retail,late_night,1,257.3575324215766,0.0465716840202172,50.0
527310,44.0,F,FR,Paris,smart_tv,premium,5023,news,29.9,R,5541,native,post_roll,retail,5.52,10,0,0,0,27.5,3,11.66,1.64,0.05,0.12,2024-03-02 05:00:00,5,5,3,0.0,0.0,0.3,0.528472,10,0.0,smart_tv_retail,late_night,1,257.3575324215766,0.0465716840202172,25.2
888905,66.0,F,IN,Mumbai,mobile,premium,7772,sports,16.9,PG,5889,native,pre_roll,gaming,6.13,10,0,0,0,17.3,2,8.99,1.02,0.04,0.09,2024-03-02 05:00:00,5,5,3,0.0,0.0,0.2,0.364973,10,0.0,mobile_gaming,late_night,1,257.3575324215766,0.0465716840202172,17.3
227486,24.0,F,US,Austin,mobile,free,1654,documentary,19.3,G,5410,native,in_feed,tech,4.29,1,0,0,0,10.8,3,5.85,1.31,0.0,0.01,2024-03-02 05:00:00,5,5,3,0.0,0.0,3.0,0.364788,1,0.0,mobile_tech,late_night,1,257.3575324215766,0.0465716840202172,10.8
196632,38.0,M,FR,Paris,desktop,free,8754,sports,68.4,R,5742,native,pre_roll,gaming,7.28,8,0,0,0,26.7,3,12.0,1.65,0.04,0.1,2024-03-02 05:00:00,5,5,3,0.0,0.0,0.375,0.522096,8,0.0,desktop_gaming,late_night,1,257.3575324215766,0.0465716840202172,26.7
147542,25.0,M,UK,London,mobile,family,4644,music,59.0,G,5309,interstitial,in_feed,tech,5.14,6,1,0,1,34.4,8,5.37,0.37,0.23,0.09,2024-03-02 05:00:00,5,5,3,0.1666666666666666,0.0,1.5,0.8770010000000001,6,0.1666666666666666,mobile_tech,late_night,1,257.3575324215766,0.0465716840202172,34.4
149031,15.0,F,UK,London,mobile,family,6883,gaming,3.2,PG,5002,audio,post_roll,healthcare,6.2,7,0,0,0,14.8,3,13.67,0.38,0.04,0.1,2024-03-02 05:00:00,5,5,3,0.0,0.0,0.4285714285714285,0.401316,7,0.0,mobile_healthcare,late_night,1,257.3575324215766,0.0465716840202172,19.966666666666665
388417,62.0,F,IN,Bengaluru,desktop,free,5956,kids,11.2,PG,5582,native,mid_roll,auto,3.37,7,1,1,1,11.4,4,11.81,0.94,34.13005000000005,0.22,2024-03-02 05:00:00,5,5,3,0.1428571428571428,1.0,0.8571428571428571,0.573596,7,0.1428571428571428,desktop_auto,late_night,1,257.3575324215766,0.0465716840202172,11.4
749305,44.0,M,IN,Bengaluru,desktop,premium,6179,documentary,52.8,PG-13,5876,native,mid_roll,auto,10.28,6,0,0,0,15.6,3,9.47,1.46,0.02,0.06,2024-03-02 05:00:00,5,5,3,0.0,0.0,0.5,0.4088506666666666,6,0.0,desktop_auto,late_night,1,257.3575324215766,0.0465716840202172,15.6
540147,32.0,M,BR,Sao Paulo,mobile,basic,5227,music,32.8,R,5185,video,post_roll,travel,13.54,7,0,0,0,25.7,3,15.08,1.61,0.04,0.11,2024-03-02 06:00:00,6,5,3,0.0,0.0,0.4285714285714285,0.5138533333333333,7,0.0,mobile_travel,morning,1,257.3575324215766,0.0465716840202172,27.1
494825,45.0,M,US,Seattle,smart_tv,basic,7403,music,61.2,R,5828,banner,in_feed,cpg,7.21,1,0,0,0,80.0,7,10.79,1.13,0.0,0.01,2024-03-02 06:00:00,6,5,3,0.0,0.0,7.0,0.7963346666666666,1,0.0,smart_tv_cpg,morning,1,257.3575324215766,0.0465716840202172,80.0
701550,26.0,F,US,New York,desktop,free,2340,gaming,71.1,PG,5110,native,mid_roll,retail,3.34,11,0,0,0,54.4,8,6.9,0.81,0.03,0.08,2024-03-02 06:00:00,6,5,3,0.0,0.0,0.7272727272727273,0.7890533333333333,11,0.0,desktop_retail,morning,1,257.3575324215766,0.0465716840202172,54.4
507023,53.0,M,AU,Melbourne,desktop,premium,7027,news,22.9,PG-13,5312,banner,mid_roll,healthcare,2.09,10,0,0,0,28.2,2,8.82,0.7,0.04,0.09,2024-03-02 06:00:00,6,5,3,0.0,0.0,0.2,0.4741769999999999,10,0.0,desktop_healthcare,morning,1,257.3575324215766,0.0465716840202172,28.2
710944,32.0,M,MX,Guadalajara,mobile,family,7467,comedy,48.1,PG,5388,banner,post_roll,retail,3.57,4,0,0,0,30.5,3,12.67,0.58,0.02,0.05,2024-03-02 06:00:00,6,5,3,0.0,0.0,0.75,0.551296,4,0.0,mobile_retail,morning,1,257.3575324215766,0.0465716840202172,30.5
938479,39.0,M,BR,Sao Paulo,desktop,free,6158,drama,39.9,R,5187,video,pre_roll,auto,6.43,8,0,0,0,11.1,5,10.49,0.62,0.03,0.08,2024-03-02 06:00:00,6,5,3,0.0,0.0,0.625,0.4625996666666666,8,0.0,desktop_auto,morning,1,257.3575324215766,0.0465716840202172,11.1
784617,50.0,F,MX,Guadalajara,mobile,basic,7399,drama,43.5,G,5820,audio,pre_roll,travel,8.01,11,0,0,0,24.1,1,8.56,2.03,0.04,0.09,2024-03-02 06:00:00,6,5,3,0.0,0.0,0.0909090909090909,0.389679,11,0.0,mobile_travel,morning,1,257.3575324215766,0.0465716840202172,24.1
410724,30.0,F,UK,London,tablet,basic,3058,kids,59.5,PG,5760,banner,in_feed,retail,6.94,3,0,0,0,33.1,0,10.44,1.69,0.01,0.03,2024-03-02 06:00:00,6,5,3,0.0,0.0,0.0,0.4294326666666667,3,0.0,tablet_retail,morning,1,257.3575324215766,0.0465716840202172,33.1
691364,21.0,M,IN,Bengaluru,desktop,premium,7322,kids,8.0,R,5228,audio,post_roll,gaming,13.09,2,0,0,0,6.0,2,11.91,1.97,0.01,0.02,2024-03-02 06:00:00,6,5,3,0.0,0.0,1.0,0.266197,2,0.0,desktop_gaming,morning,1,257.3575324215766,0.0465716840202172,6.0
847945,38.0,F,US,New York,tablet,basic,1853,drama,18.7,PG,5904,banner,post_roll,healthcare,4.03,11,1,0,1,7.9,3,11.39,1.4,0.89,0.34,2024-03-02 06:00:00,6,5,3,0.0909090909090909,0.0,0.3636363636363636,0.4594426666666666,11,0.0909090909090909,tablet_healthcare,morning,1,257.3575324215766,0.0465716840202172,7.9
834034,20.0,F,DE,Berlin,mobile,free,9585,gaming,51.7,R,5837,audio,in_feed,gaming,4.27,1,1,0,1,39.8,3,13.15,0.85,0.52,0.14,2024-03-02 06:00:00,6,5,3,1.0,0.0,4.0,0.7882256666666666,1,1.0,mobile_gaming,morning,1,257.3575324215766,0.0465716840202172,39.8
653760,33.0,F,IN,Bengaluru,smart_tv,basic,3241,sports,56.5,R,5052,interstitial,pre_roll,tech,11.31,6,0,0,0,22.6,0,9.04,1.28,0.02,0.05,2024-03-02 06:00:00,6,5,3,0.0,0.0,0.0,0.3471406666666666,6,0.0,smart_tv_tech,morning,1,257.3575324215766,0.0465716840202172,22.6
366921,40.0,M,DE,Berlin,desktop,free,9915,documentary,58.5,PG,5488,native,sidebar,travel,7.31,8,1,0,1,22.5,4,13.39,0.88,0.57,0.24,2024-03-02 07:00:00,7,5,3,0.125,0.0,0.625,0.682454,8,0.125,desktop_travel,morning,1,257.3575324215766,0.0465716840202172,22.5
590329,34.0,F,UK,London,desktop,family,7766,comedy,60.3,PG-13,5329,interstitial,post_roll,healthcare,6.97,10,0,0,0,46.2,1,7.13,0.51,0.03,0.07,2024-03-02 07:00:00,7,5,3,0.0,0.0,0.1,0.5160496666666667,10,0.0,desktop_healthcare,morning,1,257.3575324215766,0.0465716840202172,46.2
365495,21.0,F,IN,Hyderabad,mobile,family,4826,documentary,50.5,G,5273,banner,in_feed,tech,6.79,8,0,0,0,21.9,4,7.42,1.55,0.02,0.06,2024-03-02 07:00:00,7,5,3,0.0,0.0,0.5,0.534645,8,0.0,mobile_tech,morning,1,257.3575324215766,0.0465716840202172,21.9
106728,45.0,M,AU,Melbourne,smart_tv,basic,3487,comedy,58.9,PG,5665,native,sidebar,cpg,7.35,7,0,0,0,27.0,7,5.81,1.18,0.02,0.04,2024-03-02 07:00:00,7,5,3,0.0,0.0,1.0,0.6614426666666666,7,0.0,smart_tv_cpg,morning,1,257.3575324215766,0.0465716840202172,27.0
337555,46.0,M,AU,Unknown,tablet,free,2785,news,2.0,R,5958,video,in_feed,gaming,5.98,11,2,0,1,5.6,3,7.07,1.96,2.38,0.67,2024-03-02 07:00:00,7,5,3,0.1818181818181818,0.0,0.4545454545454545,0.4823736666666666,11,0.1818181818181818,tablet_gaming,morning,1,257.3575324215766,0.0465716840202172,18.15
242999,61.0,M,US,Austin,desktop,free,7907,sports,51.7,PG-13,5485,video,in_feed,finance,4.49,9,0,0,0,30.4,3,11.54,0.87,0.04,0.1,2024-03-02 07:00:00,7,5,3,0.0,0.0,0.3333333333333333,0.5506093333333333,9,0.0,desktop_finance,morning,1,257.3575324215766,0.0465716840202172,30.4
924794,65.0,M,US,Austin,smart_tv,basic,4661,news,22.0,PG-13,5916,banner,sidebar,finance,5.72,11,0,0,0,4.1,3,7.28,0.92,0.03,0.08,2024-03-02 07:00:00,7,5,3,0.0,0.0,0.2727272727272727,0.3131119999999999,11,0.0,smart_tv_finance,morning,1,257.3575324215766,0.0465716840202172,4.1
764527,57.0,F,IN,Bengaluru,desktop,basic,6941,news,42.8,R,5403,native,sidebar,healthcare,7.85,7,1,0,1,14.4,3,10.15,0.83,0.53,0.2,2024-03-02 07:00:00,7,5,3,0.1428571428571428,0.0,0.5714285714285714,0.546547,7,0.1428571428571428,desktop_healthcare,morning,1,257.3575324215766,0.0465716840202172,14.4
204963,60.0,M,IN,Mumbai,mobile,free,5493,comedy,48.5,R,5297,video,sidebar,cpg,4.41,4,0,0,0,20.6,3,8.91,0.63,0.01,0.04,2024-03-02 07:00:00,7,5,3,0.0,0.0,0.75,0.4622653333333333,4,0.0,mobile_cpg,morning,1,257.3575324215766,0.0465716840202172,20.6
274518,14.0,F,US,Unknown,tablet,free,6897,music,2.0,PG-13,5957,native,mid_roll,retail,1.36,10,2,0,1,12.7,3,12.66,1.18,1.47,0.48,2024-03-02 07:00:00,7,5,3,0.2,0.0,0.5,0.5455666666666666,10,0.2,tablet_retail,morning,1,257.3575324215766,0.0465716840202172,12.7
863776,59.0,M,BR,Rio de Janeiro,mobile,free,9540,sports,18.0,R,5937,interstitial,mid_roll,gaming,3.03,11,0,0,0,28.6,2,14.27,1.12,0.06,0.16,2024-03-02 07:00:00,7,5,3,0.0,0.0,0.1818181818181818,0.4771743333333333,11,0.0,mobile_gaming,morning,1,257.3575324215766,0.0465716840202172,28.6
430583,43.0,F,US,Chicago,tablet,premium,3959,comedy,22.6,G,5389,native,pre_roll,auto,5.14,4,0,0,0,7.9,3,7.49,0.82,0.01,0.03,2024-03-02 07:00:00,7,5,3,0.0,0.0,0.75,0.3401466666666666,4,0.0,tablet_auto,morning,1,257.3575324215766,0.0465716840202172,7.9
359630,70.0,F,CA,Vancouver,desktop,basic,4164,drama,17.6,PG-13,5189,banner,in_feed,retail,3.48,6,1,0,1,12.1,3,9.75,0.86,0.54,0.19,2024-03-02 07:00:00,7,5,3,0.1666666666666666,0.0,0.6666666666666666,0.5316783333333333,6,0.1666666666666666,desktop_retail,morning,1,257.3575324215766,0.0465716840202172,12.1
776028,30.0,F,US,Seattle,desktop,basic,7106,music,72.2,PG,5482,interstitial,in_feed,cpg,2.33,1,0,0,0,52.0,4,13.39,0.98,0.01,0.01,2024-03-02 08:00:00,8,5,3,0.0,0.0,4.0,0.6943130000000001,1,0.0,desktop_cpg,morning,1,257.3575324215766,0.0465716840202172,52.0
203320,58.0,M,US,Chicago,mobile,premium,9526,drama,27.9,PG,5809,interstitial,post_roll,auto,10.51,10,0,0,0,20.6,2,8.82,1.44,0.04,0.09,2024-03-02 08:00:00,8,5,3,0.0,0.0,0.2,0.4023743333333333,10,0.0,mobile_auto,morning,1,257.3575324215766,0.0465716840202172,20.6
128362,68.0,F,US,Austin,desktop,premium,6147,gaming,38.2,PG-13,5518,banner,post_roll,travel,2.22,2,0,0,0,35.3,4,9.57,0.9,0.01,0.02,2024-03-02 08:00:00,8,5,3,0.0,0.0,2.0,0.636313,2,0.0,desktop_travel,morning,1,257.3575324215766,0.0465716840202172,35.3
654859,44.0,M,DE,Berlin,mobile,basic,1004,documentary,23.3,PG,5732,audio,in_feed,retail,6.52,9,0,0,0,12.2,1,5.82,1.45,0.02,0.05,2024-03-02 08:00:00,8,5,3,0.0,0.0,0.1111111111111111,0.2670309999999999,9,0.0,mobile_retail,morning,1,257.3575324215766,0.0465716840202172,12.2
309748,67.0,M,UK,Manchester,mobile,basic,5835,news,3.7,PG,5567,banner,post_roll,tech,4.03,7,1,0,1,0.5,3,8.4,0.6,0.38,0.15,2024-03-02 08:00:00,8,5,3,0.1428571428571428,0.0,0.5714285714285714,0.4269136666666666,7,0.1428571428571428,mobile_tech,morning,1,257.3575324215766,0.0465716840202172,0.5
823392,28.0,F,FR,Paris,smart_tv,free,6278,news,59.8,R,5137,native,pre_roll,tech,8.38,3,0,0,0,16.2,0,12.84,0.91,0.02,0.04,2024-03-02 08:00:00,8,5,3,0.0,0.0,0.0,0.2751139999999999,3,0.0,smart_tv_tech,morning,1,257.3575324215766,0.0465716840202172,16.2
350824,53.0,M,MX,Mexico City,console,free,4483,music,38.4,PG,5800,banner,post_roll,healthcare,7.64,10,1,0,1,28.7,11,12.67,1.35,0.86,0.33,2024-03-02 08:00:00,8,5,3,0.1,0.0,1.2,0.817405,10,0.1,console_healthcare,morning,1,257.3575324215766,0.0465716840202172,28.7
151465,25.0,F,US,Chicago,desktop,free,9738,kids,20.2,PG-13,5287,audio,in_feed,cpg,10.5,4,0,0,0,14.3,1,11.38,1.02,0.02,0.05,2024-03-02 08:00:00,8,5,3,0.0,0.0,0.25,0.2861003333333333,4,0.0,desktop_cpg,morning,1,257.3575324215766,0.0465716840202172,14.3
871893,53.0,F,US,Austin,desktop,basic,1637,sports,63.1,PG,5382,interstitial,in_feed,healthcare,5.94,8,0,0,0,52.3,3,8.49,1.42,0.03,0.07,2024-03-02 08:00:00,8,5,3,0.0,0.0,0.375,0.6404186666666667,8,0.0,desktop_healthcare,morning,1,257.3575324215766,0.0465716840202172,52.3
858694,20.0,F,CA,Toronto,mobile,premium,4042,documentary,40.2,G,5724,audio,sidebar,gaming,8.61,3,0,0,0,36.9,3,9.27,1.1,0.01,0.03,2024-03-02 08:00:00,8,5,3,0.0,0.0,1.0,0.5907013333333333,3,0.0,mobile_gaming,morning,1,257.3575324215766,0.0465716840202172,36.9
687221,44.0,M,JP,Tokyo,mobile,basic,5681,gaming,54.9,R,5461,banner,in_feed,travel,2.05,8,1,0,1,20.6,3,8.43,1.06,0.66,0.23,2024-03-02 08:00:00,8,5,3,0.125,0.0,0.5,0.6046063333333334,8,0.125,mobile_travel,morning,1,257.3575324215766,0.0465716840202172,20.6
367649,62.0,M,CA,Toronto,mobile,basic,3112,music,42.2,PG-13,5011,video,pre_roll,healthcare,5.35,11,0,0,0,18.8,0,8.21,2.09,0.04,0.09,2024-03-02 08:00:00,8,5,3,0.0,0.0,0.0,0.299986,11,0.0,mobile_healthcare,morning,1,257.3575324215766,0.0465716840202172,18.9
710039,33.0,F,IN,Bengaluru,desktop,premium,5737,music,30.8,R,5548,interstitial,in_feed,healthcare,3.49,1,0,0,0,28.4,7,2.63,0.65,0.0,0.0,2024-03-02 08:00:00,8,5,3,0.0,0.0,7.0,0.672608,1,0.0,desktop_healthcare,morning,1,257.3575324215766,0.0465716840202172,28.4
707432,60.0,M,BR,Rio de Janeiro,mobile,family,2896,music,46.4,PG,5392,native,post_roll,finance,3.56,3,0,0,0,12.7,5,11.83,0.89,0.01,0.04,2024-03-02 08:00:00,8,5,3,0.0,0.0,1.6666666666666667,0.4771556666666666,3,0.0,mobile_finance,morning,1,257.3575324215766,0.0465716840202172,26.133333333333336
275590,16.0,M,US,Chicago,console,family,3710,drama,16.5,R,5308,audio,mid_roll,healthcare,9.05,1,0,0,0,16.2,0,7.47,1.22,0.0,0.01,2024-03-02 09:00:00,9,5,3,0.0,0.0,0.0,0.2751139999999999,1,0.0,console_healthcare,morning,1,257.3575324215766,0.0465716840202172,16.2
851542,15.0,F,US,New York,desktop,premium,1139,sports,16.5,PG,5438,interstitial,sidebar,auto,2.58,9,0,0,0,17.0,5,8.74,1.04,0.03,0.08,2024-03-02 09:00:00,9,5,3,0.0,0.0,0.5555555555555556,0.5172116666666666,9,0.0,desktop_auto,morning,1,257.3575324215766,0.0465716840202172,17.0
186210,47.0,F,BR,Sao Paulo,mobile,free,5664,comedy,18.5,PG-13,5609,video,sidebar,travel,4.27,7,0,0,0,8.3,4,11.24,0.51,0.03,0.08,2024-03-02 09:00:00,9,5,3,0.0,0.0,0.5714285714285714,0.3979769999999999,7,0.0,mobile_travel,morning,1,257.3575324215766,0.0465716840202172,8.3
333706,49.0,F,IN,Bengaluru,mobile,free,5320,news,13.5,G,5509,native,pre_roll,cpg,9.21,9,0,0,0,15.9,5,9.01,1.17,0.03,0.08,2024-03-02 09:00:00,9,5,3,0.0,0.0,0.5555555555555556,0.5069303333333333,9,0.0,mobile_cpg,morning,1,257.3575324215766,0.0465716840202172,15.9
941418,42.0,F,AU,Melbourne,desktop,basic,7481,news,24.7,PG,5365,interstitial,sidebar,cpg,9.19,4,1,0,1,16.6,3,7.81,1.38,0.84,0.24,2024-03-02 09:00:00,9,5,3,0.25,0.0,1.0,0.589457,4,0.25,desktop_cpg,morning,1,257.3575324215766,0.0465716840202172,22.1
374474,33.0,M,JP,Tokyo,mobile,premium,3129,kids,33.9,PG,5921,interstitial,sidebar,healthcare,6.03,8,0,0,0,14.3,3,12.5,1.51,0.04,0.1,2024-03-02 09:00:00,9,5,3,0.0,0.0,0.375,0.3965613333333333,8,0.0,mobile_healthcare,morning,1,257.3575324215766,0.0465716840202172,14.3
500947,65.0,M,US,Chicago,mobile,basic,2954,news,43.6,PG,5424,native,pre_roll,cpg,4.92,6,0,0,0,9.4,5,8.38,0.8,0.02,0.05,2024-03-02 09:00:00,9,5,3,0.0,0.0,0.8333333333333334,0.4478263333333333,6,0.0,mobile_cpg,morning,1,257.3575324215766,0.0465716840202172,9.4
852695,43.0,M,MX,Mexico City,mobile,family,6054,kids,36.7,PG,5967,audio,sidebar,gaming,1.42,1,0,0,0,31.1,4,15.12,1.35,0.01,0.02,2024-03-02 10:00:00,10,5,3,0.0,0.0,4.0,0.6099756666666667,1,0.0,mobile_gaming,morning,1,257.3575324215766,0.0465716840202172,31.1
344872,24.0,Other,BR,Sao Paulo,mobile,free,1680,drama,65.5,G,5511,banner,post_roll,healthcare,3.44,10,0,0,0,38.8,2,10.67,0.64,0.04,0.11,2024-03-02 10:00:00,10,5,3,0.0,0.0,0.2,0.539901,10,0.0,mobile_healthcare,morning,1,257.3575324215766,0.0465716840202172,38.8
770087,60.0,M,AU,Sydney,smart_tv,family,4762,comedy,62.7,PG-13,5883,banner,post_roll,finance,10.63,6,0,0,0,38.8,0,13.41,1.51,0.03,0.08,2024-03-02 10:00:00,10,5,3,0.0,0.0,0.0,0.460398,6,0.0,smart_tv_finance,morning,1,257.3575324215766,0.0465716840202172,38.8
737884,41.0,F,FR,Lyon,tablet,family,5023,comedy,48.4,PG-13,5816,audio,in_feed,gaming,6.85,2,0,0,0,15.4,0,8.85,1.29,0.01,0.02,2024-03-02 10:00:00,10,5,3,0.0,0.0,0.0,0.2674566666666667,2,0.0,tablet_gaming,morning,1,257.3575324215766,0.0465716840202172,15.4
544595,62.0,F,JP,Tokyo,mobile,premium,2625,news,2.0,R,5157,audio,mid_roll,tech,7.52,5,0,0,0,8.8,6,9.59,1.05,0.02,0.05,2024-03-02 10:00:00,10,5,3,0.0,0.0,1.2,0.469341,5,0.0,mobile_tech,morning,1,257.3575324215766,0.0465716840202172,8.8
909519,26.0,F,US,Austin,mobile,premium,8871,documentary,2.0,PG,5001,native,in_feed,auto,3.71,3,0,0,0,20.6,1,11.36,0.09,0.01,0.03,2024-03-02 10:00:00,10,5,3,0.0,0.0,0.3333333333333333,0.3518043333333333,3,0.0,mobile_auto,morning,1,257.3575324215766,0.0465716840202172,28.7
433156,71.0,M,FR,Lyon,mobile,premium,7869,music,40.9,G,5959,banner,post_roll,healthcare,10.67,11,0,0,0,19.1,6,15.54,1.75,0.07,0.17,2024-03-02 11:00:00,11,5,3,0.0,0.0,0.5454545454545454,0.5639196666666667,11,0.0,mobile_healthcare,morning,1,257.3575324215766,0.0465716840202172,17.25
794157,17.0,M,US,Chicago,desktop,premium,5330,kids,2.0,PG-13,5673,banner,in_feed,travel,7.82,11,2,0,1,0.5,4,9.81,1.67,2.05,0.61,2024-03-02 11:00:00,11,5,3,0.1818181818181818,0.0,0.5454545454545454,0.4914746666666666,11,0.1818181818181818,desktop_travel,morning,1,257.3575324215766,0.0465716840202172,0.5
957860,38.0,F,FR,Lyon,mobile,free,6747,music,23.0,PG,5725,audio,post_roll,healthcare,6.43,4,0,0,0,4.4,2,12.52,0.9,0.02,0.05,2024-03-02 11:00:00,11,5,3,0.0,0.0,0.5,0.2552036666666666,4,0.0,mobile_healthcare,morning,1,257.3575324215766,0.0465716840202172,4.4
418080,67.0,M,CA,Toronto,mobile,basic,9262,comedy,47.8,PG-13,5193,video,mid_roll,cpg,4.65,2,0,0,0,28.8,2,17.13,1.06,0.01,0.03,2024-03-02 11:00:00,11,5,3,0.0,0.0,1.0,0.478709,2,0.0,mobile_cpg,morning,1,257.3575324215766,0.0465716840202172,28.8
608991,53.0,M,FR,Lyon,desktop,free,2620,sports,17.9,PG-13,5410,video,pre_roll,travel,2.18,5,0,0,0,8.0,3,11.18,1.19,0.02,0.06,2024-03-02 11:00:00,11,5,3,0.0,0.0,0.6,0.3410186666666666,5,0.0,desktop_travel,morning,1,257.3575324215766,0.0465716840202172,8.0
894115,60.0,F,BR,Rio de Janeiro,desktop,free,7406,music,20.8,PG,5827,audio,sidebar,retail,8.81,10,2,0,1,14.1,3,16.29,1.06,1.34,0.48,2024-03-02 11:00:00,11,5,3,0.2,0.0,0.5,0.5582746666666667,10,0.2,desktop_retail,morning,1,257.3575324215766,0.0465716840202172,14.1
532003,19.0,F,AU,Melbourne,desktop,premium,9077,documentary,23.2,PG-13,5199,audio,in_feed,finance,10.76,9,0,0,0,9.6,2,12.1,1.13,0.04,0.11,2024-03-02 11:00:00,11,5,3,0.0,0.0,0.2222222222222222,0.2944556666666666,9,0.0,desktop_finance,morning,1,257.3575324215766,0.0465716840202172,9.6
684198,23.0,F,IN,Bengaluru,smart_tv,premium,8606,kids,34.1,R,5759,banner,post_roll,tech,6.96,5,0,0,0,2.6,0,7.25,1.6,0.01,0.04,2024-03-02 11:00:00,11,5,3,0.0,0.0,0.0,0.1646833333333333,5,0.0,smart_tv_tech,morning,1,257.3575324215766,0.0465716840202172,2.6
346183,22.0,M,DE,Berlin,smart_tv,free,4772,sports,46.7,PG-13,5408,banner,in_feed,healthcare,11.25,11,0,0,0,32.3,5,14.73,1.0,0.06,0.16,2024-03-02 11:00:00,11,5,3,0.0,0.0,0.4545454545454545,0.658929,11,0.0,smart_tv_healthcare,morning,1,257.3575324215766,0.0465716840202172,32.3
151065,36.0,M,US,Chicago,mobile,free,2934,kids,75.2,PG,5909,audio,mid_roll,travel,4.18,8,0,0,0,38.3,3,10.31,0.47,0.03,0.08,2024-03-02 11:00:00,11,5,3,0.0,0.0,0.375,0.5973826666666666,8,0.0,mobile_travel,morning,1,257.3575324215766,0.0465716840202172,38.3
158060,26.0,M,DE,Berlin,mobile,basic,5504,gaming,33.4,PG-13,5306,native,sidebar,cpg,4.44,6,0,0,0,15.7,5,11.24,1.42,0.03,0.07,2024-03-02 12:00:00,12,5,3,0.0,0.0,0.8333333333333334,0.5050196666666666,6,0.0,mobile_cpg,afternoon,1,257.3575324215766,0.0465716840202172,15.7
948704,44.0,M,IN,Bengaluru,desktop,premium,8770,drama,53.8,PG-13,5104,video,sidebar,healthcare,1.26,1,0,0,0,38.8,6,5.47,0.8,0.0,0.01,2024-03-02 12:00:00,12,5,3,0.0,0.0,6.0,0.721485,1,0.0,desktop_healthcare,afternoon,1,257.3575324215766,0.0465716840202172,38.8
496108,69.0,F,US,Austin,desktop,free,8808,music,34.3,PG-13,5235,audio,sidebar,finance,4.24,6,0,0,0,34.8,5,9.76,0.76,0.02,0.06,2024-03-02 12:00:00,12,5,3,0.0,0.0,0.8333333333333334,0.6741636666666667,6,0.0,desktop_finance,afternoon,1,257.3575324215766,0.0465716840202172,34.8
665155,31.0,F,IN,Hyderabad,mobile,premium,3748,gaming,24.9,PG-13,5643,native,in_feed,retail,8.06,3,0,0,0,8.4,5,8.84,0.4,0.01,0.03,2024-03-02 12:00:00,12,5,3,0.0,0.0,1.6666666666666667,0.4395356666666666,3,0.0,mobile_retail,afternoon,1,257.3575324215766,0.0465716840202172,8.4
356931,27.0,M,US,Seattle,desktop,basic,8161,music,14.0,PG-13,5263,video,pre_roll,cpg,3.15,3,0,0,0,6.1,3,13.59,1.14,0.02,0.04,2024-03-02 12:00:00,12,5,3,0.0,0.0,1.0,0.3267373333333333,3,0.0,desktop_cpg,afternoon,1,257.3575324215766,0.0465716840202172,6.1
198254,41.0,M,BR,Sao Paulo,desktop,free,5000,comedy,5.7,PG,5466,banner,sidebar,retail,4.87,7,0,0,0,2.0,3,12.06,0.98,0.03,0.08,2024-03-02 12:00:00,12,5,3,0.0,0.0,0.4285714285714285,0.3006866666666666,7,0.0,desktop_retail,afternoon,1,257.3575324215766,0.0465716840202172,2.0
792610,26.0,M,CA,Vancouver,mobile,basic,4807,sports,39.6,R,5312,interstitial,post_roll,travel,4.18,1,0,0,0,25.7,1,9.93,1.75,0.0,0.01,2024-03-02 12:00:00,12,5,3,0.0,0.0,1.0,0.4033923333333333,1,0.0,mobile_travel,afternoon,1,257.3575324215766,0.0465716840202172,25.7
776542,32.0,M,IN,Hyderabad,smart_tv,free,5954,news,33.8,R,5484,native,mid_roll,finance,5.92,2,0,0,0,14.4,1,4.63,1.25,0.0,0.01,2024-03-02 12:00:00,12,5,3,0.0,0.0,0.5,0.287099,2,0.0,smart_tv_finance,afternoon,1,257.3575324215766,0.0465716840202172,14.4
756968,22.0,M,US,Austin,desktop,basic,4426,kids,64.8,PG,5188,banner,in_feed,retail,4.13,2,0,0,0,32.9,3,13.8,1.31,0.01,0.03,2024-03-02 12:00:00,12,5,3,0.0,0.0,1.5,0.56758,2,0.0,desktop_retail,afternoon,1,257.3575324215766,0.0465716840202172,37.4
434784,24.0,F,US,New York,console,free,1961,music,40.6,G,5298,native,in_feed,cpg,1.39,10,0,0,0,26.2,6,9.2,0.59,0.04,0.09,2024-03-02 12:00:00,12,5,3,0.0,0.0,0.6,0.6395383333333333,10,0.0,console_cpg,afternoon,1,257.3575324215766,0.0465716840202172,26.2
879455,49.0,F,US,New York,desktop,premium,2264,kids,17.1,PG-13,5610,audio,post_roll,travel,6.33,1,0,0,0,13.2,1,7.99,1.37,0.0,0.01,2024-03-02 12:00:00,12,5,3,0.0,0.0,1.0,0.2761389999999999,1,0.0714285714285714,desktop_travel,afternoon,1,257.3575324215766,0.0465716840202172,9.65
943501,32.0,M,US,Chicago,mobile,family,3252,kids,34.0,PG-13,5306,video,pre_roll,healthcare,11.02,9,1,0,1,22.4,5,7.67,1.74,1.07,0.33,2024-03-02 12:00:00,12,5,3,0.1111111111111111,0.0,0.6666666666666666,0.7150276666666666,9,0.1111111111111111,mobile_healthcare,afternoon,1,257.3575324215766,0.0465716840202172,22.4
388598,59.0,F,IN,Hyderabad,mobile,basic,7297,documentary,46.9,PG-13,5385,banner,mid_roll,gaming,8.03,6,2,2,1,40.8,5,16.82,1.39,29.68,0.52,2024-03-02 12:00:00,12,5,3,0.3333333333333333,1.0,1.5,0.8809436666666666,6,0.3333333333333333,mobile_gaming,afternoon,1,257.3575324215766,0.0465716840202172,40.8
597897,22.0,F,IN,Mumbai,mobile,family,2054,drama,11.8,R,5248,interstitial,sidebar,tech,11.96,2,0,0,0,0.5,3,9.98,1.41,0.01,0.02,2024-03-02 12:00:00,12,5,3,0.0,0.0,1.5,0.2779266666666666,2,0.0,mobile_tech,afternoon,1,257.3575324215766,0.0465716840202172,0.5
868632,32.0,Other,US,Austin,desktop,family,2288,music,53.7,PG,5913,native,post_roll,gaming,3.94,8,2,0,1,38.7,3,7.43,1.24,1.51,0.43,2024-03-02 13:00:00,13,5,3,0.25,0.0,0.625,0.7704529999999999,8,0.25,desktop_gaming,afternoon,1,257.3575324215766,0.0465716840202172,19.6
259916,47.0,M,AU,Sydney,tablet,premium,5494,news,19.2,PG-13,5874,banner,in_feed,cpg,4.9,7,0,0,0,12.3,5,6.54,1.69,0.02,0.05,2024-03-02 13:00:00,13,5,3,0.0,0.0,0.7142857142857143,0.473557,7,0.0,tablet_cpg,afternoon,1,257.3575324215766,0.0465716840202172,12.3
115931,62.0,F,JP,Osaka,mobile,premium,3007,documentary,44.3,PG,5955,interstitial,mid_roll,cpg,7.78,3,0,0,0,24.2,3,9.97,1.43,0.01,0.03,2024-03-02 13:00:00,13,5,3,0.0,0.0,1.0,0.5010493333333333,3,0.0,mobile_cpg,afternoon,1,257.3575324215766,0.0465716840202172,24.2
348902,44.0,M,JP,Osaka,smart_tv,basic,2836,gaming,43.4,PG-13,5658,banner,post_roll,cpg,4.96,6,1,0,1,31.7,3,5.14,0.92,0.56,0.17,2024-03-02 13:00:00,13,5,3,0.1666666666666666,0.0,0.6666666666666666,0.7148623333333333,6,0.1666666666666666,smart_tv_cpg,afternoon,1,257.3575324215766,0.0465716840202172,31.7
265789,66.0,F,BR,Sao Paulo,desktop,family,4661,comedy,56.9,R,5236,interstitial,in_feed,gaming,3.7,1,0,0,0,33.5,3,13.78,1.95,0.01,0.01,2024-03-02 13:00:00,13,5,3,0.0,0.0,3.0,0.5713613333333334,1,0.0,desktop_gaming,afternoon,1,257.3575324215766,0.0465716840202172,33.5
591785,65.0,F,FR,Lyon,mobile,premium,9759,kids,2.0,G,5916,native,pre_roll,cpg,8.15,7,0,0,0,0.5,2,15.01,0.64,0.04,0.11,2024-03-02 13:00:00,13,5,3,0.0,0.0,0.2857142857142857,0.2180356666666666,7,0.0,mobile_cpg,afternoon,1,257.3575324215766,0.0465716840202172,0.5
158128,20.0,F,UK,Manchester,desktop,basic,3115,news,66.2,PG,5667,native,pre_roll,cpg,7.91,2,0,0,0,50.6,4,12.17,1.55,0.01,0.02,2024-03-02 13:00:00,13,5,3,0.0,0.0,2.0,0.691697,2,0.0,desktop_cpg,afternoon,1,257.3575324215766,0.0465716840202172,50.6
314725,50.0,M,US,Seattle,desktop,premium,2034,drama,37.4,PG-13,5163,native,sidebar,finance,7.25,6,0,0,0,16.6,9,11.91,1.72,0.03,0.07,2024-03-02 14:00:00,14,5,3,0.0,0.0,1.5,0.567712,6,0.0,desktop_finance,afternoon,1,257.3575324215766,0.0465716840202172,16.6
788858,40.0,M,BR,Sao Paulo,desktop,free,2644,music,48.1,PG,5512,banner,mid_roll,retail,6.35,5,3,0,1,37.4,4,9.73,1.19,2.16,0.58,2024-03-02 14:00:00,14,5,3,0.6,0.0,1.4,0.830478,5,0.6,desktop_retail,afternoon,1,257.3575324215766,0.0465716840202172,37.4
469003,19.0,Other,MX,Mexico City,desktop,family,4959,sports,35.0,G,5127,interstitial,in_feed,gaming,8.23,10,0,0,0,39.5,2,11.91,1.1,0.05,0.12,2024-03-02 14:00:00,14,5,3,0.0,0.0,0.2,0.5431143333333333,10,0.0,desktop_gaming,afternoon,1,257.3575324215766,0.0465716840202172,39.5
366844,43.0,M,DE,Berlin,mobile,premium,6121,documentary,45.1,R,5833,video,sidebar,tech,11.48,4,0,0,0,24.4,4,16.11,1.61,0.03,0.06,2024-03-02 14:00:00,14,5,3,0.0,0.0,1.0,0.5571596666666667,4,0.0,mobile_tech,afternoon,1,257.3575324215766,0.0465716840202172,24.4
627015,23.0,M,US,Chicago,mobile,family,4413,comedy,34.4,G,5061,interstitial,mid_roll,healthcare,6.47,9,1,0,1,36.4,1,6.47,0.7,0.44,0.16,2024-03-02 14:00:00,14,5,3,0.1111111111111111,0.0,0.2222222222222222,0.6127083333333333,9,0.1111111111111111,mobile_healthcare,afternoon,1,257.3575324215766,0.0465716840202172,36.4
789246,44.0,M,MX,Mexico City,smart_tv,family,9500,news,34.8,PG-13,5927,banner,mid_roll,tech,3.77,11,0,0,0,19.3,2,14.05,0.64,0.06,0.15,2024-03-02 14:00:00,14,5,3,0.0,0.0,0.1818181818181818,0.3842556666666666,11,0.0,smart_tv_tech,afternoon,1,257.3575324215766,0.0465716840202172,19.3
967464,23.0,F,IN,Mumbai,mobile,basic,3891,sports,30.6,R,5920,interstitial,sidebar,tech,5.99,7,0,0,0,22.2,0,7.84,0.84,0.02,0.05,2024-03-02 14:00:00,14,5,3,0.0,0.0,0.0,0.3434379999999999,7,0.0,mobile_tech,afternoon,1,257.3575324215766,0.0465716840202172,22.2
198664,13.0,F,BR,Rio de Janeiro,mobile,basic,5316,music,49.8,PG-13,5091,audio,sidebar,gaming,4.39,5,0,0,0,28.8,3,9.88,0.72,0.02,0.05,2024-03-02 14:00:00,14,5,3,0.0,0.0,0.6,0.5386,5,0.0,mobile_gaming,afternoon,1,257.3575324215766,0.0465716840202172,28.8
546064,26.0,M,US,Austin,tablet,free,9367,comedy,69.3,G,5659,audio,pre_roll,gaming,4.39,1,0,0,0,44.0,3,14.9,0.88,0.01,0.01,2024-03-02 14:00:00,14,5,3,0.0,0.0,3.0,0.619928,1,0.0,tablet_gaming,afternoon,1,257.3575324215766,0.0465716840202172,32.3
914832,42.0,F,UK,Manchester,mobile,premium,3958,news,11.8,G,5266,interstitial,pre_roll,travel,5.14,3,0,0,0,0.5,1,10.96,1.31,0.01,0.03,2024-03-02 14:00:00,14,5,3,0.0,0.0,0.3333333333333333,0.1674656666666666,3,0.0,mobile_travel,afternoon,1,257.3575324215766,0.0465716840202172,0.5
437074,19.0,M,BR,Sao Paulo,tablet,free,7906,news,61.8,PG,5504,native,post_roll,retail,8.96,3,0,0,0,35.2,6,11.1,2.11,0.01,0.03,2024-03-02 14:00:00,14,5,3,0.0,0.0,2.0,0.702989,3,0.0,tablet_retail,afternoon,1,257.3575324215766,0.0465716840202172,35.2
992992,61.0,M,FR,Paris,desktop,premium,3644,kids,22.9,G,5726,video,in_feed,travel,6.57,6,0,0,0,15.4,3,9.88,0.36,0.02,0.06,2024-03-02 14:00:00,14,5,3,0.0,0.0,0.5,0.4068506666666666,6,0.0,desktop_travel,afternoon,1,257.3575324215766,0.0465716840202172,15.4
481473,41.0,M,IN,Mumbai,mobile,family,2518,music,45.0,PG,5332,video,in_feed,retail,7.23,5,0,0,0,27.2,1,5.95,0.94,0.01,0.03,2024-03-02 15:00:00,15,5,3,0.0,0.0,0.2,0.4155803333333333,5,0.0,mobile_retail,afternoon,1,257.3575324215766,0.0465716840202172,27.2
222655,68.0,M,JP,Unknown,desktop,free,2342,kids,18.5,G,5266,interstitial,sidebar,travel,4.3,4,0,0,0,0.5,3,13.01,0.79,0.02,0.05,2024-03-02 15:00:00,15,5,3,0.0,0.0,0.75,0.2779266666666666,4,0.0,desktop_travel,afternoon,1,257.3575324215766,0.0465716840202172,0.5
455323,50.0,F,JP,Osaka,mobile,premium,3450,documentary,52.6,PG-13,5283,native,in_feed,retail,3.1,2,0,0,0,35.9,3,4.85,0.74,0.0,0.01,2024-03-02 15:00:00,15,5,3,0.0,0.0,1.5,0.585288,2,0.0,mobile_retail,afternoon,1,257.3575324215766,0.0465716840202172,35.9
735182,31.0,M,DE,Munich,mobile,free,4433,documentary,61.9,PG-13,5435,interstitial,pre_roll,retail,6.4,10,0,0,0,57.4,4,11.48,0.85,0.05,0.11,2024-03-02 15:00:00,15,5,3,0.0,0.0,0.4,0.7021596666666666,10,0.0,mobile_retail,afternoon,1,257.3575324215766,0.0465716840202172,57.4
657819,62.0,M,IN,Mumbai,tablet,free,3679,music,44.7,PG-13,5721,video,in_feed,travel,7.46,4,0,0,0,21.7,1,9.91,1.14,0.02,0.04,2024-03-02 15:00:00,15,5,3,0.0,0.0,0.25,0.3678763333333333,4,0.0,tablet_travel,afternoon,1,257.3575324215766,0.0465716840202172,21.7
634362,32.0,M,AU,Melbourne,mobile,basic,1961,news,38.3,PG,5522,video,mid_roll,retail,9.98,5,0,0,0,16.0,3,12.58,1.21,0.03,0.06,2024-03-02 15:00:00,15,5,3,0.0,0.0,0.6,0.4127466666666666,5,0.0,mobile_retail,afternoon,1,257.3575324215766,0.0465716840202172,16.0
943270,27.0,M,UK,Manchester,mobile,basic,6010,sports,11.7,PG-13,5028,interstitial,pre_roll,tech,2.14,3,0,0,0,6.1,4,12.08,0.74,0.01,0.04,2024-03-02 15:00:00,15,5,3,0.0,0.0,1.3333333333333333,0.3811863333333333,3,0.0,mobile_tech,afternoon,1,257.3575324215766,0.0465716840202172,6.1
290094,30.0,M,AU,Sydney,mobile,free,5632,documentary,31.2,PG,5500,banner,pre_roll,cpg,2.0,5,0,0,0,19.0,0,6.95,0.8,0.01,0.03,2024-03-02 15:00:00,15,5,3,0.0,0.0,0.0,0.3018753333333333,5,0.0,mobile_cpg,afternoon,1,257.3575324215766,0.0465716840202172,19.0
704608,42.0,M,BR,Sao Paulo,desktop,family,7318,documentary,71.3,PG-13,5535,native,pre_roll,gaming,1.42,11,1,1,1,59.4,7,8.91,0.87,12.93,0.23,2024-03-02 15:00:00,15,5,3,0.0909090909090909,1.0,0.8181818181818182,0.9061893333333332,11,0.0909090909090909,desktop_gaming,afternoon,1,257.3575324215766,0.0465716840202172,59.4
399695,54.0,F,DE,Munich,smart_tv,free,8120,music,33.7,PG-13,5581,native,pre_roll,travel,1.71,8,0,0,0,25.6,2,5.3,0.88,0.02,0.04,2024-03-02 15:00:00,15,5,3,0.0,0.0,0.25,0.4531436666666666,8,0.0,smart_tv_travel,afternoon,1,257.3575324215766,0.0465716840202172,25.6
209541,47.0,F,BR,Sao Paulo,mobile,basic,3180,comedy,48.2,PG-13,5747,audio,pre_roll,gaming,4.06,5,0,0,0,35.6,2,11.98,1.12,0.02,0.06,2024-03-02 15:00:00,15,5,3,0.0,0.0,0.4,0.523725,5,0.0,mobile_gaming,afternoon,1,257.3575324215766,0.0465716840202172,35.6
384596,66.0,M,BR,Rio de Janeiro,mobile,free,9232,drama,2.0,PG-13,5507,interstitial,in_feed,finance,3.61,3,0,0,0,1.2,3,11.51,1.72,0.01,0.03,2024-03-02 15:00:00,15,5,3,0.0,0.0,1.0,0.2965706666666666,3,0.0,mobile_finance,afternoon,1,257.3575324215766,0.0465716840202172,1.2
997028,14.0,M,IN,Mumbai,mobile,basic,1290,music,34.3,PG,5279,interstitial,mid_roll,travel,3.68,1,0,0,0,12.3,2,6.09,2.01,0.0,0.01,2024-03-02 15:00:00,15,5,3,0.0,0.0,2.0,0.318497,1,0.0,mobile_travel,afternoon,1,257.3575324215766,0.0465716840202172,12.3
369188,65.0,F,AU,Sydney,mobile,free,6952,comedy,31.4,PG-13,5366,video,post_roll,finance,6.19,11,0,0,0,18.5,0,7.65,1.02,0.03,0.08,2024-03-02 15:00:00,15,5,3,0.0,0.0,0.0,0.297126,11,0.0,mobile_finance,afternoon,1,257.3575324215766,0.0465716840202172,18.5
565414,52.0,M,MX,Guadalajara,desktop,family,3308,gaming,48.8,PG-13,5669,interstitial,pre_roll,healthcare,5.74,9,2,0,1,12.7,3,11.96,0.82,1.03,0.35,2024-03-02 15:00:00,15,5,3,0.2222222222222222,0.0,0.5555555555555556,0.5497626666666666,9,0.2222222222222222,desktop_healthcare,afternoon,1,257.3575324215766,0.0465716840202172,12.7
549665,25.0,M,US,Chicago,desktop,basic,3457,comedy,51.6,PG,5078,audio,mid_roll,auto,2.15,5,0,0,0,34.1,4,10.61,1.43,0.02,0.05,2024-03-02 16:00:00,16,5,3,0.0,0.0,0.8,0.629321,5,0.0,desktop_auto,afternoon,1,257.3575324215766,0.0465716840202172,34.1
288139,35.0,M,US,Austin,tablet,premium,2505,news,54.8,PG,5667,audio,sidebar,tech,6.96,10,1,0,1,17.2,3,10.21,1.31,0.83,0.3,2024-03-02 16:00:00,16,5,3,0.1,0.0,0.4,0.5512863333333333,10,0.1,tablet_tech,afternoon,1,257.3575324215766,0.0465716840202172,17.2
435871,68.0,F,BR,Sao Paulo,desktop,family,6589,drama,68.0,R,5076,banner,pre_roll,retail,2.56,4,0,0,0,52.7,7,8.56,1.05,0.01,0.03,2024-03-02 16:00:00,16,5,3,0.0,0.0,1.75,0.7781306666666666,4,0.0,desktop_retail,afternoon,1,257.3575324215766,0.0465716840202172,52.7
873427,23.0,M,UK,London,smart_tv,free,7602,drama,30.9,PG,5720,banner,post_roll,auto,5.51,3,0,0,0,9.2,7,14.41,1.6,0.02,0.04,2024-03-02 16:00:00,16,5,3,0.0,0.0,2.333333333333333,0.4879826666666667,3,0.0,smart_tv_auto,afternoon,1,257.3575324215766,0.0465716840202172,9.2
325262,53.0,M,JP,Osaka,mobile,basic,9829,music,50.9,G,5221,audio,pre_roll,tech,2.97,3,0,0,0,15.2,5,9.52,1.5,0.01,0.03,2024-03-02 16:00:00,16,5,3,0.0,0.0,1.6666666666666667,0.500213,3,0.0,mobile_tech,afternoon,1,257.3575324215766,0.0465716840202172,10.3
605947,59.0,M,US,Austin,smart_tv,basic,2142,news,62.2,PG,5235,audio,pre_roll,gaming,7.9,3,0,0,0,24.0,3,7.91,0.37,0.01,0.02,2024-03-02 16:00:00,16,5,3,0.0,0.0,1.0,0.499204,3,0.0,smart_tv_gaming,afternoon,1,257.3575324215766,0.0465716840202172,24.0
515526,59.0,M,US,Chicago,desktop,premium,7245,kids,2.0,G,5655,audio,sidebar,retail,5.26,10,1,0,1,0.5,2,11.61,1.52,0.96,0.34,2024-03-02 16:00:00,16,5,3,0.1,0.0,0.3,0.3454326666666666,10,0.1,desktop_retail,afternoon,1,257.3575324215766,0.0465716840202172,0.5
435743,52.0,F,FR,Lyon,desktop,premium,2718,gaming,65.3,PG-13,5448,video,mid_roll,travel,5.8,11,0,0,0,60.5,8,10.82,1.44,0.05,0.12,2024-03-02 16:00:00,16,5,3,0.0,0.0,0.7272727272727273,0.7961173333333332,11,0.0,desktop_travel,afternoon,1,257.3575324215766,0.0465716840202172,60.5
841565,65.0,M,IN,Mumbai,mobile,free,6152,comedy,32.3,R,5050,banner,in_feed,cpg,4.86,10,1,0,1,19.9,1,6.22,1.45,0.89,0.28,2024-03-02 16:00:00,16,5,3,0.1,0.0,0.2,0.4666746666666666,10,0.1,mobile_cpg,afternoon,1,257.3575324215766,0.0465716840202172,9.466666666666669
784219,37.0,F,DE,Munich,mobile,free,5583,drama,44.2,R,5776,banner,post_roll,tech,11.66,5,0,0,0,32.5,3,12.04,1.59,0.02,0.06,2024-03-02 16:00:00,16,5,3,0.0,0.0,0.6,0.5651226666666667,5,0.0,mobile_tech,afternoon,1,257.3575324215766,0.0465716840202172,32.5
677618,17.0,M,UK,Manchester,desktop,premium,7035,kids,53.8,G,5065,video,pre_roll,cpg,4.88,11,2,1,1,48.0,5,12.42,1.82,17.8,0.68,2024-03-02 16:00:00,16,5,3,0.1818181818181818,0.5,0.7272727272727273,0.885556,11,0.1818181818181818,desktop_cpg,afternoon,1,257.3575324215766,0.0465716840202172,48.0
558690,59.0,M,IN,Hyderabad,mobile,free,7586,gaming,40.4,R,5856,interstitial,post_roll,retail,1.78,3,0,0,0,34.6,2,9.93,1.21,0.01,0.03,2024-03-02 16:00:00,16,5,3,0.0,0.0,0.6666666666666666,0.5179463333333334,3,0.0,mobile_retail,afternoon,1,257.3575324215766,0.0465716840202172,44.8
283322,34.0,F,IN,Bengaluru,mobile,basic,6003,news,47.6,PG-13,5240,audio,post_roll,tech,7.33,9,0,0,0,31.4,6,12.62,1.5,0.05,0.11,2024-03-02 16:00:00,16,5,3,0.0,0.0,0.6666666666666666,0.6793223333333333,9,0.0,mobile_tech,afternoon,1,257.3575324215766,0.0465716840202172,31.4
783737,18.0,M,US,Austin,mobile,free,7880,documentary,53.1,PG-13,5067,interstitial,post_roll,retail,9.6,6,0,0,0,34.5,3,15.98,1.87,0.04,0.1,2024-03-02 16:00:00,16,5,3,0.0,0.0,0.5,0.5772293333333334,6,0.0,mobile_retail,afternoon,1,257.3575324215766,0.0465716840202172,34.5
295381,29.0,F,US,Austin,tablet,free,8790,kids,37.4,R,5972,audio,post_roll,gaming,6.8,1,0,0,0,23.8,3,7.72,1.43,0.0,0.01,2024-03-02 16:00:00,16,5,3,0.0,0.0,3.0,0.4973626666666666,1,0.0,tablet_gaming,afternoon,1,257.3575324215766,0.0465716840202172,23.8
642150,33.0,M,US,Chicago,desktop,basic,9092,gaming,45.1,PG,5922,audio,sidebar,cpg,2.76,11,2,0,1,38.8,2,11.53,1.45,1.79,0.56,2024-03-02 17:00:00,17,5,3,0.1818181818181818,0.0,0.3636363636363636,0.6990000000000001,11,0.1818181818181818,desktop_cpg,afternoon,1,257.3575324215766,0.0465716840202172,38.8
815233,30.0,F,DE,Berlin,mobile,free,8746,gaming,51.7,PG-13,5380,interstitial,sidebar,finance,9.4,10,1,0,1,40.5,3,8.77,1.28,0.8,0.28,2024-03-02 17:00:00,17,5,3,0.1,0.0,0.4,0.7345943333333333,10,0.05,mobile_finance,afternoon,1,257.3575324215766,0.0465716840202172,35.65
181079,34.0,M,US,Seattle,mobile,premium,7206,drama,25.6,R,5362,banner,post_roll,travel,4.73,2,0,0,0,18.8,4,15.55,1.65,0.01,0.03,2024-03-02 17:00:00,17,5,3,0.0,0.0,2.0,0.4938289999999999,2,0.1666666666666666,mobile_travel,afternoon,1,257.3575324215766,0.0465716840202172,17.6
458977,70.0,M,AU,Sydney,console,premium,1949,drama,48.8,G,5731,native,sidebar,auto,2.19,5,0,0,0,45.4,5,8.26,0.48,0.02,0.04,2024-03-02 17:00:00,17,5,3,0.0,0.0,1.0,0.7194183333333334,5,0.0,console_auto,afternoon,1,257.3575324215766,0.0465716840202172,36.3
733431,26.0,F,JP,Tokyo,mobile,free,7850,sports,23.2,PG-13,5108,native,sidebar,travel,3.76,4,2,0,1,15.3,5,10.15,1.29,1.56,0.43,2024-03-02 17:00:00,17,5,3,0.5,0.0,1.75,0.6826353333333333,4,0.5,mobile_travel,afternoon,1,257.3575324215766,0.0465716840202172,15.3
511150,17.0,F,BR,Sao Paulo,mobile,premium,3897,drama,24.6,R,5487,interstitial,sidebar,auto,5.51,10,1,0,1,1.1,1,14.35,1.34,0.86,0.34,2024-03-02 17:00:00,17,5,3,0.1,0.0,0.2,0.3129999999999999,10,0.1,mobile_auto,afternoon,1,257.3575324215766,0.0465716840202172,1.1
356382,66.0,F,DE,Berlin,console,free,5304,sports,38.1,G,5261,native,in_feed,auto,7.81,2,0,0,0,42.7,7,4.77,1.68,0.0,0.01,2024-03-02 17:00:00,17,5,3,0.0,0.0,3.5,0.7525959999999999,2,0.0,console_auto,afternoon,1,257.3575324215766,0.0465716840202172,42.7
171241,23.0,F,JP,Tokyo,smart_tv,free,1035,documentary,16.3,R,5638,audio,in_feed,tech,2.86,8,0,0,0,13.5,2,9.51,1.1,0.03,0.08,2024-03-02 18:00:00,18,5,3,0.0,0.0,0.25,0.329325,8,0.0,smart_tv_tech,evening,1,257.3575324215766,0.0465716840202172,13.5
549713,22.0,F,CA,Toronto,desktop,basic,6627,drama,2.0,PG-13,5960,audio,mid_roll,travel,4.03,8,0,0,0,1.1,7,11.91,0.98,0.04,0.1,2024-03-02 18:00:00,18,5,3,0.0,0.0,0.875,0.4330799999999999,8,0.0,desktop_travel,evening,1,257.3575324215766,0.0465716840202172,1.1
405889,15.0,F,BR,Sao Paulo,tablet,free,1001,sports,55.9,PG,5608,banner,pre_roll,travel,11.34,5,1,0,1,72.5,7,11.45,1.38,0.85,0.26,2024-03-02 18:00:00,18,5,3,0.2,0.0,1.6,0.9581733333333332,5,0.2,tablet_travel,evening,1,257.3575324215766,0.0465716840202172,72.5
805909,24.0,F,US,Seattle,desktop,family,1202,sports,61.6,PG-13,5561,video,pre_roll,retail,5.03,11,1,0,1,20.6,1,14.28,1.2,0.78,0.34,2024-03-02 18:00:00,18,5,3,0.0909090909090909,0.0,0.1818181818181818,0.4711003333333333,11,0.0909090909090909,desktop_retail,evening,1,257.3575324215766,0.0465716840202172,20.6
602476,14.0,F,JP,Tokyo,mobile,premium,9487,music,57.0,G,5474,audio,sidebar,finance,3.66,1,0,0,0,28.9,4,9.22,1.42,0.0,0.01,2024-03-02 18:00:00,18,5,3,0.0,0.0,4.0,0.593853,1,0.0,mobile_finance,evening,1,257.3575324215766,0.0465716840202172,28.9
637390,24.0,M,DE,Berlin,desktop,premium,8949,sports,20.1,PG-13,5710,interstitial,mid_roll,gaming,8.74,1,0,0,0,12.9,6,9.36,1.08,0.0,0.01,2024-03-02 18:00:00,18,5,3,0.0,0.0,6.0,0.5055863333333334,1,0.0,desktop_gaming,evening,1,257.3575324215766,0.0465716840202172,12.9
289846,51.0,F,MX,Mexico City,desktop,basic,2645,drama,23.1,PG,5067,native,mid_roll,travel,5.87,2,0,0,0,18.0,7,9.92,0.43,0.01,0.02,2024-03-02 18:00:00,18,5,3,0.0,0.0,3.5,0.5688613333333333,2,0.0,desktop_travel,evening,1,257.3575324215766,0.0465716840202172,18.0
856550,59.0,F,AU,Sydney,desktop,free,1873,kids,53.4,PG,5005,interstitial,post_roll,gaming,3.44,2,0,0,0,56.1,2,6.86,0.42,0.01,0.01,2024-03-02 18:00:00,18,5,3,0.0,0.0,1.0,0.5862823333333333,2,0.0,desktop_gaming,evening,1,257.3575324215766,0.0465716840202172,39.3
345409,20.0,F,US,Seattle,mobile,basic,7786,comedy,37.0,PG-13,5197,video,in_feed,travel,5.2,11,1,0,1,49.0,6,11.09,1.58,1.0,0.36,2024-03-02 18:00:00,18,5,3,0.0909090909090909,0.0,0.6363636363636364,0.8747663333333333,11,0.0909090909090909,mobile_travel,evening,1,257.3575324215766,0.0465716840202172,49.0
194492,18.0,M,DE,Berlin,desktop,premium,9890,drama,48.2,PG-13,5048,audio,pre_roll,cpg,8.39,4,0,0,0,43.6,2,9.36,1.59,0.01,0.04,2024-03-02 18:00:00,18,5,3,0.0,0.0,0.5,0.558757,4,0.0,desktop_cpg,evening,1,257.3575324215766,0.0465716840202172,43.6
392860,23.0,F,US,New York,mobile,basic,5455,music,32.3,PG,5619,interstitial,pre_roll,gaming,5.06,11,0,0,0,9.3,5,13.68,1.59,0.06,0.15,2024-03-02 19:00:00,19,5,3,0.0,0.0,0.4545454545454545,0.4469649999999999,11,0.0,mobile_gaming,evening,1,257.3575324215766,0.0465716840202172,9.3
940563,13.0,F,US,Seattle,mobile,free,3210,news,57.2,PG,5762,native,pre_roll,finance,3.46,7,0,0,0,72.2,4,7.16,0.59,0.02,0.05,2024-03-02 19:00:00,19,5,3,0.0,0.0,0.5714285714285714,0.7119356666666666,7,0.0,mobile_finance,evening,1,257.3575324215766,0.0465716840202172,72.2
663759,20.0,F,UK,London,desktop,family,4410,sports,37.8,R,5540,banner,pre_roll,retail,5.05,5,0,0,0,24.9,3,5.99,1.19,0.01,0.03,2024-03-02 19:00:00,19,5,3,0.0,0.0,0.6,0.5070693333333334,5,0.0,desktop_retail,evening,1,257.3575324215766,0.0465716840202172,24.9
908888,57.0,M,UK,London,mobile,basic,5962,kids,11.2,PG,5436,native,mid_roll,retail,8.76,7,0,0,0,15.8,2,15.02,2.24,0.04,0.11,2024-03-02 19:00:00,19,5,3,0.0,0.0,0.2857142857142857,0.3509049999999999,7,0.0,mobile_retail,evening,1,257.3575324215766,0.0465716840202172,10.05
855424,45.0,M,CA,Toronto,desktop,family,4132,sports,48.8,PG-13,5138,interstitial,pre_roll,finance,11.79,4,0,0,0,31.7,10,13.6,1.13,0.02,0.05,2024-03-02 19:00:00,19,5,3,0.0,0.0,2.5,0.7110993333333333,4,0.0,desktop_finance,evening,1,257.3575324215766,0.0465716840202172,31.7
429968,55.0,F,JP,Osaka,desktop,premium,5183,gaming,4.2,G,5086,native,sidebar,finance,9.92,7,0,0,0,0.9,0,16.65,1.77,0.05,0.12,2024-03-02 19:00:00,19,5,3,0.0,0.0,0.0,0.1556739999999999,7,0.0714285714285714,desktop_finance,evening,1,257.3575324215766,0.0465716840202172,3.2
800451,45.0,F,BR,Rio de Janeiro,desktop,premium,6389,documentary,38.5,PG,5974,audio,sidebar,cpg,4.61,8,0,0,0,30.0,6,7.81,0.84,0.02,0.06,2024-03-02 19:00:00,19,5,3,0.0,0.0,0.75,0.669477,8,0.0,desktop_cpg,evening,1,257.3575324215766,0.0465716840202172,30.0
253455,62.0,M,US,New York,desktop,basic,8305,news,30.7,PG-13,5750,video,in_feed,finance,8.26,8,0,0,0,22.4,8,15.06,1.45,0.05,0.12,2024-03-02 19:00:00,19,5,3,0.0,0.0,1.0,0.6299586666666667,8,0.0,desktop_finance,evening,1,257.3575324215766,0.0465716840202172,22.4
270993,45.0,F,AU,Melbourne,mobile,family,5519,music,44.1,PG,5510,native,mid_roll,cpg,5.73,3,0,0,0,29.3,4,12.38,1.22,0.01,0.04,2024-03-02 19:00:00,19,5,3,0.0,0.0,1.3333333333333333,0.5969450000000001,3,0.0,mobile_cpg,evening,1,257.3575324215766,0.0465716840202172,29.3
691239,45.0,M,US,New York,mobile,free,7735,comedy,12.5,PG,5532,audio,post_roll,healthcare,6.5,11,1,0,1,7.7,5,10.01,0.66,0.44,0.21,2024-03-02 19:00:00,19,5,3,0.0909090909090909,0.0,0.5454545454545454,0.553129,11,0.0909090909090909,mobile_healthcare,evening,1,257.3575324215766,0.0465716840202172,7.7
538295,35.0,M,US,Seattle,desktop,basic,9616,music,23.7,PG-13,5109,audio,sidebar,gaming,11.06,4,0,0,0,20.6,4,11.75,1.57,0.02,0.05,2024-03-02 19:00:00,19,5,3,0.0,0.0,1.0,0.5167143333333333,4,0.0,desktop_gaming,evening,1,257.3575324215766,0.0465716840202172,20.6
897888,38.0,M,IN,Hyderabad,mobile,free,5708,sports,34.2,R,5790,interstitial,pre_roll,cpg,3.93,6,0,0,0,26.4,5,9.86,1.54,0.02,0.06,2024-03-02 19:00:00,19,5,3,0.0,0.0,0.8333333333333334,0.614721,6,0.0,mobile_cpg,evening,1,257.3575324215766,0.0465716840202172,26.4
883603,32.0,M,FR,Paris,mobile,basic,2900,kids,65.8,PG-13,5630,interstitial,pre_roll,healthcare,3.37,3,0,0,0,95.05050000000048,2,11.34,0.95,0.01,0.03,2024-03-02 19:00:00,19,5,3,0.0,0.0,0.6666666666666666,0.6016316666666667,3,0.0,mobile_healthcare,evening,1,257.3575324215766,0.0465716840202172,95.05050000000048
317427,53.0,F,DE,Munich,mobile,family,7560,news,41.5,PG,5431,banner,pre_roll,travel,8.89,3,0,0,0,28.0,2,9.84,1.43,0.01,0.03,2024-03-02 19:00:00,19,5,3,0.0,0.0,0.6666666666666666,0.472573,3,0.0,mobile_travel,evening,1,257.3575324215766,0.0465716840202172,28.0
127041,28.0,F,US,Unknown,mobile,premium,4805,sports,41.8,PG,5001,interstitial,mid_roll,cpg,5.07,7,1,0,1,30.4,6,11.24,1.18,0.74,0.26,2024-03-02 19:00:00,19,5,3,0.1428571428571428,0.0,1.0,0.8212893333333333,7,0.1428571428571428,mobile_cpg,evening,1,257.3575324215766,0.0465716840202172,30.4
113828,37.0,M,MX,Mexico City,console,free,7935,kids,42.0,PG-13,5097,interstitial,mid_roll,finance,7.38,2,0,0,0,29.4,7,6.43,1.73,0.01,0.01,2024-03-02 19:00:00,19,5,3,0.0,0.0,3.5,0.6802453333333333,2,0.0,console_finance,evening,1,257.3575324215766,0.0465716840202172,29.4
164150,65.0,F,US,Chicago,mobile,free,2907,sports,70.4,R,5061,video,post_roll,gaming,5.16,11,0,0,0,95.05050000000048,12,12.08,0.99,0.05,0.13,2024-03-02 20:00:00,20,5,3,0.0,0.0,1.0909090909090908,0.8140066666666667,11,0.0,mobile_gaming,evening,1,257.3575324215766,0.0465716840202172,95.05050000000048
147589,28.0,F,FR,Paris,mobile,basic,7196,comedy,67.3,G,5453,audio,post_roll,finance,16.97,5,1,0,1,45.5,3,11.05,2.51,1.53,0.43,2024-03-02 20:00:00,20,5,3,0.2,0.0,0.8,0.788124,5,0.2,mobile_finance,evening,1,257.3575324215766,0.0465716840202172,45.5
886212,18.0,F,IN,Hyderabad,smart_tv,family,2451,gaming,49.4,R,5175,audio,sidebar,travel,5.4,9,0,0,0,42.7,5,9.37,1.55,0.03,0.08,2024-03-02 20:00:00,20,5,3,0.0,0.0,0.5555555555555556,0.710749,9,0.0,smart_tv_travel,evening,1,257.3575324215766,0.0465716840202172,42.7
502780,33.0,M,US,Chicago,desktop,premium,5931,music,63.9,PG-13,5857,banner,in_feed,healthcare,3.3,11,0,0,0,46.6,4,7.2,1.64,0.03,0.08,2024-03-02 20:00:00,20,5,3,0.0,0.0,0.3636363636363636,0.6820796666666668,11,0.0,desktop_healthcare,evening,1,257.3575324215766,0.0465716840202172,46.6
585017,29.0,F,AU,Sydney,mobile,basic,8023,music,19.3,PG-13,5397,native,sidebar,gaming,5.2,8,0,0,0,16.8,4,14.89,1.52,0.05,0.12,2024-03-02 20:00:00,20,5,3,0.0,0.0,0.5,0.4746289999999999,8,0.0,mobile_gaming,evening,1,257.3575324215766,0.0465716840202172,16.8
211501,13.0,M,US,Chicago,mobile,basic,8249,gaming,36.2,PG-13,5252,interstitial,post_roll,finance,5.39,3,0,0,0,38.9,5,10.67,0.95,0.01,0.03,2024-03-02 20:00:00,20,5,3,0.0,0.0,1.6666666666666667,0.6954703333333333,3,0.0,mobile_finance,evening,1,257.3575324215766,0.0465716840202172,38.9
692239,64.0,F,IN,Mumbai,mobile,premium,9111,kids,65.9,G,5610,native,sidebar,cpg,3.21,5,0,0,0,74.5,5,7.96,0.98,0.02,0.04,2024-03-02 20:00:00,20,5,3,0.0,0.0,1.0,0.7532983333333334,5,0.0,mobile_cpg,evening,1,257.3575324215766,0.0465716840202172,56.0
645352,37.0,M,IN,Hyderabad,mobile,free,1905,news,19.7,PG-13,5344,banner,mid_roll,travel,2.14,6,1,0,1,18.7,4,15.69,1.17,0.74,0.27,2024-03-02 20:00:00,20,5,3,0.1666666666666666,0.0,0.8333333333333334,0.648022,6,0.1666666666666666,mobile_travel,evening,1,257.3575324215766,0.0465716840202172,18.7
401338,73.0,M,UK,London,mobile,premium,7691,kids,28.6,PG,5457,interstitial,sidebar,finance,5.97,1,0,0,0,32.9,5,9.47,1.15,0.0,0.01,2024-03-02 21:00:00,21,5,3,0.0,0.0,5.0,0.662749,1,0.0,mobile_finance,evening,1,257.3575324215766,0.0465716840202172,30.2
299867,32.0,F,JP,Osaka,mobile,premium,5909,gaming,19.7,PG-13,5424,audio,pre_roll,retail,4.86,11,0,0,0,7.0,5,8.04,0.86,0.04,0.09,2024-03-02 21:00:00,21,5,3,0.0,0.0,0.4545454545454545,0.4285756666666666,11,0.0,mobile_retail,evening,1,257.3575324215766,0.0465716840202172,7.0
349702,30.0,M,IN,Mumbai,mobile,premium,5325,kids,39.6,G,5302,banner,pre_roll,cpg,6.0,4,1,0,1,14.0,3,13.66,0.53,0.34,0.13,2024-03-02 21:00:00,21,5,3,0.25,0.0,1.0,0.564917,4,0.25,mobile_cpg,evening,1,257.3575324215766,0.0465716840202172,14.0
751456,58.0,M,IN,Hyderabad,mobile,premium,8518,drama,84.4,PG-13,5556,native,mid_roll,travel,4.59,11,0,0,0,85.1,7,8.22,1.79,0.04,0.09,2024-03-02 21:00:00,21,5,3,0.0,0.0,0.6363636363636364,0.7969586666666667,11,0.0,mobile_travel,evening,1,257.3575324215766,0.0465716840202172,53.6
265847,41.0,F,UK,Manchester,mobile,free,8436,drama,36.1,PG,5748,video,post_roll,gaming,9.74,5,1,0,1,30.9,7,13.6,0.99,0.62,0.22,2024-03-02 21:00:00,21,5,3,0.2,0.0,1.6,0.8546306666666665,5,0.2,mobile_gaming,evening,1,257.3575324215766,0.0465716840202172,30.9
390167,32.0,F,JP,Osaka,desktop,premium,2343,sports,44.1,R,5753,interstitial,in_feed,tech,4.12,3,0,0,0,45.4,1,9.51,0.78,0.01,0.03,2024-03-02 21:00:00,21,5,3,0.0,0.0,0.3333333333333333,0.5137883333333333,3,0.0,desktop_tech,evening,1,257.3575324215766,0.0465716840202172,45.4
788450,51.0,M,IN,Hyderabad,mobile,basic,7235,documentary,21.5,PG-13,5753,video,sidebar,cpg,1.38,6,0,0,0,22.6,7,12.81,0.97,0.03,0.08,2024-03-02 21:00:00,21,5,3,0.0,0.0,1.1666666666666667,0.6235506666666667,6,0.0,mobile_cpg,evening,1,257.3575324215766,0.0465716840202172,22.6
587009,45.0,M,IN,Mumbai,tablet,free,8007,comedy,49.2,R,5617,interstitial,in_feed,travel,6.03,9,0,0,0,10.0,2,12.72,1.27,0.05,0.11,2024-03-02 21:00:00,21,5,3,0.0,0.0,0.2222222222222222,0.2978596666666666,9,0.0,tablet_travel,evening,1,257.3575324215766,0.0465716840202172,10.0
978885,30.0,F,FR,Paris,mobile,free,3297,comedy,57.1,G,5354,banner,sidebar,gaming,4.69,5,0,0,0,32.9,3,10.93,0.67,0.02,0.05,2024-03-02 21:00:00,21,5,3,0.0,0.0,0.6,0.56758,5,0.0,mobile_gaming,evening,1,257.3575324215766,0.0465716840202172,27.55
784022,55.0,F,IN,Hyderabad,mobile,free,6629,music,47.5,R,5618,interstitial,sidebar,auto,8.13,9,1,1,1,38.1,7,5.75,1.23,32.6,0.24,2024-03-02 21:00:00,21,5,3,0.1111111111111111,1.0,1.0,0.8684933333333333,9,0.1111111111111111,mobile_auto,evening,1,257.3575324215766,0.0465716840202172,38.1
301452,70.0,M,IN,Mumbai,mobile,family,4569,gaming,2.0,PG,5437,native,post_roll,cpg,4.32,7,0,0,0,7.5,2,12.71,1.6,0.04,0.09,2024-03-02 21:00:00,21,5,3,0.0,0.0,0.2857142857142857,0.2772676666666667,7,0.0,mobile_cpg,evening,1,257.3575324215766,0.0465716840202172,7.5
975251,40.0,M,UK,London,mobile,free,8362,news,51.9,PG,5714,banner,in_feed,travel,2.72,11,0,0,0,38.4,4,11.05,1.28,0.05,0.12,2024-03-02 21:00:00,21,5,3,0.0,0.0,0.3636363636363636,0.6523169999999999,11,0.0,mobile_travel,evening,1,257.3575324215766,0.0465716840202172,38.4
456174,24.0,F,US,New York,mobile,free,1165,music,15.4,PG,5794,banner,in_feed,cpg,3.59,9,0,0,0,0.5,4,17.42,0.71,0.06,0.16,2024-03-02 22:00:00,22,5,3,0.0,0.0,0.4444444444444444,0.3323756666666666,9,0.0,mobile_cpg,night,1,257.3575324215766,0.0465716840202172,0.5
674814,44.0,M,AU,Melbourne,desktop,free,3606,music,41.1,PG-13,5991,video,mid_roll,retail,3.53,8,0,0,0,39.5,3,7.67,1.53,0.02,0.06,2024-03-02 22:00:00,22,5,3,0.0,0.0,0.375,0.6030053333333333,8,0.0,desktop_retail,night,1,257.3575324215766,0.0465716840202172,39.5
223476,48.0,M,MX,Guadalajara,mobile,basic,5921,gaming,31.9,PG-13,5059,audio,in_feed,retail,9.19,2,0,0,0,42.2,3,11.39,1.71,0.01,0.02,2024-03-02 22:00:00,22,5,3,0.0,0.0,1.5,0.6137533333333334,2,0.0,mobile_retail,night,1,257.3575324215766,0.0465716840202172,42.2
894059,17.0,M,US,Chicago,tablet,free,8079,kids,10.1,G,5634,banner,sidebar,gaming,7.97,8,0,0,0,11.5,2,14.09,0.74,0.05,0.11,2024-03-02 22:00:00,22,5,3,0.0,0.0,0.25,0.3111956666666666,8,0.0,tablet_gaming,night,1,257.3575324215766,0.0465716840202172,22.5
143286,41.0,Other,AU,Sydney,tablet,free,6188,gaming,16.6,PG,5180,interstitial,sidebar,retail,4.83,3,0,0,0,1.8,1,8.32,1.02,0.01,0.02,2024-03-02 22:00:00,22,5,3,0.0,0.0,0.3333333333333333,0.1892376666666666,3,0.0,tablet_retail,night,1,257.3575324215766,0.0465716840202172,1.15
558866,62.0,F,UK,Manchester,mobile,premium,1975,comedy,53.5,PG,5480,interstitial,sidebar,gaming,5.47,8,0,0,0,59.3,4,12.07,1.34,0.04,0.1,2024-03-02 22:00:00,22,5,3,0.0,0.0,0.5,0.7041996666666667,8,0.0,mobile_gaming,night,1,257.3575324215766,0.0465716840202172,59.3
189065,66.0,F,UK,London,desktop,free,5476,comedy,52.5,G,5927,native,post_roll,gaming,6.52,3,1,1,1,68.8,5,12.44,0.98,33.67,0.18,2024-03-02 22:00:00,22,5,3,0.3333333333333333,1.0,2.333333333333333,0.9287596666666668,3,0.3333333333333333,desktop_gaming,night,1,257.3575324215766,0.0465716840202172,68.8
797094,30.0,M,JP,Tokyo,smart_tv,free,6300,news,63.7,PG,5897,native,sidebar,retail,4.31,10,0,0,0,46.3,4,10.51,1.03,0.04,0.11,2024-03-02 22:00:00,22,5,3,0.0,0.0,0.4,0.6812156666666667,10,0.0,smart_tv_retail,night,1,257.3575324215766,0.0465716840202172,46.3
995346,45.0,M,FR,Lyon,mobile,basic,6462,comedy,42.3,PG-13,5926,video,sidebar,finance,4.62,8,0,0,0,22.3,4,11.72,1.41,0.04,0.09,2024-03-02 22:00:00,22,5,3,0.0,0.0,0.5,0.5382276666666667,8,0.0,mobile_finance,night,1,257.3575324215766,0.0465716840202172,21.1
331595,29.0,F,BR,Rio de Janeiro,desktop,free,5179,kids,67.2,PG,5687,audio,sidebar,auto,9.83,5,0,0,0,20.6,5,14.15,2.15,0.03,0.07,2024-03-02 22:00:00,22,5,3,0.0,0.0,1.0,0.5574343333333334,5,0.0,desktop_auto,night,1,257.3575324215766,0.0465716840202172,20.6
657977,25.0,M,US,Chicago,mobile,premium,1370,sports,6.8,G,5624,interstitial,sidebar,healthcare,9.17,3,0,0,0,0.5,3,13.34,1.15,0.02,0.04,2024-03-02 22:00:00,22,5,3,0.0,0.0,1.0,0.2779266666666666,3,0.0,mobile_healthcare,night,1,257.3575324215766,0.0465716840202172,0.5
592866,69.0,M,AU,Melbourne,desktop,free,9005,news,6.6,PG-13,5421,native,pre_roll,tech,6.47,3,0,0,0,0.5,1,8.88,1.28,0.01,0.03,2024-03-02 22:00:00,22,5,3,0.0,0.0,0.3333333333333333,0.1674656666666666,3,0.0,desktop_tech,night,1,257.3575324215766,0.0465716840202172,0.5
649241,68.0,M,US,Austin,smart_tv,free,8368,news,25.1,PG,5337,audio,in_feed,travel,10.29,9,0,0,0,23.9,5,10.56,1.75,0.04,0.1,2024-03-02 23:00:00,23,5,3,0.0,0.0,0.5555555555555556,0.593473,9,0.0,smart_tv_travel,night,1,257.3575324215766,0.0465716840202172,23.9
822250,61.0,Unknown,US,Unknown,tablet,premium,2320,gaming,60.2,R,5304,video,mid_roll,cpg,2.59,6,0,0,0,53.7,4,6.81,1.63,0.02,0.04,2024-03-02 23:00:00,23,5,3,0.0,0.0,0.6666666666666666,0.6972223333333333,6,0.0,tablet_cpg,night,1,257.3575324215766,0.0465716840202172,53.7
781568,71.0,M,BR,Unknown,mobile,premium,6189,news,39.0,R,5755,banner,pre_roll,cpg,5.13,10,1,0,1,34.8,4,13.25,1.26,0.81,0.32,2024-03-02 23:00:00,23,5,3,0.1,0.0,0.5,0.7608406666666666,10,0.1,mobile_cpg,night,1,257.3575324215766,0.0465716840202172,34.8
456684,53.0,M,MX,Mexico City,mobile,premium,7462,music,41.2,PG-13,5699,banner,post_roll,travel,4.6,11,1,0,1,54.6,7,7.76,1.3,0.81,0.28,2024-03-02 23:00:00,23,5,3,0.0909090909090909,0.0,0.7272727272727273,0.9004426666666667,11,0.0909090909090909,mobile_travel,night,1,257.3575324215766,0.0465716840202172,54.6
777341,68.0,F,US,Chicago,desktop,premium,4220,comedy,25.0,PG-13,5339,interstitial,sidebar,tech,8.42,2,0,0,0,20.2,5,14.49,0.93,0.01,0.03,2024-03-02 23:00:00,23,5,3,0.0,0.0,2.5,0.5477143333333333,2,0.0,desktop_tech,night,1,257.3575324215766,0.0465716840202172,20.2
451898,19.0,F,US,Unknown,smart_tv,premium,8078,documentary,31.3,R,5003,audio,mid_roll,finance,2.43,4,0,0,0,3.7,1,2.63,0.47,0.0,0.01,2024-03-02 23:00:00,23,5,3,0.0,0.0,0.25,0.200127,4,0.0,smart_tv_finance,night,1,257.3575324215766,0.0465716840202172,3.7
549878,24.0,M,IN,Hyderabad,tablet,free,2525,documentary,26.0,G,5205,native,pre_roll,healthcare,1.14,4,0,0,0,16.1,1,6.73,1.43,0.01,0.03,2024-03-02 23:00:00,23,5,3,0.0,0.0,0.25,0.3031856666666666,4,0.0,tablet_healthcare,night,1,257.3575324215766,0.0465716840202172,16.1
918012,52.0,Other,UK,London,mobile,premium,2180,documentary,39.8,PG-13,5378,interstitial,post_roll,retail,9.26,6,0,0,0,25.3,5,11.57,1.6,0.03,0.07,2024-03-02 23:00:00,23,5,3,0.0,0.0,0.8333333333333334,0.605721,6,0.0,mobile_retail,night,1,257.3575324215766,0.0465716840202172,32.6
858737,24.0,M,UK,London,desktop,free,3418,sports,28.5,G,5089,audio,in_feed,auto,4.8,10,0,0,0,19.0,5,5.73,0.51,0.02,0.06,2024-03-02 23:00:00,23,5,3,0.0,0.0,0.5,0.5364383333333334,10,0.0,desktop_auto,night,1,257.3575324215766,0.0465716840202172,19.0
841573,40.0,F,US,New York,mobile,free,3716,sports,67.9,PG,5532,interstitial,mid_roll,travel,1.44,11,1,0,1,56.3,8,9.81,0.98,0.63,0.25,2024-03-02 23:00:00,23,5,3,0.0909090909090909,0.0,0.8181818181818182,0.910956,11,0.0909090909090909,mobile_travel,night,1,257.3575324215766,0.0465716840202172,56.3
135582,44.0,F,AU,Sydney,mobile,free,9701,kids,18.8,PG-13,5803,audio,pre_roll,cpg,3.06,7,0,0,0,1.0,2,10.2,0.91,0.03,0.07,2024-03-02 23:00:00,23,5,3,0.0,0.0,0.2857142857142857,0.2356716666666666,7,0.0,mobile_cpg,night,1,257.3575324215766,0.0465716840202172,15.15
128616,58.0,F,AU,Sydney,mobile,premium,7376,comedy,48.5,R,5348,audio,post_roll,cpg,3.47,3,0,0,0,46.6,8,9.25,2.15,0.01,0.03,2024-03-02 23:00:00,23,5,3,0.0,0.0,2.6666666666666665,0.7728506666666667,3,0.0,mobile_cpg,night,1,257.3575324215766,0.0465716840202172,46.6
842477,71.0,F,US,New York,tablet,premium,9287,comedy,14.2,PG-13,5012,banner,post_roll,gaming,5.08,2,0,0,0,0.5,6,11.51,1.36,0.01,0.02,2024-03-02 23:00:00,23,5,3,0.0,0.0,3.0,0.3996196666666666,2,0.0,tablet_gaming,night,1,257.3575324215766,0.0465716840202172,12.5
189622,36.0,F,AU,Melbourne,mobile,free,5414,news,40.7,PG-13,5652,audio,pre_roll,retail,5.8,8,0,0,0,22.1,2,6.87,1.31,0.02,0.05,2024-03-02 23:00:00,23,5,3,0.0,0.0,0.25,0.4220383333333333,8,0.0,mobile_retail,night,1,257.3575324215766,0.0465716840202172,22.1
542270,55.0,M,CA,Vancouver,desktop,premium,1647,music,8.1,PG-13,5146,audio,pre_roll,tech,5.14,1,1,0,1,16.2,2,6.77,0.52,0.31,0.08,2024-03-02 23:00:00,23,5,3,1.0,0.0,3.0,0.5385800000000001,1,1.0,desktop_tech,night,1,257.3575324215766,0.0465716840202172,16.2
982708,63.0,F,FR,Lyon,smart_tv,free,1188,documentary,31.8,PG,5638,native,post_roll,healthcare,4.81,9,0,0,0,8.4,2,10.22,1.14,0.04,0.09,2024-03-03 00:00:00,0,6,3,0.0,0.0,0.2222222222222222,0.2844756666666667,9,0.0,smart_tv_healthcare,late_night,1,303.2784315647881,0.0480132799965126,8.4
638004,72.0,F,AU,Sydney,desktop,free,7085,gaming,39.0,R,5920,banner,post_roll,tech,6.05,6,2,0,1,12.9,3,8.79,1.23,1.5,0.42,2024-03-03 00:00:00,0,6,3,0.3333333333333333,0.0,0.8333333333333334,0.5612133333333333,6,0.3333333333333333,desktop_tech,late_night,1,303.2784315647881,0.0480132799965126,12.9
400143,29.0,F,US,New York,desktop,premium,1875,comedy,65.9,PG-13,5769,audio,sidebar,cpg,9.12,6,0,0,0,51.1,3,14.57,1.04,0.03,0.09,2024-03-03 00:00:00,0,6,3,0.0,0.0,0.5,0.638184,6,0.0,desktop_cpg,late_night,1,303.2784315647881,0.0480132799965126,51.1
555862,57.0,M,US,Austin,smart_tv,free,9907,drama,43.9,PG,5440,native,post_roll,gaming,7.41,1,0,0,0,28.2,3,5.6,1.8,0.0,0.01,2024-03-03 00:00:00,0,6,3,0.0,0.0,3.0,0.534068,1,0.0,smart_tv_gaming,late_night,1,303.2784315647881,0.0480132799965126,28.2
679242,44.0,F,UK,London,desktop,free,7686,music,38.4,PG-13,5558,interstitial,post_roll,healthcare,1.95,3,0,0,0,24.9,2,8.54,1.57,0.01,0.03,2024-03-03 00:00:00,0,6,3,0.0,0.0,0.6666666666666666,0.4471783333333333,3,0.0,desktop_healthcare,late_night,1,303.2784315647881,0.0480132799965126,24.9
910004,21.0,F,JP,Osaka,tablet,premium,1057,documentary,43.6,PG-13,5771,banner,in_feed,tech,4.33,7,0,0,0,15.5,2,10.81,0.6,0.03,0.08,2024-03-03 00:00:00,0,6,3,0.0,0.0,0.2857142857142857,0.347933,7,0.0,tablet_tech,late_night,1,303.2784315647881,0.0480132799965126,15.5
721782,17.0,M,IN,Mumbai,mobile,family,8282,documentary,16.0,PG-13,5823,interstitial,sidebar,auto,2.56,11,1,0,1,14.7,2,7.4,0.58,0.38,0.17,2024-03-03 00:00:00,0,6,3,0.0909090909090909,0.0,0.2727272727272727,0.4597876666666667,11,0.0909090909090909,mobile_auto,late_night,1,303.2784315647881,0.0480132799965126,14.7
141088,72.0,F,IN,Hyderabad,smart_tv,free,7000,drama,50.3,R,5968,video,post_roll,travel,12.85,2,0,0,0,29.0,2,12.48,1.19,0.01,0.02,2024-03-03 00:00:00,0,6,3,0.0,0.0,1.0,0.480261,2,0.0,smart_tv_travel,late_night,1,303.2784315647881,0.0480132799965126,30.05
389008,63.0,M,MX,Guadalajara,desktop,premium,5803,sports,23.1,R,5031,banner,sidebar,cpg,7.38,5,1,0,1,22.4,4,12.36,1.79,1.1,0.33,2024-03-03 00:00:00,0,6,3,0.2,0.0,1.0,0.7027676666666667,5,0.2,desktop_cpg,late_night,1,303.2784315647881,0.0480132799965126,22.4
837829,19.0,M,US,New York,desktop,free,1986,music,34.7,R,5634,audio,in_feed,retail,2.09,6,0,0,0,22.8,5,8.31,1.03,0.02,0.05,2024-03-03 00:00:00,0,6,3,0.0,0.0,0.8333333333333334,0.583541,6,0.0,desktop_retail,late_night,1,303.2784315647881,0.0480132799965126,22.8
282803,67.0,M,US,Chicago,tablet,free,4626,comedy,60.5,PG-13,5509,interstitial,post_roll,retail,5.42,7,0,0,0,53.0,5,12.18,1.19,0.03,0.09,2024-03-03 00:00:00,0,6,3,0.0,0.0,0.7142857142857143,0.7368156666666666,7,0.0,tablet_retail,late_night,1,303.2784315647881,0.0480132799965126,53.0
739263,67.0,F,UK,London,mobile,free,1725,news,56.6,PG-13,5495,interstitial,pre_roll,cpg,4.83,11,2,0,1,36.8,1,5.3,1.02,1.25,0.36,2024-03-03 00:00:00,0,6,3,0.1818181818181818,0.0,0.2727272727272727,0.6388126666666667,11,0.1818181818181818,mobile_cpg,late_night,1,303.2784315647881,0.0480132799965126,36.8
649721,53.0,F,IN,Mumbai,console,premium,3461,music,90.1,PG,5615,interstitial,pre_roll,healthcare,2.76,3,0,0,0,82.4,5,8.21,1.28,0.01,0.02,2024-03-03 00:00:00,0,6,3,0.0,0.0,1.6666666666666667,0.7548316666666667,3,0.0,console_healthcare,late_night,1,303.2784315647881,0.0480132799965126,56.85
351176,15.0,F,IN,Mumbai,mobile,family,2283,comedy,28.5,PG-13,5124,interstitial,pre_roll,auto,7.12,10,0,0,0,24.2,4,13.47,1.47,0.05,0.13,2024-03-03 00:00:00,0,6,3,0.0,0.0,0.4,0.5554983333333333,10,0.0,mobile_auto,late_night,1,303.2784315647881,0.0480132799965126,24.2
685531,70.0,M,US,Austin,mobile,free,9734,music,53.4,R,5390,audio,in_feed,finance,1.47,1,1,0,1,27.7,4,7.29,1.51,0.91,0.23,2024-03-03 00:00:00,0,6,3,1.0,0.0,5.0,0.7684786666666666,1,1.0,mobile_finance,late_night,1,303.2784315647881,0.0480132799965126,27.7
342903,63.0,F,US,Unknown,tablet,free,8480,news,54.8,PG,5733,audio,mid_roll,tech,3.35,1,0,0,0,29.5,1,6.75,2.31,0.0,0.01,2024-03-03 00:00:00,0,6,3,0.0,0.0,1.0,0.4334536666666667,1,0.0,tablet_tech,late_night,1,303.2784315647881,0.0480132799965126,29.5
160767,18.0,M,DE,Berlin,desktop,free,4104,drama,59.7,PG,5384,audio,post_roll,retail,2.67,8,1,1,1,44.8,5,13.24,1.29,22.83,0.3,2024-03-03 00:00:00,0,6,3,0.125,1.0,0.875,0.8599380000000001,8,0.125,desktop_retail,late_night,1,303.2784315647881,0.0480132799965126,44.8
357303,30.0,Other,US,New York,desktop,free,5011,music,48.2,PG,5389,banner,in_feed,retail,3.65,10,1,0,1,31.0,2,16.27,0.97,0.65,0.31,2024-03-03 00:00:00,0,6,3,0.1,0.0,0.3,0.6222753333333333,10,0.1,desktop_retail,late_night,1,303.2784315647881,0.0480132799965126,31.0
821333,27.0,F,IN,Bengaluru,mobile,free,6545,comedy,48.1,PG,5382,interstitial,pre_roll,travel,4.79,9,0,0,0,28.3,4,11.39,0.84,0.04,0.1,2024-03-03 00:00:00,0,6,3,0.0,0.0,0.4444444444444444,0.5893023333333334,9,0.0,mobile_travel,late_night,1,303.2784315647881,0.0480132799965126,28.3
503897,18.0,F,US,Chicago,mobile,premium,2342,kids,56.9,PG,5161,video,sidebar,retail,9.83,6,0,0,0,51.5,5,9.83,1.6,0.02,0.06,2024-03-03 00:00:00,0,6,3,0.0,0.0,0.8333333333333334,0.7341303333333333,6,0.0,mobile_retail,late_night,1,303.2784315647881,0.0480132799965126,51.5
156831,55.0,M,DE,Munich,mobile,free,4197,news,29.8,PG,5948,interstitial,pre_roll,cpg,7.05,3,0,0,0,24.2,2,15.09,1.24,0.02,0.05,2024-03-03 00:00:00,0,6,3,0.0,0.0,0.6666666666666666,0.4411583333333333,3,0.0,mobile_cpg,late_night,1,303.2784315647881,0.0480132799965126,24.2
587262,14.0,M,JP,Osaka,desktop,premium,8518,drama,36.1,G,5390,banner,pre_roll,auto,6.95,3,0,0,0,19.4,3,11.95,0.74,0.01,0.04,2024-03-03 00:00:00,0,6,3,0.0,0.0,1.0,0.445052,3,0.0,desktop_auto,late_night,1,303.2784315647881,0.0480132799965126,19.4
481332,34.0,M,FR,Paris,tablet,family,1965,news,100.4,PG-13,5572,video,post_roll,healthcare,2.5,7,1,1,1,64.9,3,9.58,1.73,29.18,0.33,2024-03-03 01:00:00,1,6,3,0.1428571428571428,1.0,0.7142857142857143,0.803211,7,0.1428571428571428,tablet_healthcare,late_night,1,303.2784315647881,0.0480132799965126,64.9
338840,28.0,M,IN,Bengaluru,desktop,family,6945,kids,27.6,PG-13,5884,audio,sidebar,tech,8.41,3,0,0,0,20.6,2,8.23,1.37,0.01,0.02,2024-03-03 01:00:00,1,6,3,0.0,0.0,0.6666666666666666,0.4023743333333333,3,0.0,desktop_tech,late_night,1,303.2784315647881,0.0480132799965126,20.6
886869,63.0,M,US,Chicago,mobile,premium,7232,comedy,28.2,R,5801,banner,post_roll,tech,5.12,1,0,0,0,7.3,3,9.88,1.45,0.0,0.01,2024-03-03 01:00:00,1,6,3,0.0,0.0,3.0,0.3355773333333333,1,0.0,mobile_tech,late_night,1,303.2784315647881,0.0480132799965126,7.3
441706,33.0,M,US,Unknown,desktop,free,3935,kids,40.5,PG-13,5003,interstitial,in_feed,tech,6.2,5,0,0,0,15.6,2,14.63,1.31,0.03,0.07,2024-03-03 01:00:00,1,6,3,0.0,0.0,0.4,0.3489596666666666,5,0.0,desktop_tech,late_night,1,303.2784315647881,0.0480132799965126,15.6
937617,64.0,F,UK,London,mobile,basic,7610,kids,27.1,PG,5055,video,sidebar,tech,3.84,2,0,0,0,11.5,2,7.32,0.88,0.01,0.01,2024-03-03 01:00:00,1,6,3,0.0,0.0,1.0,0.3111956666666666,2,0.0,mobile_tech,late_night,1,303.2784315647881,0.0480132799965126,11.5
591790,64.0,M,IN,Hyderabad,mobile,basic,1837,documentary,53.0,PG-13,5994,audio,post_roll,cpg,4.16,9,1,0,1,15.1,1,5.98,0.75,0.47,0.17,2024-03-03 01:00:00,1,6,3,0.1111111111111111,0.0,0.2222222222222222,0.4287523333333333,9,0.1111111111111111,mobile_cpg,late_night,1,303.2784315647881,0.0480132799965126,11.9
680902,44.0,M,US,Seattle,tablet,free,7944,music,31.3,G,5887,video,sidebar,cpg,1.92,4,0,0,0,19.7,0,7.73,0.9,0.01,0.03,2024-03-03 01:00:00,1,6,3,0.0,0.0,0.0,0.3084366666666667,4,0.0,tablet_cpg,late_night,1,303.2784315647881,0.0480132799965126,19.7
167875,36.0,F,IN,Hyderabad,mobile,basic,1070,drama,53.7,PG,5603,interstitial,sidebar,travel,5.04,3,0,0,0,57.8,8,9.81,0.94,0.01,0.03,2024-03-03 01:00:00,1,6,3,0.0,0.0,2.6666666666666665,0.793324,3,0.0,mobile_travel,late_night,1,303.2784315647881,0.0480132799965126,57.8
332249,73.0,F,US,Chicago,mobile,premium,9085,drama,36.6,PG-13,5988,audio,sidebar,gaming,2.01,5,0,0,0,31.6,4,10.95,1.4,0.02,0.05,2024-03-03 01:00:00,1,6,3,0.0,0.0,0.8,0.613477,5,0.0,mobile_gaming,late_night,1,303.2784315647881,0.0480132799965126,31.6
518005,60.0,F,BR,Sao Paulo,desktop,free,9456,comedy,30.3,PG,5973,banner,sidebar,cpg,6.93,2,0,0,0,5.4,3,11.87,1.05,0.01,0.02,2024-03-03 01:00:00,1,6,3,0.0,0.0,1.5,0.3219453333333333,2,0.0,desktop_cpg,late_night,1,303.2784315647881,0.0480132799965126,5.4
205048,39.0,F,UK,London,tablet,free,3472,documentary,6.7,PG-13,5751,native,sidebar,auto,5.59,5,0,0,0,4.4,1,11.97,1.33,0.02,0.06,2024-03-03 01:00:00,1,6,3,0.0,0.0,0.2,0.2046336666666666,5,0.0,tablet_auto,late_night,1,303.2784315647881,0.0480132799965126,4.4
635577,31.0,M,US,New York,mobile,free,9049,drama,32.3,PG,5803,banner,pre_roll,gaming,12.18,1,0,0,0,30.6,2,6.68,1.64,0.0,0.01,2024-03-03 01:00:00,1,6,3,0.0,0.0,2.0,0.4920223333333333,1,0.0,mobile_gaming,late_night,1,303.2784315647881,0.0480132799965126,30.6
896894,35.0,M,MX,Mexico City,smart_tv,basic,1555,drama,53.6,R,5544,video,post_roll,finance,6.68,6,0,0,0,30.1,3,9.58,1.34,0.02,0.06,2024-03-03 01:00:00,1,6,3,0.0,0.0,0.5,0.548492,6,0.0,smart_tv_finance,late_night,1,303.2784315647881,0.0480132799965126,30.1
620579,48.0,M,US,Austin,mobile,free,7755,news,22.9,G,5755,video,post_roll,gaming,2.3,9,1,0,1,11.7,2,8.84,1.11,0.7,0.25,2024-03-03 01:00:00,1,6,3,0.1111111111111111,0.0,0.3333333333333333,0.4481503333333333,9,0.1111111111111111,mobile_gaming,late_night,1,303.2784315647881,0.0480132799965126,11.7
445102,19.0,M,US,New York,mobile,premium,3827,drama,44.1,PG-13,5402,banner,mid_roll,healthcare,3.59,6,0,0,0,37.9,3,13.59,2.07,0.03,0.08,2024-03-03 02:00:00,2,6,3,0.0,0.0,0.5,0.59548,6,0.0,mobile_healthcare,late_night,1,303.2784315647881,0.0480132799965126,37.9
939143,33.0,M,DE,Munich,console,free,3181,documentary,31.7,PG,5736,interstitial,pre_roll,gaming,7.77,4,0,0,0,33.8,1,12.38,1.11,0.02,0.05,2024-03-03 02:00:00,2,6,3,0.0,0.0,0.25,0.4626336666666666,4,0.0,console_gaming,late_night,1,303.2784315647881,0.0480132799965126,33.8
752969,15.0,F,MX,Mexico City,mobile,family,5989,sports,34.4,R,5208,native,pre_roll,gaming,5.17,10,0,0,0,24.8,3,12.77,1.5,0.05,0.13,2024-03-03 02:00:00,2,6,3,0.0,0.0,0.3,0.5061906666666667,10,0.0,mobile_gaming,late_night,1,303.2784315647881,0.0480132799965126,24.8
143147,60.0,F,US,Chicago,mobile,premium,1319,news,53.1,PG-13,5159,banner,mid_roll,cpg,4.09,9,0,0,0,31.5,5,10.16,0.95,0.04,0.09,2024-03-03 02:00:00,2,6,3,0.0,0.0,0.5555555555555556,0.6535116666666666,9,0.0,mobile_cpg,late_night,1,303.2784315647881,0.0480132799965126,28.3
293915,53.0,Other,IN,Hyderabad,desktop,premium,5528,drama,57.1,PG-13,5399,video,in_feed,gaming,1.83,4,0,0,0,55.3,0,6.08,0.89,0.01,0.02,2024-03-03 02:00:00,2,6,3,0.0,0.0,0.0,0.50573,4,0.0,desktop_gaming,late_night,1,303.2784315647881,0.0480132799965126,55.3
539486,44.0,M,IN,Mumbai,mobile,free,7522,kids,26.9,G,5336,video,in_feed,finance,4.01,9,1,0,1,11.2,1,6.17,1.47,0.9,0.28,2024-03-03 02:00:00,2,6,3,0.1111111111111111,0.0,0.2222222222222222,0.3929669999999999,9,0.1111111111111111,mobile_finance,late_night,1,303.2784315647881,0.0480132799965126,11.2
305254,47.0,M,DE,Munich,desktop,premium,5503,kids,40.7,PG,5255,video,post_roll,finance,5.91,8,0,0,0,14.6,5,10.21,1.34,0.03,0.08,2024-03-03 02:00:00,2,6,3,0.0,0.0,0.625,0.4946103333333333,8,0.0,desktop_finance,late_night,1,303.2784315647881,0.0480132799965126,14.6
881305,26.0,M,CA,Toronto,mobile,free,6966,gaming,52.6,PG,5172,interstitial,mid_roll,auto,6.81,8,0,0,0,40.0,3,13.85,1.09,0.04,0.11,2024-03-03 02:00:00,2,6,3,0.0,0.0,0.375,0.6051253333333333,8,0.0,mobile_auto,late_night,1,303.2784315647881,0.0480132799965126,22.6
164207,70.0,F,DE,Berlin,desktop,basic,4753,documentary,2.0,PG,5353,banner,pre_roll,cpg,8.36,5,0,0,0,0.5,3,9.18,0.98,0.02,0.05,2024-03-03 02:00:00,2,6,3,0.0,0.0,0.6,0.2779266666666666,5,0.0,desktop_cpg,late_night,1,303.2784315647881,0.0480132799965126,0.5
769918,62.0,Unknown,US,Austin,tablet,family,1333,comedy,19.9,PG,5971,audio,in_feed,auto,2.77,5,1,0,1,11.5,4,12.5,1.09,0.68,0.23,2024-03-03 02:00:00,2,6,3,0.2,0.0,1.0,0.5891156666666666,5,0.2,tablet_auto,late_night,1,303.2784315647881,0.0480132799965126,11.5
872965,38.0,M,BR,Sao Paulo,desktop,family,3641,sports,51.9,PG,5147,interstitial,in_feed,finance,6.11,3,0,0,0,21.5,5,9.4,0.55,0.01,0.03,2024-03-03 02:00:00,2,6,3,0.0,0.0,1.6666666666666667,0.5716716666666667,3,0.0,desktop_finance,late_night,1,303.2784315647881,0.0480132799965126,21.5
833290,63.0,M,IN,Mumbai,mobile,free,1241,drama,22.2,PG,5138,native,sidebar,tech,0.91,11,0,0,0,20.1,4,8.34,1.31,0.04,0.09,2024-03-03 03:00:00,3,6,3,0.0,0.0,0.3636363636363636,0.5060503333333333,11,0.0,mobile_tech,late_night,1,303.2784315647881,0.0480132799965126,20.1
107762,70.0,M,US,Austin,tablet,basic,6618,documentary,4.9,PG,5455,video,post_roll,retail,4.05,6,0,0,0,4.5,2,10.21,0.75,0.02,0.06,2024-03-03 03:00:00,3,6,3,0.0,0.0,0.3333333333333333,0.2559116666666666,6,0.0,tablet_retail,late_night,1,303.2784315647881,0.0480132799965126,17.533333333333335
752527,55.0,F,US,Chicago,mobile,basic,9535,documentary,29.4,PG,5836,banner,mid_roll,gaming,4.34,11,0,0,0,33.0,2,9.48,0.58,0.04,0.1,2024-03-03 03:00:00,3,6,3,0.0,0.0,0.1818181818181818,0.508321,11,0.0,mobile_gaming,late_night,1,303.2784315647881,0.0480132799965126,34.25
455127,73.0,F,US,Seattle,desktop,free,6209,documentary,65.7,PG-13,5128,interstitial,pre_roll,tech,2.4,2,0,0,0,44.5,1,2.31,1.85,0.0,0.0,2024-03-03 03:00:00,3,6,3,0.0,0.0,0.5,0.5110176666666666,2,0.0,desktop_tech,late_night,1,303.2784315647881,0.0480132799965126,44.5
733782,51.0,M,DE,Munich,desktop,premium,5306,news,12.4,R,5285,interstitial,sidebar,retail,3.8,5,0,0,0,29.9,2,9.27,0.29,0.02,0.05,2024-03-03 03:00:00,3,6,3,0.0,0.0,0.4,0.4871316666666666,5,0.0,desktop_retail,late_night,1,303.2784315647881,0.0480132799965126,21.45
111812,35.0,Other,UK,London,desktop,premium,4817,gaming,75.4,G,5844,banner,pre_roll,healthcare,8.45,3,1,0,1,60.7,1,14.68,1.21,0.74,0.23,2024-03-03 03:00:00,3,6,3,0.3333333333333333,0.0,0.6666666666666666,0.7179469999999999,3,0.3333333333333333,desktop_healthcare,late_night,1,303.2784315647881,0.0480132799965126,60.7
315972,59.0,F,US,Chicago,mobile,free,7345,sports,67.0,G,5430,native,mid_roll,auto,7.27,1,0,0,0,45.4,5,8.7,0.75,0.0,0.01,2024-03-03 03:00:00,3,6,3,0.0,0.0,5.0,0.7194183333333334,1,0.0,mobile_auto,late_night,1,303.2784315647881,0.0480132799965126,45.4
946821,66.0,M,BR,Rio de Janeiro,desktop,basic,2719,sports,22.8,PG,5583,audio,in_feed,gaming,3.56,4,1,0,1,0.5,4,12.34,1.27,0.78,0.24,2024-03-03 03:00:00,3,6,3,0.25,0.0,1.25,0.5035166666666666,4,0.25,desktop_gaming,late_night,1,303.2784315647881,0.0480132799965126,0.5
679951,15.0,M,UK,London,mobile,premium,3844,drama,15.7,PG,5830,video,in_feed,auto,7.43,6,1,0,1,6.6,4,9.65,1.16,0.72,0.23,2024-03-03 03:00:00,3,6,3,0.1666666666666666,0.0,0.8333333333333334,0.5399873333333334,6,0.2083333333333333,mobile_auto,late_night,1,303.2784315647881,0.0480132799965126,27.35
327041,57.0,F,DE,Munich,mobile,premium,5529,music,45.6,PG-13,5383,banner,in_feed,auto,4.03,10,0,0,0,36.3,5,10.56,0.66,0.04,0.11,2024-03-03 03:00:00,3,6,3,0.0,0.0,0.5,0.682713,10,0.0,mobile_auto,late_night,1,303.2784315647881,0.0480132799965126,36.3
749106,65.0,M,US,Austin,tablet,basic,1293,sports,48.5,PG,5083,banner,sidebar,finance,6.44,4,1,0,1,29.1,7,8.4,1.53,0.93,0.26,2024-03-03 03:00:00,3,6,3,0.25,0.0,2.0,0.8490676666666667,4,0.25,tablet_finance,late_night,1,303.2784315647881,0.0480132799965126,29.1
752668,50.0,M,US,Austin,smart_tv,free,9763,documentary,31.9,R,5654,video,post_roll,retail,2.26,1,0,0,0,17.6,7,11.69,1.74,0.0,0.01,2024-03-03 03:00:00,3,6,3,0.0,0.0,7.0,0.5648586666666666,1,0.0,smart_tv_retail,late_night,1,303.2784315647881,0.0480132799965126,17.6
880814,46.0,F,US,New York,mobile,family,8689,news,56.6,G,5363,interstitial,pre_roll,tech,4.35,10,0,0,0,44.6,4,12.59,1.7,0.05,0.13,2024-03-03 03:00:00,3,6,3,0.0,0.0,0.4,0.6762623333333334,10,0.0,mobile_tech,late_night,1,303.2784315647881,0.0480132799965126,44.6
366325,64.0,M,DE,Munich,mobile,free,2359,news,36.4,PG-13,5974,native,post_roll,auto,7.74,11,0,0,0,36.3,6,10.09,0.71,0.04,0.11,2024-03-03 03:00:00,3,6,3,0.0,0.0,0.5454545454545454,0.709237,11,0.0,mobile_auto,late_night,1,303.2784315647881,0.0480132799965126,36.3
550187,17.0,F,BR,Sao Paulo,desktop,free,1924,gaming,26.3,PG-13,5647,native,sidebar,auto,3.92,10,1,0,1,19.9,3,5.84,2.04,1.25,0.36,2024-03-03 03:00:00,3,6,3,0.1,0.0,0.4,0.5771356666666666,10,0.1,desktop_auto,late_night,1,303.2784315647881,0.0480132799965126,19.9
318959,16.0,F,IN,Hyderabad,desktop,free,1309,gaming,2.2,G,5238,audio,mid_roll,gaming,3.05,10,1,0,1,8.7,3,12.51,1.53,0.97,0.35,2024-03-03 04:00:00,4,6,3,0.1,0.0,0.4,0.474197,10,0.1,desktop_gaming,late_night,1,303.2784315647881,0.0480132799965126,17.9
204159,17.0,F,BR,Rio de Janeiro,desktop,free,5166,music,32.5,PG-13,5106,banner,mid_roll,finance,3.16,5,0,0,0,21.2,5,8.47,1.15,0.02,0.04,2024-03-03 04:00:00,4,6,3,0.0,0.0,1.0,0.5689543333333333,5,0.0,desktop_finance,late_night,1,303.2784315647881,0.0480132799965126,31.9
563358,52.0,F,JP,Tokyo,desktop,premium,3180,documentary,28.4,PG-13,5324,video,post_roll,finance,2.65,9,0,0,0,10.2,2,11.75,0.83,0.04,0.11,2024-03-03 04:00:00,4,6,3,0.0,0.0,0.2222222222222222,0.299549,9,0.0,desktop_finance,late_night,1,303.2784315647881,0.0480132799965126,10.2
964478,37.0,F,IN,Hyderabad,desktop,basic,3257,gaming,57.0,PG-13,5942,video,post_roll,finance,5.06,7,0,0,0,45.7,3,10.3,0.61,0.03,0.07,2024-03-03 04:00:00,4,6,3,0.0,0.0,0.4285714285714285,0.6251933333333333,7,0.0,desktop_finance,late_night,1,303.2784315647881,0.0480132799965126,45.7
232913,33.0,F,BR,Rio de Janeiro,mobile,family,2948,drama,2.0,PG-13,5507,audio,in_feed,travel,2.27,3,0,0,0,0.5,3,9.84,1.6,0.01,0.03,2024-03-03 04:00:00,4,6,3,0.0,0.0,1.0,0.2779266666666666,3,0.0,mobile_travel,late_night,1,303.2784315647881,0.0480132799965126,0.5
655086,26.0,F,BR,Sao Paulo,mobile,free,5084,music,51.5,G,5964,video,pre_roll,finance,5.98,9,2,0,1,44.6,2,13.3,0.78,0.98,0.35,2024-03-03 04:00:00,4,6,3,0.2222222222222222,0.0,0.4444444444444444,0.7296983333333333,9,0.2222222222222222,mobile_finance,late_night,1,303.2784315647881,0.0480132799965126,44.6
461175,58.0,F,UK,London,desktop,premium,6800,news,20.9,PG,5968,interstitial,post_roll,retail,5.16,5,0,0,0,6.9,2,9.81,0.99,0.02,0.05,2024-03-03 04:00:00,4,6,3,0.0,0.0,0.4,0.272769,5,0.0,desktop_retail,late_night,1,303.2784315647881,0.0480132799965126,31.95
341868,30.0,F,JP,Osaka,mobile,premium,8786,documentary,50.5,PG,5197,video,pre_roll,retail,4.98,11,2,0,1,40.3,3,11.06,1.4,1.73,0.54,2024-03-03 04:00:00,4,6,3,0.1818181818181818,0.0,0.4545454545454545,0.7654136666666667,11,0.1818181818181818,mobile_retail,late_night,1,303.2784315647881,0.0480132799965126,40.3
907923,72.0,M,BR,Sao Paulo,desktop,premium,9770,drama,29.0,PG-13,5286,interstitial,sidebar,auto,9.91,2,0,0,0,21.9,2,10.16,1.56,0.01,0.02,2024-03-03 04:00:00,4,6,3,0.0,0.0,1.0,0.420305,2,0.0,desktop_auto,late_night,1,303.2784315647881,0.0480132799965126,21.9
521480,27.0,M,IN,Unknown,desktop,free,9557,sports,45.0,R,5571,audio,pre_roll,healthcare,2.66,4,1,0,1,24.5,3,6.97,1.21,0.74,0.21,2024-03-03 04:00:00,4,6,3,0.25,0.0,1.0,0.6746863333333333,4,0.125,desktop_healthcare,late_night,1,303.2784315647881,0.0480132799965126,26.85
839629,71.0,F,JP,Tokyo,mobile,free,4981,comedy,63.6,PG,5510,banner,mid_roll,tech,2.08,5,0,0,0,34.6,3,9.43,0.7,0.02,0.05,2024-03-03 04:00:00,4,6,3,0.0,0.0,0.6,0.5778373333333333,5,0.0,mobile_tech,late_night,1,303.2784315647881,0.0480132799965126,29.25
699739,18.0,F,BR,Sao Paulo,mobile,basic,5488,news,47.9,R,5127,banner,post_roll,cpg,3.51,3,1,0,1,45.1,4,2.54,1.24,0.75,0.19,2024-03-03 04:00:00,4,6,3,0.3333333333333333,0.0,1.6666666666666667,0.8551543333333333,3,0.3333333333333333,mobile_cpg,late_night,1,303.2784315647881,0.0480132799965126,45.1
579362,48.0,Other,IN,Bengaluru,mobile,free,7958,comedy,34.9,PG-13,5257,banner,pre_roll,auto,3.93,9,1,0,1,17.8,7,4.27,0.76,0.47,0.15,2024-03-03 05:00:00,5,6,3,0.1111111111111111,0.0,0.8888888888888888,0.7020786666666665,9,0.1111111111111111,mobile_auto,late_night,1,303.2784315647881,0.0480132799965126,17.8
750983,70.0,F,CA,Vancouver,mobile,premium,5831,drama,20.8,G,5014,native,mid_roll,gaming,4.61,7,1,0,1,17.5,4,12.66,0.74,0.48,0.2,2024-03-03 05:00:00,5,6,3,0.1428571428571428,0.0,0.7142857142857143,0.6302893333333333,7,0.1428571428571428,mobile_gaming,late_night,1,303.2784315647881,0.0480132799965126,17.5
680124,36.0,F,US,Austin,tablet,free,3435,kids,27.3,PG,5544,audio,in_feed,gaming,4.92,2,0,0,0,4.5,0,9.85,0.82,0.01,0.02,2024-03-03 05:00:00,5,6,3,0.0,0.0,0.0,0.1764086666666666,2,0.0,tablet_gaming,late_night,1,303.2784315647881,0.0480132799965126,4.5
194725,30.0,M,IN,Hyderabad,desktop,premium,8189,music,38.4,R,5876,banner,pre_roll,tech,4.08,9,0,0,0,25.2,3,12.71,0.96,0.05,0.11,2024-03-03 05:00:00,5,6,3,0.0,0.0,0.3333333333333333,0.5096733333333333,9,0.0,desktop_tech,late_night,1,303.2784315647881,0.0480132799965126,25.2
170878,48.0,F,DE,Berlin,tablet,family,1860,comedy,68.2,R,5115,interstitial,sidebar,retail,5.4,1,0,0,0,55.5,3,16.15,1.3,0.01,0.02,2024-03-03 05:00:00,5,6,3,0.0,0.0,3.0,0.6454173333333333,1,0.0,tablet_retail,late_night,1,303.2784315647881,0.0480132799965126,55.5
919366,38.0,F,US,Chicago,mobile,premium,4586,sports,44.7,PG-13,5661,video,mid_roll,retail,5.44,5,0,0,0,26.5,0,8.06,1.31,0.02,0.04,2024-03-03 05:00:00,5,6,3,0.0,0.0,0.0,0.381034,5,0.0,mobile_retail,late_night,1,303.2784315647881,0.0480132799965126,26.5
200723,37.0,F,US,New York,desktop,family,5945,drama,85.8,G,5089,video,sidebar,gaming,2.98,8,0,0,0,52.9,7,14.29,0.98,0.05,0.11,2024-03-03 05:00:00,5,6,3,0.0,0.0,0.875,0.7784826666666667,8,0.0,desktop_gaming,late_night,1,303.2784315647881,0.0480132799965126,52.9
438924,59.0,F,UK,Manchester,mobile,free,4092,gaming,18.4,G,5546,audio,post_roll,retail,4.63,7,0,0,0,29.7,5,11.52,0.98,0.03,0.08,2024-03-03 05:00:00,5,6,3,0.0,0.0,0.7142857142857143,0.6405836666666667,7,0.0,mobile_retail,late_night,1,303.2784315647881,0.0480132799965126,29.7
435197,57.0,M,AU,Sydney,desktop,free,6423,sports,14.5,PG-13,5078,video,in_feed,cpg,6.62,7,0,0,0,11.7,3,10.39,2.04,0.03,0.07,2024-03-03 05:00:00,5,6,3,0.0,0.0,0.4285714285714285,0.3729213333333333,7,0.0,desktop_cpg,late_night,1,303.2784315647881,0.0480132799965126,11.7
633077,41.0,M,JP,Osaka,desktop,basic,4434,news,57.7,G,5349,interstitial,mid_roll,retail,2.53,4,0,0,0,21.6,3,10.67,0.78,0.02,0.04,2024-03-03 05:00:00,5,6,3,0.0,0.0,0.75,0.4774319999999999,4,0.0,desktop_retail,late_night,1,303.2784315647881,0.0480132799965126,21.6
143709,45.0,M,US,New York,smart_tv,basic,2362,comedy,49.8,PG,5531,banner,in_feed,tech,4.14,5,0,0,0,95.05050000000048,4,9.57,1.33,0.02,0.05,2024-03-03 05:00:00,5,6,3,0.0,0.0,0.8,0.7159716666666667,5,0.0,smart_tv_tech,late_night,1,303.2784315647881,0.0480132799965126,95.05050000000048
294776,25.0,F,JP,Osaka,mobile,premium,9052,music,58.6,PG,5349,banner,in_feed,travel,9.7,2,0,0,0,31.2,1,9.46,1.25,0.01,0.02,2024-03-03 05:00:00,5,6,3,0.0,0.0,0.5,0.4457896666666666,2,0.0,mobile_travel,late_night,1,303.2784315647881,0.0480132799965126,31.2
501429,20.0,F,US,New York,smart_tv,free,6846,gaming,69.3,PG-13,5667,audio,mid_roll,auto,5.56,1,0,0,0,57.7,5,6.4,1.21,0.0,0.01,2024-03-03 05:00:00,5,6,3,0.0,0.0,5.0,0.743169,1,0.0,smart_tv_auto,late_night,1,303.2784315647881,0.0480132799965126,42.1
468307,34.0,M,US,New York,mobile,free,9530,sports,51.1,R,5463,video,in_feed,tech,2.65,2,0,0,0,41.7,9,2.96,1.17,0.0,0.01,2024-03-03 05:00:00,5,6,3,0.0,0.0,4.5,0.7612346666666666,2,0.0,mobile_tech,late_night,1,303.2784315647881,0.0480132799965126,41.7
615110,14.0,F,CA,Vancouver,mobile,family,6056,drama,40.3,PG-13,5361,interstitial,sidebar,gaming,10.5,8,1,0,1,24.6,5,8.53,0.94,0.59,0.21,2024-03-03 05:00:00,5,6,3,0.125,0.0,0.75,0.741962,8,0.125,mobile_gaming,late_night,1,303.2784315647881,0.0480132799965126,24.6
488397,18.0,F,CA,Toronto,mobile,basic,5900,gaming,42.6,PG-13,5362,native,mid_roll,auto,3.66,11,1,0,1,30.1,3,14.46,1.57,1.01,0.39,2024-03-03 05:00:00,5,6,3,0.0909090909090909,0.0,0.3636363636363636,0.667788,11,0.0909090909090909,mobile_auto,late_night,1,303.2784315647881,0.0480132799965126,30.1
571553,16.0,F,US,Seattle,mobile,family,9465,comedy,10.2,PG-13,5817,banner,mid_roll,healthcare,9.33,2,0,0,0,0.5,1,10.2,1.47,0.01,0.02,2024-03-03 06:00:00,6,6,3,0.0,0.0,0.5,0.1674656666666666,2,0.0,mobile_healthcare,morning,1,303.2784315647881,0.0480132799965126,0.5
904756,18.0,M,US,New York,console,free,6004,documentary,39.2,PG-13,5948,native,pre_roll,gaming,4.43,9,1,0,1,19.6,2,5.72,1.15,0.71,0.22,2024-03-03 06:00:00,6,6,3,0.1111111111111111,0.0,0.3333333333333333,0.5221436666666666,9,0.1111111111111111,console_gaming,morning,1,303.2784315647881,0.0480132799965126,32.7
658303,21.0,M,JP,Tokyo,mobile,free,4124,sports,48.3,R,5570,native,in_feed,finance,6.59,5,0,0,0,23.5,2,12.37,1.66,0.02,0.06,2024-03-03 06:00:00,6,6,3,0.0,0.0,0.4,0.4348329999999999,5,0.0714285714285714,mobile_finance,morning,1,303.2784315647881,0.0480132799965126,39.8
186137,25.0,M,IN,Mumbai,mobile,family,2076,drama,2.0,PG-13,5716,native,pre_roll,travel,5.51,7,1,0,1,0.5,5,9.91,2.12,1.3,0.39,2024-03-03 06:00:00,6,6,3,0.1428571428571428,0.0,0.8571428571428571,0.5220826666666667,7,0.1428571428571428,mobile_travel,morning,1,303.2784315647881,0.0480132799965126,0.5
203074,25.0,M,MX,Mexico City,mobile,free,8638,sports,46.2,PG-13,5689,video,sidebar,finance,4.99,6,0,0,0,41.4,8,11.02,1.31,0.03,0.07,2024-03-03 06:00:00,6,6,3,0.0,0.0,1.3333333333333333,0.755884,6,0.0,mobile_finance,morning,1,303.2784315647881,0.0480132799965126,29.8
956983,42.0,M,CA,Vancouver,mobile,basic,9146,documentary,2.0,PG-13,5749,video,mid_roll,gaming,4.14,7,0,0,0,1.5,1,7.44,1.81,0.02,0.05,2024-03-03 06:00:00,6,6,3,0.0,0.0,0.1428571428571428,0.1876843333333333,7,0.0,mobile_gaming,morning,1,303.2784315647881,0.0480132799965126,1.5
362621,69.0,M,US,Austin,mobile,free,3669,kids,17.4,PG-13,5993,audio,mid_roll,finance,1.72,2,0,0,0,3.9,0,8.98,1.14,0.01,0.02,2024-03-03 06:00:00,6,6,3,0.0,0.0,0.0,0.172446,2,0.0,mobile_finance,morning,1,303.2784315647881,0.0480132799965126,3.9
642849,23.0,M,IN,Hyderabad,mobile,free,8042,sports,17.6,PG-13,5495,banner,in_feed,travel,8.82,6,0,0,0,7.8,1,7.01,1.48,0.02,0.04,2024-03-03 06:00:00,6,6,3,0.0,0.0,0.1666666666666666,0.228943,6,0.0,mobile_travel,morning,1,303.2784315647881,0.0480132799965126,11.55
578414,74.0,F,BR,Sao Paulo,mobile,free,3722,comedy,19.7,R,5743,banner,post_roll,retail,1.95,10,1,0,1,14.6,2,6.19,0.59,0.38,0.15,2024-03-03 06:00:00,6,6,3,0.1,0.0,0.3,0.4669473333333333,10,0.1,mobile_retail,morning,1,303.2784315647881,0.0480132799965126,14.6
583181,34.0,F,AU,Melbourne,mobile,basic,7043,gaming,18.5,PG,5718,interstitial,pre_roll,auto,15.48,2,0,0,0,2.2,5,9.75,1.6,0.01,0.02,2024-03-03 06:00:00,6,6,3,0.0,0.0,2.5,0.3969556666666666,2,0.0,mobile_auto,morning,1,303.2784315647881,0.0480132799965126,2.2
875430,13.0,Other,UK,Manchester,mobile,free,7476,kids,38.0,PG-13,5003,banner,in_feed,cpg,7.42,6,0,0,0,27.4,3,9.86,0.76,0.02,0.06,2024-03-03 06:00:00,6,6,3,0.0,0.0,0.5,0.52764,6,0.0,mobile_cpg,morning,1,303.2784315647881,0.0480132799965126,27.4
326285,27.0,M,IN,Bengaluru,mobile,premium,5652,drama,21.7,PG,5980,banner,sidebar,cpg,7.11,5,0,0,0,25.2,3,17.36,1.14,0.03,0.09,2024-03-03 07:00:00,7,6,3,0.0,0.0,0.6,0.5096733333333333,5,0.0,mobile_cpg,morning,1,303.2784315647881,0.0480132799965126,25.2
760313,73.0,M,US,New York,tablet,premium,3694,drama,20.6,PG,5132,banner,sidebar,finance,10.17,3,0,0,0,9.7,1,11.43,2.13,0.01,0.03,2024-03-03 07:00:00,7,6,3,0.0,0.0,0.3333333333333333,0.2447043333333333,3,0.0,tablet_finance,morning,1,303.2784315647881,0.0480132799965126,9.7
702267,55.0,F,JP,Tokyo,desktop,premium,2767,documentary,38.5,PG,5317,interstitial,pre_roll,tech,3.98,3,0,0,0,15.3,2,3.96,1.33,0.0,0.01,2024-03-03 07:00:00,7,6,3,0.0,0.0,0.6666666666666666,0.3460543333333333,3,0.0,desktop_tech,morning,1,303.2784315647881,0.0480132799965126,15.3
630431,16.0,F,CA,Vancouver,desktop,basic,6878,gaming,46.1,PG-13,5404,interstitial,mid_roll,gaming,3.7,5,1,0,1,7.7,0,13.28,1.1,24.940029851210948,0.23,2024-03-03 07:00:00,7,6,3,0.2,0.0,0.2,0.36285,5,0.2,desktop_gaming,morning,1,303.2784315647881,0.0480132799965126,7.7
789421,14.0,M,IN,Mumbai,mobile,free,2011,comedy,59.3,PG,5133,video,sidebar,travel,4.81,3,0,0,0,21.4,2,8.57,1.18,0.01,0.03,2024-03-03 07:00:00,7,6,3,0.0,0.0,0.6666666666666666,0.415717,3,0.0,mobile_travel,morning,1,303.2784315647881,0.0480132799965126,18.5
112973,36.0,M,IN,Bengaluru,tablet,basic,3931,documentary,32.1,PG-13,5161,native,sidebar,finance,2.46,10,0,0,0,25.6,6,12.11,1.74,0.05,0.12,2024-03-03 07:00:00,7,6,3,0.0,0.0,0.6,0.6347276666666667,10,0.0,tablet_finance,morning,1,303.2784315647881,0.0480132799965126,23.200000000000003
829691,50.0,M,IN,Bengaluru,mobile,free,1966,drama,28.8,PG,5336,banner,pre_roll,retail,5.81,5,0,0,0,17.2,1,13.87,0.94,0.03,0.07,2024-03-03 07:00:00,7,6,3,0.0,0.0,0.2,0.3134283333333333,5,0.0,mobile_retail,morning,1,303.2784315647881,0.0480132799965126,17.2
308254,54.0,M,IN,Mumbai,mobile,free,5815,kids,6.8,R,5347,audio,in_feed,auto,6.82,4,0,0,0,14.1,3,11.18,1.96,0.02,0.04,2024-03-03 07:00:00,7,6,3,0.0,0.0,0.75,0.3946946666666666,4,0.0,mobile_auto,morning,1,303.2784315647881,0.0480132799965126,14.1
926520,38.0,F,BR,Sao Paulo,desktop,free,3292,music,20.9,G,5754,audio,mid_roll,auto,3.07,8,0,0,0,5.4,2,10.17,0.85,0.03,0.08,2024-03-03 07:00:00,7,6,3,0.0,0.0,0.25,0.2620543333333333,8,0.0,desktop_auto,morning,1,303.2784315647881,0.0480132799965126,5.4
720424,55.0,M,AU,Sydney,smart_tv,premium,7077,kids,54.1,PG,5848,audio,mid_roll,healthcare,7.24,10,0,0,0,31.4,1,12.14,1.17,0.05,0.12,2024-03-03 07:00:00,7,6,3,0.0,0.0,0.1,0.4471683333333333,10,0.0,smart_tv_healthcare,morning,1,303.2784315647881,0.0480132799965126,31.4
953853,67.0,F,US,Seattle,mobile,premium,5965,drama,57.5,G,5784,video,mid_roll,healthcare,7.9,3,0,0,0,31.8,3,9.12,1.27,0.01,0.03,2024-03-03 07:00:00,7,6,3,0.0,0.0,1.0,0.560468,3,0.0,mobile_healthcare,morning,1,303.2784315647881,0.0480132799965126,31.8
283820,57.0,Other,IN,Unknown,mobile,basic,9532,documentary,40.6,PG,5514,native,mid_roll,healthcare,13.06,6,0,0,0,25.5,1,12.05,1.69,0.03,0.07,2024-03-03 07:00:00,7,6,3,0.0,0.0,0.1666666666666666,0.4017616666666667,6,0.0,mobile_healthcare,morning,1,303.2784315647881,0.0480132799965126,25.5
130331,44.0,F,DE,Berlin,mobile,basic,7985,drama,56.3,PG-13,5861,video,pre_roll,healthcare,8.54,6,0,0,0,49.0,1,8.84,1.0,0.02,0.05,2024-03-03 07:00:00,7,6,3,0.0,0.0,0.1666666666666666,0.5233163333333333,6,0.0,mobile_healthcare,morning,1,303.2784315647881,0.0480132799965126,49.0
538823,53.0,F,BR,Sao Paulo,desktop,basic,7924,news,30.8,PG,5578,native,post_roll,gaming,4.55,1,0,0,0,17.7,2,13.91,1.13,0.01,0.01,2024-03-03 07:00:00,7,6,3,0.0,0.0,2.0,0.3690049999999999,1,0.0,desktop_gaming,morning,1,303.2784315647881,0.0480132799965126,17.7
458124,71.0,F,IN,Hyderabad,mobile,free,3596,news,26.3,PG-13,5883,audio,sidebar,finance,5.79,8,0,0,0,8.6,5,9.51,0.53,0.03,0.08,2024-03-03 07:00:00,7,6,3,0.0,0.0,0.625,0.441169,8,0.0,mobile_finance,morning,1,303.2784315647881,0.0480132799965126,8.6
612637,36.0,F,CA,Toronto,desktop,basic,8176,news,16.5,PG-13,5298,interstitial,in_feed,retail,4.48,6,0,0,0,7.6,3,11.73,0.31,0.03,0.07,2024-03-03 07:00:00,7,6,3,0.0,0.0,0.5,0.3379186666666666,6,0.0,desktop_retail,morning,1,303.2784315647881,0.0480132799965126,7.6
305073,46.0,M,IN,Bengaluru,desktop,free,4702,kids,46.7,PG,5614,banner,sidebar,auto,4.72,5,1,0,1,26.7,4,7.81,1.14,0.7,0.21,2024-03-03 07:00:00,7,6,3,0.2,0.0,1.0,0.7401249999999999,5,0.2,desktop_auto,morning,1,303.2784315647881,0.0480132799965126,30.05
512843,69.0,F,MX,Mexico City,smart_tv,free,6050,documentary,50.0,PG-13,5053,banner,in_feed,finance,8.08,5,0,0,0,33.1,3,13.39,1.3,0.03,0.07,2024-03-03 07:00:00,7,6,3,0.0,0.0,0.6,0.5688266666666667,5,0.0,smart_tv_finance,morning,1,303.2784315647881,0.0480132799965126,33.1
134499,68.0,F,BR,Sao Paulo,mobile,basic,5534,news,52.8,G,5892,video,post_roll,tech,5.55,4,0,0,0,26.0,0,13.74,1.33,0.02,0.05,2024-03-03 07:00:00,7,6,3,0.0,0.0,0.0,0.3768393333333333,4,0.0,mobile_tech,morning,1,303.2784315647881,0.0480132799965126,26.0
107396,65.0,F,US,Austin,mobile,free,1727,news,45.8,PG,5723,audio,mid_roll,healthcare,3.78,10,0,0,0,9.2,3,7.25,0.65,0.03,0.07,2024-03-03 07:00:00,7,6,3,0.0,0.0,0.3,0.3509666666666666,10,0.0,mobile_healthcare,morning,1,303.2784315647881,0.0480132799965126,9.2
803189,37.0,M,IN,Mumbai,mobile,free,8468,drama,46.3,PG,5596,interstitial,pre_roll,finance,6.79,6,0,0,0,37.0,3,13.29,0.91,0.03,0.08,2024-03-03 07:00:00,7,6,3,0.0,0.0,0.5,0.5912253333333333,6,0.0,mobile_finance,morning,1,303.2784315647881,0.0480132799965126,37.0
961954,14.0,M,US,Seattle,mobile,free,8763,documentary,30.3,PG-13,5518,banner,sidebar,gaming,4.76,3,0,0,0,14.5,1,8.05,0.76,0.01,0.02,2024-03-03 08:00:00,8,6,3,0.0,0.0,0.3333333333333333,0.288055,3,0.0,mobile_gaming,morning,1,303.2784315647881,0.0480132799965126,14.5
572550,36.0,F,DE,Munich,desktop,free,1901,music,63.6,PG-13,5562,interstitial,pre_roll,tech,1.78,3,0,0,0,34.8,4,8.83,1.13,0.01,0.03,2024-03-03 08:00:00,8,6,3,0.0,0.0,1.3333333333333333,0.6334436666666666,3,0.0,desktop_tech,morning,1,303.2784315647881,0.0480132799965126,20.15
290949,28.0,F,US,Austin,smart_tv,basic,7587,news,45.8,R,5715,native,mid_roll,healthcare,13.32,5,0,0,0,22.5,3,9.66,1.52,0.02,0.05,2024-03-03 08:00:00,8,6,3,0.0,0.0,0.6,0.485664,5,0.0,smart_tv_healthcare,morning,1,303.2784315647881,0.0480132799965126,22.5
298704,72.0,M,US,Austin,desktop,free,2115,sports,35.0,R,5245,interstitial,sidebar,tech,3.45,10,0,0,0,29.9,4,6.89,1.41,0.03,0.07,2024-03-03 08:00:00,8,6,3,0.0,0.0,0.4,0.6014716666666666,10,0.0,desktop_tech,morning,1,303.2784315647881,0.0480132799965126,29.9
805334,31.0,F,IN,Mumbai,mobile,free,8692,kids,21.1,PG-13,5288,banner,in_feed,gaming,5.61,1,0,0,0,17.3,5,14.06,1.26,0.01,0.01,2024-03-03 08:00:00,8,6,3,0.0,0.0,5.0,0.520033,1,0.0,mobile_gaming,morning,1,303.2784315647881,0.0480132799965126,17.3
940288,40.0,F,CA,Toronto,mobile,premium,6847,documentary,17.8,PG-13,5532,banner,mid_roll,gaming,3.72,6,0,0,0,13.6,5,5.39,1.12,0.01,0.03,2024-03-03 08:00:00,8,6,3,0.0,0.0,0.8333333333333334,0.4852983333333333,6,0.0,mobile_gaming,morning,1,303.2784315647881,0.0480132799965126,13.6
495452,46.0,F,CA,Vancouver,mobile,free,2491,gaming,13.2,PG-13,5506,audio,pre_roll,gaming,3.9,6,0,0,0,3.2,3,3.31,0.73,0.01,0.02,2024-03-03 08:00:00,8,6,3,0.0,0.0,0.5,0.3075573333333333,6,0.0,mobile_gaming,morning,1,303.2784315647881,0.0480132799965126,12.05
127942,72.0,F,AU,Melbourne,smart_tv,free,3926,documentary,29.2,PG-13,5500,banner,sidebar,finance,3.11,4,0,0,0,0.5,2,11.02,1.09,0.02,0.04,2024-03-03 08:00:00,8,6,3,0.0,0.0,0.5,0.2180356666666666,4,0.0,smart_tv_finance,morning,1,303.2784315647881,0.0480132799965126,0.5
312107,36.0,F,JP,Osaka,mobile,premium,9362,documentary,64.7,PG,5164,native,pre_roll,auto,2.32,6,0,0,0,20.6,2,9.34,1.6,0.02,0.06,2024-03-03 08:00:00,8,6,3,0.0,0.0,0.3333333333333333,0.4023743333333333,6,0.0,mobile_auto,morning,1,303.2784315647881,0.0480132799965126,21.65
193468,55.0,M,US,Chicago,tablet,free,6869,gaming,22.5,R,5778,audio,in_feed,healthcare,7.92,7,1,0,1,20.6,2,9.95,1.13,0.71,0.24,2024-03-03 08:00:00,8,6,3,0.1428571428571428,0.0,0.4285714285714285,0.5513613333333334,7,0.1428571428571428,tablet_healthcare,morning,1,303.2784315647881,0.0480132799965126,20.6
390156,38.0,M,IN,Bengaluru,desktop,free,2069,gaming,66.4,G,5901,video,post_roll,finance,5.88,9,1,0,1,47.8,2,8.5,0.22,0.16,0.11,2024-03-03 08:00:00,8,6,3,0.1111111111111111,0.0,0.3333333333333333,0.7060036666666667,9,0.1111111111111111,desktop_finance,morning,1,303.2784315647881,0.0480132799965126,47.8
909731,21.0,F,MX,Guadalajara,smart_tv,basic,8873,comedy,63.1,PG-13,5611,audio,mid_roll,travel,3.6,2,0,0,0,37.8,8,13.48,0.6,0.01,0.03,2024-03-03 08:00:00,8,6,3,0.0,0.0,4.0,0.740196,2,0.0,smart_tv_travel,morning,1,303.2784315647881,0.0480132799965126,37.8
708949,45.0,F,US,Seattle,tablet,free,3306,music,9.1,PG-13,5446,banner,post_roll,healthcare,5.03,4,0,0,0,0.5,2,10.7,0.87,0.02,0.04,2024-03-03 08:00:00,8,6,3,0.0,0.0,0.5,0.2180356666666666,4,0.0,tablet_healthcare,morning,1,303.2784315647881,0.0480132799965126,0.5
370344,23.0,M,UK,London,desktop,basic,1048,kids,30.3,G,5439,video,pre_roll,gaming,4.94,2,0,0,0,11.9,3,15.94,1.25,0.01,0.03,2024-03-03 08:00:00,8,6,3,0.0,0.0,1.5,0.3747693333333333,2,0.0,desktop_gaming,morning,1,303.2784315647881,0.0480132799965126,11.9
811695,21.0,M,IN,Hyderabad,tablet,basic,9175,comedy,17.7,R,5161,native,mid_roll,finance,2.59,3,0,0,0,0.5,2,12.19,0.55,0.01,0.04,2024-03-03 08:00:00,8,6,3,0.0,0.0,0.6666666666666666,0.2180356666666666,3,0.0,tablet_finance,morning,1,303.2784315647881,0.0480132799965126,0.5
485671,14.0,M,AU,Sydney,mobile,free,8404,news,30.5,R,5356,audio,sidebar,retail,5.66,11,0,0,0,14.2,1,10.6,1.49,0.05,0.12,2024-03-03 08:00:00,8,6,3,0.0,0.0,0.0909090909090909,0.2851376666666667,11,0.0,mobile_retail,morning,1,303.2784315647881,0.0480132799965126,14.2
796660,38.0,M,FR,Paris,mobile,basic,5199,music,11.8,PG,5683,interstitial,post_roll,cpg,4.77,2,0,0,0,10.8,3,11.95,1.76,0.01,0.02,2024-03-03 08:00:00,8,6,3,0.0,0.0,1.5,0.364788,2,0.0,mobile_cpg,morning,1,303.2784315647881,0.0480132799965126,10.8
940592,28.0,M,FR,Lyon,desktop,premium,1695,kids,30.4,G,5360,native,post_roll,finance,7.39,5,1,0,1,23.0,1,13.45,0.94,0.59,0.21,2024-03-03 08:00:00,8,6,3,0.2,0.0,0.4,0.543447,5,0.2,desktop_finance,morning,1,303.2784315647881,0.0480132799965126,23.0
189713,59.0,F,US,Seattle,smart_tv,family,7103,drama,59.2,R,5752,banner,mid_roll,retail,4.99,10,1,0,1,41.6,4,7.09,0.9,0.57,0.21,2024-03-03 09:00:00,9,6,3,0.1,0.0,0.5,0.793278,10,0.1,smart_tv_retail,morning,1,303.2784315647881,0.0480132799965126,26.65
216835,28.0,F,AU,Sydney,smart_tv,free,3166,sports,49.3,PG,5573,video,pre_roll,auto,9.11,4,0,0,0,36.1,4,9.06,1.56,0.01,0.04,2024-03-03 09:00:00,9,6,3,0.0,0.0,1.0,0.640861,4,0.0,smart_tv_auto,morning,1,303.2784315647881,0.0480132799965126,36.1
426823,33.0,M,BR,Sao Paulo,tablet,family,4413,documentary,57.4,R,5275,audio,pre_roll,finance,4.59,11,0,0,0,33.0,10,7.73,1.52,0.03,0.09,2024-03-03 09:00:00,9,6,3,0.0,0.0,0.9090909090909092,0.719574,11,0.0,tablet_finance,morning,1,303.2784315647881,0.0480132799965126,33.0
493062,33.0,M,BR,Sao Paulo,desktop,free,7242,sports,10.1,R,5681,interstitial,sidebar,gaming,2.62,6,1,0,1,0.5,4,13.27,0.51,0.34,0.16,2024-03-03 09:00:00,9,6,3,0.1666666666666666,0.0,0.8333333333333334,0.4875006666666666,6,0.1666666666666666,desktop_gaming,morning,1,303.2784315647881,0.0480132799965126,0.5
612561,66.0,M,AU,Sydney,mobile,free,6626,drama,31.8,PG-13,5667,banner,in_feed,travel,0.68,11,0,0,0,0.5,0,10.54,0.65,0.05,0.12,2024-03-03 09:00:00,9,6,3,0.0,0.0,0.0,0.1385326666666666,11,0.0,mobile_travel,morning,1,303.2784315647881,0.0480132799965126,15.2
508761,23.0,Other,IN,Hyderabad,smart_tv,free,1811,news,40.4,PG,5364,audio,sidebar,retail,6.06,2,0,0,0,2.8,3,13.96,0.99,0.01,0.03,2024-03-03 09:00:00,9,6,3,0.0,0.0,1.5,0.3052026666666666,2,0.0,smart_tv_retail,morning,1,303.2784315647881,0.0480132799965126,2.8
952466,67.0,F,UK,Manchester,desktop,family,6914,news,27.8,PG-13,5629,native,in_feed,cpg,7.13,5,0,0,0,17.0,2,10.19,1.3,0.02,0.05,2024-03-03 09:00:00,9,6,3,0.0,0.0,0.4,0.3621516666666666,5,0.0,desktop_cpg,morning,1,303.2784315647881,0.0480132799965126,17.0
408368,57.0,F,US,Seattle,desktop,family,1694,drama,16.0,PG,5322,audio,in_feed,auto,1.17,9,0,0,0,6.4,4,12.17,1.74,0.04,0.11,2024-03-03 09:00:00,9,6,3,0.0,0.0,0.4444444444444444,0.3833996666666666,9,0.0,desktop_auto,morning,1,303.2784315647881,0.0480132799965126,6.4
258400,66.0,M,AU,Sydney,desktop,free,8316,comedy,43.7,G,5862,audio,mid_roll,cpg,15.46,9,0,0,0,45.3,4,18.04,1.65,0.06,0.16,2024-03-03 09:00:00,9,6,3,0.0,0.0,0.4444444444444444,0.6784236666666666,9,0.0,desktop_cpg,morning,1,303.2784315647881,0.0480132799965126,45.3
258076,64.0,F,US,Chicago,desktop,free,6030,music,8.0,PG-13,5118,native,pre_roll,travel,2.17,4,0,0,0,8.2,2,6.2,1.41,0.01,0.02,2024-03-03 09:00:00,9,6,3,0.0,0.0,0.5,0.282777,4,0.0,desktop_travel,morning,1,303.2784315647881,0.0480132799965126,8.2
194961,13.0,M,BR,Rio de Janeiro,desktop,family,1983,sports,22.5,R,5365,interstitial,pre_roll,travel,5.36,11,0,0,0,19.2,2,7.11,0.63,0.03,0.08,2024-03-03 09:00:00,9,6,3,0.0,0.0,0.1818181818181818,0.3832836666666666,11,0.0,desktop_travel,morning,1,303.2784315647881,0.0480132799965126,19.2
544736,56.0,M,US,Seattle,mobile,basic,5577,music,52.4,PG,5663,interstitial,in_feed,gaming,4.34,4,0,0,0,30.3,7,13.6,1.29,0.02,0.05,2024-03-03 09:00:00,9,6,3,0.0,0.0,1.75,0.68694,4,0.0,mobile_gaming,morning,1,303.2784315647881,0.0480132799965126,30.3
684338,62.0,M,MX,Guadalajara,desktop,family,9139,music,38.2,PG,5688,audio,sidebar,retail,2.75,8,0,0,0,26.9,3,8.92,0.8,0.03,0.07,2024-03-03 09:00:00,9,6,3,0.0,0.0,0.375,0.5236626666666666,8,0.0,desktop_retail,morning,1,303.2784315647881,0.0480132799965126,26.9
707773,72.0,Other,IN,Bengaluru,mobile,free,2749,news,53.0,PG-13,5572,audio,sidebar,healthcare,3.48,6,0,0,0,20.6,2,5.25,1.34,0.01,0.03,2024-03-03 10:00:00,10,6,3,0.0,0.0,0.3333333333333333,0.4023743333333333,6,0.0,mobile_healthcare,morning,1,303.2784315647881,0.0480132799965126,20.6
242477,72.0,F,IN,Hyderabad,desktop,family,8219,news,39.0,R,5894,audio,mid_roll,finance,10.62,10,3,0,1,33.9,2,9.41,1.21,2.22,0.64,2024-03-03 10:00:00,10,6,3,0.3,0.0,0.5,0.6888883333333333,10,0.3,desktop_finance,morning,1,303.2784315647881,0.0480132799965126,33.9
700046,49.0,F,BR,Sao Paulo,mobile,free,3057,drama,56.9,PG-13,5921,video,mid_roll,finance,4.47,6,0,0,0,26.2,2,10.65,1.02,0.03,0.06,2024-03-03 10:00:00,10,6,3,0.0,0.0,0.3333333333333333,0.4579543333333333,6,0.0,mobile_finance,morning,1,303.2784315647881,0.0480132799965126,26.2
841537,25.0,M,UK,Manchester,mobile,free,8521,gaming,41.3,PG-13,5810,audio,pre_roll,travel,10.42,1,0,0,0,41.0,1,9.75,1.07,0.0,0.01,2024-03-03 10:00:00,10,6,3,0.0,0.0,1.0,0.498731,1,0.0,mobile_travel,morning,1,303.2784315647881,0.0480132799965126,41.0
991262,47.0,F,UK,Manchester,mobile,free,1556,music,40.4,G,5064,banner,mid_roll,tech,7.11,8,1,1,1,33.8,1,12.01,1.1,34.13005000000005,0.26,2024-03-03 10:00:00,10,6,3,0.125,1.0,0.375,0.6049746666666667,8,0.125,mobile_tech,morning,1,303.2784315647881,0.0480132799965126,33.8
179758,69.0,F,IN,Bengaluru,mobile,basic,7433,comedy,47.6,PG,5326,interstitial,pre_roll,retail,2.26,3,0,0,0,45.6,2,14.89,0.71,0.02,0.04,2024-03-03 10:00:00,10,6,3,0.0,0.0,0.6666666666666666,0.5649703333333334,3,0.0,mobile_retail,morning,1,303.2784315647881,0.0480132799965126,45.6
953665,73.0,F,DE,Munich,mobile,free,4969,documentary,46.3,PG-13,5538,banner,post_roll,retail,8.48,6,0,0,0,20.6,1,16.77,0.88,0.04,0.1,2024-03-03 10:00:00,10,6,3,0.0,0.0,0.1666666666666666,0.3518043333333333,6,0.0,mobile_retail,morning,1,303.2784315647881,0.0480132799965126,23.5
780691,20.0,F,US,New York,mobile,free,1720,music,29.9,PG-13,5304,audio,sidebar,tech,5.01,8,0,0,0,19.8,4,8.5,1.53,0.03,0.07,2024-03-03 10:00:00,10,6,3,0.0,0.0,0.5,0.5032196666666666,8,0.0,mobile_tech,morning,1,303.2784315647881,0.0480132799965126,19.8
739193,63.0,Unknown,UK,Manchester,mobile,free,9832,drama,8.0,R,5673,banner,sidebar,cpg,5.34,4,0,0,0,5.2,1,12.59,1.81,0.02,0.05,2024-03-03 10:00:00,10,6,3,0.0,0.0,0.25,0.2100736666666666,4,0.0,mobile_cpg,morning,1,303.2784315647881,0.0480132799965126,5.2
278532,70.0,M,IN,Mumbai,smart_tv,free,7962,sports,30.5,G,5553,video,in_feed,travel,4.52,6,1,0,1,6.7,3,8.59,1.63,1.0,0.3,2024-03-03 10:00:00,10,6,3,0.1666666666666666,0.0,0.6666666666666666,0.486297,6,0.1666666666666666,smart_tv_travel,morning,1,303.2784315647881,0.0480132799965126,6.7
809849,26.0,F,CA,Toronto,tablet,free,1418,comedy,38.3,PG-13,5959,audio,sidebar,retail,6.97,1,1,0,1,30.4,3,12.9,1.31,0.79,0.21,2024-03-03 10:00:00,10,6,3,1.0,0.0,4.0,0.7345723333333333,1,1.0,tablet_retail,morning,1,303.2784315647881,0.0480132799965126,30.4
890490,17.0,F,US,New York,mobile,free,4115,documentary,21.9,R,5436,native,mid_roll,tech,7.62,2,0,0,0,21.9,2,10.78,2.35,0.01,0.02,2024-03-03 10:00:00,10,6,3,0.0,0.0,1.0,0.420305,2,0.0,mobile_tech,morning,1,303.2784315647881,0.0480132799965126,21.9
304536,49.0,F,UK,Manchester,tablet,free,1302,gaming,2.0,R,5655,audio,post_roll,cpg,4.05,6,0,0,0,0.5,6,8.52,1.88,0.02,0.05,2024-03-03 10:00:00,10,6,3,0.0,0.0,1.0,0.3996196666666666,6,0.0,tablet_cpg,morning,1,303.2784315647881,0.0480132799965126,0.5
338973,29.0,F,CA,Vancouver,desktop,free,6225,comedy,35.3,PG-13,5960,audio,post_roll,retail,5.05,5,0,0,0,16.8,6,8.58,1.06,0.02,0.04,2024-03-03 10:00:00,10,6,3,0.0,0.0,1.2,0.541873,5,0.0,desktop_retail,morning,1,303.2784315647881,0.0480132799965126,16.8
471004,35.0,M,US,New York,mobile,basic,3154,music,38.8,R,5604,video,mid_roll,cpg,8.49,7,0,0,0,32.9,3,16.19,1.42,0.05,0.11,2024-03-03 11:00:00,11,6,3,0.0,0.0,0.4285714285714285,0.56758,7,0.0,mobile_cpg,morning,1,303.2784315647881,0.0480132799965126,32.9
945304,45.0,M,MX,Mexico City,mobile,free,5096,documentary,19.2,PG-13,5513,native,post_roll,healthcare,6.56,10,1,0,1,3.3,1,11.92,1.7,1.07,0.37,2024-03-03 11:00:00,11,6,3,0.1,0.0,0.2,0.325088,10,0.1,mobile_healthcare,morning,1,303.2784315647881,0.0480132799965126,3.3
645524,56.0,F,BR,Rio de Janeiro,desktop,basic,2323,kids,2.0,PG,5435,interstitial,post_roll,tech,4.47,3,0,0,0,2.0,4,9.79,1.05,0.01,0.03,2024-03-03 11:00:00,11,6,3,0.0,0.0,1.3333333333333333,0.3551356666666666,3,0.0,desktop_tech,morning,1,303.2784315647881,0.0480132799965126,2.0
851944,23.0,F,IN,Hyderabad,mobile,basic,6488,comedy,2.0,PG,5228,interstitial,pre_roll,finance,5.48,2,0,0,0,8.7,1,12.19,0.95,0.01,0.02,2024-03-03 11:00:00,11,6,3,0.0,0.0,0.5,0.236339,2,0.0,mobile_finance,morning,1,303.2784315647881,0.0480132799965126,51.87525000000024
636291,40.0,M,DE,Berlin,mobile,basic,9233,gaming,54.9,PG,5591,video,post_roll,finance,6.08,1,0,0,0,21.6,2,8.46,1.11,0.0,0.01,2024-03-03 11:00:00,11,6,3,0.0,0.0,2.0,0.417541,1,0.0,mobile_finance,morning,1,303.2784315647881,0.0480132799965126,21.6
169915,21.0,F,BR,Rio de Janeiro,desktop,basic,1235,kids,60.2,PG-13,5603,native,in_feed,tech,4.54,5,0,0,0,16.7,3,6.18,1.03,0.01,0.03,2024-03-03 11:00:00,11,6,3,0.0,0.0,0.6,0.4192533333333333,5,0.0,desktop_tech,morning,1,303.2784315647881,0.0480132799965126,16.7
146107,53.0,M,FR,Paris,smart_tv,free,8351,news,55.6,R,5123,native,in_feed,retail,14.19,5,0,0,0,23.3,3,12.75,1.92,0.03,0.06,2024-03-03 11:00:00,11,6,3,0.0,0.0,0.6,0.4929293333333333,5,0.0,smart_tv_retail,morning,1,303.2784315647881,0.0480132799965126,23.3
302391,70.0,M,UK,Manchester,mobile,free,6754,gaming,33.9,PG,5658,video,sidebar,travel,3.45,6,0,0,0,31.2,6,6.94,1.56,0.02,0.04,2024-03-03 11:00:00,11,6,3,0.0,0.0,1.0,0.6779436666666666,6,0.0,mobile_travel,morning,1,303.2784315647881,0.0480132799965126,31.2
941437,43.0,F,CA,Vancouver,desktop,free,2261,sports,4.4,PG,5375,native,in_feed,healthcare,2.42,3,0,0,0,5.2,5,6.49,1.07,0.01,0.02,2024-03-03 12:00:00,12,6,3,0.0,0.0,1.6666666666666667,0.4157036666666666,3,0.0,desktop_healthcare,afternoon,1,303.2784315647881,0.0480132799965126,25.6
341425,59.0,M,UK,London,mobile,family,6504,drama,34.0,PG-13,5906,audio,post_roll,cpg,2.34,5,0,0,0,20.8,2,11.32,0.95,0.02,0.06,2024-03-03 12:00:00,12,6,3,0.0,0.0,0.4,0.410165,5,0.0,mobile_cpg,afternoon,1,303.2784315647881,0.0480132799965126,20.8
930196,21.0,F,US,Seattle,mobile,free,6537,kids,52.4,G,5450,video,post_roll,auto,13.33,4,0,0,0,26.7,1,9.45,1.37,0.02,0.04,2024-03-03 12:00:00,12,6,3,0.0,0.0,0.25,0.411635,4,0.0,mobile_auto,afternoon,1,303.2784315647881,0.0480132799965126,26.7
136076,71.0,Other,DE,Munich,mobile,free,6697,comedy,26.1,G,5019,video,post_roll,travel,4.05,9,0,0,0,9.5,3,7.64,0.75,0.03,0.07,2024-03-03 12:00:00,12,6,3,0.0,0.0,0.3333333333333333,0.3535199999999999,9,0.0,mobile_travel,afternoon,1,303.2784315647881,0.0480132799965126,9.5
690147,14.0,F,MX,Mexico City,desktop,free,5345,drama,18.6,PG-13,5122,audio,in_feed,tech,7.18,9,1,0,1,15.2,0,15.31,1.58,1.0,0.37,2024-03-03 12:00:00,12,6,3,0.1111111111111111,0.0,0.1111111111111111,0.4007699999999999,9,0.1111111111111111,desktop_tech,afternoon,1,303.2784315647881,0.0480132799965126,15.2
550618,50.0,F,AU,Sydney,desktop,free,8885,news,50.7,R,5079,video,sidebar,healthcare,6.39,4,0,0,0,20.6,3,14.76,0.65,0.02,0.06,2024-03-03 12:00:00,12,6,3,0.0,0.0,0.75,0.4622653333333333,4,0.0,desktop_healthcare,afternoon,1,303.2784315647881,0.0480132799965126,20.6
194274,70.0,F,AU,Sydney,mobile,basic,8790,kids,13.8,PG,5202,interstitial,mid_roll,auto,3.24,2,0,0,0,4.2,3,12.99,1.45,0.01,0.03,2024-03-03 13:00:00,13,6,3,0.0,0.0,1.5,0.3137173333333333,2,0.0,mobile_auto,afternoon,1,303.2784315647881,0.0480132799965126,4.2
157432,21.0,F,IN,Hyderabad,desktop,free,1216,drama,7.0,PG-13,5851,banner,pre_roll,retail,5.53,5,0,0,0,6.1,1,12.92,1.25,0.03,0.06,2024-03-03 13:00:00,13,6,3,0.0,0.0,0.2,0.2162763333333333,5,0.0,desktop_retail,afternoon,1,303.2784315647881,0.0480132799965126,6.1
895453,52.0,M,FR,Lyon,mobile,free,3970,comedy,42.6,PG,5046,banner,mid_roll,tech,5.14,8,3,1,1,28.3,3,9.01,1.38,24.36,0.69,2024-03-03 13:00:00,13,6,3,0.375,0.3333333333333333,0.875,0.7143723333333333,8,0.375,mobile_tech,afternoon,1,303.2784315647881,0.0480132799965126,28.3
726236,39.0,M,UK,London,mobile,basic,4133,kids,63.2,PG,5894,video,post_roll,retail,4.44,5,0,0,0,32.0,3,9.23,0.64,0.02,0.05,2024-03-03 13:00:00,13,6,3,0.0,0.0,0.6,0.5617973333333333,5,0.0,mobile_retail,afternoon,1,303.2784315647881,0.0480132799965126,32.0
218056,71.0,M,IN,Bengaluru,desktop,free,8612,news,39.3,PG-13,5845,audio,post_roll,tech,4.95,3,0,0,0,17.9,3,4.83,1.62,0.01,0.01,2024-03-03 13:00:00,13,6,3,0.0,0.0,1.0,0.4309079999999999,3,0.0,desktop_tech,afternoon,1,303.2784315647881,0.0480132799965126,17.9
986751,70.0,F,US,Chicago,desktop,basic,3954,music,40.4,PG,5037,interstitial,mid_roll,healthcare,5.66,9,0,0,0,25.2,1,13.17,0.56,0.05,0.12,2024-03-03 13:00:00,13,6,3,0.0,0.0,0.1111111111111111,0.3992123333333333,9,0.0,desktop_healthcare,afternoon,1,303.2784315647881,0.0480132799965126,25.2
903322,62.0,F,UK,Manchester,mobile,basic,3018,music,12.6,R,5441,native,post_roll,travel,10.19,1,0,0,0,0.5,1,12.3,1.68,0.0,0.01,2024-03-03 13:00:00,13,6,3,0.0,0.0,1.0,0.1674656666666666,1,0.0,mobile_travel,afternoon,1,303.2784315647881,0.0480132799965126,6.6
636670,13.0,F,BR,Sao Paulo,mobile,free,1408,gaming,38.4,PG,5250,video,post_roll,finance,6.81,8,0,0,0,34.9,2,11.52,1.88,0.04,0.09,2024-03-03 13:00:00,13,6,3,0.0,0.0,0.25,0.5196663333333333,8,0.0,mobile_finance,afternoon,1,303.2784315647881,0.0480132799965126,34.9
793082,26.0,F,UK,London,mobile,free,7808,documentary,55.4,PG-13,5114,audio,in_feed,cpg,6.38,6,1,0,1,30.8,6,10.43,0.92,0.58,0.2,2024-03-03 13:00:00,13,6,3,0.1666666666666666,0.0,1.1666666666666667,0.8301180000000001,6,0.1666666666666666,mobile_cpg,afternoon,1,303.2784315647881,0.0480132799965126,30.8
534583,71.0,M,AU,Melbourne,mobile,free,4492,sports,24.0,PG-13,5320,banner,in_feed,cpg,4.0,11,1,1,1,17.3,3,11.43,1.81,33.71,0.4,2024-03-03 13:00:00,13,6,3,0.0909090909090909,1.0,0.4545454545454545,0.54416,11,0.0909090909090909,mobile_cpg,afternoon,1,303.2784315647881,0.0480132799965126,17.3
917091,60.0,F,BR,Rio de Janeiro,mobile,family,2881,sports,22.8,G,5606,banner,sidebar,retail,4.29,2,0,0,0,18.3,5,16.56,1.18,0.01,0.03,2024-03-03 13:00:00,13,6,3,0.0,0.0,2.5,0.529841,2,0.0,mobile_retail,afternoon,1,303.2784315647881,0.0480132799965126,18.3
857817,63.0,F,BR,Rio de Janeiro,desktop,basic,9718,music,40.7,PG,5604,video,post_roll,gaming,1.99,7,0,0,0,14.9,1,9.8,0.96,0.03,0.07,2024-03-03 13:00:00,13,6,3,0.0,0.0,0.1428571428571428,0.2917949999999999,7,0.0,desktop_gaming,afternoon,1,303.2784315647881,0.0480132799965126,14.9
895176,55.0,M,IN,Hyderabad,tablet,family,9870,kids,45.1,G,5343,video,sidebar,auto,6.17,3,1,0,1,24.4,4,9.7,1.16,0.71,0.2,2024-03-03 14:00:00,14,6,3,0.3333333333333333,0.0,1.6666666666666667,0.7344796666666666,3,0.3333333333333333,tablet_auto,afternoon,1,303.2784315647881,0.0480132799965126,16.4
530546,71.0,F,AU,Sydney,mobile,family,3686,kids,55.2,R,5897,interstitial,post_roll,gaming,7.96,9,0,0,0,42.2,5,9.88,1.17,0.04,0.09,2024-03-03 14:00:00,14,6,3,0.0,0.0,0.5555555555555556,0.7089223333333333,9,0.0,mobile_gaming,afternoon,1,303.2784315647881,0.0480132799965126,41.0
549338,59.0,Other,AU,Melbourne,desktop,free,3182,gaming,58.5,PG-13,5553,video,in_feed,finance,3.17,10,0,0,0,53.0,3,7.67,0.31,0.03,0.08,2024-03-03 14:00:00,14,6,3,0.0,0.0,0.3,0.6416466666666667,10,0.0,desktop_finance,afternoon,1,303.2784315647881,0.0480132799965126,53.0
485859,57.0,F,IN,Bengaluru,desktop,basic,7552,documentary,2.0,PG,5996,audio,sidebar,auto,1.89,11,0,0,0,3.3,3,10.33,1.18,0.05,0.11,2024-03-03 14:00:00,14,6,3,0.0,0.0,0.2727272727272727,0.308152,11,0.0,desktop_auto,afternoon,1,303.2784315647881,0.0480132799965126,3.3
468046,20.0,F,US,Seattle,mobile,free,6948,comedy,42.6,PG,5034,audio,mid_roll,auto,4.64,9,1,0,1,32.6,4,12.99,1.44,0.91,0.33,2024-03-03 14:00:00,14,6,3,0.1111111111111111,0.0,0.5555555555555556,0.7553583333333334,9,0.1111111111111111,mobile_auto,afternoon,1,303.2784315647881,0.0480132799965126,32.6
822410,25.0,Unknown,US,New York,mobile,premium,1597,documentary,42.6,PG-13,5981,video,pre_roll,finance,9.94,11,1,0,1,12.0,0,12.82,1.91,1.2,0.43,2024-03-03 14:00:00,14,6,3,0.0909090909090909,0.0,0.0909090909090909,0.355554,11,0.0909090909090909,mobile_finance,afternoon,1,303.2784315647881,0.0480132799965126,12.0
979329,39.0,Other,US,Chicago,desktop,basic,4152,music,41.9,R,5590,native,post_roll,travel,5.68,10,1,1,1,35.1,6,10.76,1.78,20.91,0.37,2024-03-03 14:00:00,14,6,3,0.1,1.0,0.8,0.8298260000000001,10,0.1,desktop_travel,afternoon,1,303.2784315647881,0.0480132799965126,35.1
198942,70.0,M,US,New York,tablet,premium,8055,music,21.1,PG-13,5431,native,pre_roll,tech,4.52,3,0,0,0,9.0,5,5.56,1.12,0.01,0.02,2024-03-03 14:00:00,14,6,3,0.0,0.0,1.6666666666666667,0.4444543333333333,3,0.0,tablet_tech,afternoon,1,303.2784315647881,0.0480132799965126,9.0
112667,17.0,M,US,Seattle,mobile,free,2614,sports,19.0,G,5442,native,post_roll,finance,4.21,9,0,0,0,18.8,1,7.69,0.95,0.03,0.07,2024-03-03 14:00:00,14,6,3,0.0,0.0,0.1111111111111111,0.328919,9,0.0,mobile_finance,afternoon,1,303.2784315647881,0.0480132799965126,18.8
651406,32.0,F,CA,Toronto,mobile,free,8898,kids,18.1,R,5377,native,sidebar,finance,4.34,2,0,0,0,3.6,2,12.64,1.69,0.01,0.03,2024-03-03 15:00:00,15,6,3,0.0,0.0,1.0,0.2500876666666666,2,0.0,mobile_finance,afternoon,1,303.2784315647881,0.0480132799965126,3.6
464358,62.0,M,US,Chicago,desktop,free,2614,drama,61.2,PG-13,5206,interstitial,pre_roll,tech,4.49,6,2,0,1,20.6,5,12.08,1.47,1.79,0.51,2024-03-03 15:00:00,15,6,3,0.3333333333333333,0.0,1.1666666666666667,0.7347543333333333,6,0.3333333333333333,desktop_tech,afternoon,1,303.2784315647881,0.0480132799965126,20.6
504449,71.0,M,CA,Toronto,mobile,basic,8834,kids,45.7,PG-13,5120,video,in_feed,healthcare,8.83,11,0,0,0,20.6,1,7.45,1.2,0.03,0.08,2024-03-03 15:00:00,15,6,3,0.0,0.0,0.0909090909090909,0.3518043333333333,11,0.0,mobile_healthcare,afternoon,1,303.2784315647881,0.0480132799965126,20.6
894629,18.0,F,DE,Berlin,mobile,basic,8221,gaming,29.6,PG,5349,audio,pre_roll,healthcare,4.89,3,0,0,0,20.6,3,11.08,1.24,0.01,0.03,2024-03-03 15:00:00,15,6,3,0.0,0.0,1.0,0.4622653333333333,3,0.0,mobile_healthcare,afternoon,1,303.2784315647881,0.0480132799965126,20.6
422223,54.0,M,BR,Rio de Janeiro,mobile,basic,6400,documentary,12.0,PG,5670,banner,post_roll,gaming,3.95,7,2,0,1,17.1,0,12.19,0.39,0.5,0.2,2024-03-03 15:00:00,15,6,3,0.2857142857142857,0.0,0.2857142857142857,0.4581026666666666,7,0.2857142857142857,mobile_gaming,afternoon,1,303.2784315647881,0.0480132799965126,17.1
499650,39.0,M,IN,Bengaluru,desktop,free,1517,music,13.1,G,5112,native,post_roll,healthcare,4.76,1,0,0,0,2.3,2,12.01,0.68,0.0,0.01,2024-03-03 15:00:00,15,6,3,0.0,0.0,2.0,0.2424703333333333,1,0.0,desktop_healthcare,afternoon,1,303.2784315647881,0.0480132799965126,2.3
387145,41.0,F,US,New York,mobile,free,6383,comedy,31.9,PG-13,5365,banner,sidebar,travel,6.75,7,0,0,0,26.8,3,15.94,0.49,0.04,0.11,2024-03-03 16:00:00,16,6,3,0.0,0.0,0.4285714285714285,0.5228693333333333,7,0.0,mobile_travel,afternoon,1,303.2784315647881,0.0480132799965126,26.8
870856,49.0,F,UK,Manchester,desktop,basic,9593,documentary,40.8,G,5762,video,sidebar,finance,5.39,7,0,0,0,38.8,2,6.61,0.91,0.02,0.05,2024-03-03 16:00:00,16,6,3,0.0,0.0,0.2857142857142857,0.539901,7,0.0,desktop_finance,afternoon,1,303.2784315647881,0.0480132799965126,38.8
893155,20.0,M,US,Chicago,mobile,basic,9690,drama,38.3,G,5700,interstitial,mid_roll,gaming,1.34,3,0,0,0,23.2,5,4.65,1.46,0.01,0.01,2024-03-03 16:00:00,16,6,3,0.0,0.0,1.6666666666666667,0.5872383333333333,3,0.0,mobile_gaming,afternoon,1,303.2784315647881,0.0480132799965126,23.2
146572,36.0,M,US,New York,tablet,basic,2864,sports,16.2,G,5147,audio,sidebar,gaming,2.61,5,0,0,0,13.7,3,12.56,0.65,0.03,0.06,2024-03-03 16:00:00,16,6,3,0.0,0.0,0.6,0.3910639999999999,5,0.0,tablet_gaming,afternoon,1,303.2784315647881,0.0480132799965126,13.7
318809,37.0,M,DE,Berlin,desktop,free,6256,news,40.3,PG,5948,video,in_feed,healthcare,5.57,8,0,0,0,17.8,4,8.7,1.8,0.03,0.07,2024-03-03 16:00:00,16,6,3,0.0,0.0,0.5,0.4843916666666666,8,0.0,desktop_healthcare,afternoon,1,303.2784315647881,0.0480132799965126,17.8
117409,72.0,F,US,Unknown,tablet,basic,4116,documentary,17.1,PG,5816,video,post_roll,gaming,5.17,4,0,0,0,15.6,0,8.85,0.55,0.01,0.04,2024-03-03 16:00:00,16,6,3,0.0,0.0,0.0,0.2694566666666667,4,0.0,tablet_gaming,afternoon,1,303.2784315647881,0.0480132799965126,15.6
659377,73.0,F,FR,Paris,console,free,1738,music,87.9,R,5197,banner,in_feed,gaming,7.62,10,1,0,1,74.3,6,13.58,1.58,1.0,0.37,2024-03-03 16:00:00,16,6,3,0.1,0.0,0.7,0.907166,10,0.1,console_gaming,afternoon,1,303.2784315647881,0.0480132799965126,74.3
981261,63.0,F,JP,Tokyo,tablet,free,3116,documentary,25.8,G,5521,audio,sidebar,auto,2.17,6,0,0,0,19.7,5,13.11,1.09,0.03,0.08,2024-03-03 16:00:00,16,6,3,0.0,0.0,0.8333333333333334,0.5429996666666667,6,0.0,tablet_auto,afternoon,1,303.2784315647881,0.0480132799965126,19.7
867043,44.0,F,UK,London,desktop,basic,4945,news,49.4,G,5998,video,mid_roll,retail,8.1,3,0,0,0,28.1,3,11.95,1.2,0.01,0.04,2024-03-03 16:00:00,16,6,3,0.0,0.0,1.0,0.5332613333333334,3,0.0,desktop_retail,afternoon,1,303.2784315647881,0.0480132799965126,28.1
352765,26.0,M,FR,Paris,mobile,free,7519,documentary,48.3,PG,5172,audio,mid_roll,auto,5.24,2,0,0,0,36.0,6,8.52,1.14,0.01,0.02,2024-03-03 16:00:00,16,6,3,0.0,0.0,3.0,0.7075410000000001,2,0.0,mobile_auto,afternoon,1,303.2784315647881,0.0480132799965126,19.45
221972,31.0,F,IN,Mumbai,smart_tv,basic,3764,news,39.7,G,5719,banner,in_feed,tech,3.01,1,0,0,0,23.3,2,8.56,1.02,0.0,0.01,2024-03-03 16:00:00,16,6,3,0.0,0.0,2.0,0.4330383333333333,1,0.0,smart_tv_tech,afternoon,1,303.2784315647881,0.0480132799965126,23.3
101445,38.0,F,BR,Sao Paulo,mobile,free,4302,news,14.0,PG,5882,audio,pre_roll,healthcare,5.9,9,0,0,0,14.9,1,9.51,1.22,0.03,0.09,2024-03-03 16:00:00,16,6,3,0.0,0.0,0.1111111111111111,0.2917949999999999,9,0.0,mobile_healthcare,afternoon,1,303.2784315647881,0.0480132799965126,14.9
700565,58.0,M,US,New York,mobile,premium,5629,kids,44.2,PG,5952,native,mid_roll,retail,5.25,6,0,0,0,33.8,7,9.75,0.87,0.02,0.06,2024-03-03 16:00:00,16,6,3,0.0,0.0,1.1666666666666667,0.7101106666666667,6,0.0,mobile_retail,afternoon,1,303.2784315647881,0.0480132799965126,33.8
391254,48.0,M,UK,Manchester,console,family,5001,news,18.0,PG-13,5457,interstitial,post_roll,tech,6.82,8,0,0,0,9.6,5,12.02,0.73,0.04,0.1,2024-03-03 16:00:00,16,6,3,0.0,0.0,0.625,0.4495156666666666,8,0.0,console_tech,afternoon,1,303.2784315647881,0.0480132799965126,9.6
995206,33.0,F,US,Seattle,desktop,basic,2372,news,37.9,PG,5942,banner,pre_roll,finance,6.96,4,1,0,1,32.9,3,12.15,2.05,1.25,0.36,2024-03-03 16:00:00,16,6,3,0.25,0.0,1.0,0.738721,4,0.25,desktop_finance,afternoon,1,303.2784315647881,0.0480132799965126,32.9
997644,62.0,M,CA,Vancouver,mobile,premium,9836,news,39.3,PG,5569,video,pre_roll,tech,10.13,2,0,0,0,25.4,3,13.53,0.85,0.01,0.03,2024-03-03 16:00:00,16,6,3,0.0,0.0,1.5,0.5114093333333334,2,0.0,mobile_tech,afternoon,1,303.2784315647881,0.0480132799965126,25.4
572063,56.0,F,JP,Osaka,mobile,free,2742,kids,18.2,G,5156,video,sidebar,retail,3.0,8,0,0,0,15.9,5,4.55,1.34,0.01,0.04,2024-03-03 16:00:00,16,6,3,0.0,0.0,0.625,0.5069303333333333,8,0.0,mobile_retail,afternoon,1,303.2784315647881,0.0480132799965126,15.9
425260,20.0,M,DE,Munich,mobile,family,9326,comedy,30.4,PG-13,5055,video,post_roll,retail,7.34,8,0,0,0,20.4,1,9.37,1.27,0.03,0.07,2024-03-03 16:00:00,16,6,3,0.0,0.0,0.125,0.3439536666666666,8,0.0,mobile_retail,afternoon,1,303.2784315647881,0.0480132799965126,20.4
784765,52.0,M,US,Seattle,mobile,free,6490,news,31.5,PG-13,5334,banner,sidebar,cpg,7.09,7,1,0,1,20.4,3,9.75,1.34,0.83,0.27,2024-03-03 16:00:00,16,6,3,0.1428571428571428,0.0,0.5714285714285714,0.6034016666666666,7,0.1428571428571428,mobile_cpg,afternoon,1,303.2784315647881,0.0480132799965126,20.4
445873,71.0,M,US,Seattle,mobile,free,2857,news,48.8,PG,5466,banner,pre_roll,finance,8.04,4,0,0,0,29.5,2,16.86,1.01,0.03,0.07,2024-03-03 17:00:00,17,6,3,0.0,0.0,0.5,0.4840236666666667,4,0.0,mobile_finance,afternoon,1,303.2784315647881,0.0480132799965126,29.5
194855,74.0,M,CA,Vancouver,mobile,basic,9116,gaming,32.2,PG,5132,native,pre_roll,tech,5.26,7,0,0,0,26.1,4,5.28,0.56,0.01,0.04,2024-03-03 17:00:00,17,6,3,0.0,0.0,0.5714285714285714,0.5714703333333333,7,0.0,mobile_tech,afternoon,1,303.2784315647881,0.0480132799965126,26.1
998398,60.0,M,US,New York,desktop,premium,8650,comedy,43.6,G,5139,audio,mid_roll,travel,8.5,10,1,0,1,45.3,3,15.22,1.39,0.89,0.36,2024-03-03 17:00:00,17,6,3,0.1,0.0,0.4,0.7513716666666667,10,0.1,desktop_travel,afternoon,1,303.2784315647881,0.0480132799965126,45.3
674037,67.0,F,US,New York,smart_tv,free,9067,kids,27.0,PG,5916,banner,pre_roll,gaming,2.65,6,0,0,0,5.5,2,8.83,0.7,0.02,0.05,2024-03-03 17:00:00,17,6,3,0.0,0.0,0.3333333333333333,0.262729,6,0.0,smart_tv_gaming,afternoon,1,303.2784315647881,0.0480132799965126,5.5
124531,32.0,F,DE,Munich,mobile,free,1111,gaming,68.3,PG,5326,audio,in_feed,auto,2.23,9,0,0,0,49.5,6,14.61,1.13,0.05,0.13,2024-03-03 17:00:00,17,6,3,0.0,0.0,0.6666666666666666,0.7565796666666667,9,0.0,mobile_auto,afternoon,1,303.2784315647881,0.0480132799965126,49.5
637578,60.0,Other,US,New York,smart_tv,free,3214,drama,39.4,PG-13,5981,native,mid_roll,retail,6.85,7,0,0,0,21.2,5,6.42,1.42,0.02,0.04,2024-03-03 17:00:00,17,6,3,0.0,0.0,0.7142857142857143,0.5689543333333333,7,0.0,smart_tv_retail,afternoon,1,303.2784315647881,0.0480132799965126,21.2
467690,49.0,F,MX,Guadalajara,mobile,free,7328,comedy,19.4,G,5481,banner,in_feed,healthcare,11.32,8,0,0,0,0.6,0,14.94,2.48,0.05,0.12,2024-03-03 18:00:00,18,6,3,0.0,0.0,0.0,0.1542206666666666,8,0.0,mobile_healthcare,evening,1,303.2784315647881,0.0480132799965126,0.6
902287,39.0,F,IN,Bengaluru,console,basic,3675,sports,33.1,PG,5310,native,in_feed,gaming,0.88,4,1,0,1,34.5,1,4.8,1.38,0.84,0.23,2024-03-03 18:00:00,18,6,3,0.25,0.0,0.5,0.6379093333333333,4,0.25,console_gaming,evening,1,303.2784315647881,0.0480132799965126,19.65
100703,25.0,F,IN,Hyderabad,smart_tv,family,5349,comedy,22.2,PG-13,5433,audio,in_feed,travel,2.85,4,0,0,0,19.7,3,9.12,0.29,0.01,0.04,2024-03-03 18:00:00,18,6,3,0.0,0.0,0.75,0.4478306666666666,4,0.0,smart_tv_travel,evening,1,303.2784315647881,0.0480132799965126,25.2
154355,46.0,F,CA,Toronto,mobile,premium,6066,gaming,66.1,G,5214,native,post_roll,retail,5.6,2,0,0,0,66.6,5,10.57,1.76,0.01,0.02,2024-03-03 18:00:00,18,6,3,0.0,0.0,2.5,0.7503569999999999,2,0.0,mobile_retail,evening,1,303.2784315647881,0.0480132799965126,66.6
259847,14.0,M,IN,Bengaluru,mobile,free,7839,drama,43.1,PG-13,5370,native,mid_roll,gaming,6.48,11,0,0,0,24.1,5,9.31,1.22,0.04,0.1,2024-03-03 18:00:00,18,6,3,0.0,0.0,0.4545454545454545,0.595309,11,0.0,mobile_gaming,evening,1,303.2784315647881,0.0480132799965126,24.1
943759,55.0,F,US,Seattle,mobile,free,2202,gaming,19.2,PG,5548,audio,mid_roll,travel,7.92,7,0,0,0,18.8,1,13.66,1.88,0.04,0.1,2024-03-03 18:00:00,18,6,3,0.0,0.0,0.1428571428571428,0.328919,7,0.0,mobile_travel,evening,1,303.2784315647881,0.0480132799965126,18.8
613661,30.0,F,IN,Mumbai,mobile,free,6597,drama,29.5,PG,5403,banner,post_roll,cpg,9.18,4,0,0,0,3.2,5,11.44,1.41,0.02,0.05,2024-03-03 18:00:00,18,6,3,0.0,0.0,1.25,0.4027263333333333,4,0.0,mobile_cpg,evening,1,303.2784315647881,0.0480132799965126,3.2
739259,50.0,F,MX,Mexico City,desktop,basic,9203,drama,44.3,PG,5086,native,pre_roll,travel,5.5,10,0,0,0,47.5,3,9.93,0.94,0.04,0.1,2024-03-03 18:00:00,18,6,3,0.0,0.0,0.3,0.629984,10,0.0,desktop_travel,evening,1,303.2784315647881,0.0480132799965126,47.5
694531,62.0,M,UK,Manchester,desktop,free,3813,news,5.9,R,5231,banner,sidebar,tech,10.41,3,0,0,0,9.7,10,10.22,1.87,0.01,0.03,2024-03-03 18:00:00,18,6,3,0.0,0.0,3.333333333333333,0.5065273333333333,3,0.0,desktop_tech,evening,1,303.2784315647881,0.0480132799965126,9.7
938492,49.0,M,AU,Melbourne,mobile,premium,4154,documentary,2.0,R,5797,audio,pre_roll,finance,7.29,11,1,0,1,5.0,7,8.69,0.91,0.58,0.23,2024-03-03 18:00:00,18,6,3,0.0909090909090909,0.0,0.7272727272727273,0.5754413333333332,11,0.0909090909090909,mobile_finance,evening,1,303.2784315647881,0.0480132799965126,5.0
808633,45.0,F,FR,Lyon,mobile,free,7392,music,7.7,PG-13,5976,interstitial,mid_roll,cpg,6.09,7,1,0,1,0.5,1,10.05,0.62,0.4,0.16,2024-03-03 19:00:00,19,6,3,0.1428571428571428,0.0,0.2857142857142857,0.3164526666666666,7,0.1428571428571428,mobile_cpg,evening,1,303.2784315647881,0.0480132799965126,0.5
701830,37.0,M,IN,Hyderabad,desktop,free,7198,gaming,23.6,R,5772,banner,sidebar,healthcare,3.82,8,1,0,1,14.4,3,11.16,1.2,0.76,0.27,2024-03-03 19:00:00,19,6,3,0.125,0.0,0.5,0.539901,8,0.125,desktop_healthcare,evening,1,303.2784315647881,0.0480132799965126,14.4
771130,57.0,F,BR,Rio de Janeiro,desktop,free,4649,documentary,61.7,R,5712,audio,sidebar,healthcare,3.75,7,0,0,0,53.9,3,8.72,1.45,0.02,0.06,2024-03-03 19:00:00,19,6,3,0.0,0.0,0.4285714285714285,0.6431333333333333,7,0.0,desktop_healthcare,evening,1,303.2784315647881,0.0480132799965126,53.9
372408,39.0,M,AU,Melbourne,mobile,premium,2786,sports,14.3,R,5954,banner,post_roll,healthcare,4.83,1,0,0,0,0.5,6,14.21,1.36,0.01,0.01,2024-03-03 19:00:00,19,6,3,0.0,0.0,6.0,0.3996196666666666,1,0.0,mobile_healthcare,evening,1,303.2784315647881,0.0480132799965126,0.5
977435,38.0,M,UK,London,desktop,basic,2573,kids,36.4,PG,5518,native,post_roll,travel,8.42,1,0,0,0,27.8,4,12.9,1.68,0.01,0.01,2024-03-03 19:00:00,19,6,3,0.0,0.0,4.0,0.585297,1,0.0,desktop_travel,evening,1,303.2784315647881,0.0480132799965126,19.2
765705,56.0,M,US,Seattle,desktop,basic,6098,comedy,38.6,PG-13,5802,video,post_roll,finance,4.31,9,0,0,0,18.4,4,8.86,0.82,0.03,0.08,2024-03-03 19:00:00,19,6,3,0.0,0.0,0.4444444444444444,0.4900596666666666,9,0.0,desktop_finance,evening,1,303.2784315647881,0.0480132799965126,18.4
714827,72.0,F,DE,Berlin,desktop,free,2184,kids,5.7,R,5810,audio,post_roll,tech,3.42,6,0,0,0,7.4,3,9.93,1.49,0.02,0.06,2024-03-03 19:00:00,19,6,3,0.0,0.0,0.5,0.336356,6,0.0,desktop_tech,evening,1,303.2784315647881,0.0480132799965126,7.4
618213,21.0,F,US,Austin,console,free,9632,gaming,30.5,R,5155,native,sidebar,cpg,11.52,11,1,1,1,14.4,4,12.92,1.1,22.72,0.31,2024-03-03 19:00:00,19,6,3,0.0909090909090909,1.0,0.5454545454545454,0.571305,11,0.0909090909090909,console_cpg,evening,1,303.2784315647881,0.0480132799965126,14.4
758642,44.0,M,US,Chicago,mobile,free,3118,drama,30.3,PG,5109,video,in_feed,gaming,4.13,6,1,0,1,20.6,1,8.89,1.47,0.9,0.27,2024-03-03 19:00:00,19,6,3,0.1666666666666666,0.0,0.3333333333333333,0.5069293333333333,6,0.1666666666666666,mobile_gaming,evening,1,303.2784315647881,0.0480132799965126,20.6
693615,44.0,F,US,Chicago,mobile,free,9091,documentary,26.5,PG-13,5644,native,in_feed,retail,6.86,2,0,0,0,25.0,1,12.29,1.1,0.01,0.02,2024-03-03 19:00:00,19,6,3,0.0,0.0,0.5,0.397499,2,0.0,mobile_retail,evening,1,303.2784315647881,0.0480132799965126,25.0
524068,39.0,M,UK,London,smart_tv,basic,9111,music,46.9,PG,5791,banner,pre_roll,travel,3.65,9,0,0,0,37.5,2,6.7,1.21,0.02,0.06,2024-03-03 19:00:00,19,6,3,0.0,0.0,0.2222222222222222,0.5336983333333334,9,0.0,smart_tv_travel,evening,1,303.2784315647881,0.0480132799965126,37.5
777478,62.0,F,US,Austin,mobile,premium,3877,drama,64.9,PG,5741,native,sidebar,healthcare,7.76,11,1,0,1,44.7,3,12.37,1.47,0.94,0.36,2024-03-03 19:00:00,19,6,3,0.0909090909090909,0.0,0.3636363636363636,0.74142,11,0.0909090909090909,mobile_healthcare,evening,1,303.2784315647881,0.0480132799965126,44.7
521286,59.0,F,US,New York,desktop,premium,8093,documentary,13.8,R,5784,banner,post_roll,retail,7.43,3,0,0,0,14.4,4,12.48,1.28,0.01,0.04,2024-03-03 19:00:00,19,6,3,0.0,0.0,1.3333333333333333,0.452009,3,0.0,desktop_retail,evening,1,303.2784315647881,0.0480132799965126,14.4
890333,25.0,F,BR,Rio de Janeiro,tablet,free,3467,kids,38.1,PG,5665,video,mid_roll,healthcare,2.62,9,1,0,1,13.0,1,11.43,1.31,0.83,0.3,2024-03-03 19:00:00,19,6,3,0.1111111111111111,0.0,0.2222222222222222,0.4094656666666666,9,0.1111111111111111,tablet_healthcare,evening,1,303.2784315647881,0.0480132799965126,13.0
998179,49.0,M,UK,London,desktop,free,6963,comedy,43.1,R,5026,banner,pre_roll,healthcare,5.7,5,0,0,0,31.3,5,15.71,0.98,0.03,0.08,2024-03-03 19:00:00,19,6,3,0.0,0.0,1.0,0.6521023333333333,5,0.0,desktop_healthcare,evening,1,303.2784315647881,0.0480132799965126,31.3
776780,74.0,M,US,Austin,mobile,basic,9958,comedy,25.8,G,5785,video,in_feed,retail,9.5,4,0,0,0,22.2,6,9.59,1.21,0.02,0.04,2024-03-03 19:00:00,19,6,3,0.0,0.0,1.5,0.604525,4,0.0,mobile_retail,evening,1,303.2784315647881,0.0480132799965126,12.8
600124,44.0,F,BR,Sao Paulo,mobile,premium,1304,comedy,46.7,G,5249,interstitial,mid_roll,retail,6.83,10,0,0,0,50.0,3,11.24,0.71,0.04,0.11,2024-03-03 20:00:00,20,6,3,0.0,0.0,0.3,0.6360893333333333,10,0.0,mobile_retail,evening,1,303.2784315647881,0.0480132799965126,50.0
711928,55.0,M,BR,Rio de Janeiro,mobile,free,5056,kids,2.0,PG,5002,audio,sidebar,tech,8.71,5,0,0,0,0.5,2,11.15,1.16,0.02,0.06,2024-03-03 20:00:00,20,6,3,0.0,0.0,0.4,0.2180356666666666,5,0.0,mobile_tech,evening,1,303.2784315647881,0.0480132799965126,2.3
975332,56.0,F,US,New York,smart_tv,basic,9299,news,16.2,PG,5473,video,pre_roll,healthcare,4.92,7,0,0,0,15.3,3,8.25,0.44,0.02,0.06,2024-03-03 20:00:00,20,6,3,0.0,0.0,0.4285714285714285,0.4059453333333333,7,0.0,smart_tv_healthcare,evening,1,303.2784315647881,0.0480132799965126,15.3
729194,39.0,F,US,Seattle,mobile,basic,8820,gaming,32.7,PG-13,5071,banner,sidebar,retail,8.86,1,1,0,1,37.7,5,11.46,1.43,0.86,0.23,2024-03-03 20:00:00,20,6,3,1.0,0.0,6.0,0.873628,1,1.0,mobile_retail,evening,1,303.2784315647881,0.0480132799965126,37.7
738803,68.0,M,AU,Melbourne,mobile,basic,1403,kids,53.2,PG,5879,audio,pre_roll,auto,8.24,10,1,0,1,43.3,6,9.1,0.95,0.61,0.23,2024-03-03 20:00:00,20,6,3,0.1,0.0,0.7,0.8667126666666667,10,0.1,mobile_auto,evening,1,303.2784315647881,0.0480132799965126,43.3
848721,47.0,M,IN,Bengaluru,mobile,free,5720,gaming,28.7,R,5509,native,post_roll,travel,8.76,4,1,1,1,31.3,3,8.72,1.85,34.13005000000005,0.31,2024-03-03 20:00:00,20,6,3,0.25,1.0,1.25,0.7280743333333333,4,0.25,mobile_travel,evening,1,303.2784315647881,0.0480132799965126,30.23333333333333
447296,56.0,F,MX,Mexico City,mobile,basic,9460,sports,22.2,PG,5978,banner,sidebar,travel,3.84,4,0,0,0,7.7,3,8.41,0.83,0.01,0.03,2024-03-03 20:00:00,20,6,3,0.0,0.0,0.75,0.3386639999999999,4,0.0,mobile_travel,evening,1,303.2784315647881,0.0480132799965126,7.7
704032,53.0,Other,DE,Munich,mobile,basic,7503,news,50.9,PG-13,5289,audio,pre_roll,auto,8.16,9,0,0,0,20.6,2,16.55,1.47,0.06,0.15,2024-03-03 20:00:00,20,6,3,0.0,0.0,0.2222222222222222,0.4023743333333333,9,0.0,mobile_auto,evening,1,303.2784315647881,0.0480132799965126,20.6
511998,37.0,F,IN,Mumbai,mobile,free,9934,documentary,30.8,R,5548,native,in_feed,gaming,11.04,6,0,0,0,26.1,2,9.27,1.94,0.02,0.06,2024-03-03 20:00:00,20,6,3,0.0,0.0,0.3333333333333333,0.4571303333333333,6,0.0,mobile_gaming,evening,1,303.2784315647881,0.0480132799965126,26.1
470697,22.0,F,CA,Toronto,tablet,free,6784,drama,45.7,PG,5965,audio,post_roll,travel,9.25,1,0,0,0,19.5,5,16.65,0.89,0.01,0.02,2024-03-03 20:00:00,20,6,3,0.0,0.0,5.0,0.5411436666666667,1,0.0,tablet_travel,evening,1,303.2784315647881,0.0480132799965126,11.3
551578,47.0,M,BR,Sao Paulo,desktop,free,1990,comedy,29.6,PG-13,5084,audio,post_roll,cpg,4.14,6,1,1,1,25.9,7,12.72,0.43,34.13005000000005,0.14,2024-03-03 20:00:00,20,6,3,0.1666666666666666,1.0,1.5,0.8076156666666667,6,0.1666666666666666,desktop_cpg,evening,1,303.2784315647881,0.0480132799965126,25.9
360121,29.0,F,US,Seattle,mobile,free,2937,drama,34.5,PG,5997,banner,in_feed,cpg,13.68,8,0,0,0,26.5,7,13.83,2.23,0.04,0.11,2024-03-03 20:00:00,20,6,3,0.0,0.0,0.875,0.657444,8,0.0,mobile_cpg,evening,1,303.2784315647881,0.0480132799965126,26.5
494711,63.0,F,BR,Sao Paulo,mobile,free,8548,music,19.4,PG-13,5548,native,pre_roll,auto,5.33,4,0,0,0,14.7,7,16.44,1.29,0.03,0.07,2024-03-03 20:00:00,20,6,3,0.0,0.0,1.75,0.5373986666666667,4,0.0,mobile_auto,evening,1,303.2784315647881,0.0480132799965126,14.7
452712,44.0,F,IN,Mumbai,tablet,free,9117,news,8.4,PG-13,5570,banner,post_roll,gaming,6.61,1,0,0,0,18.6,3,12.09,1.33,0.0,0.01,2024-03-03 21:00:00,21,6,3,0.0,0.0,3.0,0.4374706666666667,1,0.0,tablet_gaming,evening,1,303.2784315647881,0.0480132799965126,31.65
286334,25.0,M,JP,Tokyo,mobile,premium,4212,documentary,38.8,PG-13,5602,banner,sidebar,retail,4.91,6,0,0,0,20.6,6,8.92,1.2,0.02,0.05,2024-03-03 21:00:00,21,6,3,0.0,0.0,1.0,0.5839583333333334,6,0.0,mobile_retail,evening,1,303.2784315647881,0.0480132799965126,20.6
408018,19.0,M,DE,Berlin,mobile,free,3679,gaming,20.6,PG-13,5477,audio,mid_roll,gaming,4.55,5,0,0,0,2.0,3,12.49,0.82,0.02,0.06,2024-03-03 21:00:00,21,6,3,0.0,0.0,0.6,0.3006866666666666,5,0.0,mobile_gaming,evening,1,303.2784315647881,0.0480132799965126,2.0
809676,68.0,F,BR,Sao Paulo,smart_tv,premium,6547,sports,33.5,PG-13,5599,audio,in_feed,travel,2.64,9,0,0,0,14.2,4,5.26,0.82,0.02,0.05,2024-03-03 21:00:00,21,6,3,0.0,0.0,0.4444444444444444,0.4500476666666666,9,0.0,smart_tv_travel,evening,1,303.2784315647881,0.0480132799965126,14.2
164473,53.0,M,MX,Guadalajara,mobile,free,8107,news,37.0,PG-13,5338,video,pre_roll,healthcare,7.2,4,0,0,0,20.4,7,12.72,1.36,0.02,0.05,2024-03-03 21:00:00,21,6,3,0.0,0.0,1.75,0.5914306666666667,4,0.0,mobile_healthcare,evening,1,303.2784315647881,0.0480132799965126,20.4
741999,31.0,M,AU,Melbourne,desktop,premium,3797,gaming,30.4,PG-13,5607,native,sidebar,tech,3.42,5,0,0,0,21.4,4,6.05,1.49,0.01,0.03,2024-03-03 21:00:00,21,6,3,0.0,0.0,0.8,0.530057,5,0.0,desktop_tech,evening,1,303.2784315647881,0.0480132799965126,21.4
801517,43.0,M,UK,Manchester,desktop,free,6821,kids,50.2,PG,5082,interstitial,in_feed,travel,1.38,11,1,1,1,9.8,2,11.47,1.42,34.13005000000005,0.34,2024-03-03 21:00:00,21,6,3,0.0909090909090909,1.0,0.3636363636363636,0.4153956666666666,11,0.0909090909090909,desktop_travel,evening,1,303.2784315647881,0.0480132799965126,9.8
733625,19.0,M,IN,Hyderabad,tablet,free,5342,documentary,24.9,PG-13,5358,audio,pre_roll,healthcare,9.51,1,0,0,0,8.5,1,15.61,1.78,0.01,0.02,2024-03-03 21:00:00,21,6,3,0.0,0.0,1.0,0.2347296666666666,1,0.0,tablet_healthcare,evening,1,303.2784315647881,0.0480132799965126,8.5
118735,60.0,M,BR,Rio de Janeiro,mobile,free,2213,documentary,32.4,R,5942,native,mid_roll,finance,2.44,1,0,0,0,27.9,7,8.47,1.59,0.0,0.01,2024-03-03 21:00:00,21,6,3,0.0,0.0,7.0,0.6686666666666666,1,0.0,mobile_finance,evening,1,303.2784315647881,0.0480132799965126,27.9
331766,69.0,Other,US,Seattle,mobile,basic,6797,music,40.1,R,5006,banner,pre_roll,travel,1.98,2,0,0,0,39.0,5,6.82,0.97,0.01,0.01,2024-03-03 21:00:00,21,6,3,0.0,0.0,2.5,0.6959770000000001,2,0.0,mobile_travel,evening,1,303.2784315647881,0.0480132799965126,39.0
424751,19.0,F,UK,Manchester,desktop,premium,5110,news,41.1,PG-13,5056,audio,sidebar,tech,4.71,3,1,0,1,27.3,2,6.15,0.78,0.48,0.14,2024-03-03 22:00:00,22,6,3,0.3333333333333333,0.0,1.0,0.644257,3,0.3333333333333333,desktop_tech,night,1,303.2784315647881,0.0480132799965126,26.15
447062,65.0,F,BR,Sao Paulo,mobile,basic,1400,drama,48.2,G,5152,video,mid_roll,gaming,5.12,2,0,0,0,39.2,5,8.07,1.0,0.01,0.02,2024-03-03 22:00:00,22,6,3,0.0,0.0,2.5,0.6968676666666667,2,0.0,mobile_gaming,night,1,303.2784315647881,0.0480132799965126,39.2
384852,63.0,M,IN,Bengaluru,mobile,family,2766,sports,45.0,R,5519,audio,in_feed,gaming,6.05,10,1,0,1,22.5,4,13.12,1.43,0.91,0.35,2024-03-03 22:00:00,22,6,3,0.1,0.0,0.5,0.66751,10,0.1,mobile_gaming,night,1,303.2784315647881,0.0480132799965126,22.5
398740,40.0,M,IN,Bengaluru,desktop,free,3739,comedy,27.3,R,5280,banner,in_feed,travel,3.94,1,0,0,0,19.5,2,8.82,0.53,0.0,0.01,2024-03-03 22:00:00,22,6,3,0.0,0.0,2.0,0.3860836666666666,1,0.0,desktop_travel,night,1,303.2784315647881,0.0480132799965126,19.5
720744,65.0,F,BR,Sao Paulo,desktop,free,8898,kids,25.7,PG,5923,native,post_roll,cpg,3.92,10,2,0,1,0.5,4,6.83,1.56,1.9,0.54,2024-03-03 22:00:00,22,6,3,0.2,0.0,0.6,0.4959556666666666,10,0.2,desktop_cpg,night,1,303.2784315647881,0.0480132799965126,0.5
905464,42.0,F,US,New York,desktop,premium,3372,gaming,24.1,PG-13,5314,native,pre_roll,tech,4.34,1,0,0,0,20.6,2,15.03,0.95,0.01,0.02,2024-03-03 22:00:00,22,6,3,0.0,0.0,2.0,0.4023743333333333,1,0.0,desktop_tech,night,1,303.2784315647881,0.0480132799965126,20.6
964687,35.0,F,US,Seattle,tablet,free,5744,drama,22.2,R,5368,video,pre_roll,healthcare,11.36,5,1,0,1,18.1,6,9.52,1.74,1.06,0.31,2024-03-03 22:00:00,22,6,3,0.2,0.0,1.4,0.7180596666666668,5,0.2,tablet_healthcare,night,1,303.2784315647881,0.0480132799965126,22.15
814692,45.0,F,MX,Guadalajara,mobile,premium,4518,documentary,64.5,PG-13,5985,native,in_feed,gaming,5.66,9,0,0,0,36.1,6,11.16,1.63,0.04,0.1,2024-03-03 22:00:00,22,6,3,0.0,0.0,0.6666666666666666,0.708105,9,0.0,mobile_gaming,night,1,303.2784315647881,0.0480132799965126,18.9
707301,32.0,M,DE,Berlin,desktop,free,2583,news,2.0,PG-13,5225,banner,sidebar,travel,10.31,5,0,0,0,1.8,6,15.37,1.43,0.03,0.08,2024-03-03 22:00:00,22,6,3,0.0,0.0,1.2,0.4213916666666666,5,0.0,desktop_travel,night,1,303.2784315647881,0.0480132799965126,1.8
303126,39.0,M,CA,Vancouver,mobile,free,8912,music,58.6,PG-13,5091,video,mid_roll,finance,5.89,5,0,0,0,61.6,5,10.78,1.23,0.02,0.05,2024-03-03 22:00:00,22,6,3,0.0,0.0,1.0,0.747037,5,0.0,mobile_finance,night,1,303.2784315647881,0.0480132799965126,61.6
573661,53.0,F,UK,Manchester,mobile,free,5512,music,51.0,PG,5507,video,mid_roll,healthcare,5.22,6,1,0,1,45.8,7,10.76,1.43,0.88,0.28,2024-03-03 23:00:00,23,6,3,0.1666666666666666,0.0,1.3333333333333333,0.9176276666666668,6,0.1666666666666666,mobile_healthcare,night,1,303.2784315647881,0.0480132799965126,45.8
918762,53.0,F,JP,Osaka,mobile,premium,1985,drama,61.3,PG-13,5425,audio,mid_roll,auto,6.33,4,0,0,0,53.8,4,12.41,0.74,0.02,0.05,2024-03-03 23:00:00,23,6,3,0.0,0.0,1.0,0.6973889999999999,4,0.0,mobile_auto,night,1,303.2784315647881,0.0480132799965126,53.8
106138,47.0,F,IN,Bengaluru,smart_tv,free,5684,music,54.9,R,5442,video,mid_roll,tech,2.59,8,1,0,1,42.9,4,8.75,0.74,0.47,0.18,2024-03-03 23:00:00,23,6,3,0.125,0.0,0.625,0.813034,8,0.125,smart_tv_tech,night,1,303.2784315647881,0.0480132799965126,42.9
606457,49.0,F,UK,Manchester,tablet,free,2367,comedy,41.9,PG,5088,interstitial,sidebar,gaming,9.22,10,2,0,1,32.5,6,8.48,1.24,1.52,0.46,2024-03-03 23:00:00,23,6,3,0.2,0.0,0.8,0.8503956666666668,10,0.2,tablet_gaming,night,1,303.2784315647881,0.0480132799965126,32.5
581845,47.0,M,IN,Hyderabad,desktop,free,5293,news,31.8,PG,5776,banner,in_feed,tech,2.99,1,0,0,0,4.0,3,7.24,1.53,0.0,0.01,2024-03-03 23:00:00,23,6,3,0.0,0.0,3.0,0.3124853333333333,1,0.0,desktop_tech,night,1,303.2784315647881,0.0480132799965126,6.35
847659,46.0,M,BR,Sao Paulo,mobile,free,7519,news,44.9,PG,5531,interstitial,mid_roll,gaming,10.45,2,0,0,0,30.6,4,11.89,1.14,0.01,0.02,2024-03-03 23:00:00,23,6,3,0.0,0.0,2.0,0.6063623333333333,2,0.0,mobile_gaming,night,1,303.2784315647881,0.0480132799965126,30.6
436211,44.0,M,AU,Melbourne,mobile,free,8587,sports,42.5,PG,5831,video,post_roll,travel,12.28,6,1,1,1,27.1,8,11.11,1.34,19.35,0.27,2024-03-03 23:00:00,23,6,3,0.1666666666666666,1.0,1.6666666666666667,0.8255676666666667,6,0.1666666666666666,mobile_travel,night,1,303.2784315647881,0.0480132799965126,27.1
591274,27.0,F,IN,Bengaluru,smart_tv,family,6704,sports,7.5,PG,5541,video,mid_roll,gaming,4.81,6,0,0,0,18.2,8,9.22,1.36,0.02,0.06,2024-03-03 23:00:00,23,6,3,0.0,0.0,1.3333333333333333,0.5789493333333333,6,0.0,smart_tv_gaming,night,1,303.2784315647881,0.0480132799965126,18.2
716777,71.0,M,DE,Munich,tablet,premium,7188,gaming,52.6,PG-13,5974,video,pre_roll,healthcare,5.99,3,0,0,0,55.5,5,11.35,1.6,0.01,0.03,2024-03-03 23:00:00,23,6,3,0.0,0.0,1.6666666666666667,0.7405863333333333,3,0.0,tablet_healthcare,night,1,303.2784315647881,0.0480132799965126,60.65
748888,72.0,Unknown,US,Austin,mobile,free,5326,music,81.4,PG,5196,video,pre_roll,tech,9.32,3,0,0,0,70.8,6,13.31,1.59,0.02,0.04,2024-03-03 23:00:00,23,6,3,0.0,0.0,2.0,0.7786903333333334,3,0.0,mobile_tech,night,1,303.2784315647881,0.0480132799965126,70.8
308889,58.0,Other,BR,Sao Paulo,mobile,premium,4730,gaming,7.9,PG,5924,audio,pre_roll,gaming,6.23,5,0,0,0,2.4,0,10.7,1.1,0.02,0.05,2024-03-04 00:00:00,0,0,3,0.0,0.0,0.0,0.163522,5,0.0,mobile_gaming,late_night,0,284.4842668792569,0.047326832425368,2.4
302468,41.0,M,CA,Vancouver,mobile,basic,7635,gaming,16.9,G,5725,banner,sidebar,travel,5.62,8,0,0,0,2.5,6,13.19,1.17,0.04,0.11,2024-03-04 00:00:00,0,0,3,0.0,0.0,0.75,0.4251783333333333,8,0.0,mobile_travel,late_night,0,284.4842668792569,0.047326832425368,2.5
270825,49.0,M,US,Chicago,desktop,basic,3434,news,92.4,R,5549,video,mid_roll,retail,8.2,6,1,0,1,50.3,1,8.17,1.63,1.0,0.29,2024-03-04 00:00:00,0,0,3,0.1666666666666666,0.0,0.3333333333333333,0.6813306666666668,6,0.1666666666666666,desktop_retail,late_night,0,284.4842668792569,0.047326832425368,50.3
509354,34.0,M,IN,Bengaluru,smart_tv,premium,4217,kids,45.4,PG,5557,audio,mid_roll,gaming,4.34,2,0,0,0,17.2,1,13.2,1.33,0.01,0.03,2024-03-04 00:00:00,0,0,3,0.0,0.0,0.5,0.3134283333333333,2,0.0,smart_tv_gaming,late_night,0,284.4842668792569,0.047326832425368,17.2
846758,44.0,M,CA,Vancouver,console,free,8169,drama,14.6,PG,5795,native,pre_roll,healthcare,12.04,2,0,0,0,17.7,4,11.84,1.47,0.01,0.02,2024-03-04 00:00:00,0,0,3,0.0,0.0,2.0,0.4833449999999999,2,0.0,console_healthcare,late_night,0,284.4842668792569,0.047326832425368,17.7
950805,68.0,M,MX,Mexico City,desktop,basic,1549,sports,56.8,PG,5773,interstitial,mid_roll,auto,2.29,9,1,0,1,36.7,5,12.89,0.99,0.64,0.26,2024-03-04 00:00:00,0,0,3,0.1111111111111111,0.0,0.6666666666666666,0.8199103333333333,9,0.1111111111111111,desktop_auto,late_night,0,284.4842668792569,0.047326832425368,36.7
796238,34.0,M,CA,Toronto,desktop,free,4045,comedy,36.5,PG,5979,banner,post_roll,retail,3.7,9,0,0,0,17.4,3,11.48,0.87,0.04,0.1,2024-03-04 00:00:00,0,0,3,0.0,0.0,0.3333333333333333,0.425868,9,0.0,desktop_retail,late_night,0,284.4842668792569,0.047326832425368,17.4
881704,47.0,M,IN,Mumbai,mobile,basic,4979,news,19.0,PG,5472,audio,sidebar,auto,5.37,3,0,0,0,0.5,7,10.85,0.36,0.01,0.03,2024-03-04 00:00:00,0,0,3,0.0,0.0,2.333333333333333,0.4149426666666666,3,0.0,mobile_auto,late_night,0,284.4842668792569,0.047326832425368,0.5
207949,20.0,F,US,Chicago,mobile,basic,5809,kids,42.9,PG-13,5549,native,in_feed,healthcare,1.06,5,0,0,0,30.0,1,6.51,1.26,0.01,0.03,2024-03-04 00:00:00,0,0,3,0.0,0.0,0.2,0.437323,5,0.0,mobile_healthcare,late_night,0,284.4842668792569,0.047326832425368,30.0
879187,15.0,M,US,Chicago,tablet,free,9915,documentary,18.0,PG-13,5268,audio,pre_roll,healthcare,8.26,10,0,0,0,11.2,1,14.84,1.0,0.06,0.15,2024-03-04 00:00:00,0,0,3,0.0,0.0,0.1,0.257847,10,0.1666666666666666,tablet_healthcare,late_night,0,284.4842668792569,0.047326832425368,26.4
365889,23.0,M,BR,Rio de Janeiro,mobile,premium,1931,drama,10.6,PG,5867,audio,post_roll,cpg,2.7,7,0,0,0,6.4,3,13.7,1.54,0.04,0.1,2024-03-04 00:00:00,0,0,3,0.0,0.0,0.4285714285714285,0.3289506666666666,7,0.0,mobile_cpg,late_night,0,284.4842668792569,0.047326832425368,6.4
979994,26.0,M,IN,Bengaluru,mobile,basic,3074,kids,41.9,PG-13,5958,audio,pre_roll,gaming,5.93,11,0,0,0,13.3,1,8.26,1.07,0.04,0.09,2024-03-04 00:00:00,0,0,3,0.0,0.0,0.0909090909090909,0.277007,11,0.1428571428571428,mobile_gaming,late_night,0,284.4842668792569,0.047326832425368,7.4
112922,38.0,M,UK,London,console,basic,5518,comedy,20.0,PG-13,5745,video,pre_roll,auto,8.8,11,0,0,0,14.4,0,12.0,1.6,0.05,0.13,2024-03-04 00:00:00,0,0,3,0.0,0.0,0.0,0.258166,11,0.0,console_auto,late_night,0,284.4842668792569,0.047326832425368,14.4
776994,35.0,M,IN,Bengaluru,mobile,family,2796,kids,53.0,PG-13,5515,video,post_roll,healthcare,6.09,5,0,0,0,95.05050000000048,1,10.16,1.42,0.02,0.05,2024-03-04 00:00:00,0,0,3,0.0,0.0,0.2,0.5510616666666667,5,0.0,mobile_healthcare,late_night,0,284.4842668792569,0.047326832425368,95.05050000000048
762231,34.0,M,UK,London,desktop,premium,3253,gaming,43.1,PG-13,5278,interstitial,sidebar,retail,9.77,4,0,0,0,35.6,3,9.11,1.64,0.01,0.04,2024-03-04 00:00:00,0,0,3,0.0,0.0,0.75,0.583616,4,0.0,desktop_retail,late_night,0,284.4842668792569,0.047326832425368,35.6
772225,73.0,M,IN,Bengaluru,desktop,free,7785,sports,52.0,PG,5496,interstitial,pre_roll,finance,4.51,4,0,0,0,20.6,4,10.34,1.06,0.02,0.04,2024-03-04 01:00:00,1,0,3,0.0,0.0,1.0,0.5167143333333333,4,0.0,desktop_finance,late_night,0,284.4842668792569,0.047326832425368,20.6
821806,72.0,F,IN,Mumbai,tablet,free,3271,sports,47.4,PG-13,5400,video,in_feed,tech,3.3,4,0,0,0,26.7,4,8.81,1.39,0.01,0.04,2024-03-04 01:00:00,1,0,3,0.0,0.0,1.0,0.576545,4,0.0,tablet_tech,late_night,0,284.4842668792569,0.047326832425368,29.950000000000003
648547,33.0,M,DE,Berlin,tablet,premium,1830,kids,32.6,G,5837,banner,pre_roll,auto,5.26,8,1,0,1,5.3,0,9.56,0.75,0.48,0.19,2024-03-04 01:00:00,1,0,3,0.125,0.0,0.125,0.324175,8,0.125,tablet_auto,late_night,0,284.4842668792569,0.047326832425368,5.3
514834,15.0,F,FR,Lyon,smart_tv,free,3214,music,42.0,PG,5059,audio,pre_roll,gaming,6.79,1,1,0,1,22.8,1,9.03,1.06,0.64,0.17,2024-03-04 01:00:00,1,0,3,1.0,0.0,2.0,0.561874,1,1.0,smart_tv_gaming,late_night,0,284.4842668792569,0.047326832425368,22.8
497009,17.0,M,CA,Vancouver,desktop,free,8467,gaming,41.1,PG,5949,banner,pre_roll,retail,2.49,7,0,0,0,12.3,0,9.28,0.63,0.03,0.06,2024-03-04 01:00:00,1,0,3,0.0,0.0,0.0,0.2389939999999999,7,0.0,desktop_retail,late_night,0,284.4842668792569,0.047326832425368,12.3
229690,35.0,M,US,Austin,mobile,premium,8890,drama,54.8,PG-13,5434,native,in_feed,gaming,2.91,1,0,0,0,38.4,1,8.33,1.47,0.0,0.01,2024-03-04 01:00:00,1,0,3,0.0,0.0,1.0,0.487407,1,0.0,mobile_gaming,late_night,0,284.4842668792569,0.047326832425368,38.4
149202,65.0,M,IN,Bengaluru,mobile,free,9717,kids,50.7,R,5533,interstitial,mid_roll,travel,7.75,4,0,0,0,22.7,1,12.92,1.42,0.02,0.05,2024-03-04 01:00:00,1,0,3,0.0,0.0,0.25,0.376963,4,0.0,mobile_travel,late_night,0,284.4842668792569,0.047326832425368,30.4
482760,14.0,F,DE,Berlin,mobile,basic,3749,news,22.2,PG-13,5205,video,in_feed,healthcare,4.07,5,0,0,0,23.0,3,10.0,1.1,0.02,0.05,2024-03-04 01:00:00,1,0,3,0.0,0.0,0.6,0.490328,5,0.0,mobile_healthcare,late_night,0,284.4842668792569,0.047326832425368,32.3
487010,68.0,M,BR,Rio de Janeiro,smart_tv,free,3943,news,15.8,PG,5795,banner,pre_roll,cpg,7.08,1,0,0,0,18.4,2,9.45,1.76,0.0,0.01,2024-03-04 01:00:00,1,0,3,0.0,0.0,2.0,0.3757196666666667,1,0.0,smart_tv_cpg,late_night,0,284.4842668792569,0.047326832425368,18.4
462383,41.0,M,CA,Toronto,tablet,family,1485,gaming,24.6,PG-13,5032,banner,sidebar,finance,1.89,4,0,0,0,10.9,0,10.63,0.87,0.02,0.04,2024-03-04 01:00:00,1,0,3,0.0,0.0,0.0,0.2262713333333333,4,0.0,tablet_finance,late_night,0,284.4842668792569,0.047326832425368,11.35
749128,37.0,F,UK,London,tablet,premium,1460,sports,40.6,PG-13,5291,native,in_feed,travel,4.64,7,0,0,0,24.5,3,11.37,0.49,0.03,0.08,2024-03-04 01:00:00,1,0,3,0.0,0.0,0.4285714285714285,0.5035453333333333,7,0.0,tablet_travel,late_night,0,284.4842668792569,0.047326832425368,24.5
557258,17.0,M,IN,Hyderabad,smart_tv,free,8408,music,42.1,R,5624,audio,in_feed,healthcare,15.32,5,0,0,0,24.8,4,17.47,1.21,0.03,0.09,2024-03-04 01:00:00,1,0,3,0.0,0.0,0.8,0.5606396666666666,5,0.0,smart_tv_healthcare,late_night,0,284.4842668792569,0.047326832425368,24.8
981049,65.0,M,UK,Manchester,mobile,premium,7281,drama,33.3,PG,5460,interstitial,in_feed,cpg,7.28,3,0,0,0,3.8,4,12.88,0.22,0.02,0.04,2024-03-04 01:00:00,1,0,3,0.0,0.0,1.3333333333333333,0.365649,3,0.0,mobile_cpg,late_night,0,284.4842668792569,0.047326832425368,3.8
827027,66.0,F,CA,Vancouver,mobile,family,2307,comedy,22.4,PG-13,5593,audio,in_feed,finance,7.5,2,0,0,0,27.0,4,9.06,1.29,0.01,0.02,2024-03-04 01:00:00,1,0,3,0.0,0.0,2.0,0.5788756666666666,2,0.0,mobile_finance,late_night,0,284.4842668792569,0.047326832425368,27.0
854255,28.0,F,IN,Mumbai,mobile,basic,4117,comedy,47.5,PG,5221,audio,post_roll,gaming,6.4,11,0,0,0,47.1,1,10.09,1.42,0.04,0.11,2024-03-04 02:00:00,2,0,3,0.0,0.0,0.0909090909090909,0.5185310000000001,11,0.0,mobile_gaming,late_night,0,284.4842668792569,0.047326832425368,47.1
731984,56.0,F,DE,Munich,mobile,free,9956,comedy,55.3,G,5728,native,mid_roll,tech,6.81,5,0,0,0,32.4,3,10.21,0.97,0.02,0.05,2024-03-04 02:00:00,2,0,3,0.0,0.0,0.6,0.5644359999999999,5,0.0,mobile_tech,late_night,0,284.4842668792569,0.047326832425368,32.4
288054,17.0,F,JP,Osaka,smart_tv,free,8229,comedy,58.8,PG-13,5907,native,sidebar,gaming,4.39,11,0,0,0,32.5,2,9.03,1.56,0.04,0.1,2024-03-04 02:00:00,2,0,3,0.0,0.0,0.1818181818181818,0.5052316666666667,11,0.0,smart_tv_gaming,late_night,0,284.4842668792569,0.047326832425368,32.5
806467,66.0,F,US,Austin,mobile,basic,6948,drama,56.3,R,5216,audio,pre_roll,tech,7.74,6,0,0,0,35.2,7,10.09,1.44,0.02,0.06,2024-03-04 02:00:00,2,0,3,0.0,0.0,1.1666666666666667,0.718312,6,0.0,mobile_tech,late_night,0,284.4842668792569,0.047326832425368,35.2
254217,28.0,M,JP,Tokyo,desktop,family,9733,sports,36.6,PG,5944,interstitial,pre_roll,gaming,4.99,8,0,0,0,11.1,2,10.46,1.34,0.03,0.08,2024-03-04 02:00:00,2,0,3,0.0,0.0,0.25,0.3075396666666666,8,0.0,desktop_gaming,late_night,0,284.4842668792569,0.047326832425368,11.1
557137,64.0,F,IN,Hyderabad,mobile,premium,4187,music,20.1,PG-13,5435,video,mid_roll,healthcare,8.7,9,0,0,0,2.4,2,7.9,1.35,0.03,0.07,2024-03-04 02:00:00,2,0,3,0.0,0.0,0.2222222222222222,0.243025,9,0.0,mobile_healthcare,late_night,0,284.4842668792569,0.047326832425368,2.4
256404,58.0,F,US,Austin,mobile,premium,9521,news,28.0,PG-13,5577,banner,in_feed,gaming,6.24,2,0,0,0,23.4,6,13.62,1.3,0.01,0.03,2024-03-04 02:00:00,2,0,3,0.0,0.0,3.0,0.615517,2,0.0,mobile_gaming,late_night,0,284.4842668792569,0.047326832425368,23.4
130868,74.0,M,IN,Hyderabad,mobile,free,7609,documentary,70.2,G,5587,interstitial,sidebar,healthcare,10.73,1,0,0,0,31.0,2,12.57,1.08,0.01,0.01,2024-03-04 02:00:00,2,0,3,0.0,0.0,2.0,0.4948783333333333,1,0.0,mobile_healthcare,late_night,0,284.4842668792569,0.047326832425368,25.9
579948,68.0,M,UK,London,smart_tv,premium,2264,comedy,48.9,R,5686,video,post_roll,finance,6.83,5,0,0,0,30.1,5,14.78,0.13,0.03,0.07,2024-03-04 02:00:00,2,0,3,0.0,0.0,1.0,0.6436609999999999,5,0.0,smart_tv_finance,late_night,0,284.4842668792569,0.047326832425368,30.1
883669,38.0,M,DE,Munich,tablet,basic,9473,music,51.5,PG,5564,interstitial,pre_roll,auto,6.18,8,2,0,1,29.0,6,7.27,1.6,1.94,0.54,2024-03-04 02:00:00,2,0,3,0.25,0.0,1.0,0.832986,8,0.25,tablet_auto,late_night,0,284.4842668792569,0.047326832425368,29.0
615604,37.0,F,BR,Rio de Janeiro,mobile,premium,5569,gaming,2.0,PG,5593,audio,in_feed,finance,9.33,3,0,0,0,0.5,2,15.02,1.13,0.02,0.05,2024-03-04 02:00:00,2,0,3,0.0,0.0,0.6666666666666666,0.2180356666666666,3,0.0,mobile_finance,late_night,0,284.4842668792569,0.047326832425368,0.5
579115,42.0,M,BR,Sao Paulo,tablet,premium,2549,drama,8.2,R,5696,audio,pre_roll,auto,6.03,9,0,0,0,0.5,3,8.88,1.39,0.03,0.08,2024-03-04 02:00:00,2,0,3,0.0,0.0,0.3333333333333333,0.2779266666666666,9,0.0,tablet_auto,late_night,0,284.4842668792569,0.047326832425368,0.5
891148,70.0,M,BR,Rio de Janeiro,tablet,premium,3566,documentary,36.7,R,5575,video,sidebar,travel,8.43,3,0,0,0,30.3,1,8.28,1.8,0.01,0.02,2024-03-04 02:00:00,2,0,3,0.0,0.0,0.3333333333333333,0.439463,3,0.0,tablet_travel,late_night,0,284.4842668792569,0.047326832425368,30.3
345100,51.0,Unknown,AU,Melbourne,tablet,free,5074,kids,22.7,PG,5331,interstitial,in_feed,healthcare,4.56,9,0,0,0,12.6,0,6.0,1.25,0.02,0.05,2024-03-04 03:00:00,3,0,3,0.0,0.0,0.0,0.2416873333333333,9,0.0,tablet_healthcare,late_night,0,284.4842668792569,0.047326832425368,12.6
955791,53.0,F,IN,Hyderabad,desktop,basic,4415,gaming,22.2,R,5014,banner,pre_roll,auto,4.36,2,0,0,0,9.5,0,18.0,1.87,0.01,0.04,2024-03-04 03:00:00,3,0,3,0.0,0.0,0.0,0.2141259999999999,2,0.0,desktop_auto,late_night,0,284.4842668792569,0.047326832425368,9.5
447973,22.0,F,FR,Paris,desktop,basic,3513,gaming,55.7,G,5941,banner,mid_roll,healthcare,7.55,9,0,0,0,41.7,3,7.31,1.12,0.03,0.07,2024-03-04 03:00:00,3,0,3,0.0,0.0,0.3333333333333333,0.6118386666666666,9,0.0,desktop_healthcare,late_night,0,284.4842668792569,0.047326832425368,41.7
871761,74.0,F,US,Austin,desktop,free,5551,kids,60.3,R,5795,banner,pre_roll,auto,2.55,9,1,0,1,40.4,0,9.22,0.53,0.35,0.16,2024-03-04 03:00:00,3,0,3,0.1111111111111111,0.0,0.1111111111111111,0.6024566666666666,9,0.1111111111111111,desktop_auto,late_night,0,284.4842668792569,0.047326832425368,20.45
357142,68.0,F,BR,Sao Paulo,mobile,family,4264,gaming,2.0,PG,5209,audio,mid_roll,auto,5.73,11,0,0,0,20.6,2,8.49,0.76,0.04,0.09,2024-03-04 03:00:00,3,0,3,0.0,0.0,0.1818181818181818,0.4023743333333333,11,0.0,mobile_auto,late_night,0,284.4842668792569,0.047326832425368,20.6
787569,59.0,M,BR,Rio de Janeiro,smart_tv,family,9814,gaming,28.5,R,5564,interstitial,sidebar,auto,11.48,6,0,0,0,18.6,2,11.19,1.61,0.03,0.07,2024-03-04 03:00:00,3,0,3,0.0,0.0,0.3333333333333333,0.3775796666666666,6,0.0,smart_tv_auto,late_night,0,284.4842668792569,0.047326832425368,17.55
197754,59.0,M,US,Chicago,mobile,free,6966,gaming,58.2,PG-13,5190,video,pre_roll,finance,1.25,9,1,0,1,23.2,2,7.75,0.81,0.51,0.19,2024-03-04 03:00:00,3,0,3,0.1111111111111111,0.0,0.3333333333333333,0.5672983333333332,9,0.1111111111111111,mobile_finance,late_night,0,284.4842668792569,0.047326832425368,23.2
415710,64.0,F,BR,Sao Paulo,desktop,basic,9073,kids,5.8,PG-13,5306,video,post_roll,travel,4.3,4,0,0,0,3.5,3,12.11,0.59,0.02,0.05,2024-03-04 03:00:00,3,0,3,0.0,0.0,0.75,0.3093519999999999,4,0.0,desktop_travel,late_night,0,284.4842668792569,0.047326832425368,3.5
989221,68.0,M,US,Seattle,desktop,free,9333,kids,34.5,PG-13,5517,video,post_roll,tech,2.29,10,0,0,0,0.5,2,5.78,0.57,0.02,0.06,2024-03-04 03:00:00,3,0,3,0.0,0.0,0.2,0.2180356666666666,10,0.0,desktop_tech,late_night,0,284.4842668792569,0.047326832425368,0.5
720860,48.0,Other,UK,London,mobile,free,8554,documentary,33.4,PG-13,5666,video,in_feed,tech,7.85,7,0,0,0,3.0,2,14.24,1.6,0.04,0.1,2024-03-04 03:00:00,3,0,3,0.0,0.0,0.2857142857142857,0.246485,7,0.0,mobile_tech,late_night,0,284.4842668792569,0.047326832425368,3.0
679792,46.0,M,MX,Mexico City,console,basic,1697,sports,9.2,PG,5968,audio,post_roll,auto,6.65,11,2,0,1,19.4,4,10.0,1.01,1.26,0.41,2024-03-04 03:00:00,3,0,3,0.1818181818181818,0.0,0.5454545454545454,0.6586,11,0.1818181818181818,console_auto,late_night,0,284.4842668792569,0.047326832425368,11.95
108888,58.0,F,DE,Munich,desktop,free,6310,sports,27.6,PG,5907,banner,post_roll,cpg,5.36,4,0,0,0,3.9,5,13.12,1.31,0.02,0.05,2024-03-04 03:00:00,3,0,3,0.0,0.0,1.25,0.4070089999999999,4,0.0,desktop_cpg,late_night,0,284.4842668792569,0.047326832425368,3.9
370230,52.0,F,UK,London,mobile,basic,8636,music,61.1,G,5781,video,pre_roll,gaming,5.28,1,1,0,1,41.6,2,7.74,1.68,1.01,0.26,2024-03-04 03:00:00,3,0,3,1.0,0.0,3.0,0.7355039999999999,1,0.5,mobile_gaming,late_night,0,284.4842668792569,0.047326832425368,21.05
174010,17.0,M,US,Austin,desktop,free,5213,documentary,59.2,R,5015,banner,pre_roll,healthcare,1.72,8,1,1,1,24.9,1,9.89,1.08,19.72,0.24,2024-03-04 04:00:00,4,0,3,0.125,1.0,0.375,0.5389493333333333,8,0.125,desktop_healthcare,late_night,0,284.4842668792569,0.047326832425368,24.9
155283,17.0,M,BR,Sao Paulo,smart_tv,family,6864,comedy,15.3,R,5981,audio,sidebar,gaming,4.2,8,1,0,1,8.8,2,5.48,1.1,0.68,0.21,2024-03-04 04:00:00,4,0,3,0.125,0.0,0.375,0.430098,8,0.125,smart_tv_gaming,late_night,0,284.4842668792569,0.047326832425368,8.8
738944,62.0,M,DE,Berlin,smart_tv,free,7928,kids,44.1,G,5949,native,mid_roll,travel,2.06,1,0,0,0,9.9,2,10.81,0.41,0.0,0.01,2024-03-04 04:00:00,4,0,3,0.0,0.0,2.0,0.2969783333333333,1,0.0,smart_tv_travel,late_night,0,284.4842668792569,0.047326832425368,9.9
502235,67.0,F,UK,Manchester,mobile,basic,8368,news,17.9,R,5364,native,in_feed,retail,6.17,8,0,0,0,23.8,4,5.31,1.22,0.02,0.04,2024-03-04 04:00:00,4,0,3,0.0,0.0,0.5,0.5518116666666666,8,0.0,mobile_retail,late_night,0,284.4842668792569,0.047326832425368,23.8
923835,59.0,F,US,Seattle,tablet,premium,2976,documentary,35.1,PG,5899,video,sidebar,gaming,3.94,2,0,0,0,31.5,5,13.51,0.05,0.01,0.03,2024-03-04 04:00:00,4,0,3,0.0,0.0,2.5,0.6535116666666666,2,0.0,tablet_gaming,late_night,0,284.4842668792569,0.047326832425368,31.5
338783,46.0,F,JP,Tokyo,desktop,free,3364,kids,52.1,PG-13,5035,video,post_roll,retail,6.79,10,0,0,0,20.6,3,16.18,1.18,0.06,0.16,2024-03-04 04:00:00,4,0,3,0.0,0.0,0.3,0.4622653333333333,10,0.0,desktop_retail,late_night,0,284.4842668792569,0.047326832425368,20.6
515613,19.0,F,UK,Manchester,mobile,free,4892,news,34.7,PG,5776,audio,in_feed,cpg,1.84,9,0,0,0,13.0,2,7.5,1.44,0.03,0.07,2024-03-04 04:00:00,4,0,3,0.0,0.0,0.2222222222222222,0.3249156666666666,9,0.0,mobile_cpg,late_night,0,284.4842668792569,0.047326832425368,13.0
454254,28.0,F,BR,Rio de Janeiro,tablet,basic,4348,news,13.9,PG-13,5640,interstitial,pre_roll,tech,8.61,4,0,0,0,2.0,0,10.43,1.7,0.02,0.04,2024-03-04 04:00:00,4,0,3,0.0,0.0,0.0,0.1612926666666666,4,0.0,tablet_tech,late_night,0,284.4842668792569,0.047326832425368,2.5
498659,62.0,F,UK,London,mobile,free,5336,comedy,44.3,PG,5671,interstitial,post_roll,travel,5.18,11,0,0,0,48.2,5,4.39,0.72,0.02,0.05,2024-03-04 04:00:00,4,0,3,0.0,0.0,0.4545454545454545,0.7269623333333334,11,0.0,mobile_travel,late_night,0,284.4842668792569,0.047326832425368,48.2
741891,52.0,M,JP,Tokyo,desktop,free,4574,drama,34.3,PG,5665,native,pre_roll,gaming,4.44,6,0,0,0,30.3,2,9.14,1.11,0.02,0.05,2024-03-04 04:00:00,4,0,3,0.0,0.0,0.3333333333333333,0.490033,6,0.0,desktop_gaming,late_night,0,284.4842668792569,0.047326832425368,30.3
922548,63.0,F,AU,Sydney,mobile,free,2777,drama,29.7,PG,5476,banner,in_feed,travel,7.07,2,0,0,0,18.9,3,12.45,1.47,0.01,0.02,2024-03-04 04:00:00,4,0,3,0.0,0.0,1.5,0.4402986666666666,2,0.0,mobile_travel,late_night,0,284.4842668792569,0.047326832425368,18.9
918549,71.0,M,US,Chicago,mobile,free,2209,news,26.7,G,5120,native,sidebar,retail,6.32,4,0,0,0,12.5,3,11.27,1.38,0.02,0.05,2024-03-04 04:00:00,4,0,3,0.0,0.0,0.75,0.3801786666666666,4,0.0,mobile_retail,late_night,0,284.4842668792569,0.047326832425368,12.5
242607,35.0,F,UK,Manchester,smart_tv,free,8871,comedy,13.5,PG-13,5888,audio,pre_roll,tech,9.51,5,0,0,0,27.2,4,13.64,1.41,0.03,0.07,2024-03-04 04:00:00,4,0,3,0.0,0.0,0.8,0.5804903333333333,5,0.0,smart_tv_tech,late_night,0,284.4842668792569,0.047326832425368,27.2
774505,25.0,M,MX,Mexico City,mobile,free,5317,music,64.8,PG,5890,video,post_roll,gaming,7.68,1,0,0,0,30.2,1,14.91,1.18,0.01,0.01,2024-03-04 04:00:00,4,0,3,0.0,0.0,1.0,0.4387709999999999,1,0.0,mobile_gaming,late_night,0,284.4842668792569,0.047326832425368,30.2
447492,41.0,M,IN,Bengaluru,desktop,basic,2538,music,11.4,PG-13,5769,audio,pre_roll,finance,9.82,2,0,0,0,0.5,4,9.56,1.4,0.01,0.02,2024-03-04 04:00:00,4,0,3,0.0,0.0,2.0,0.3323756666666666,2,0.0,desktop_finance,late_night,0,284.4842668792569,0.047326832425368,0.5
793013,39.0,F,FR,Paris,tablet,free,7074,sports,57.7,R,5853,banner,in_feed,finance,4.59,1,0,0,0,25.5,2,9.13,1.42,0.0,0.01,2024-03-04 04:00:00,4,0,3,0.0,0.0,2.0,0.4523316666666667,1,0.0,tablet_finance,late_night,0,284.4842668792569,0.047326832425368,25.5
765993,52.0,F,BR,Sao Paulo,desktop,basic,6942,comedy,53.6,R,5173,interstitial,sidebar,tech,3.98,2,0,0,0,20.6,5,14.34,1.04,0.01,0.03,2024-03-04 04:00:00,4,0,3,0.0,0.0,2.5,0.5574343333333334,2,0.0,desktop_tech,late_night,0,284.4842668792569,0.047326832425368,20.6
122789,60.0,F,IN,Unknown,mobile,basic,5711,kids,2.0,G,5758,interstitial,sidebar,healthcare,4.26,9,0,0,0,9.1,3,7.47,2.12,0.03,0.07,2024-03-04 04:00:00,4,0,3,0.0,0.0,0.3333333333333333,0.3501253333333333,9,0.0,mobile_healthcare,late_night,0,284.4842668792569,0.047326832425368,9.1
832350,33.0,F,US,Seattle,desktop,free,4291,documentary,13.6,G,5936,audio,in_feed,retail,1.73,5,1,0,1,13.5,1,15.74,1.27,0.79,0.27,2024-03-04 05:00:00,5,0,3,0.2,0.0,0.4,0.442335,5,0.2,desktop_retail,late_night,0,284.4842668792569,0.047326832425368,13.5
589565,51.0,F,AU,Melbourne,mobile,family,2262,drama,6.3,PG,5465,native,pre_roll,gaming,2.77,4,0,0,0,7.8,2,13.86,0.97,0.02,0.06,2024-03-04 05:00:00,5,0,3,0.0,0.0,0.5,0.279513,4,0.0,mobile_gaming,late_night,0,284.4842668792569,0.047326832425368,7.8
867687,30.0,M,US,New York,mobile,basic,2984,documentary,19.2,PG-13,5664,audio,post_roll,retail,6.37,6,0,0,0,0.5,3,13.92,0.7,0.03,0.08,2024-03-04 05:00:00,5,0,3,0.0,0.0,0.5,0.2779266666666666,6,0.0,mobile_retail,late_night,0,284.4842668792569,0.047326832425368,0.5
580588,17.0,M,CA,Toronto,desktop,premium,1679,music,32.3,PG,5357,audio,post_roll,travel,5.28,11,0,0,0,11.3,2,16.43,1.26,0.07,0.18,2024-03-04 05:00:00,5,0,3,0.0,0.0,0.1818181818181818,0.3093396666666667,11,0.0,desktop_travel,late_night,0,284.4842668792569,0.047326832425368,11.3
671622,25.0,M,MX,Mexico City,mobile,free,9284,sports,5.8,G,5088,audio,mid_roll,finance,6.78,2,0,0,0,8.2,1,10.3,0.78,0.01,0.02,2024-03-04 05:00:00,5,0,3,0.0,0.0,0.5,0.232207,2,0.0,mobile_finance,late_night,0,284.4842668792569,0.047326832425368,11.95
149638,48.0,M,UK,London,desktop,premium,5928,drama,38.4,PG,5713,audio,in_feed,healthcare,6.98,5,0,0,0,26.3,3,8.94,2.27,0.02,0.04,2024-03-04 05:00:00,5,0,3,0.0,0.0,0.6,0.5187013333333333,5,0.0,desktop_healthcare,late_night,0,284.4842668792569,0.047326832425368,26.3
154633,66.0,F,IN,Bengaluru,smart_tv,basic,2893,drama,3.4,PG,5532,video,in_feed,tech,5.95,10,0,0,0,8.1,4,3.5,0.79,0.01,0.04,2024-03-04 05:00:00,5,0,3,0.0,0.0,0.4,0.3963303333333333,10,0.0,smart_tv_tech,late_night,0,284.4842668792569,0.047326832425368,8.1
843411,14.0,F,BR,Sao Paulo,mobile,free,6119,documentary,40.1,PG-13,5838,native,post_roll,tech,4.92,9,1,0,1,21.9,3,11.78,1.09,0.7,0.27,2024-03-04 06:00:00,6,0,3,0.1111111111111111,0.0,0.4444444444444444,0.615316,9,0.1111111111111111,mobile_tech,morning,0,284.4842668792569,0.047326832425368,21.9
557309,45.0,M,IN,Mumbai,smart_tv,basic,4933,kids,24.1,PG-13,5830,audio,in_feed,retail,7.43,11,0,0,0,0.5,2,15.42,1.21,0.07,0.17,2024-03-04 06:00:00,6,0,3,0.0,0.0,0.1818181818181818,0.2180356666666666,11,0.0,smart_tv_retail,morning,0,284.4842668792569,0.047326832425368,0.5
982544,22.0,M,US,Chicago,desktop,basic,4392,drama,30.0,PG-13,5535,audio,post_roll,travel,2.63,11,2,0,1,9.2,2,9.0,1.25,1.54,0.47,2024-03-04 06:00:00,6,0,3,0.1818181818181818,0.0,0.3636363636363636,0.4501746666666666,11,0.1818181818181818,desktop_travel,morning,0,284.4842668792569,0.047326832425368,4.85
546127,44.0,F,JP,Osaka,tablet,free,9905,news,39.5,PG-13,5612,video,in_feed,finance,3.27,9,1,0,1,12.3,0,10.03,1.22,0.77,0.27,2024-03-04 06:00:00,6,0,3,0.1111111111111111,0.0,0.1111111111111111,0.3741139999999999,9,0.1111111111111111,tablet_finance,morning,0,284.4842668792569,0.047326832425368,12.3
798935,46.0,Other,DE,Berlin,desktop,basic,4770,gaming,44.3,PG,5178,interstitial,in_feed,retail,5.59,3,0,0,0,8.0,2,12.53,1.43,0.02,0.04,2024-03-04 06:00:00,6,0,3,0.0,0.0,0.6666666666666666,0.2811276666666666,3,0.0,desktop_retail,morning,0,284.4842668792569,0.047326832425368,8.0
542399,24.0,M,US,Austin,mobile,free,5616,documentary,51.9,PG-13,5956,banner,mid_roll,tech,11.48,6,0,0,0,24.1,4,10.24,1.89,0.02,0.06,2024-03-04 06:00:00,6,0,3,0.0,0.0,0.6666666666666666,0.554589,6,0.0,mobile_tech,morning,0,284.4842668792569,0.047326832425368,24.1
492811,23.0,F,JP,Osaka,mobile,free,3703,drama,2.0,PG-13,5342,banner,pre_roll,gaming,9.16,6,0,0,0,0.5,7,14.04,1.63,0.03,0.08,2024-03-04 06:00:00,6,0,3,0.0,0.0,1.1666666666666667,0.4149426666666666,6,0.0,mobile_gaming,morning,0,284.4842668792569,0.047326832425368,0.5
463580,65.0,F,CA,Vancouver,desktop,family,9462,kids,76.8,PG-13,5728,native,sidebar,healthcare,3.02,6,0,0,0,20.6,5,10.14,1.08,0.02,0.06,2024-03-04 06:00:00,6,0,3,0.0,0.0,0.8333333333333334,0.5574343333333334,6,0.0,desktop_healthcare,morning,0,284.4842668792569,0.047326832425368,14.2
858814,41.0,M,UK,London,mobile,basic,1135,documentary,8.3,R,5912,video,pre_roll,gaming,1.6,1,0,0,0,14.0,5,10.56,0.89,0.0,0.01,2024-03-04 06:00:00,6,0,3,0.0,0.0,5.0,0.4889449999999999,1,0.0,mobile_gaming,morning,0,284.4842668792569,0.047326832425368,14.0
960643,29.0,F,CA,Vancouver,desktop,free,3222,sports,41.3,PG,5384,banner,in_feed,healthcare,3.89,4,2,0,1,18.4,3,7.49,1.14,1.38,0.37,2024-03-04 06:00:00,6,0,3,0.5,0.0,1.25,0.6171316666666666,4,0.5,desktop_healthcare,morning,0,284.4842668792569,0.047326832425368,18.4
758049,34.0,F,IN,Mumbai,smart_tv,premium,3841,gaming,45.4,PG-13,5417,interstitial,pre_roll,auto,1.25,3,0,0,0,20.6,4,8.9,1.09,0.01,0.03,2024-03-04 06:00:00,6,0,3,0.0,0.0,1.3333333333333333,0.5167143333333333,3,0.0,smart_tv_auto,morning,0,284.4842668792569,0.047326832425368,20.6
669652,51.0,F,DE,Munich,mobile,free,5318,gaming,30.9,PG-13,5437,banner,post_roll,retail,6.73,6,0,0,0,28.7,3,14.95,1.22,0.04,0.09,2024-03-04 06:00:00,6,0,3,0.0,0.0,0.5,0.537832,6,0.0,mobile_retail,morning,0,284.4842668792569,0.047326832425368,28.7
459744,18.0,F,IN,Bengaluru,desktop,free,1306,music,35.5,PG,5076,video,mid_roll,tech,3.69,3,0,0,0,15.5,4,15.48,1.06,0.02,0.05,2024-03-04 06:00:00,6,0,3,0.0,0.0,1.3333333333333333,0.4622729999999999,3,0.0,desktop_tech,morning,0,284.4842668792569,0.047326832425368,15.5
729996,41.0,M,DE,Munich,mobile,free,5007,drama,67.7,PG-13,5572,native,pre_roll,tech,1.62,3,0,0,0,33.6,1,6.44,1.02,0.01,0.02,2024-03-04 06:00:00,6,0,3,0.0,0.0,0.3333333333333333,0.4614656666666666,3,0.0,mobile_tech,morning,0,284.4842668792569,0.047326832425368,33.6
926131,61.0,Other,BR,Rio de Janeiro,tablet,free,1390,comedy,15.1,PG-13,5045,native,sidebar,travel,9.17,11,0,0,0,4.0,2,14.76,1.44,0.06,0.16,2024-03-04 06:00:00,6,0,3,0.0,0.0,0.1818181818181818,0.2525943333333333,11,0.0,tablet_travel,morning,0,284.4842668792569,0.047326832425368,28.05
563355,44.0,F,BR,Rio de Janeiro,tablet,free,6847,gaming,13.5,R,5651,audio,in_feed,retail,3.41,4,1,0,1,20.1,2,9.64,0.76,0.47,0.15,2024-03-04 07:00:00,7,0,3,0.25,0.0,0.75,0.5628513333333334,4,0.25,tablet_retail,morning,0,284.4842668792569,0.047326832425368,38.25
159444,31.0,F,IN,Bengaluru,desktop,basic,3938,kids,50.5,PG,5714,video,pre_roll,healthcare,3.97,10,1,0,1,28.5,5,9.91,1.26,0.8,0.29,2024-03-04 07:00:00,7,0,3,0.1,0.0,0.6,0.7588673333333333,10,0.1,desktop_healthcare,morning,0,284.4842668792569,0.047326832425368,28.5
814682,52.0,F,US,Chicago,desktop,free,3268,news,27.5,PG-13,5077,interstitial,in_feed,travel,9.11,5,0,0,0,15.1,3,15.07,1.21,0.03,0.08,2024-03-04 07:00:00,7,0,3,0.0,0.0,0.6,0.4040933333333333,5,0.0,desktop_travel,morning,0,284.4842668792569,0.047326832425368,15.1
619818,31.0,M,US,Austin,tablet,free,7840,kids,69.6,PG-13,5097,video,post_roll,gaming,6.42,2,0,0,0,43.9,5,16.35,1.09,0.01,0.03,2024-03-04 07:00:00,7,0,3,0.0,0.0,2.5,0.714797,2,0.0,tablet_gaming,morning,0,284.4842668792569,0.047326832425368,43.9
398089,34.0,Other,IN,Mumbai,tablet,basic,7646,music,25.0,G,5061,banner,post_roll,travel,3.86,8,0,0,0,23.0,1,9.54,0.98,0.03,0.08,2024-03-04 07:00:00,7,0,3,0.0,0.0,0.125,0.379867,8,0.0,tablet_travel,morning,0,284.4842668792569,0.047326832425368,23.0
438427,34.0,M,IN,Mumbai,desktop,basic,5633,news,56.8,R,5364,audio,sidebar,cpg,3.29,8,0,0,0,15.4,5,6.43,0.87,0.02,0.05,2024-03-04 07:00:00,7,0,3,0.0,0.0,0.625,0.5020196666666666,8,0.0,desktop_cpg,morning,0,284.4842668792569,0.047326832425368,15.4
289859,65.0,F,FR,Paris,tablet,free,8650,sports,36.4,PG-13,5994,video,mid_roll,gaming,5.34,10,0,0,0,20.6,3,7.03,1.68,0.03,0.07,2024-03-04 07:00:00,7,0,3,0.0,0.0,0.3,0.4622653333333333,10,0.0,tablet_gaming,morning,0,284.4842668792569,0.047326832425368,20.6
274844,50.0,F,US,Austin,mobile,family,2626,news,31.2,PG-13,5324,interstitial,post_roll,healthcare,6.63,8,0,0,0,23.9,3,11.5,1.08,0.04,0.09,2024-03-04 07:00:00,7,0,3,0.0,0.0,0.375,0.4983039999999999,8,0.0,mobile_healthcare,morning,0,284.4842668792569,0.047326832425368,23.9
631511,24.0,Other,UK,London,mobile,free,1085,sports,43.4,PG-13,5565,video,in_feed,cpg,4.08,9,0,0,0,5.3,3,7.94,0.77,0.03,0.07,2024-03-04 07:00:00,7,0,3,0.0,0.0,0.3333333333333333,0.3212279999999999,9,0.0,mobile_cpg,morning,0,284.4842668792569,0.047326832425368,5.3
153146,59.0,F,BR,Sao Paulo,mobile,free,2670,comedy,2.0,R,5095,native,in_feed,auto,4.16,9,0,0,0,0.5,3,5.85,1.3,0.02,0.05,2024-03-04 07:00:00,7,0,3,0.0,0.0,0.3333333333333333,0.2779266666666666,9,0.0,mobile_auto,morning,0,284.4842668792569,0.047326832425368,0.5
393189,62.0,M,UK,Manchester,desktop,premium,9014,sports,36.9,PG-13,5098,video,pre_roll,travel,5.92,7,2,0,1,16.1,0,4.47,1.3,1.57,0.42,2024-03-04 07:00:00,7,0,3,0.2857142857142857,0.0,0.2857142857142857,0.4487706666666666,7,0.2857142857142857,desktop_travel,morning,0,284.4842668792569,0.047326832425368,16.1
992904,46.0,F,AU,Sydney,mobile,basic,2141,news,48.0,R,5848,video,in_feed,gaming,10.2,7,0,0,0,30.3,3,8.99,1.57,0.03,0.06,2024-03-04 07:00:00,7,0,3,0.0,0.0,0.4285714285714285,0.549924,7,0.0,mobile_gaming,morning,0,284.4842668792569,0.047326832425368,30.3
740669,59.0,F,CA,Vancouver,mobile,free,1927,news,52.1,PG,5993,banner,mid_roll,travel,2.99,2,0,0,0,31.7,8,13.32,0.81,0.01,0.03,2024-03-04 07:00:00,7,0,3,0.0,0.0,4.0,0.7049573333333333,2,0.0,mobile_travel,morning,0,284.4842668792569,0.047326832425368,31.7
195372,29.0,F,US,Seattle,mobile,basic,6648,gaming,75.0,R,5660,video,post_roll,gaming,5.47,10,0,0,0,20.6,4,13.37,1.43,0.05,0.13,2024-03-04 07:00:00,7,0,3,0.0,0.0,0.4,0.5167143333333333,10,0.0,mobile_gaming,morning,0,284.4842668792569,0.047326832425368,20.6
427456,48.0,M,BR,Rio de Janeiro,desktop,free,1769,music,26.2,PG,5683,native,sidebar,cpg,4.74,3,0,0,0,13.6,2,13.14,1.88,0.02,0.04,2024-03-04 07:00:00,7,0,3,0.0,0.0,0.6666666666666666,0.3302383333333333,3,0.0,desktop_cpg,morning,0,284.4842668792569,0.047326832425368,13.6
878546,35.0,F,IN,Bengaluru,mobile,free,3959,music,38.7,R,5530,audio,pre_roll,retail,1.79,11,0,0,0,37.5,5,14.77,0.65,0.06,0.16,2024-03-04 07:00:00,7,0,3,0.0,0.0,0.4545454545454545,0.6887583333333334,11,0.0,mobile_retail,morning,0,284.4842668792569,0.047326832425368,37.5
585046,19.0,M,US,Seattle,desktop,free,7597,drama,57.6,PG,5151,video,sidebar,finance,9.01,2,0,0,0,38.0,5,7.87,0.75,0.01,0.02,2024-03-04 08:00:00,8,0,3,0.0,0.0,2.5,0.6910970000000001,2,0.0,desktop_finance,morning,0,284.4842668792569,0.047326832425368,38.0
350020,54.0,M,BR,Sao Paulo,desktop,basic,7476,documentary,49.3,R,5775,banner,pre_roll,finance,6.15,4,0,0,0,24.9,1,11.99,1.27,0.02,0.05,2024-03-04 08:00:00,8,0,3,0.0,0.0,0.25,0.3966083333333333,4,0.0,desktop_finance,morning,0,284.4842668792569,0.047326832425368,24.9
287202,35.0,F,IN,Hyderabad,desktop,premium,4808,music,24.6,R,5001,video,post_roll,travel,4.99,11,1,0,1,1.5,2,7.26,0.76,0.49,0.19,2024-03-04 08:00:00,8,0,3,0.0909090909090909,0.0,0.2727272727272727,0.3575503333333333,11,0.0909090909090909,desktop_travel,morning,0,284.4842668792569,0.047326832425368,1.5
478859,31.0,F,US,Austin,desktop,family,5878,news,53.1,G,5234,video,in_feed,retail,3.86,11,2,0,1,36.2,0,6.97,0.27,0.35,0.16,2024-03-04 08:00:00,8,0,3,0.1818181818181818,0.0,0.1818181818181818,0.6066903333333333,11,0.1818181818181818,desktop_retail,morning,0,284.4842668792569,0.047326832425368,36.2
180060,73.0,Other,US,Unknown,mobile,free,5972,news,76.8,G,5868,interstitial,in_feed,travel,4.76,11,0,0,0,45.1,4,6.06,1.54,0.03,0.07,2024-03-04 08:00:00,8,0,3,0.0,0.0,0.3636363636363636,0.6778343333333333,11,0.0,mobile_travel,morning,0,284.4842668792569,0.047326832425368,22.8
849059,24.0,F,US,Seattle,mobile,free,7962,kids,2.0,PG,5335,native,sidebar,healthcare,2.12,8,0,0,0,4.9,1,9.34,0.62,0.03,0.07,2024-03-04 08:00:00,8,0,3,0.0,0.0,0.125,0.208003,8,0.0,mobile_healthcare,morning,0,284.4842668792569,0.047326832425368,4.9
679906,29.0,F,BR,Sao Paulo,desktop,family,8697,sports,10.3,PG,5084,audio,post_roll,cpg,5.47,11,0,0,0,1.1,2,18.29,1.06,0.08,0.2,2024-03-04 08:00:00,8,0,3,0.0,0.0,0.1818181818181818,0.236173,11,0.0,desktop_cpg,morning,0,284.4842668792569,0.047326832425368,1.1
548939,73.0,M,US,New York,desktop,premium,6941,kids,49.3,G,5459,audio,pre_roll,cpg,6.15,2,0,0,0,22.1,3,3.23,1.34,0.0,0.01,2024-03-04 08:00:00,8,0,3,0.0,0.0,1.5,0.4819293333333333,2,0.0,desktop_cpg,morning,0,284.4842668792569,0.047326832425368,22.1
262404,68.0,F,US,Austin,desktop,free,7029,gaming,12.3,PG,5941,native,post_roll,tech,7.12,4,0,0,0,2.6,4,11.15,1.05,0.02,0.04,2024-03-04 08:00:00,8,0,3,0.0,0.0,1.0,0.3585263333333333,4,0.0,desktop_tech,morning,0,284.4842668792569,0.047326832425368,8.05
941111,27.0,M,US,New York,mobile,free,9584,news,24.1,G,5798,audio,in_feed,auto,3.7,11,0,0,0,8.3,3,14.16,0.53,0.06,0.16,2024-03-04 08:00:00,8,0,3,0.0,0.0,0.2727272727272727,0.3435279999999999,11,0.0,mobile_auto,morning,0,284.4842668792569,0.047326832425368,8.3
508124,57.0,M,IN,Hyderabad,tablet,premium,1409,music,62.8,PG,5763,audio,pre_roll,healthcare,0.75,1,0,0,0,20.6,2,7.38,0.77,0.0,0.01,2024-03-04 08:00:00,8,0,3,0.0,0.0,2.0,0.4023743333333333,1,0.0,tablet_healthcare,morning,0,284.4842668792569,0.047326832425368,20.6
378559,22.0,Other,BR,Rio de Janeiro,tablet,premium,5307,news,71.1,G,5733,video,pre_roll,retail,7.37,10,0,0,0,36.9,5,7.36,1.64,0.03,0.07,2024-03-04 09:00:00,9,0,3,0.0,0.0,0.5,0.6858703333333334,10,0.0,tablet_retail,morning,0,284.4842668792569,0.047326832425368,23.55
721792,29.0,M,IN,Hyderabad,mobile,free,1431,drama,41.4,R,5001,video,mid_roll,tech,15.18,6,1,1,1,15.7,6,12.55,2.06,19.05,0.38,2024-03-04 09:00:00,9,0,3,0.1666666666666666,1.0,1.3333333333333333,0.6866686666666666,6,0.1666666666666666,mobile_tech,morning,0,284.4842668792569,0.047326832425368,15.7
750805,63.0,M,DE,Berlin,desktop,family,8656,documentary,37.5,G,5301,interstitial,sidebar,finance,7.63,2,0,0,0,2.4,4,8.96,1.57,0.01,0.02,2024-03-04 09:00:00,9,0,3,0.0,0.0,2.0,0.357365,2,0.0,desktop_finance,morning,0,284.4842668792569,0.047326832425368,2.4
378034,14.0,M,US,Chicago,mobile,premium,9996,music,67.6,R,5460,banner,pre_roll,finance,5.27,2,0,0,0,57.8,5,10.55,1.19,0.01,0.02,2024-03-04 09:00:00,9,0,3,0.0,0.0,2.5,0.7432730000000001,2,0.0,mobile_finance,morning,0,284.4842668792569,0.047326832425368,46.95
596402,68.0,F,FR,Unknown,desktop,premium,3282,kids,33.1,PG,5191,audio,in_feed,finance,2.88,9,0,0,0,15.7,2,1.87,0.87,0.01,0.02,2024-03-04 09:00:00,9,0,3,0.0,0.0,0.2222222222222222,0.3499596666666666,9,0.0,desktop_finance,morning,0,284.4842668792569,0.047326832425368,15.7
698194,15.0,F,US,Chicago,smart_tv,free,6480,documentary,108.7,PG-13,5698,interstitial,pre_roll,healthcare,4.65,9,0,0,0,59.4,3,4.36,1.06,0.02,0.04,2024-03-04 09:00:00,9,0,3,0.0,0.0,0.3333333333333333,0.6498773333333333,9,0.0,smart_tv_healthcare,morning,0,284.4842668792569,0.047326832425368,59.4
265133,37.0,F,US,Chicago,mobile,premium,1585,gaming,24.2,R,5493,audio,in_feed,auto,4.18,10,0,0,0,0.5,3,13.59,1.08,0.05,0.14,2024-03-04 09:00:00,9,0,3,0.0,0.0,0.3,0.2779266666666666,10,0.0,mobile_auto,morning,0,284.4842668792569,0.047326832425368,0.5
688632,35.0,M,BR,Rio de Janeiro,mobile,free,7393,sports,25.2,R,5252,video,sidebar,finance,1.83,9,0,0,0,25.4,3,9.28,0.25,0.03,0.08,2024-03-04 09:00:00,9,0,3,0.0,0.0,0.3333333333333333,0.5114093333333334,9,0.0,mobile_finance,morning,0,284.4842668792569,0.047326832425368,25.4
358624,55.0,F,MX,Mexico City,mobile,basic,9264,sports,25.3,PG-13,5936,native,sidebar,auto,2.41,5,0,0,0,18.7,2,6.35,0.83,0.01,0.03,2024-03-04 09:00:00,9,0,3,0.0,0.0,0.4,0.378557,5,0.0,mobile_auto,morning,0,284.4842668792569,0.047326832425368,18.7
148992,32.0,M,IN,Bengaluru,desktop,premium,9105,news,14.6,G,5723,video,post_roll,travel,6.88,10,0,0,0,17.2,2,11.76,1.58,0.05,0.12,2024-03-04 09:00:00,9,0,3,0.0,0.0,0.2,0.3639983333333333,10,0.0,desktop_travel,morning,0,284.4842668792569,0.047326832425368,17.2
344807,69.0,M,IN,Hyderabad,tablet,basic,7344,sports,35.3,PG-13,5281,video,in_feed,tech,9.22,8,0,0,0,21.7,1,12.59,0.71,0.04,0.1,2024-03-04 10:00:00,10,0,3,0.0,0.0,0.125,0.3678763333333333,8,0.0,tablet_tech,morning,0,284.4842668792569,0.047326832425368,21.7
730495,70.0,M,US,Chicago,mobile,free,5106,documentary,2.0,G,5072,banner,in_feed,gaming,3.56,9,0,0,0,0.5,4,11.27,0.98,0.04,0.1,2024-03-04 10:00:00,10,0,3,0.0,0.0,0.4444444444444444,0.3323756666666666,9,0.0,mobile_gaming,morning,0,284.4842668792569,0.047326832425368,0.5
376613,63.0,Unknown,JP,Tokyo,mobile,premium,8958,news,24.1,G,5160,native,sidebar,travel,3.07,10,0,0,0,25.4,2,9.99,0.54,0.04,0.1,2024-03-04 10:00:00,10,0,3,0.0,0.0,0.2,0.4515183333333333,10,0.0,mobile_travel,morning,0,284.4842668792569,0.047326832425368,25.4
320599,45.0,F,AU,Melbourne,desktop,free,3073,kids,28.3,PG,5392,banner,sidebar,retail,6.62,6,0,0,0,31.7,2,9.3,0.99,0.02,0.06,2024-03-04 10:00:00,10,0,3,0.0,0.0,0.3333333333333333,0.4998463333333333,6,0.0,desktop_retail,morning,0,284.4842668792569,0.047326832425368,31.7
763839,23.0,M,IN,Mumbai,mobile,premium,7520,music,45.7,PG-13,5828,banner,post_roll,finance,1.52,5,1,0,1,20.6,6,14.43,0.29,0.2,0.12,2024-03-04 10:00:00,10,0,3,0.2,0.0,1.4,0.7475383333333334,5,0.2,mobile_finance,morning,0,284.4842668792569,0.047326832425368,20.6
183622,63.0,M,IN,Bengaluru,mobile,family,7008,comedy,19.3,R,5178,banner,sidebar,cpg,3.87,8,1,0,1,28.8,3,5.06,1.45,0.89,0.26,2024-03-04 10:00:00,10,0,3,0.125,0.0,0.5,0.680941,8,0.125,mobile_cpg,morning,0,284.4842668792569,0.047326832425368,28.8
406461,27.0,M,DE,Berlin,mobile,premium,4529,drama,23.9,PG-13,5700,banner,in_feed,cpg,3.22,4,0,0,0,95.05050000000048,2,11.58,0.44,0.02,0.05,2024-03-04 10:00:00,10,0,3,0.0,0.0,0.5,0.6016316666666667,4,0.0,mobile_cpg,morning,0,284.4842668792569,0.047326832425368,95.05050000000048
249714,56.0,M,BR,Sao Paulo,mobile,free,8633,music,43.8,PG,5205,audio,pre_roll,healthcare,6.06,6,0,0,0,15.8,6,8.14,1.41,0.02,0.05,2024-03-04 10:00:00,10,0,3,0.0,0.0,1.0,0.532489,6,0.0,mobile_healthcare,morning,0,284.4842668792569,0.047326832425368,15.8
578026,44.0,F,IN,Mumbai,desktop,family,7151,gaming,39.8,R,5828,video,in_feed,tech,4.05,8,0,0,0,18.6,3,15.78,0.84,0.05,0.13,2024-03-04 10:00:00,10,0,3,0.0,0.0,0.375,0.4374706666666667,8,0.0,desktop_tech,morning,0,284.4842668792569,0.047326832425368,21.35
611013,56.0,M,US,New York,mobile,free,4882,music,43.4,PG,5268,interstitial,sidebar,auto,3.89,3,0,0,0,22.9,3,11.41,0.24,0.01,0.03,2024-03-04 10:00:00,10,0,3,0.0,0.0,1.0,0.489364,3,0.0,mobile_auto,morning,0,284.4842668792569,0.047326832425368,22.9
836728,42.0,M,US,Seattle,desktop,basic,2636,comedy,30.9,PG-13,5435,native,mid_roll,healthcare,5.09,6,0,0,0,8.2,1,5.98,1.51,0.01,0.04,2024-03-04 10:00:00,10,0,3,0.0,0.0,0.1666666666666666,0.232207,6,0.0,desktop_healthcare,morning,0,284.4842668792569,0.047326832425368,8.2
270238,55.0,F,BR,Sao Paulo,mobile,basic,1625,documentary,27.1,PG-13,5376,banner,mid_roll,gaming,3.06,6,0,0,0,12.5,1,5.89,0.4,0.01,0.04,2024-03-04 10:00:00,10,0,3,0.0,0.0,0.1666666666666666,0.2697176666666666,6,0.0,mobile_gaming,morning,0,284.4842668792569,0.047326832425368,15.35
265566,74.0,F,US,Seattle,mobile,free,9770,comedy,16.7,PG-13,5365,video,in_feed,cpg,2.93,1,0,0,0,7.3,2,5.79,0.96,0.0,0.01,2024-03-04 11:00:00,11,0,3,0.0,0.0,2.0,0.2756863333333333,1,0.0,mobile_cpg,morning,0,284.4842668792569,0.047326832425368,7.3
329611,19.0,F,US,Austin,mobile,free,3114,news,19.5,G,5379,interstitial,sidebar,retail,7.69,4,0,0,0,24.9,3,12.9,1.24,0.02,0.05,2024-03-04 11:00:00,11,0,3,0.0,0.0,0.75,0.5070693333333334,4,0.0,mobile_retail,morning,0,284.4842668792569,0.047326832425368,24.9
910387,44.0,M,JP,Osaka,tablet,free,2159,comedy,39.5,G,5674,video,sidebar,finance,3.83,5,0,0,0,17.8,3,16.11,1.12,0.03,0.08,2024-03-04 11:00:00,11,0,3,0.0,0.0,0.6,0.4299426666666666,5,0.0,tablet_finance,morning,0,284.4842668792569,0.047326832425368,17.8
138235,62.0,Other,US,Chicago,desktop,free,5847,sports,37.1,PG,5843,native,mid_roll,retail,5.13,3,0,0,0,20.3,5,12.16,1.25,0.01,0.04,2024-03-04 11:00:00,11,0,3,0.0,0.0,1.6666666666666667,0.5486503333333334,3,0.0,desktop_retail,morning,0,284.4842668792569,0.047326832425368,20.3
682399,22.0,M,UK,Manchester,desktop,premium,4680,sports,75.8,G,5842,audio,mid_roll,tech,13.83,3,0,0,0,61.1,7,9.99,1.3,0.01,0.03,2024-03-04 11:00:00,11,0,3,0.0,0.0,2.333333333333333,0.7884626666666666,3,0.0,desktop_tech,morning,0,284.4842668792569,0.047326832425368,61.1
750952,56.0,Other,IN,Mumbai,desktop,premium,5908,comedy,9.8,PG-13,5352,interstitial,pre_roll,finance,6.07,1,0,0,0,8.3,5,9.3,1.27,0.0,0.01,2024-03-04 11:00:00,11,0,3,0.0,0.0,5.0,0.438697,1,0.0,desktop_finance,morning,0,284.4842668792569,0.047326832425368,8.3
960817,45.0,F,UK,Manchester,desktop,family,9256,news,27.1,R,5783,banner,mid_roll,gaming,4.41,3,0,0,0,8.4,1,6.42,1.72,0.01,0.02,2024-03-04 11:00:00,11,0,3,0.0,0.0,0.3333333333333333,0.2339056666666666,3,0.0,desktop_gaming,morning,0,284.4842668792569,0.047326832425368,8.4
180643,63.0,M,DE,Munich,tablet,free,9985,drama,15.2,PG-13,5581,native,mid_roll,cpg,5.17,1,0,0,0,9.5,2,12.26,0.79,0.0,0.01,2024-03-04 11:00:00,11,0,3,0.0,0.0,2.0,0.293629,1,0.0,tablet_cpg,morning,0,284.4842668792569,0.047326832425368,9.5
439664,71.0,M,UK,London,tablet,free,5474,gaming,35.3,PG-13,5681,audio,post_roll,retail,3.34,5,0,0,0,21.1,0,12.41,1.4,0.02,0.06,2024-03-04 12:00:00,12,0,3,0.0,0.0,0.0,0.3334766666666666,5,0.0,tablet_retail,afternoon,0,284.4842668792569,0.047326832425368,21.1
799126,39.0,M,US,Chicago,desktop,premium,9005,music,11.8,PG,5280,audio,post_roll,finance,3.86,9,1,0,1,0.5,1,14.21,1.46,0.93,0.35,2024-03-04 12:00:00,12,0,3,0.1111111111111111,0.0,0.2222222222222222,0.3025856666666666,9,0.1111111111111111,desktop_finance,afternoon,0,284.4842668792569,0.047326832425368,0.5
108949,44.0,M,US,Austin,tablet,free,9831,kids,17.6,PG-13,5970,audio,pre_roll,tech,6.29,10,0,0,0,6.6,4,14.33,0.95,0.06,0.14,2024-03-04 12:00:00,12,0,3,0.0,0.0,0.4,0.3848623333333333,10,0.0,tablet_tech,afternoon,0,284.4842668792569,0.047326832425368,6.6
554231,13.0,F,MX,Mexico City,mobile,basic,2929,documentary,2.0,PG,5732,native,sidebar,gaming,8.91,3,0,0,0,18.5,1,12.78,1.05,0.02,0.04,2024-03-04 12:00:00,12,0,3,0.0,0.0,0.3333333333333333,0.326059,3,0.0,mobile_gaming,afternoon,0,284.4842668792569,0.047326832425368,18.5
285798,72.0,M,US,Austin,mobile,free,8092,comedy,25.4,PG-13,5481,native,sidebar,cpg,7.69,3,0,0,0,20.6,2,1.45,2.04,0.0,0.0,2024-03-04 12:00:00,12,0,3,0.0,0.0,0.6666666666666666,0.4023743333333333,3,0.0,mobile_cpg,afternoon,0,284.4842668792569,0.047326832425368,20.6
588179,45.0,F,AU,Melbourne,desktop,family,6483,drama,53.3,PG,5200,interstitial,sidebar,finance,2.07,3,0,0,0,34.4,4,8.15,1.21,0.01,0.02,2024-03-04 12:00:00,12,0,3,0.0,0.0,1.3333333333333333,0.631105,3,0.0,desktop_finance,afternoon,0,284.4842668792569,0.047326832425368,34.4
518507,35.0,M,CA,Vancouver,desktop,free,8469,sports,29.8,PG,5653,native,pre_roll,finance,3.58,7,1,0,1,27.7,2,7.12,1.33,0.82,0.25,2024-03-04 12:00:00,12,0,3,0.1428571428571428,0.0,0.4285714285714285,0.6191626666666666,7,0.1428571428571428,desktop_finance,afternoon,0,284.4842668792569,0.047326832425368,23.85
628860,52.0,M,UK,Manchester,mobile,free,8912,comedy,35.8,R,5153,audio,sidebar,travel,3.82,4,0,0,0,21.0,1,8.98,0.83,0.01,0.04,2024-03-04 12:00:00,12,0,3,0.0,0.0,0.25,0.3615043333333333,4,0.0,mobile_travel,afternoon,0,284.4842668792569,0.047326832425368,21.0
366538,48.0,Other,US,Austin,tablet,basic,5466,comedy,73.1,PG,5233,interstitial,sidebar,finance,4.34,8,1,0,1,40.5,1,7.72,1.44,0.89,0.28,2024-03-04 13:00:00,13,0,3,0.125,0.0,0.25,0.6390773333333333,8,0.125,tablet_finance,afternoon,0,284.4842668792569,0.047326832425368,28.75
558738,67.0,F,US,Seattle,tablet,basic,6353,gaming,15.0,PG-13,5204,banner,mid_roll,cpg,7.79,4,0,0,0,1.1,1,10.47,2.05,0.02,0.04,2024-03-04 13:00:00,13,0,3,0.0,0.0,0.25,0.185603,4,0.0,tablet_cpg,afternoon,0,284.4842668792569,0.047326832425368,1.1
329143,15.0,F,US,Austin,mobile,family,6460,kids,25.2,G,5194,video,post_roll,gaming,3.84,4,0,0,0,20.6,6,8.59,1.04,0.01,0.03,2024-03-04 13:00:00,13,0,3,0.0,0.0,1.5,0.5839583333333334,4,0.0,mobile_gaming,afternoon,0,284.4842668792569,0.047326832425368,20.6
634191,35.0,M,BR,Sao Paulo,mobile,premium,5026,documentary,16.5,PG-13,5551,native,post_roll,retail,11.71,4,0,0,0,19.2,6,14.03,1.5,0.02,0.06,2024-03-04 13:00:00,13,0,3,0.0,0.0,1.5,0.5648676666666667,4,0.0,mobile_retail,afternoon,0,284.4842668792569,0.047326832425368,19.2
842646,67.0,F,US,Seattle,mobile,basic,4650,news,2.0,R,5193,native,mid_roll,auto,6.24,11,1,0,1,0.5,3,5.99,1.08,0.67,0.23,2024-03-04 13:00:00,13,0,3,0.0909090909090909,0.0,0.3636363636363636,0.3972226666666666,11,0.0909090909090909,mobile_auto,afternoon,0,284.4842668792569,0.047326832425368,0.5
511398,71.0,Other,MX,Guadalajara,mobile,basic,6721,drama,53.7,PG,5333,interstitial,in_feed,finance,1.87,9,0,0,0,31.6,3,12.41,0.87,0.04,0.11,2024-03-04 13:00:00,13,0,3,0.0,0.0,0.3333333333333333,0.559028,9,0.0,mobile_finance,afternoon,0,284.4842668792569,0.047326832425368,31.6
211249,34.0,M,US,New York,mobile,basic,4518,drama,13.6,R,5049,banner,sidebar,cpg,6.32,11,0,0,0,0.5,0,8.47,1.24,0.04,0.09,2024-03-04 13:00:00,13,0,3,0.0,0.0,0.0,0.1385326666666666,11,0.0,mobile_cpg,afternoon,0,284.4842668792569,0.047326832425368,0.5
427936,61.0,M,IN,Hyderabad,mobile,free,4600,sports,32.9,PG-13,5753,banner,in_feed,tech,7.87,5,1,0,1,15.7,1,8.56,1.62,0.99,0.29,2024-03-04 13:00:00,13,0,3,0.2,0.0,0.4,0.4629696666666666,5,0.2,mobile_tech,afternoon,0,284.4842668792569,0.047326832425368,15.7
281535,23.0,M,US,Chicago,mobile,free,8346,kids,25.0,G,5590,audio,mid_roll,retail,8.87,10,0,0,0,20.2,2,11.35,1.81,0.05,0.11,2024-03-04 13:00:00,13,0,3,0.0,0.0,0.2,0.3926543333333333,10,0.0,mobile_retail,afternoon,0,284.4842668792569,0.047326832425368,20.2
234010,51.0,M,UK,London,desktop,premium,4754,news,49.4,R,5213,audio,sidebar,auto,9.08,2,0,0,0,17.4,3,10.66,1.88,0.01,0.02,2024-03-04 13:00:00,13,0,3,0.0,0.0,1.5,0.425868,2,0.0,desktop_auto,afternoon,0,284.4842668792569,0.047326832425368,17.4
398191,39.0,F,US,Seattle,mobile,free,7606,drama,27.1,PG,5709,banner,pre_roll,tech,8.49,5,0,0,0,12.4,0,9.44,1.09,0.02,0.05,2024-03-04 13:00:00,13,0,3,0.0,0.0,0.0,0.2398673333333333,5,0.0,mobile_tech,afternoon,0,284.4842668792569,0.047326832425368,12.4
715477,33.0,M,US,New York,mobile,premium,6232,news,37.4,R,5298,audio,in_feed,healthcare,2.8,8,0,0,0,19.0,5,11.83,1.15,0.04,0.09,2024-03-04 13:00:00,13,0,3,0.0,0.0,0.625,0.5364383333333334,8,0.0,mobile_healthcare,afternoon,0,284.4842668792569,0.047326832425368,12.45
295101,70.0,F,IN,Bengaluru,desktop,basic,1363,comedy,41.5,PG,5067,native,pre_roll,cpg,2.22,7,0,0,0,25.1,1,5.97,0.38,0.02,0.04,2024-03-04 14:00:00,14,0,3,0.0,0.0,0.1428571428571428,0.3983563333333333,7,0.0,desktop_cpg,afternoon,0,284.4842668792569,0.047326832425368,25.1
908064,43.0,M,DE,Berlin,mobile,premium,8566,news,14.8,PG-13,5137,video,pre_roll,cpg,7.85,3,0,0,0,6.2,3,15.39,1.13,0.02,0.05,2024-03-04 14:00:00,14,0,3,0.0,0.0,1.0,0.3274399999999999,3,0.0,mobile_cpg,afternoon,0,284.4842668792569,0.047326832425368,6.2
694666,59.0,F,JP,Osaka,mobile,premium,1922,comedy,8.6,PG-13,5010,audio,sidebar,auto,3.29,2,0,0,0,9.9,2,8.39,1.35,0.01,0.02,2024-03-04 14:00:00,14,0,3,0.0,0.0,1.0,0.2969783333333333,2,0.0,mobile_auto,afternoon,0,284.4842668792569,0.047326832425368,28.3
575037,34.0,F,FR,Paris,mobile,free,3016,news,22.6,PG-13,5874,banner,in_feed,tech,6.03,5,0,0,0,0.5,2,10.51,0.75,0.02,0.05,2024-03-04 14:00:00,14,0,3,0.0,0.0,0.4,0.2180356666666666,5,0.0,mobile_tech,afternoon,0,284.4842668792569,0.047326832425368,0.5
348734,47.0,M,IN,Bengaluru,mobile,free,7312,music,2.0,PG,5719,banner,in_feed,cpg,1.52,6,1,0,1,2.3,3,9.41,0.97,0.6,0.2,2024-03-04 14:00:00,14,0,3,0.1666666666666666,0.0,0.6666666666666666,0.4574863333333333,6,0.1666666666666666,mobile_cpg,afternoon,0,284.4842668792569,0.047326832425368,2.3
104714,37.0,M,FR,Paris,mobile,free,9864,drama,57.2,PG-13,5311,native,in_feed,finance,3.07,9,1,0,1,45.3,7,10.27,1.35,0.85,0.29,2024-03-04 14:00:00,14,0,3,0.1111111111111111,0.0,0.8888888888888888,0.8961106666666667,9,0.1111111111111111,mobile_finance,afternoon,0,284.4842668792569,0.047326832425368,45.3
516229,57.0,F,FR,Paris,desktop,basic,2778,gaming,35.3,R,5995,banner,post_roll,cpg,5.08,5,1,0,1,24.9,2,7.73,1.3,0.8,0.23,2024-03-04 14:00:00,14,0,3,0.2,0.0,0.6,0.6107583333333333,5,0.2,desktop_cpg,afternoon,0,284.4842668792569,0.047326832425368,24.9
761701,63.0,F,DE,Berlin,desktop,basic,1348,news,72.9,R,5029,banner,in_feed,gaming,6.61,8,0,0,0,44.1,3,8.33,1.51,0.03,0.07,2024-03-04 14:00:00,14,0,3,0.0,0.0,0.375,0.6202466666666666,8,0.0,desktop_gaming,afternoon,0,284.4842668792569,0.047326832425368,44.1
271532,44.0,M,JP,Osaka,mobile,premium,9432,drama,22.8,PG,5796,video,pre_roll,gaming,1.29,5,0,0,0,23.1,5,8.52,1.29,0.02,0.04,2024-03-04 14:00:00,14,0,3,0.0,0.0,1.0,0.5863929999999999,5,0.0,mobile_gaming,afternoon,0,284.4842668792569,0.047326832425368,23.1
807052,50.0,F,US,Chicago,desktop,basic,4433,kids,8.2,G,5036,video,pre_roll,retail,1.77,8,0,0,0,0.5,4,6.75,1.41,0.02,0.05,2024-03-04 14:00:00,14,0,3,0.0,0.0,0.5,0.3323756666666666,8,0.0,desktop_retail,afternoon,0,284.4842668792569,0.047326832425368,0.5
945967,51.0,F,US,Austin,desktop,free,2967,news,22.8,G,5281,banner,post_roll,cpg,7.7,7,1,0,1,7.7,3,16.15,1.56,0.98,0.35,2024-03-04 14:00:00,14,0,3,0.1428571428571428,0.0,0.5714285714285714,0.4876509999999999,7,0.1428571428571428,desktop_cpg,afternoon,0,284.4842668792569,0.047326832425368,7.7
740710,30.0,F,AU,Sydney,mobile,free,5770,kids,18.0,R,5169,interstitial,mid_roll,auto,6.53,8,0,0,0,7.3,0,9.77,1.23,0.03,0.08,2024-03-04 15:00:00,15,0,3,0.0,0.0,0.0,0.1961833333333333,8,0.0,mobile_auto,afternoon,0,284.4842668792569,0.047326832425368,7.3
441906,30.0,F,UK,London,tablet,basic,9355,sports,57.3,PG-13,5460,audio,in_feed,gaming,4.68,6,0,0,0,22.4,3,13.91,1.45,0.03,0.08,2024-03-04 15:00:00,15,0,3,0.0,0.0,0.5,0.4847386666666666,6,0.0,tablet_gaming,afternoon,0,284.4842668792569,0.047326832425368,22.4
789298,33.0,F,UK,London,mobile,basic,9353,drama,2.0,R,5377,video,mid_roll,retail,3.86,5,0,0,0,0.9,2,14.06,1.8,0.03,0.07,2024-03-04 15:00:00,15,0,3,0.0,0.0,0.4,0.235177,5,0.0,mobile_retail,afternoon,0,284.4842668792569,0.047326832425368,0.9
874324,42.0,F,BR,Rio de Janeiro,mobile,free,9956,documentary,16.6,PG,5584,audio,mid_roll,retail,9.66,4,1,0,1,17.1,2,10.56,1.12,0.69,0.21,2024-03-04 15:00:00,15,0,3,0.25,0.0,0.75,0.5342286666666667,4,0.25,mobile_retail,afternoon,0,284.4842668792569,0.047326832425368,17.1
612086,68.0,M,IN,Bengaluru,mobile,basic,5567,comedy,40.0,PG-13,5565,native,in_feed,finance,6.85,1,0,0,0,19.9,1,10.73,1.48,0.0,0.01,2024-03-04 15:00:00,15,0,3,0.0,0.0,1.0,0.3392776666666666,1,0.0,mobile_finance,afternoon,0,284.4842668792569,0.047326832425368,19.9
697452,48.0,M,IN,Bengaluru,mobile,premium,4578,kids,31.4,PG,5056,audio,mid_roll,travel,3.92,10,1,0,1,13.0,4,12.61,1.04,0.67,0.28,2024-03-04 15:00:00,15,0,3,0.1,0.0,0.5,0.5666526666666667,10,0.1,mobile_travel,afternoon,0,284.4842668792569,0.047326832425368,13.0
236855,48.0,F,US,Austin,mobile,premium,9980,comedy,29.2,PG,5276,native,sidebar,auto,4.68,5,0,0,0,6.8,2,9.57,1.0,0.02,0.05,2024-03-04 15:00:00,15,0,3,0.0,0.0,0.4,0.2720356666666667,5,0.0,mobile_auto,afternoon,0,284.4842668792569,0.047326832425368,6.8
439880,52.0,F,US,Seattle,desktop,free,2404,sports,49.9,PG,5948,audio,pre_roll,healthcare,5.73,11,0,0,0,23.0,6,13.5,1.45,0.06,0.15,2024-03-04 15:00:00,15,0,3,0.0,0.0,0.5454545454545454,0.612021,11,0.0,desktop_healthcare,afternoon,0,284.4842668792569,0.047326832425368,23.0
851067,73.0,M,JP,Osaka,smart_tv,free,4820,drama,56.0,PG,5832,native,pre_roll,travel,6.23,3,1,0,1,23.7,2,12.1,1.4,0.85,0.25,2024-03-04 15:00:00,15,0,3,0.3333333333333333,0.0,1.0,0.6138729999999999,3,0.3333333333333333,smart_tv_travel,afternoon,0,284.4842668792569,0.047326832425368,23.7
246630,13.0,F,DE,Munich,smart_tv,free,7850,kids,46.4,PG-13,5104,video,post_roll,cpg,5.36,6,0,0,0,23.3,1,10.93,0.75,0.03,0.07,2024-03-04 15:00:00,15,0,3,0.0,0.0,0.1666666666666666,0.3824683333333333,6,0.0,smart_tv_cpg,afternoon,0,284.4842668792569,0.047326832425368,23.3
182922,44.0,F,BR,Sao Paulo,tablet,basic,6480,sports,33.9,R,5759,audio,sidebar,travel,7.6,3,1,0,1,24.7,1,12.88,0.97,0.6,0.18,2024-03-04 15:00:00,15,0,3,0.3333333333333333,0.0,0.6666666666666666,0.5722083333333333,3,0.3333333333333333,tablet_travel,afternoon,0,284.4842668792569,0.047326832425368,24.7
993377,18.0,F,IN,Hyderabad,desktop,free,1687,kids,51.5,PG,5932,video,in_feed,cpg,4.8,7,0,0,0,27.8,5,15.52,1.11,0.04,0.11,2024-03-04 15:00:00,15,0,3,0.0,0.0,0.7142857142857143,0.6260169999999999,7,0.0,desktop_cpg,afternoon,0,284.4842668792569,0.047326832425368,27.8
701603,70.0,M,US,Seattle,desktop,premium,5210,comedy,38.2,G,5778,audio,pre_roll,healthcare,8.76,11,1,0,1,17.9,2,6.18,1.4,0.87,0.28,2024-03-04 15:00:00,15,0,3,0.0909090909090909,0.0,0.2727272727272727,0.490313,11,0.0909090909090909,desktop_healthcare,afternoon,0,284.4842668792569,0.047326832425368,17.9
764621,50.0,M,IN,Hyderabad,mobile,basic,3946,music,16.7,R,5395,audio,sidebar,cpg,7.41,1,0,0,0,0.5,0,12.24,1.39,0.0,0.01,2024-03-04 15:00:00,15,0,3,0.0,0.0,0.0,0.1385326666666666,1,0.0,mobile_cpg,afternoon,0,284.4842668792569,0.047326832425368,0.5
197631,41.0,M,US,New York,tablet,free,6025,comedy,42.7,PG-13,5610,video,post_roll,auto,6.07,5,1,1,1,30.5,1,15.92,1.54,19.03,0.31,2024-03-04 15:00:00,15,0,3,0.2,1.0,0.6,0.6044149999999999,5,0.2,tablet_auto,afternoon,0,284.4842668792569,0.047326832425368,30.5
233917,39.0,M,AU,Sydney,smart_tv,free,4655,news,7.5,R,5198,native,in_feed,retail,4.8,5,0,0,0,1.6,2,11.12,1.32,0.02,0.06,2024-03-04 15:00:00,15,0,3,0.0,0.0,0.4,0.2387983333333333,5,0.0,smart_tv_retail,afternoon,0,284.4842668792569,0.047326832425368,1.6
941786,40.0,F,DE,Munich,mobile,free,4712,kids,34.3,PG,5195,banner,mid_roll,travel,5.09,8,0,0,0,19.9,2,9.23,1.09,0.03,0.07,2024-03-04 15:00:00,15,0,3,0.0,0.0,0.25,0.3898476666666666,8,0.0,mobile_travel,afternoon,0,284.4842668792569,0.047326832425368,19.9
245377,44.0,M,US,Austin,mobile,basic,3688,kids,14.8,G,5847,audio,mid_roll,tech,4.36,7,0,0,0,4.8,1,8.0,0.48,0.02,0.06,2024-03-04 16:00:00,16,0,3,0.0,0.0,0.1428571428571428,0.207359,7,0.0,mobile_tech,afternoon,0,284.4842668792569,0.047326832425368,4.8
541100,69.0,M,US,Seattle,smart_tv,family,6190,drama,56.3,PG,5744,audio,pre_roll,tech,5.96,3,0,0,0,35.1,3,11.06,1.42,0.01,0.03,2024-03-04 16:00:00,16,0,3,0.0,0.0,1.0,0.580736,3,0.0,smart_tv_tech,afternoon,0,284.4842668792569,0.047326832425368,35.1
384754,58.0,M,MX,Mexico City,desktop,family,2247,gaming,35.7,R,5969,audio,post_roll,healthcare,4.68,2,1,0,1,21.4,5,11.07,1.36,0.82,0.23,2024-03-04 16:00:00,16,0,3,0.5,0.0,3.0,0.7522979999999999,2,0.5,desktop_healthcare,afternoon,0,284.4842668792569,0.047326832425368,21.4
846979,34.0,F,FR,Lyon,tablet,basic,9906,documentary,42.4,R,5046,interstitial,pre_roll,healthcare,10.27,9,0,0,0,29.1,4,16.12,2.34,0.06,0.15,2024-03-04 16:00:00,16,0,3,0.0,0.0,0.4444444444444444,0.5953596666666667,9,0.0,tablet_healthcare,afternoon,0,284.4842668792569,0.047326832425368,29.1
191095,50.0,F,CA,Vancouver,desktop,free,2396,gaming,55.6,PG,5081,video,sidebar,finance,4.07,3,1,1,1,43.7,3,10.38,0.84,34.13005000000005,0.16,2024-03-04 16:00:00,16,0,3,0.3333333333333333,1.0,1.6666666666666667,0.7963119999999999,3,0.3333333333333333,desktop_finance,afternoon,0,284.4842668792569,0.047326832425368,43.7
967580,52.0,Other,US,Austin,mobile,premium,7200,drama,30.1,PG-13,5909,banner,pre_roll,cpg,4.5,10,0,0,0,22.3,4,13.12,1.59,0.05,0.13,2024-03-04 17:00:00,17,0,3,0.0,0.0,0.4,0.5382276666666667,10,0.0,mobile_cpg,afternoon,0,284.4842668792569,0.047326832425368,22.3
186366,23.0,M,US,Unknown,mobile,free,9333,music,51.4,R,5820,interstitial,sidebar,finance,4.27,9,2,0,1,41.5,5,14.09,0.87,1.09,0.39,2024-03-04 17:00:00,17,0,3,0.2222222222222222,0.0,0.7777777777777778,0.8739956666666666,9,0.2222222222222222,mobile_finance,afternoon,0,284.4842668792569,0.047326832425368,41.5
237675,46.0,M,US,New York,mobile,premium,1987,kids,29.1,PG-13,5904,video,sidebar,retail,8.18,5,0,0,0,18.1,4,9.92,0.94,0.02,0.05,2024-03-04 17:00:00,17,0,3,0.0,0.0,0.8,0.4872356666666666,5,0.0,mobile_retail,afternoon,0,284.4842668792569,0.047326832425368,18.1
487359,24.0,M,UK,Manchester,mobile,basic,2076,drama,58.3,G,5475,banner,sidebar,retail,12.73,8,0,0,0,25.5,3,10.73,2.5,0.03,0.09,2024-03-04 17:00:00,17,0,3,0.0,0.0,0.375,0.5122226666666667,8,0.0,mobile_retail,afternoon,0,284.4842668792569,0.047326832425368,25.5
492022,74.0,F,UK,Manchester,smart_tv,free,8006,gaming,74.7,PG-13,5418,interstitial,post_roll,gaming,2.66,10,0,0,0,52.5,5,11.32,1.37,0.05,0.11,2024-03-04 17:00:00,17,0,3,0.0,0.0,0.5,0.7359436666666667,10,0.0,smart_tv_gaming,afternoon,0,284.4842668792569,0.047326832425368,52.5
997538,34.0,F,IN,Bengaluru,desktop,premium,2309,documentary,72.4,G,5685,native,mid_roll,finance,3.39,5,1,1,1,24.8,2,9.61,0.87,21.93,0.18,2024-03-04 17:00:00,17,0,3,0.2,1.0,0.8,0.6098796666666667,5,0.2,desktop_finance,afternoon,0,284.4842668792569,0.047326832425368,24.8
555870,65.0,F,FR,Lyon,mobile,free,7366,kids,56.3,G,5089,interstitial,mid_roll,cpg,2.4,1,0,0,0,20.1,2,11.35,0.84,0.0,0.01,2024-03-04 17:00:00,17,0,3,0.0,0.0,2.0,0.3917103333333333,1,0.0,mobile_cpg,afternoon,0,284.4842668792569,0.047326832425368,20.1
636841,37.0,M,UK,Manchester,mobile,free,3010,sports,38.3,R,5040,banner,mid_roll,gaming,5.14,1,1,0,1,27.1,8,12.47,1.32,0.8,0.21,2024-03-04 17:00:00,17,0,3,1.0,0.0,9.0,0.8544056666666666,1,1.0,mobile_gaming,afternoon,0,284.4842668792569,0.047326832425368,27.1
230096,33.0,F,IN,Mumbai,mobile,free,3119,music,75.7,PG-13,5320,interstitial,in_feed,gaming,4.57,1,0,0,0,49.4,2,11.21,1.03,0.0,0.01,2024-03-04 17:00:00,17,0,3,0.0,0.0,2.0,0.5747716666666667,1,0.0,mobile_gaming,afternoon,0,284.4842668792569,0.047326832425368,49.4
778780,46.0,F,US,Seattle,desktop,family,3692,comedy,43.5,PG,5211,banner,post_roll,healthcare,2.68,7,1,0,1,34.5,3,9.93,1.03,0.65,0.22,2024-03-04 17:00:00,17,0,3,0.1428571428571428,0.0,0.5714285714285714,0.7262163333333334,7,0.1428571428571428,desktop_healthcare,afternoon,0,284.4842668792569,0.047326832425368,64.77525000000023
676027,46.0,F,US,Seattle,mobile,free,9053,drama,34.1,PG,5589,interstitial,sidebar,travel,6.09,10,0,0,0,34.7,5,8.64,1.23,0.03,0.09,2024-03-04 17:00:00,17,0,3,0.0,0.0,0.5,0.6736196666666667,10,0.0,mobile_travel,afternoon,0,284.4842668792569,0.047326832425368,34.7
174248,17.0,M,IN,Bengaluru,tablet,basic,7455,documentary,66.1,G,5910,video,pre_roll,auto,3.62,3,0,0,0,27.9,5,8.42,1.61,0.01,0.03,2024-03-04 17:00:00,17,0,3,0.0,0.0,1.6666666666666667,0.6268196666666667,3,0.0,tablet_auto,afternoon,0,284.4842668792569,0.047326832425368,27.9
422423,66.0,F,US,Austin,mobile,free,8204,music,23.7,PG-13,5557,banner,pre_roll,cpg,14.73,7,0,0,0,17.0,0,21.9,1.85,0.06,0.15,2024-03-04 17:00:00,17,0,3,0.0,0.0,0.0,0.2826486666666666,7,0.0,mobile_cpg,afternoon,0,284.4842668792569,0.047326832425368,17.0
214395,74.0,F,FR,Lyon,desktop,free,9879,gaming,34.2,R,5772,audio,post_roll,finance,4.07,3,0,0,0,11.6,3,8.89,0.88,0.01,0.03,2024-03-04 17:00:00,17,0,3,0.0,0.0,1.0,0.3719706666666666,3,0.0,desktop_finance,afternoon,0,284.4842668792569,0.047326832425368,11.6
801727,61.0,M,IN,Hyderabad,desktop,basic,4351,gaming,39.3,PG,5806,native,sidebar,healthcare,4.45,1,1,0,1,17.4,1,9.32,1.01,0.61,0.16,2024-03-04 17:00:00,17,0,3,1.0,0.0,2.0,0.49937,1,1.0,desktop_healthcare,afternoon,0,284.4842668792569,0.047326832425368,17.4
544727,36.0,F,JP,Osaka,smart_tv,free,9779,comedy,50.4,R,5121,video,post_roll,finance,8.26,11,1,1,1,22.7,4,8.31,1.69,25.52,0.34,2024-03-04 17:00:00,17,0,3,0.0909090909090909,1.0,0.5454545454545454,0.661169,11,0.0909090909090909,smart_tv_finance,afternoon,0,284.4842668792569,0.047326832425368,22.7
379448,18.0,M,BR,Rio de Janeiro,desktop,free,6027,kids,2.7,R,5493,video,post_roll,gaming,9.41,1,0,0,0,4.0,3,13.23,0.64,0.01,0.01,2024-03-04 18:00:00,18,0,3,0.0,0.0,3.0,0.3124853333333333,1,0.0,desktop_gaming,evening,0,284.4842668792569,0.047326832425368,4.0
750553,61.0,M,UK,Manchester,mobile,family,9468,drama,53.5,PG-13,5672,video,pre_roll,cpg,17.56,9,0,0,0,41.9,4,12.73,1.78,0.05,0.11,2024-03-04 18:00:00,18,0,3,0.0,0.0,0.4444444444444444,0.6670743333333333,9,0.0,mobile_cpg,evening,0,284.4842668792569,0.047326832425368,41.9
349075,65.0,F,US,New York,mobile,basic,2301,music,41.9,PG-13,5718,banner,pre_roll,auto,2.97,10,0,0,0,30.9,3,11.0,1.19,0.04,0.11,2024-03-04 18:00:00,18,0,3,0.0,0.0,0.3,0.5540346666666667,10,0.0,mobile_auto,evening,0,284.4842668792569,0.047326832425368,30.9
245526,74.0,F,DE,Berlin,mobile,basic,1448,drama,7.8,PG-13,5655,video,sidebar,finance,10.28,2,0,0,0,9.2,2,10.96,1.78,0.01,0.02,2024-03-04 18:00:00,18,0,3,0.0,0.0,1.0,0.2910756666666667,2,0.0,mobile_finance,evening,0,284.4842668792569,0.047326832425368,22.5
667244,45.0,F,MX,Mexico City,desktop,basic,1438,documentary,23.1,PG-13,5289,banner,mid_roll,healthcare,5.71,6,0,0,0,15.6,3,5.25,1.06,0.01,0.03,2024-03-04 18:00:00,18,0,3,0.0,0.0,0.5,0.4088506666666666,6,0.0,desktop_healthcare,evening,0,284.4842668792569,0.047326832425368,15.6
349818,38.0,M,MX,Mexico City,desktop,free,1524,kids,27.9,PG-13,5148,video,pre_roll,finance,1.65,4,0,0,0,21.1,1,6.0,1.37,0.01,0.02,2024-03-04 18:00:00,18,0,3,0.0,0.0,0.25,0.3624096666666667,4,0.0,desktop_finance,evening,0,284.4842668792569,0.047326832425368,21.1
480737,65.0,M,IN,Mumbai,smart_tv,free,2001,documentary,42.5,PG-13,5826,audio,post_roll,gaming,9.13,4,0,0,0,23.5,5,13.31,2.66,0.02,0.05,2024-03-04 18:00:00,18,0,3,0.0,0.0,1.25,0.589893,4,0.0,smart_tv_gaming,evening,0,284.4842668792569,0.047326832425368,23.5
577611,28.0,M,IN,Bengaluru,mobile,free,7850,documentary,31.6,PG,5886,native,mid_roll,tech,2.1,5,0,0,0,26.6,3,9.55,1.37,0.02,0.05,2024-03-04 18:00:00,18,0,3,0.0,0.0,0.6,0.521296,5,0.0,mobile_tech,evening,0,284.4842668792569,0.047326832425368,18.950000000000003
666752,23.0,M,US,Chicago,tablet,premium,2557,gaming,74.0,PG,5001,interstitial,pre_roll,finance,4.67,7,0,0,0,69.8,8,13.89,1.44,0.04,0.1,2024-03-04 18:00:00,18,0,3,0.0,0.0,1.1428571428571428,0.8018786666666667,7,0.0,tablet_finance,evening,0,284.4842668792569,0.047326832425368,69.8
432991,34.0,F,DE,Munich,desktop,free,8801,music,58.5,PG-13,5454,banner,pre_roll,auto,5.18,10,0,0,0,48.7,6,10.73,1.46,0.04,0.11,2024-03-04 18:00:00,18,0,3,0.0,0.0,0.6,0.7547836666666666,10,0.0,desktop_auto,evening,0,284.4842668792569,0.047326832425368,48.7
838825,29.0,M,IN,Bengaluru,desktop,basic,8656,drama,54.0,G,5623,banner,in_feed,gaming,4.68,6,0,0,0,43.7,5,11.6,0.26,0.03,0.07,2024-03-04 18:00:00,18,0,3,0.0,0.0,0.8333333333333334,0.714161,6,0.0,desktop_gaming,evening,0,284.4842668792569,0.047326832425368,43.7
424312,51.0,M,MX,Guadalajara,desktop,free,9956,music,62.0,PG-13,5360,banner,mid_roll,healthcare,3.89,8,1,0,1,33.7,9,10.01,0.34,0.24,0.13,2024-03-04 18:00:00,18,0,3,0.125,0.0,1.25,0.8642436666666666,8,0.125,desktop_healthcare,evening,0,284.4842668792569,0.047326832425368,33.7
752446,45.0,F,MX,Guadalajara,desktop,free,6689,documentary,31.4,PG-13,5793,native,mid_roll,auto,8.04,9,1,0,1,12.4,3,17.85,1.6,1.02,0.4,2024-03-04 18:00:00,18,0,3,0.1111111111111111,0.0,0.4444444444444444,0.5143813333333334,9,0.1111111111111111,desktop_auto,evening,0,284.4842668792569,0.047326832425368,12.4
551633,36.0,F,CA,Vancouver,tablet,free,3266,news,28.2,PG-13,5812,native,mid_roll,auto,3.33,7,0,0,0,20.7,2,6.87,1.46,0.02,0.05,2024-03-04 18:00:00,18,0,3,0.0,0.0,0.2857142857142857,0.4092543333333333,7,0.0,tablet_auto,evening,0,284.4842668792569,0.047326832425368,20.7
558852,45.0,M,BR,Sao Paulo,mobile,free,8701,gaming,19.0,PG-13,5374,interstitial,mid_roll,finance,3.03,1,0,0,0,8.4,1,10.48,1.4,0.0,0.01,2024-03-04 18:00:00,18,0,3,0.0,0.0,1.0,0.2339056666666666,1,0.0,mobile_finance,evening,0,284.4842668792569,0.047326832425368,8.4
743941,23.0,F,CA,Toronto,desktop,free,6886,news,36.3,G,5144,native,sidebar,travel,1.57,5,1,0,1,36.0,7,9.81,1.46,0.9,0.27,2024-03-04 18:00:00,18,0,3,0.2,0.0,1.6,0.886444,5,0.2,desktop_travel,evening,0,284.4842668792569,0.047326832425368,36.0
102705,64.0,F,FR,Paris,mobile,premium,8988,gaming,35.8,PG-13,5803,native,sidebar,cpg,2.81,8,0,0,0,45.9,2,9.57,1.09,0.03,0.08,2024-03-04 19:00:00,19,0,3,0.0,0.0,0.25,0.5658343333333333,8,0.0,mobile_cpg,evening,0,284.4842668792569,0.047326832425368,45.9
364481,72.0,M,BR,Rio de Janeiro,desktop,free,8556,news,34.9,PG,5833,native,sidebar,healthcare,2.53,8,1,0,1,3.4,5,9.07,0.78,0.5,0.19,2024-03-04 19:00:00,19,0,3,0.125,0.0,0.75,0.5462526666666667,8,0.125,desktop_healthcare,evening,0,284.4842668792569,0.047326832425368,3.4
978484,61.0,M,BR,Rio de Janeiro,mobile,basic,3675,gaming,45.5,R,5840,native,sidebar,healthcare,5.11,3,0,0,0,38.0,3,5.24,1.12,0.01,0.02,2024-03-04 19:00:00,19,0,3,0.0,0.0,1.0,0.595928,3,0.0,mobile_healthcare,evening,0,284.4842668792569,0.047326832425368,38.0
170603,22.0,M,US,Austin,mobile,premium,5436,music,58.6,PG,5019,video,post_roll,cpg,12.33,9,1,0,1,53.5,5,13.23,0.96,0.62,0.26,2024-03-04 19:00:00,19,0,3,0.1111111111111111,0.0,0.6666666666666666,0.8727556666666667,9,0.1111111111111111,mobile_cpg,evening,0,284.4842668792569,0.047326832425368,25.5
167560,48.0,F,US,Chicago,console,premium,1484,comedy,25.8,R,5219,interstitial,sidebar,finance,3.33,1,0,0,0,18.5,4,5.31,0.91,0.0,0.01,2024-03-04 19:00:00,19,0,3,0.0,0.0,4.0,0.490969,1,0.0,console_finance,evening,0,284.4842668792569,0.047326832425368,18.5
904103,63.0,M,CA,Toronto,desktop,free,3694,sports,24.5,R,5584,interstitial,mid_roll,tech,3.66,7,1,0,1,18.8,3,12.78,0.77,0.5,0.2,2024-03-04 19:00:00,19,0,3,0.1428571428571428,0.0,0.5714285714285714,0.588367,7,0.1428571428571428,desktop_tech,evening,0,284.4842668792569,0.047326832425368,18.8
139689,30.0,M,MX,Guadalajara,mobile,free,5367,gaming,7.9,PG,5356,interstitial,mid_roll,gaming,10.61,3,0,0,0,2.0,2,15.95,2.07,0.02,0.05,2024-03-04 19:00:00,19,0,3,0.0,0.0,0.6666666666666666,0.2407956666666666,3,0.0,mobile_gaming,evening,0,284.4842668792569,0.047326832425368,2.0
139970,45.0,M,DE,Berlin,desktop,basic,7183,news,36.7,PG,5320,banner,sidebar,gaming,7.12,10,0,0,0,3.7,6,11.38,1.75,0.05,0.11,2024-03-04 19:00:00,19,0,3,0.0,0.0,0.6,0.432281,10,0.0,desktop_gaming,evening,0,284.4842668792569,0.047326832425368,7.4
187316,54.0,M,MX,Guadalajara,desktop,premium,1590,sports,51.1,R,5759,audio,mid_roll,travel,6.57,10,1,0,1,41.0,5,8.87,1.37,0.86,0.29,2024-03-04 19:00:00,19,0,3,0.1,0.0,0.6,0.831758,10,0.1,desktop_travel,evening,0,284.4842668792569,0.047326832425368,41.0
465206,59.0,M,DE,Munich,mobile,basic,2054,comedy,56.3,PG,5079,interstitial,pre_roll,auto,5.15,5,0,0,0,43.9,4,8.36,1.45,0.02,0.04,2024-03-04 19:00:00,19,0,3,0.0,0.0,0.8,0.6740769999999999,5,0.0,mobile_auto,evening,0,284.4842668792569,0.047326832425368,43.9
876324,47.0,F,US,Seattle,mobile,free,2176,news,20.5,PG-13,5057,video,post_roll,auto,4.59,7,0,0,0,18.8,1,5.13,1.41,0.3873807832614209,0.04,2024-03-04 19:00:00,19,0,3,0.0,0.0,0.1428571428571428,0.328919,7,0.0,mobile_auto,evening,0,284.4842668792569,0.047326832425368,18.8
701728,29.0,M,US,New York,desktop,free,8358,documentary,15.1,PG,5440,interstitial,mid_roll,travel,5.56,7,1,0,1,0.5,2,11.89,1.01,0.64,0.23,2024-03-04 19:00:00,19,0,3,0.1428571428571428,0.0,0.4285714285714285,0.3670226666666666,7,0.1428571428571428,desktop_travel,evening,0,284.4842668792569,0.047326832425368,0.5
930171,62.0,F,MX,Mexico City,desktop,premium,3480,kids,35.0,PG,5672,interstitial,mid_roll,cpg,4.76,8,1,0,1,13.8,8,9.74,0.98,0.62,0.22,2024-03-04 20:00:00,20,0,3,0.125,0.0,1.125,0.6795329999999999,8,0.125,desktop_cpg,evening,0,284.4842668792569,0.047326832425368,13.8
231067,13.0,M,FR,Paris,desktop,family,3723,gaming,42.4,PG-13,5205,native,mid_roll,retail,5.94,1,0,0,0,49.1,9,12.44,1.41,0.0,0.01,2024-03-04 20:00:00,20,0,3,0.0,0.0,9.0,0.7833986666666667,1,0.0,desktop_retail,evening,0,284.4842668792569,0.047326832425368,49.1
203891,32.0,F,US,New York,mobile,premium,2397,comedy,14.5,PG,5418,video,post_roll,tech,5.44,2,0,0,0,10.1,1,4.34,1.07,0.0,0.01,2024-03-04 20:00:00,20,0,3,0.0,0.0,0.5,0.2481123333333333,2,0.0,mobile_tech,evening,0,284.4842668792569,0.047326832425368,10.1
537809,73.0,F,BR,Rio de Janeiro,mobile,basic,6733,gaming,6.0,PG-13,5702,banner,post_roll,gaming,9.29,7,0,0,0,5.6,3,6.89,1.44,0.02,0.05,2024-03-04 20:00:00,20,0,3,0.0,0.0,0.4285714285714285,0.3232746666666666,7,0.0,mobile_gaming,evening,0,284.4842668792569,0.047326832425368,5.6
409115,29.0,Unknown,JP,Tokyo,mobile,premium,9420,comedy,15.0,PG,5306,interstitial,pre_roll,gaming,3.0,4,0,0,0,32.9,12,15.13,0.89,0.02,0.06,2024-03-04 20:00:00,20,0,3,0.0,0.0,3.0,0.7200639999999999,4,0.0,mobile_gaming,evening,0,284.4842668792569,0.047326832425368,32.9
417017,70.0,M,AU,Melbourne,mobile,free,9447,documentary,16.3,PG-13,5262,audio,sidebar,healthcare,8.22,8,0,0,0,0.5,2,5.06,1.03,0.02,0.04,2024-03-04 20:00:00,20,0,3,0.0,0.0,0.25,0.2180356666666666,8,0.0,mobile_healthcare,evening,0,284.4842668792569,0.047326832425368,0.5
345190,53.0,F,JP,Tokyo,mobile,free,7878,music,3.4,G,5693,video,post_roll,retail,4.62,10,0,0,0,10.2,1,12.45,1.0,0.05,0.12,2024-03-04 20:00:00,20,0,3,0.0,0.0,0.1,0.248979,10,0.0,mobile_retail,evening,0,284.4842668792569,0.047326832425368,10.2
163916,21.0,M,IN,Bengaluru,mobile,premium,5143,documentary,56.2,PG,5850,video,in_feed,tech,6.82,2,0,0,0,45.5,2,9.68,1.25,0.01,0.02,2024-03-04 20:00:00,20,0,3,0.0,0.0,1.0,0.5646530000000001,2,0.0,mobile_tech,evening,0,284.4842668792569,0.047326832425368,45.5
966157,33.0,F,JP,Osaka,mobile,free,5427,news,39.0,R,5213,interstitial,pre_roll,gaming,8.35,1,0,0,0,95.05050000000048,1,13.46,1.7,0.01,0.01,2024-03-04 20:00:00,20,0,3,0.0,0.0,1.0,0.5510616666666667,1,0.0,mobile_gaming,evening,0,284.4842668792569,0.047326832425368,56.97525000000023
993613,65.0,F,UK,Manchester,desktop,premium,2893,sports,64.8,G,5913,banner,sidebar,finance,5.04,1,1,0,1,43.1,3,11.05,1.4,0.84,0.22,2024-03-04 20:00:00,20,0,3,1.0,0.0,4.0,0.8009003333333333,1,1.0,desktop_finance,evening,0,284.4842668792569,0.047326832425368,31.85
255931,65.0,F,IN,Hyderabad,mobile,basic,2840,comedy,29.7,PG-13,5725,interstitial,sidebar,auto,3.42,9,0,0,0,35.1,5,14.75,1.01,0.05,0.13,2024-03-04 21:00:00,21,0,3,0.0,0.0,0.5555555555555556,0.675905,9,0.0,mobile_auto,evening,0,284.4842668792569,0.047326832425368,35.1
130310,71.0,F,US,Chicago,mobile,free,8668,comedy,39.3,G,5620,native,pre_roll,gaming,2.71,4,0,0,0,10.0,5,11.65,1.22,0.02,0.05,2024-03-04 21:00:00,21,0,3,0.0,0.0,1.25,0.4529196666666666,4,0.0,mobile_gaming,evening,0,284.4842668792569,0.047326832425368,10.0
422626,56.0,F,BR,Rio de Janeiro,mobile,free,3778,gaming,23.0,PG-13,5842,video,in_feed,gaming,3.58,7,0,0,0,9.9,4,11.24,0.23,0.03,0.08,2024-03-04 21:00:00,21,0,3,0.0,0.0,0.5714285714285714,0.4113183333333333,7,0.0,mobile_gaming,evening,0,284.4842668792569,0.047326832425368,9.9
249717,30.0,M,IN,Hyderabad,mobile,free,7117,gaming,36.7,PG,5415,native,post_roll,healthcare,7.8,5,0,0,0,38.7,5,7.87,1.76,0.02,0.04,2024-03-04 21:00:00,21,0,3,0.0,0.0,1.0,0.694481,5,0.0,mobile_healthcare,evening,0,284.4842668792569,0.047326832425368,38.7
241986,64.0,F,US,New York,tablet,free,7688,sports,6.4,R,5159,video,post_roll,travel,3.37,1,0,0,0,11.1,3,6.59,0.86,0.0,0.01,2024-03-04 22:00:00,22,0,3,0.0,0.0,3.0,0.3674306666666667,1,0.0,tablet_travel,night,0,284.4842668792569,0.047326832425368,11.1
438403,15.0,F,US,New York,smart_tv,free,7448,news,52.8,PG-13,5620,banner,post_roll,tech,6.75,7,1,0,1,30.8,2,5.28,0.58,0.36,0.12,2024-03-04 22:00:00,22,0,3,0.1428571428571428,0.0,0.4285714285714285,0.642396,7,0.1428571428571428,smart_tv_tech,night,0,284.4842668792569,0.047326832425368,24.85
799326,23.0,M,BR,Sao Paulo,mobile,free,4117,news,50.3,PG,5501,audio,mid_roll,retail,3.81,2,0,0,0,31.0,1,5.98,1.64,0.0,0.01,2024-03-04 22:00:00,22,0,3,0.0,0.0,0.5,0.4443083333333333,2,0.0,mobile_retail,night,0,284.4842668792569,0.047326832425368,31.0
800317,52.0,M,IN,Bengaluru,mobile,premium,9255,kids,2.0,R,5288,video,mid_roll,travel,10.46,2,0,0,0,0.5,9,5.01,1.15,0.0,0.01,2024-03-04 22:00:00,22,0,3,0.0,0.0,4.5,0.4273226666666666,2,0.0,mobile_travel,night,0,284.4842668792569,0.047326832425368,0.5
841381,40.0,M,FR,Paris,desktop,free,2018,news,52.6,PG,5953,video,post_roll,healthcare,4.91,11,3,0,1,40.4,3,10.85,0.94,1.74,0.54,2024-03-04 22:00:00,22,0,3,0.2727272727272727,0.0,0.5454545454545454,0.7806506666666666,11,0.2727272727272727,desktop_healthcare,night,0,284.4842668792569,0.047326832425368,40.4
526296,25.0,F,US,New York,mobile,free,8128,documentary,45.6,PG-13,5849,native,pre_roll,cpg,4.95,2,0,0,0,24.5,8,11.26,1.23,0.01,0.02,2024-03-04 22:00:00,22,0,3,0.0,0.0,4.0,0.6487653333333333,2,0.0,mobile_cpg,night,0,284.4842668792569,0.047326832425368,24.5
723651,51.0,F,BR,Sao Paulo,desktop,family,7113,documentary,8.5,G,5044,banner,pre_roll,retail,4.8,10,2,0,1,11.6,2,6.48,0.48,0.6,0.21,2024-03-04 22:00:00,22,0,3,0.2,0.0,0.4,0.4756596666666666,10,0.2,desktop_retail,night,0,284.4842668792569,0.047326832425368,11.6
772554,37.0,Other,US,Austin,mobile,free,4368,comedy,6.3,PG,5484,audio,in_feed,gaming,6.61,8,1,0,1,5.9,5,11.95,1.55,0.97,0.33,2024-03-04 22:00:00,22,0,3,0.125,0.0,0.75,0.5629406666666666,8,0.125,mobile_gaming,night,0,284.4842668792569,0.047326832425368,3.2
365482,64.0,F,US,Chicago,mobile,free,6294,sports,33.4,PG-13,5306,native,mid_roll,finance,6.0,8,1,0,1,20.6,5,14.02,1.15,0.73,0.28,2024-03-04 22:00:00,22,0,3,0.125,0.0,0.75,0.6997753333333334,8,0.125,mobile_finance,night,0,284.4842668792569,0.047326832425368,20.6
316010,38.0,F,US,Austin,smart_tv,free,3470,comedy,19.2,R,5947,banner,in_feed,finance,9.5,10,0,0,0,25.9,6,13.42,1.76,0.05,0.13,2024-03-04 22:00:00,22,0,3,0.0,0.0,0.6,0.6371676666666667,10,0.0,smart_tv_finance,night,0,284.4842668792569,0.047326832425368,25.9
977341,50.0,M,JP,Unknown,mobile,basic,3551,music,38.1,PG-13,5734,video,mid_roll,auto,2.7,2,0,0,0,26.9,1,5.65,0.85,0.0,0.01,2024-03-04 23:00:00,23,0,3,0.0,0.0,0.5,0.4132016666666666,2,0.0,mobile_auto,night,0,284.4842668792569,0.047326832425368,26.9
362411,73.0,F,UK,London,mobile,free,8603,drama,25.3,PG-13,5683,interstitial,post_roll,retail,5.45,11,1,0,1,19.0,1,7.05,1.85,1.14,0.36,2024-03-04 23:00:00,23,0,3,0.0909090909090909,0.0,0.1818181818181818,0.4501043333333333,11,0.0909090909090909,mobile_retail,night,0,284.4842668792569,0.047326832425368,29.7
209976,17.0,F,IN,Bengaluru,desktop,premium,1910,kids,6.1,PG-13,5693,video,sidebar,auto,10.11,5,0,0,0,0.5,1,16.4,1.27,0.03,0.08,2024-03-04 23:00:00,23,0,3,0.0,0.0,0.2,0.1674656666666666,5,0.0,desktop_auto,night,0,284.4842668792569,0.047326832425368,0.5
463750,16.0,F,US,Seattle,mobile,basic,2766,gaming,55.2,PG,5524,banner,post_roll,healthcare,6.53,6,1,0,1,46.4,7,13.3,0.8,12.084342039401731,0.2,2024-03-04 23:00:00,23,0,3,0.1666666666666666,0.0,1.3333333333333333,0.9191916666666666,6,0.1666666666666666,mobile_healthcare,night,0,284.4842668792569,0.047326832425368,46.4
420174,39.0,F,IN,Mumbai,desktop,premium,2160,drama,24.5,PG,5000,banner,post_roll,auto,5.17,1,0,0,0,10.2,1,13.96,0.9,0.01,0.01,2024-03-04 23:00:00,23,0,3,0.0,0.0,1.0,0.248979,1,0.0,desktop_auto,night,0,284.4842668792569,0.047326832425368,10.2
399486,48.0,M,IN,Hyderabad,desktop,premium,5600,documentary,24.7,R,5431,audio,pre_roll,cpg,2.23,4,1,0,1,12.2,2,7.47,1.3,0.79,0.22,2024-03-04 23:00:00,23,0,3,0.25,0.0,0.75,0.4887419999999999,4,0.25,desktop_cpg,night,0,284.4842668792569,0.047326832425368,25.1
758256,50.0,M,BR,Rio de Janeiro,desktop,basic,3221,documentary,23.5,PG,5979,video,sidebar,cpg,1.68,3,0,0,0,5.1,2,12.58,0.74,0.02,0.04,2024-03-04 23:00:00,23,0,3,0.0,0.0,0.6666666666666666,0.259949,3,0.0,desktop_cpg,night,0,284.4842668792569,0.047326832425368,5.1
749136,41.0,M,IN,Hyderabad,tablet,premium,5128,gaming,30.0,G,5288,audio,in_feed,tech,3.83,2,0,0,0,19.9,3,12.18,0.4,0.01,0.02,2024-03-04 23:00:00,23,0,3,0.0,0.0,1.5,0.4497386666666666,2,0.0,tablet_tech,night,0,284.4842668792569,0.047326832425368,19.9
506974,60.0,M,US,Austin,mobile,free,3757,comedy,46.6,G,5186,native,in_feed,cpg,3.28,2,0,0,0,30.0,3,12.47,1.93,0.01,0.02,2024-03-04 23:00:00,23,0,3,0.0,0.0,1.5,0.547784,2,0.0,mobile_cpg,night,0,284.4842668792569,0.047326832425368,30.0
605742,31.0,M,IN,Bengaluru,mobile,family,3774,drama,16.6,PG-13,5589,video,post_roll,travel,7.47,11,0,0,0,8.2,1,10.4,1.46,0.05,0.11,2024-03-04 23:00:00,23,0,3,0.0,0.0,0.0909090909090909,0.232207,11,0.0,mobile_travel,night,0,284.4842668792569,0.047326832425368,8.2
745861,58.0,F,CA,Vancouver,desktop,family,2157,gaming,37.6,R,5648,video,pre_roll,retail,8.21,1,0,0,0,37.3,1,6.03,1.77,0.0,0.01,2024-03-04 23:00:00,23,0,3,0.0,0.0,1.0,0.4822216666666666,1,0.0,desktop_retail,night,0,284.4842668792569,0.047326832425368,37.3
435084,69.0,M,IN,Bengaluru,desktop,family,4965,gaming,39.3,G,5405,native,pre_roll,tech,3.22,11,1,0,1,24.2,1,9.18,1.49,0.93,0.32,2024-03-04 23:00:00,23,0,3,0.0909090909090909,0.0,0.1818181818181818,0.5098843333333334,11,0.0909090909090909,desktop_tech,night,0,284.4842668792569,0.047326832425368,24.2
589821,32.0,M,CA,Vancouver,mobile,free,3097,sports,49.3,R,5159,interstitial,post_roll,auto,7.4,1,0,0,0,42.2,5,14.08,1.04,0.01,0.01,2024-03-04 23:00:00,23,0,3,0.0,0.0,5.0,0.7089223333333333,1,0.0,mobile_auto,night,0,284.4842668792569,0.047326832425368,42.2
982133,45.0,Other,UK,London,mobile,basic,3770,sports,23.4,PG,5902,interstitial,post_roll,finance,6.39,5,1,1,1,10.0,3,13.97,2.0,23.49,0.37,2024-03-04 23:00:00,23,0,3,0.2,1.0,1.0,0.5213306666666666,5,0.2,mobile_finance,night,0,284.4842668792569,0.047326832425368,10.0
976037,55.0,M,US,Chicago,mobile,basic,9883,gaming,37.8,PG,5948,banner,sidebar,retail,1.64,5,0,0,0,11.7,7,7.2,1.07,0.01,0.04,2024-03-04 23:00:00,23,0,3,0.0,0.0,1.4,0.5099373333333332,5,0.0,mobile_retail,night,0,284.4842668792569,0.047326832425368,11.7
986958,29.0,M,JP,Osaka,desktop,family,2881,news,3.7,PG,5551,native,in_feed,gaming,6.47,2,0,0,0,2.6,1,9.91,0.74,0.01,0.02,2024-03-04 23:00:00,23,0,3,0.0,0.0,0.5,0.1936163333333333,2,0.0,desktop_gaming,night,0,284.4842668792569,0.047326832425368,2.6
285805,56.0,M,BR,Rio de Janeiro,mobile,family,4212,sports,53.2,G,5304,native,in_feed,healthcare,10.91,4,0,0,0,34.6,1,14.17,1.5,0.02,0.06,2024-03-04 23:00:00,23,0,3,0.0,0.0,0.25,0.4673763333333333,4,0.0,mobile_healthcare,night,0,284.4842668792569,0.047326832425368,34.6
380589,23.0,M,JP,Osaka,mobile,premium,4122,music,15.2,R,5189,banner,in_feed,finance,6.95,1,0,0,0,21.7,5,6.33,1.15,0.0,0.01,2024-03-04 23:00:00,23,0,3,0.0,0.0,5.0,0.5735063333333333,1,0.0,mobile_finance,night,0,284.4842668792569,0.047326832425368,21.7
856848,46.0,M,US,Austin,mobile,basic,7848,music,56.0,PG-13,5301,audio,pre_roll,retail,2.81,2,0,0,0,39.7,5,6.69,0.14,0.01,0.01,2024-03-04 23:00:00,23,0,3,0.0,0.0,2.5,0.6990156666666667,2,0.0,mobile_retail,night,0,284.4842668792569,0.047326832425368,23.200000000000003
545837,49.0,F,UK,Manchester,desktop,basic,1598,news,39.9,R,5605,video,sidebar,cpg,3.77,4,0,0,0,19.9,3,7.44,0.45,0.01,0.03,2024-03-05 00:00:00,0,1,3,0.0,0.0,0.75,0.4497386666666666,4,0.0,desktop_cpg,late_night,0,283.0709929863977,0.0462108557925744,19.9
507305,44.0,F,IN,Bengaluru,mobile,basic,3269,news,47.5,G,5208,native,in_feed,cpg,5.09,10,0,0,0,32.5,5,10.31,1.47,0.04,0.1,2024-03-05 00:00:00,0,1,3,0.0,0.0,0.5,0.6602916666666667,10,0.0,mobile_cpg,late_night,0,283.0709929863977,0.0462108557925744,32.5
902649,34.0,M,US,Austin,desktop,basic,9531,gaming,48.3,PG-13,5936,interstitial,mid_roll,auto,3.25,7,1,1,1,32.5,6,11.53,0.83,19.82,0.21,2024-03-05 00:00:00,0,1,3,0.1428571428571428,1.0,1.1428571428571428,0.8358026666666667,7,0.1428571428571428,desktop_auto,late_night,0,283.0709929863977,0.0462108557925744,32.5
922618,67.0,M,US,Chicago,mobile,basic,2739,drama,14.1,PG,5138,interstitial,sidebar,cpg,4.56,4,0,0,0,0.5,3,8.66,0.52,0.01,0.03,2024-03-05 00:00:00,0,1,3,0.0,0.0,0.75,0.2779266666666666,4,0.0,mobile_cpg,late_night,0,283.0709929863977,0.0462108557925744,0.5
273048,29.0,M,UK,Manchester,mobile,basic,1801,gaming,28.4,R,5474,banner,mid_roll,tech,0.7,9,0,0,0,28.4,0,8.53,1.09,0.03,0.08,2024-03-05 00:00:00,0,1,3,0.0,0.0,0.0,0.396198,9,0.0,mobile_tech,late_night,0,283.0709929863977,0.0462108557925744,28.4
943116,29.0,M,US,New York,mobile,free,9821,kids,2.0,PG-13,5879,video,sidebar,auto,11.29,6,0,0,0,1.8,3,14.88,1.44,0.04,0.09,2024-03-05 00:00:00,0,1,3,0.0,0.0,0.5,0.2996986666666666,6,0.0,mobile_auto,late_night,0,283.0709929863977,0.0462108557925744,18.65
290646,43.0,F,US,Austin,desktop,free,6615,gaming,23.1,PG-13,5184,banner,pre_roll,cpg,4.33,11,2,0,1,3.4,1,12.49,1.91,2.35,0.71,2024-03-05 00:00:00,0,1,3,0.1818181818181818,0.0,0.2727272727272727,0.3573806666666667,11,0.1818181818181818,desktop_cpg,late_night,0,283.0709929863977,0.0462108557925744,3.4
426226,14.0,F,UK,London,desktop,family,6158,drama,58.7,PG,5758,native,in_feed,auto,6.63,9,0,0,0,37.6,6,11.01,0.81,0.04,0.1,2024-03-05 00:00:00,0,1,3,0.0,0.0,0.6666666666666666,0.7157343333333334,9,0.0,desktop_auto,late_night,0,283.0709929863977,0.0462108557925744,37.6
453054,52.0,M,IN,Bengaluru,desktop,free,6183,sports,40.2,PG,5735,interstitial,in_feed,tech,3.85,11,0,0,0,32.4,1,11.47,1.75,0.05,0.13,2024-03-05 00:00:00,0,1,3,0.0,0.0,0.0909090909090909,0.4539749999999999,11,0.0,desktop_tech,late_night,0,283.0709929863977,0.0462108557925744,32.4
422200,59.0,F,JP,Tokyo,tablet,premium,5832,kids,74.8,PG,5660,audio,sidebar,cpg,3.41,1,0,0,0,58.8,4,10.6,1.15,0.0,0.01,2024-03-05 00:00:00,0,1,3,0.0,0.0,4.0,0.7036303333333334,1,0.0,tablet_cpg,late_night,0,283.0709929863977,0.0462108557925744,42.8
282442,49.0,M,BR,Rio de Janeiro,desktop,free,9516,drama,18.3,PG-13,5551,interstitial,pre_roll,travel,5.35,9,0,0,0,0.5,1,10.96,1.62,0.04,0.1,2024-03-05 00:00:00,0,1,3,0.0,0.0,0.1111111111111111,0.1674656666666666,9,0.0,desktop_travel,late_night,0,283.0709929863977,0.0462108557925744,0.5
275789,72.0,M,AU,Melbourne,console,basic,7020,comedy,16.0,PG-13,5657,banner,sidebar,healthcare,4.39,2,0,0,0,7.6,3,14.23,1.53,0.01,0.03,2024-03-05 00:00:00,0,1,3,0.0,0.0,1.5,0.3379186666666666,2,0.0,console_healthcare,late_night,0,283.0709929863977,0.0462108557925744,7.6
735433,17.0,F,BR,Rio de Janeiro,desktop,basic,9237,documentary,56.4,PG,5011,banner,pre_roll,tech,9.06,11,0,0,0,32.7,2,6.93,1.1,0.03,0.08,2024-03-05 00:00:00,0,1,3,0.0,0.0,0.1818181818181818,0.5065183333333334,11,0.0,desktop_tech,late_night,0,283.0709929863977,0.0462108557925744,32.7
197585,25.0,F,IN,Hyderabad,desktop,free,8971,kids,45.9,R,5511,video,post_roll,finance,5.0,10,1,0,1,25.4,1,16.94,0.74,0.51,0.28,2024-03-05 01:00:00,1,1,3,0.1,0.0,0.2,0.5283453333333333,10,0.1,desktop_finance,late_night,0,283.0709929863977,0.0462108557925744,25.4
741461,63.0,M,US,Austin,mobile,family,6571,drama,55.2,R,5308,audio,post_roll,healthcare,9.05,10,1,0,1,35.6,6,11.46,2.15,1.34,0.44,2024-03-05 01:00:00,1,1,3,0.1,0.0,0.7,0.8327060000000001,10,0.1,mobile_healthcare,late_night,0,283.0709929863977,0.0462108557925744,35.6
322851,70.0,M,DE,Berlin,desktop,basic,7308,news,44.4,PG,5888,native,sidebar,tech,5.5,8,0,0,0,28.3,3,4.84,0.63,0.02,0.04,2024-03-05 01:00:00,1,1,3,0.0,0.0,0.375,0.5348533333333333,8,0.0,desktop_tech,late_night,0,283.0709929863977,0.0462108557925744,28.3
923815,39.0,M,FR,Lyon,mobile,free,2527,documentary,31.9,R,5893,banner,post_roll,travel,5.92,4,0,0,0,8.0,0,11.18,0.51,0.02,0.04,2024-03-05 01:00:00,1,1,3,0.0,0.0,0.0,0.2016246666666666,4,0.0,mobile_travel,late_night,0,283.0709929863977,0.0462108557925744,8.0
858889,24.0,F,IN,Bengaluru,desktop,basic,2621,gaming,22.5,PG-13,5860,audio,sidebar,healthcare,4.56,9,0,0,0,16.8,0,8.62,1.48,0.03,0.08,2024-03-05 01:00:00,1,1,3,0.0,0.0,0.0,0.280786,9,0.0,desktop_healthcare,late_night,0,283.0709929863977,0.0462108557925744,16.8
627829,59.0,F,BR,Rio de Janeiro,desktop,basic,6564,sports,30.1,PG-13,5178,audio,sidebar,retail,3.01,11,2,0,1,24.2,4,5.09,0.4,14.97354595337733,0.18,2024-03-05 01:00:00,1,1,3,0.1818181818181818,0.0,0.5454545454545454,0.7145973333333333,11,0.1818181818181818,desktop_retail,late_night,0,283.0709929863977,0.0462108557925744,24.2
498199,71.0,F,MX,Guadalajara,mobile,basic,1180,sports,45.2,PG-13,5769,video,mid_roll,travel,12.02,7,0,0,0,22.8,0,8.44,1.78,0.02,0.06,2024-03-05 01:00:00,1,1,3,0.0,0.0,0.0,0.348978,7,0.0,mobile_travel,late_night,0,283.0709929863977,0.0462108557925744,22.8
539425,66.0,M,IN,Bengaluru,mobile,free,9978,kids,53.6,PG-13,5374,audio,post_roll,cpg,9.26,4,0,0,0,17.3,5,8.27,1.52,0.01,0.03,2024-03-05 02:00:00,2,1,3,0.0,0.0,1.25,0.520033,4,0.0,mobile_cpg,late_night,0,283.0709929863977,0.0462108557925744,17.3
333408,24.0,F,US,New York,mobile,basic,2867,kids,45.9,PG,5970,audio,in_feed,healthcare,8.17,4,0,0,0,24.2,1,9.91,1.26,0.02,0.04,2024-03-05 02:00:00,2,1,3,0.0,0.0,0.25,0.3905883333333333,4,0.0,mobile_healthcare,late_night,0,283.0709929863977,0.0462108557925744,24.2
739555,44.0,M,IN,Hyderabad,mobile,basic,8571,comedy,45.8,PG,5540,native,in_feed,retail,4.21,11,1,0,1,27.9,3,9.04,1.46,0.92,0.32,2024-03-05 02:00:00,2,1,3,0.0909090909090909,0.0,0.3636363636363636,0.6509466666666668,11,0.0909090909090909,mobile_retail,late_night,0,283.0709929863977,0.0462108557925744,27.9
315733,44.0,M,US,Austin,mobile,free,9296,gaming,25.1,PG-13,5285,audio,pre_roll,auto,3.97,1,0,0,0,10.9,5,5.21,1.24,0.0,0.01,2024-03-05 02:00:00,2,1,3,0.0,0.0,5.0,0.4608343333333333,1,0.0,mobile_auto,late_night,0,283.0709929863977,0.0462108557925744,9.7
917530,13.0,F,US,New York,desktop,free,4250,gaming,22.4,PG-13,5274,native,post_roll,finance,5.05,10,0,0,0,13.9,1,10.06,1.42,0.04,0.1,2024-03-05 02:00:00,2,1,3,0.0,0.0,0.1,0.282399,10,0.0,desktop_finance,late_night,0,283.0709929863977,0.0462108557925744,16.25
886333,41.0,F,BR,Sao Paulo,smart_tv,premium,6542,comedy,11.3,G,5760,video,sidebar,travel,4.38,7,1,0,1,8.6,3,8.26,1.34,0.83,0.26,2024-03-05 02:00:00,2,1,3,0.1428571428571428,0.0,0.5714285714285714,0.4949869999999999,7,0.1428571428571428,smart_tv_travel,late_night,0,283.0709929863977,0.0462108557925744,8.6
148365,52.0,M,MX,Mexico City,desktop,premium,2238,documentary,2.0,R,5228,video,mid_roll,retail,3.0,5,0,0,0,0.5,1,4.67,1.9,0.01,0.02,2024-03-05 02:00:00,2,1,3,0.0,0.0,0.2,0.1674656666666666,5,0.0,desktop_retail,late_night,0,283.0709929863977,0.0462108557925744,0.5
746158,61.0,M,UK,London,tablet,free,4215,gaming,20.1,PG-13,5561,native,pre_roll,auto,1.12,1,1,0,1,10.6,1,14.48,1.52,0.92,0.24,2024-03-05 02:00:00,2,1,3,1.0,0.0,2.0,0.4365059999999999,1,1.0,tablet_auto,late_night,0,283.0709929863977,0.0462108557925744,10.6
553558,41.0,M,DE,Berlin,desktop,premium,4812,kids,28.9,G,5715,banner,sidebar,tech,6.32,4,1,1,1,20.2,3,9.43,1.28,12.1,0.23,2024-03-05 02:00:00,2,1,3,0.25,1.0,1.25,0.6236863333333333,4,0.25,desktop_tech,late_night,0,283.0709929863977,0.0462108557925744,20.2
117205,55.0,M,MX,Mexico City,mobile,free,7476,music,16.1,R,5633,banner,mid_roll,finance,7.87,3,0,0,0,9.9,3,17.63,1.82,0.02,0.05,2024-03-05 02:00:00,2,1,3,0.0,0.0,1.0,0.3568693333333333,3,0.0,mobile_finance,late_night,0,283.0709929863977,0.0462108557925744,9.9
130168,38.0,M,IN,Hyderabad,mobile,premium,3183,kids,77.9,PG-13,5295,audio,mid_roll,gaming,4.58,11,0,0,0,46.1,4,8.29,1.1,0.04,0.09,2024-03-05 02:00:00,2,1,3,0.0,0.0,0.3636363636363636,0.6807116666666667,11,0.0,mobile_gaming,late_night,0,283.0709929863977,0.0462108557925744,46.1
751114,44.0,F,US,Chicago,desktop,free,7694,sports,59.3,PG-13,5005,video,sidebar,gaming,6.55,4,0,0,0,22.2,2,12.86,0.73,0.02,0.05,2024-03-05 02:00:00,2,1,3,0.0,0.0,0.5,0.4229409999999999,4,0.0,desktop_gaming,late_night,0,283.0709929863977,0.0462108557925744,22.2
584098,43.0,M,IN,Mumbai,mobile,free,2271,comedy,37.4,PG-13,5191,banner,in_feed,travel,10.34,9,1,0,1,30.7,7,8.54,1.26,0.79,0.27,2024-03-05 02:00:00,2,1,3,0.1111111111111111,0.0,0.8888888888888888,0.8247026666666666,9,0.1111111111111111,mobile_travel,late_night,0,283.0709929863977,0.0462108557925744,30.7
599302,62.0,F,MX,Mexico City,smart_tv,free,1767,sports,77.2,PG,5434,audio,post_roll,cpg,4.89,8,0,0,0,48.3,5,8.29,1.45,0.03,0.07,2024-03-05 02:00:00,2,1,3,0.0,0.0,0.625,0.7272463333333333,8,0.0,smart_tv_cpg,late_night,0,283.0709929863977,0.0462108557925744,48.3
372725,67.0,M,US,Chicago,mobile,free,4269,documentary,41.5,G,5314,interstitial,in_feed,cpg,6.75,7,0,0,0,25.2,2,16.29,0.63,0.05,0.11,2024-03-05 03:00:00,3,1,3,0.0,0.0,0.2857142857142857,0.4497823333333333,7,0.0,mobile_cpg,late_night,0,283.0709929863977,0.0462108557925744,25.2
924397,19.0,F,US,Austin,mobile,premium,6766,comedy,18.6,PG-13,5401,video,post_roll,gaming,7.39,11,0,0,0,17.9,3,8.01,0.81,0.04,0.09,2024-03-05 03:00:00,3,1,3,0.0,0.0,0.2727272727272727,0.4309079999999999,11,0.0,mobile_gaming,late_night,0,283.0709929863977,0.0462108557925744,13.95
562610,74.0,F,US,Chicago,mobile,free,4086,gaming,39.9,PG-13,5759,audio,mid_roll,auto,3.86,5,0,0,0,20.6,3,11.44,1.22,0.02,0.06,2024-03-05 03:00:00,3,1,3,0.0,0.0,0.6,0.4622653333333333,5,0.0,mobile_auto,late_night,0,283.0709929863977,0.0462108557925744,20.6
205504,23.0,F,UK,London,mobile,basic,4839,kids,20.9,PG,5020,banner,pre_roll,retail,2.89,5,1,0,1,12.5,1,9.54,1.26,0.78,0.24,2024-03-05 03:00:00,3,1,3,0.2,0.0,0.4,0.4332976666666667,5,0.2,mobile_retail,late_night,0,283.0709929863977,0.0462108557925744,12.5
113056,36.0,F,DE,Berlin,mobile,premium,5418,music,64.3,R,5402,audio,pre_roll,healthcare,3.88,5,1,0,1,26.9,3,12.22,0.91,0.57,0.2,2024-03-05 03:00:00,3,1,3,0.2,0.0,0.8,0.6872426666666667,5,0.2,mobile_healthcare,late_night,0,283.0709929863977,0.0462108557925744,26.9
822501,32.0,F,DE,Munich,mobile,free,7283,music,13.5,PG,5707,audio,post_roll,auto,1.0,8,1,0,1,10.8,3,11.82,1.47,0.92,0.32,2024-03-05 03:00:00,3,1,3,0.125,0.0,0.5,0.5071289999999999,8,0.125,mobile_auto,late_night,0,283.0709929863977,0.0462108557925744,10.8
636193,48.0,F,US,New York,mobile,free,6941,comedy,5.5,R,5582,interstitial,sidebar,healthcare,4.8,4,0,0,0,10.2,1,7.84,1.02,0.01,0.03,2024-03-05 04:00:00,4,1,3,0.0,0.0,0.25,0.248979,4,0.0,mobile_healthcare,late_night,0,283.0709929863977,0.0462108557925744,10.2
491588,54.0,F,US,Seattle,mobile,free,2540,comedy,2.0,PG-13,5859,interstitial,pre_roll,tech,5.36,11,1,0,1,0.5,5,9.02,1.43,0.9,0.31,2024-03-05 04:00:00,4,1,3,0.0909090909090909,0.0,0.5454545454545454,0.4923916666666666,11,0.0909090909090909,mobile_tech,late_night,0,283.0709929863977,0.0462108557925744,0.5
149076,54.0,F,DE,Munich,desktop,free,4879,news,29.7,G,5303,interstitial,pre_roll,tech,6.09,3,0,0,0,2.8,4,7.94,0.91,0.01,0.02,2024-03-05 04:00:00,4,1,3,0.0,0.0,1.3333333333333333,0.3596516666666666,3,0.0,desktop_tech,late_night,0,283.0709929863977,0.0462108557925744,2.8
663131,48.0,F,BR,Sao Paulo,mobile,basic,5384,documentary,28.1,G,5518,audio,mid_roll,tech,3.68,5,0,0,0,17.3,7,7.49,1.05,0.01,0.04,2024-03-05 04:00:00,4,1,3,0.0,0.0,1.4,0.5618799999999999,5,0.0,mobile_tech,late_night,0,283.0709929863977,0.0462108557925744,11.7
625834,19.0,F,DE,Berlin,mobile,family,7873,comedy,42.8,PG-13,5980,banner,mid_roll,retail,2.0,7,0,0,0,47.9,6,7.61,0.97,0.02,0.05,2024-03-05 04:00:00,4,1,3,0.0,0.0,0.8571428571428571,0.752717,7,0.0,mobile_retail,late_night,0,283.0709929863977,0.0462108557925744,47.9
441463,49.0,M,UK,London,mobile,free,6483,documentary,42.0,G,5488,interstitial,post_roll,travel,2.08,10,0,0,0,14.7,3,6.56,0.91,0.03,0.07,2024-03-05 04:00:00,4,1,3,0.0,0.0,0.3,0.4003826666666666,10,0.0,mobile_travel,late_night,0,283.0709929863977,0.0462108557925744,14.7
446940,47.0,F,US,Austin,mobile,premium,5327,sports,44.5,G,5049,banner,sidebar,travel,4.17,2,0,0,0,8.1,1,11.82,1.32,0.01,0.02,2024-03-05 04:00:00,4,1,3,0.0,0.0,0.5,0.2314203333333333,2,0.0,mobile_travel,late_night,0,283.0709929863977,0.0462108557925744,8.1
449826,43.0,F,IN,Bengaluru,mobile,basic,9472,documentary,35.1,PG,5962,banner,pre_roll,cpg,2.41,11,0,0,0,14.1,1,12.12,1.8,0.05,0.13,2024-03-05 04:00:00,4,1,3,0.0,0.0,0.0909090909090909,0.2842336666666666,11,0.0,mobile_cpg,late_night,0,283.0709929863977,0.0462108557925744,14.1
989696,44.0,F,IN,Hyderabad,mobile,free,7337,drama,50.3,G,5642,video,in_feed,healthcare,1.1,3,0,0,0,23.1,0,4.69,1.26,0.01,0.01,2024-03-05 04:00:00,4,1,3,0.0,0.0,0.0,0.35183,3,0.0,mobile_healthcare,late_night,0,283.0709929863977,0.0462108557925744,23.1
528739,58.0,F,US,Austin,smart_tv,basic,6560,drama,21.2,PG-13,5060,native,in_feed,cpg,6.49,7,1,0,1,12.2,0,11.07,1.18,0.74,0.25,2024-03-05 04:00:00,4,1,3,0.1428571428571428,0.0,0.1428571428571428,0.3870849999999999,7,0.1428571428571428,smart_tv_cpg,late_night,0,283.0709929863977,0.0462108557925744,12.2
429429,23.0,M,IN,Mumbai,mobile,free,4939,sports,39.6,PG-13,5617,native,in_feed,auto,6.51,9,0,0,0,18.7,3,10.32,1.1,0.04,0.09,2024-03-05 04:00:00,4,1,3,0.0,0.0,0.3333333333333333,0.4384479999999999,9,0.0,mobile_auto,late_night,0,283.0709929863977,0.0462108557925744,18.7
639844,61.0,M,IN,Mumbai,smart_tv,free,9025,documentary,26.6,PG-13,5209,native,sidebar,retail,5.13,6,1,0,1,23.6,5,4.77,1.42,0.86,0.24,2024-03-05 05:00:00,5,1,3,0.1666666666666666,0.0,1.0,0.7458926666666668,6,0.1666666666666666,smart_tv_retail,late_night,0,283.0709929863977,0.0462108557925744,23.6
483070,67.0,M,US,Austin,mobile,premium,3371,gaming,38.0,PG,5996,audio,in_feed,finance,6.42,3,0,0,0,19.0,2,12.62,0.76,0.02,0.04,2024-03-05 05:00:00,5,1,3,0.0,0.0,0.6666666666666666,0.3813783333333333,3,0.0,mobile_finance,late_night,0,283.0709929863977,0.0462108557925744,15.633333333333333
222086,69.0,F,US,Austin,mobile,free,7837,sports,62.3,PG-13,5594,native,pre_roll,finance,4.13,5,0,0,0,25.3,4,11.14,1.18,0.02,0.06,2024-03-05 05:00:00,5,1,3,0.0,0.0,0.8,0.565001,5,0.0,mobile_finance,late_night,0,283.0709929863977,0.0462108557925744,25.3
921037,60.0,F,BR,Sao Paulo,desktop,basic,8761,comedy,10.0,G,5703,interstitial,post_roll,travel,7.82,4,0,0,0,20.6,0,9.98,1.28,0.02,0.04,2024-03-05 05:00:00,5,1,3,0.0,0.0,0.0,0.3228713333333333,4,0.0,desktop_travel,late_night,0,283.0709929863977,0.0462108557925744,20.6
374990,54.0,M,FR,Paris,desktop,free,1019,kids,25.2,PG,5257,audio,post_roll,healthcare,6.2,2,1,0,1,4.3,5,14.71,1.53,0.93,0.26,2024-03-05 05:00:00,5,1,3,0.5,0.0,3.0,0.5910806666666666,2,0.5,desktop_healthcare,late_night,0,283.0709929863977,0.0462108557925744,4.3
140961,70.0,M,US,New York,mobile,basic,1587,sports,21.9,PG-13,5913,interstitial,sidebar,healthcare,5.56,6,0,0,0,4.2,4,6.52,0.46,0.02,0.04,2024-03-05 05:00:00,5,1,3,0.0,0.0,0.6666666666666666,0.3681663333333333,6,0.0,mobile_healthcare,late_night,0,283.0709929863977,0.0462108557925744,2.35
987004,35.0,M,US,Chicago,tablet,family,9119,music,17.6,PG-13,5198,audio,sidebar,travel,9.6,8,0,0,0,0.5,3,6.92,1.52,0.02,0.06,2024-03-05 05:00:00,5,1,3,0.0,0.0,0.375,0.2779266666666666,8,0.0,tablet_travel,late_night,0,283.0709929863977,0.0462108557925744,0.5
378779,45.0,M,US,Seattle,desktop,premium,7661,drama,50.3,PG,5547,banner,mid_roll,retail,5.43,4,2,0,1,15.4,4,10.73,0.41,0.51,0.17,2024-03-05 05:00:00,5,1,3,0.5,0.0,1.5,0.6428206666666667,4,0.5,desktop_retail,late_night,0,283.0709929863977,0.0462108557925744,15.45
569837,55.0,F,UK,Manchester,smart_tv,free,1133,news,49.1,PG-13,5136,video,sidebar,tech,3.82,6,0,0,0,29.7,7,7.79,1.08,0.02,0.05,2024-03-05 05:00:00,5,1,3,0.0,0.0,1.1666666666666667,0.6824306666666666,6,0.0,smart_tv_tech,late_night,0,283.0709929863977,0.0462108557925744,29.7
661058,25.0,Unknown,US,New York,desktop,family,2091,drama,24.3,PG-13,5675,video,mid_roll,finance,3.59,8,0,0,0,13.6,3,9.98,1.1,0.03,0.08,2024-03-05 05:00:00,5,1,3,0.0,0.0,0.375,0.3901293333333333,8,0.0,desktop_finance,late_night,0,283.0709929863977,0.0462108557925744,13.6
567211,43.0,Other,UK,London,desktop,premium,4784,news,29.7,PG,5913,audio,in_feed,retail,6.82,5,0,0,0,16.4,1,7.02,1.76,0.01,0.04,2024-03-05 05:00:00,5,1,3,0.0,0.0,0.2,0.3060083333333333,5,0.0,desktop_retail,late_night,0,283.0709929863977,0.0462108557925744,16.4
354918,61.0,F,US,Austin,mobile,free,8111,gaming,6.4,G,5744,interstitial,mid_roll,cpg,4.0,4,0,0,0,0.5,2,6.68,1.57,0.01,0.03,2024-03-05 05:00:00,5,1,3,0.0,0.0,0.5,0.2180356666666666,4,0.0,mobile_cpg,late_night,0,283.0709929863977,0.0462108557925744,0.5
561563,16.0,M,MX,Guadalajara,tablet,basic,6268,news,82.9,PG-13,5101,interstitial,post_roll,travel,5.52,11,0,0,0,46.0,3,8.66,1.68,0.04,0.1,2024-03-05 05:00:00,5,1,3,0.0,0.0,0.2727272727272727,0.6259813333333333,11,0.0,tablet_travel,late_night,0,283.0709929863977,0.0462108557925744,46.0
994142,27.0,M,IN,Hyderabad,desktop,family,3406,drama,31.9,G,5806,video,sidebar,gaming,3.75,10,1,0,1,36.0,5,10.49,1.43,0.9,0.32,2024-03-05 06:00:00,6,1,3,0.1,0.0,0.6,0.808414,10,0.1,desktop_gaming,morning,0,283.0709929863977,0.0462108557925744,36.0
215674,64.0,M,AU,Sydney,tablet,free,5200,comedy,18.4,PG,5360,native,sidebar,healthcare,1.92,5,1,0,1,17.4,2,11.87,1.06,0.66,0.22,2024-03-05 06:00:00,6,1,3,0.2,0.0,0.6,0.529557,5,0.2,tablet_healthcare,morning,0,283.0709929863977,0.0462108557925744,17.4
118962,19.0,F,US,Seattle,desktop,free,4667,gaming,39.1,R,5980,banner,sidebar,finance,9.34,2,0,0,0,24.1,7,12.47,0.9,0.01,0.02,2024-03-05 06:00:00,6,1,3,0.0,0.0,3.5,0.637156,2,0.0,desktop_finance,morning,0,283.0709929863977,0.0462108557925744,24.1
108981,47.0,M,US,New York,desktop,free,9282,sports,29.8,PG,5982,audio,post_roll,tech,2.2,7,0,0,0,14.4,3,6.64,2.16,0.02,0.05,2024-03-05 06:00:00,6,1,3,0.0,0.0,0.4285714285714285,0.39756,7,0.0,desktop_tech,morning,0,283.0709929863977,0.0462108557925744,14.4
940772,34.0,M,US,Chicago,tablet,basic,6496,news,65.3,PG-13,5860,audio,pre_roll,cpg,7.91,9,0,0,0,35.7,0,12.86,1.27,0.05,0.12,2024-03-05 06:00:00,6,1,3,0.0,0.0,0.0,0.4448233333333333,9,0.0,tablet_cpg,morning,0,283.0709929863977,0.0462108557925744,35.7
356950,42.0,M,BR,Sao Paulo,tablet,family,3179,kids,43.7,PG,5728,audio,post_roll,retail,6.16,6,0,0,0,10.6,4,10.73,1.38,0.03,0.06,2024-03-05 06:00:00,6,1,3,0.0,0.0,0.6666666666666666,0.4174529999999999,6,0.0,tablet_retail,morning,0,283.0709929863977,0.0462108557925744,10.6
622182,69.0,F,CA,Vancouver,desktop,free,1767,sports,42.6,G,5455,banner,in_feed,travel,4.39,5,1,0,1,22.1,5,9.69,0.94,0.58,0.19,2024-03-05 06:00:00,6,1,3,0.2,0.0,1.2,0.7406783333333333,5,0.2,desktop_travel,morning,0,283.0709929863977,0.0462108557925744,22.1
691844,38.0,M,IN,Mumbai,desktop,basic,2703,kids,67.8,G,5722,video,sidebar,finance,4.33,3,0,0,0,15.3,2,10.69,1.52,0.01,0.03,2024-03-05 06:00:00,6,1,3,0.0,0.0,0.6666666666666666,0.3460543333333333,3,0.0,desktop_finance,morning,0,283.0709929863977,0.0462108557925744,15.3
534473,15.0,M,US,Seattle,mobile,free,7307,music,35.3,R,5305,video,in_feed,cpg,5.96,2,0,0,0,23.6,4,9.83,1.84,0.01,0.02,2024-03-05 06:00:00,6,1,3,0.0,0.0,2.0,0.5500476666666667,2,0.0,mobile_cpg,morning,0,283.0709929863977,0.0462108557925744,15.8
620853,36.0,F,US,Unknown,desktop,basic,5901,gaming,17.8,PG,5981,audio,mid_roll,gaming,2.93,8,2,0,1,10.7,5,9.12,0.38,0.49,0.19,2024-03-05 06:00:00,6,1,3,0.25,0.0,0.875,0.630222,8,0.25,desktop_gaming,morning,0,283.0709929863977,0.0462108557925744,10.7
792709,30.0,F,FR,Paris,mobile,basic,8134,drama,40.2,PG-13,5164,video,sidebar,retail,7.24,4,0,0,0,16.6,3,7.36,1.63,0.01,0.03,2024-03-05 07:00:00,7,1,3,0.0,0.0,0.75,0.418316,4,0.0,mobile_retail,morning,0,283.0709929863977,0.0462108557925744,16.6
598544,71.0,F,US,Chicago,mobile,free,3256,gaming,43.3,R,5020,banner,sidebar,cpg,7.53,4,0,0,0,26.1,2,14.52,1.36,0.02,0.06,2024-03-05 07:00:00,7,1,3,0.0,0.0,0.5,0.4571303333333333,4,0.0,mobile_cpg,morning,0,283.0709929863977,0.0462108557925744,39.45
315362,25.0,F,US,Seattle,mobile,basic,6602,sports,31.1,R,5344,video,post_roll,finance,9.58,1,0,0,0,25.7,1,13.09,1.58,0.01,0.01,2024-03-05 07:00:00,7,1,3,0.0,0.0,1.0,0.4033923333333333,1,0.0,mobile_finance,morning,0,283.0709929863977,0.0462108557925744,25.7
898990,68.0,F,US,New York,mobile,free,6409,gaming,17.6,PG,5102,video,in_feed,gaming,6.11,7,0,0,0,9.9,1,11.58,1.14,0.03,0.08,2024-03-05 07:00:00,7,1,3,0.0,0.0,0.1428571428571428,0.2464083333333333,7,0.0,mobile_gaming,morning,0,283.0709929863977,0.0462108557925744,9.9
982875,71.0,M,US,New York,tablet,free,7628,sports,2.0,PG,5282,native,post_roll,cpg,2.96,8,1,0,1,0.5,2,7.53,1.32,0.82,0.26,2024-03-05 07:00:00,7,1,3,0.125,0.0,0.375,0.3603766666666667,8,0.125,tablet_cpg,morning,0,283.0709929863977,0.0462108557925744,0.5
368341,28.0,F,US,Chicago,smart_tv,premium,2763,music,32.2,PG,5617,native,in_feed,auto,5.55,10,0,0,0,13.6,3,13.86,1.02,0.06,0.14,2024-03-05 07:00:00,7,1,3,0.0,0.0,0.3,0.3901293333333333,10,0.0,smart_tv_auto,morning,0,283.0709929863977,0.0462108557925744,13.6
488563,49.0,F,IN,Mumbai,mobile,free,7190,documentary,54.0,PG,5011,audio,pre_roll,finance,11.4,5,0,0,0,13.6,1,8.05,1.32,0.02,0.04,2024-03-05 07:00:00,7,1,3,0.0,0.0,0.2,0.2796683333333333,5,0.0,mobile_finance,morning,0,283.0709929863977,0.0462108557925744,13.6
325724,29.0,F,AU,Sydney,mobile,free,9869,documentary,24.3,PG-13,5565,video,pre_roll,finance,7.05,4,0,0,0,16.1,4,11.01,2.0,0.02,0.04,2024-03-05 07:00:00,7,1,3,0.0,0.0,1.0,0.4680956666666666,4,0.0,mobile_finance,morning,0,283.0709929863977,0.0462108557925744,16.1
732300,41.0,F,CA,Toronto,smart_tv,free,1647,documentary,14.4,R,5809,banner,post_roll,auto,4.11,3,0,0,0,7.0,0,12.73,1.09,0.02,0.04,2024-03-05 07:00:00,7,1,3,0.0,0.0,0.0,0.1940126666666666,3,0.0,smart_tv_auto,morning,0,283.0709929863977,0.0462108557925744,7.0
294110,62.0,Unknown,IN,Mumbai,desktop,free,5973,documentary,63.2,R,5524,interstitial,post_roll,finance,6.31,5,0,0,0,36.8,2,12.87,0.88,0.03,0.06,2024-03-05 07:00:00,7,1,3,0.0,0.0,0.4,0.5302836666666666,5,0.0,desktop_finance,morning,0,283.0709929863977,0.0462108557925744,36.8
747509,27.0,F,DE,Berlin,desktop,free,5491,documentary,14.0,PG,5664,video,in_feed,finance,2.72,1,0,0,0,8.9,1,5.62,1.41,0.0,0.01,2024-03-05 07:00:00,7,1,3,0.0,0.0,1.0,0.2380069999999999,1,0.0,desktop_finance,morning,0,283.0709929863977,0.0462108557925744,23.5
132796,59.0,F,US,Chicago,mobile,premium,4011,gaming,36.1,PG,5670,audio,in_feed,cpg,8.37,1,0,0,0,20.7,2,13.57,1.62,0.01,0.01,2024-03-05 08:00:00,8,1,3,0.0,0.0,2.0,0.4092543333333333,1,0.0,mobile_cpg,morning,0,283.0709929863977,0.0462108557925744,20.7
524395,18.0,F,JP,Tokyo,smart_tv,basic,5221,drama,55.3,G,5691,video,post_roll,auto,6.4,10,0,0,0,32.5,4,11.67,1.18,0.05,0.12,2024-03-05 08:00:00,8,1,3,0.0,0.0,0.4,0.6195716666666667,10,0.0,smart_tv_auto,morning,0,283.0709929863977,0.0462108557925744,32.5
923972,24.0,M,US,Unknown,desktop,premium,6311,comedy,28.7,PG-13,5544,video,mid_roll,auto,5.95,11,0,0,0,22.7,4,3.85,1.41,0.02,0.04,2024-03-05 08:00:00,8,1,3,0.0,0.0,0.3636363636363636,0.541873,11,0.0,desktop_auto,morning,0,283.0709929863977,0.0462108557925744,22.7
151026,54.0,F,IN,Hyderabad,tablet,premium,2577,sports,9.2,PG-13,5445,native,post_roll,cpg,3.76,10,0,0,0,0.5,4,7.81,1.14,0.03,0.08,2024-03-05 08:00:00,8,1,3,0.0,0.0,0.4,0.3323756666666666,10,0.0,tablet_cpg,morning,0,283.0709929863977,0.0462108557925744,9.65
582370,25.0,F,FR,Paris,mobile,premium,8808,comedy,34.9,G,5267,interstitial,in_feed,retail,3.2,1,0,0,0,7.3,7,7.48,0.98,0.0,0.01,2024-03-05 08:00:00,8,1,3,0.0,0.0,7.0,0.4725933333333333,1,0.0,mobile_retail,morning,0,283.0709929863977,0.0462108557925744,7.3
553011,32.0,M,US,Chicago,mobile,premium,6927,kids,24.7,PG-13,5752,banner,sidebar,retail,4.36,8,0,0,0,16.2,2,9.36,1.21,0.03,0.07,2024-03-05 08:00:00,8,1,3,0.0,0.0,0.25,0.354617,8,0.0,mobile_retail,morning,0,283.0709929863977,0.0462108557925744,16.2
504793,65.0,M,BR,Rio de Janeiro,tablet,free,1975,news,37.5,G,5018,interstitial,mid_roll,tech,3.14,8,0,0,0,22.6,3,6.06,1.32,0.02,0.05,2024-03-05 08:00:00,8,1,3,0.0,0.0,0.375,0.4865346666666666,8,0.0,tablet_tech,morning,0,283.0709929863977,0.0462108557925744,11.85
231959,24.0,M,US,Chicago,desktop,premium,8554,kids,61.0,R,5010,video,post_roll,finance,3.63,2,0,0,0,52.3,3,14.85,1.21,0.01,0.03,2024-03-05 08:00:00,8,1,3,0.0,0.0,1.5,0.6404186666666667,2,0.0,desktop_finance,morning,0,283.0709929863977,0.0462108557925744,52.3
734964,67.0,M,US,New York,tablet,basic,6544,news,36.6,PG,5528,native,post_roll,finance,7.44,9,0,0,0,22.4,3,13.58,1.46,0.05,0.12,2024-03-05 08:00:00,8,1,3,0.0,0.0,0.3333333333333333,0.4847386666666666,9,0.0,tablet_finance,morning,0,283.0709929863977,0.0462108557925744,22.4
314876,40.0,F,DE,Berlin,tablet,free,6277,drama,2.0,R,5511,native,post_roll,auto,6.63,10,1,0,1,7.7,7,8.13,1.21,0.76,0.26,2024-03-05 08:00:00,8,1,3,0.1,0.0,0.8,0.603077,10,0.1,tablet_auto,morning,0,283.0709929863977,0.0462108557925744,7.7
567550,48.0,M,IN,Hyderabad,console,family,9268,sports,49.9,PG,5089,interstitial,sidebar,travel,5.44,10,0,0,0,43.0,8,11.4,0.59,0.05,0.11,2024-03-05 08:00:00,8,1,3,0.0,0.0,0.8,0.7618186666666666,10,0.0,console_travel,morning,0,283.0709929863977,0.0462108557925744,43.0
379874,60.0,M,US,New York,tablet,free,4502,sports,48.9,PG-13,5393,interstitial,in_feed,auto,7.61,6,1,1,1,17.7,2,4.05,1.07,20.09,0.18,2024-03-05 09:00:00,9,1,3,0.1666666666666666,1.0,0.6666666666666666,0.52413,6,0.1666666666666666,tablet_auto,morning,0,283.0709929863977,0.0462108557925744,17.7
862615,48.0,F,JP,Osaka,console,premium,8851,gaming,24.6,PG-13,5572,video,pre_roll,tech,7.82,1,0,0,0,9.0,1,10.57,0.99,0.0,0.01,2024-03-05 09:00:00,9,1,3,0.0,0.0,1.0,0.2388243333333333,1,0.0,console_tech,morning,0,283.0709929863977,0.0462108557925744,9.0
823797,37.0,M,US,Seattle,mobile,basic,3428,sports,69.6,G,5928,interstitial,pre_roll,auto,7.17,3,0,0,0,34.1,3,12.93,1.74,0.02,0.04,2024-03-05 09:00:00,9,1,3,0.0,0.0,1.0,0.574872,3,0.0,mobile_auto,morning,0,283.0709929863977,0.0462108557925744,34.1
112741,64.0,M,JP,Tokyo,mobile,basic,7048,kids,47.7,PG,5184,banner,in_feed,retail,7.06,2,0,0,0,17.4,3,11.77,1.44,0.01,0.02,2024-03-05 09:00:00,9,1,3,0.0,0.0,1.5,0.425868,2,0.0,mobile_retail,morning,0,283.0709929863977,0.0462108557925744,15.6
766304,30.0,M,FR,Lyon,mobile,free,8852,drama,55.8,PG-13,5857,video,pre_roll,healthcare,6.29,9,0,0,0,29.9,0,6.5,1.5,0.02,0.06,2024-03-05 09:00:00,9,1,3,0.0,0.0,0.0,0.4076286666666666,9,0.0,mobile_healthcare,morning,0,283.0709929863977,0.0462108557925744,29.9
552611,43.0,F,MX,Guadalajara,tablet,family,8749,kids,14.9,G,5232,video,sidebar,healthcare,5.73,2,0,0,0,20.6,2,10.28,1.71,0.01,0.02,2024-03-05 09:00:00,9,1,3,0.0,0.0,1.0,0.4023743333333333,2,0.0,tablet_healthcare,morning,0,283.0709929863977,0.0462108557925744,33.900000000000006
102695,46.0,F,MX,Mexico City,desktop,free,1003,gaming,15.2,G,5314,interstitial,in_feed,travel,4.32,9,0,0,0,16.6,2,7.3,1.16,0.03,0.07,2024-03-05 09:00:00,9,1,3,0.0,0.0,0.2222222222222222,0.358425,9,0.0,desktop_travel,morning,0,283.0709929863977,0.0462108557925744,16.6
460464,52.0,Unknown,AU,Sydney,mobile,free,8360,music,34.6,PG-13,5018,banner,pre_roll,auto,3.43,4,1,0,1,2.9,1,12.45,1.05,0.65,0.21,2024-03-05 09:00:00,9,1,3,0.25,0.0,0.5,0.3664759999999999,4,0.25,mobile_auto,morning,0,283.0709929863977,0.0462108557925744,2.9
222612,43.0,F,BR,Sao Paulo,tablet,free,1215,music,34.5,PG,5280,native,pre_roll,tech,9.13,10,0,0,0,30.6,2,10.21,1.38,0.04,0.1,2024-03-05 09:00:00,9,1,3,0.0,0.0,0.2,0.4920223333333333,10,0.0,tablet_tech,morning,0,283.0709929863977,0.0462108557925744,30.6
423445,53.0,M,DE,Munich,smart_tv,free,1524,drama,28.8,G,5708,banner,post_roll,retail,3.01,10,0,0,0,19.0,6,12.54,0.79,0.05,0.13,2024-03-05 09:00:00,9,1,3,0.0,0.0,0.6,0.5629623333333333,10,0.0,smart_tv_retail,morning,0,283.0709929863977,0.0462108557925744,19.0
279699,47.0,F,DE,Berlin,tablet,premium,8493,kids,50.3,PG,5543,audio,in_feed,tech,1.89,5,1,1,1,25.5,0,9.49,1.46,9.84,0.27,2024-03-05 10:00:00,10,1,3,0.2,1.0,0.4,0.5364086666666668,5,0.2,tablet_tech,morning,0,283.0709929863977,0.0462108557925744,25.5
221888,42.0,M,IN,Hyderabad,tablet,free,4299,sports,43.2,PG,5839,interstitial,sidebar,healthcare,3.87,1,0,0,0,19.7,2,10.96,0.72,0.0,0.01,2024-03-05 10:00:00,10,1,3,0.0,0.0,2.0,0.3879396666666667,1,0.0,tablet_healthcare,morning,0,283.0709929863977,0.0462108557925744,19.7
875543,49.0,Other,IN,Mumbai,desktop,free,1974,gaming,34.0,G,5621,interstitial,mid_roll,retail,5.43,10,0,0,0,5.8,2,7.78,0.5,0.03,0.08,2024-03-05 10:00:00,10,1,3,0.0,0.0,0.2,0.2648129999999999,10,0.0,desktop_retail,morning,0,283.0709929863977,0.0462108557925744,5.8
666390,57.0,M,CA,Toronto,mobile,basic,9588,gaming,47.4,PG,5371,video,post_roll,retail,3.95,5,0,0,0,21.2,1,14.15,1.17,0.03,0.07,2024-03-05 10:00:00,10,1,3,0.0,0.0,0.2,0.3633243333333333,5,0.0,mobile_retail,morning,0,283.0709929863977,0.0462108557925744,21.2
198705,43.0,F,US,Seattle,mobile,free,3829,sports,43.8,PG,5507,audio,in_feed,retail,3.22,10,0,0,0,24.5,1,10.64,1.32,0.04,0.11,2024-03-05 10:00:00,10,1,3,0.0,0.0,0.1,0.3930843333333333,10,0.0,mobile_retail,morning,0,283.0709929863977,0.0462108557925744,24.5
405647,21.0,F,IN,Hyderabad,smart_tv,family,5466,comedy,59.5,PG,5672,banner,mid_roll,cpg,7.13,3,0,0,0,36.8,3,14.51,1.39,0.02,0.04,2024-03-05 10:00:00,10,1,3,0.0,0.0,1.0,0.5901746666666666,3,0.0,smart_tv_cpg,morning,0,283.0709929863977,0.0462108557925744,18.65
549827,15.0,F,BR,Sao Paulo,mobile,family,1504,news,7.2,PG-13,5805,banner,in_feed,healthcare,3.94,7,1,0,1,8.5,1,11.21,1.03,0.65,0.23,2024-03-05 10:00:00,10,1,3,0.1428571428571428,0.0,0.2857142857142857,0.3837166666666666,7,0.1428571428571428,mobile_healthcare,morning,0,283.0709929863977,0.0462108557925744,18.5
746938,45.0,M,JP,Tokyo,mobile,free,1331,kids,37.6,PG-13,5160,audio,in_feed,healthcare,4.6,6,0,0,0,14.0,3,10.14,1.22,0.02,0.06,2024-03-05 10:00:00,10,1,3,0.0,0.0,0.5,0.393776,6,0.0,mobile_healthcare,morning,0,283.0709929863977,0.0462108557925744,14.0
282247,27.0,F,UK,London,desktop,free,7486,comedy,19.9,PG,5118,banner,sidebar,cpg,3.67,11,1,0,1,20.6,5,9.93,1.02,0.66,0.26,2024-03-05 10:00:00,10,1,3,0.0909090909090909,0.0,0.5454545454545454,0.6767303333333334,11,0.0909090909090909,desktop_cpg,morning,0,283.0709929863977,0.0462108557925744,20.6
525190,46.0,Other,MX,Mexico City,mobile,basic,4973,gaming,34.3,PG-13,5349,banner,sidebar,auto,9.78,5,0,0,0,26.3,4,10.88,1.17,0.02,0.05,2024-03-05 10:00:00,10,1,3,0.0,0.0,0.8,0.5731503333333333,5,0.0,mobile_auto,morning,0,283.0709929863977,0.0462108557925744,26.3
238436,38.0,F,US,New York,tablet,free,3155,kids,37.5,R,5656,interstitial,pre_roll,travel,6.53,5,0,0,0,27.0,2,6.32,1.22,0.01,0.03,2024-03-05 10:00:00,10,1,3,0.0,0.0,0.4,0.4645356666666666,5,0.0,tablet_travel,morning,0,283.0709929863977,0.0462108557925744,27.0
155663,18.0,M,IN,Mumbai,mobile,free,7654,documentary,23.9,PG,5518,video,mid_roll,retail,7.92,3,0,0,0,20.6,0,14.94,1.31,0.02,0.04,2024-03-05 10:00:00,10,1,3,0.0,0.0,0.0,0.3228713333333333,3,0.0,mobile_retail,morning,0,283.0709929863977,0.0462108557925744,20.6
299883,71.0,F,BR,Sao Paulo,desktop,free,1796,drama,52.9,PG-13,5717,audio,in_feed,travel,2.4,5,0,0,0,44.1,5,9.99,0.21,0.02,0.05,2024-03-05 10:00:00,10,1,3,0.0,0.0,1.0,0.7154156666666667,5,0.0,desktop_travel,morning,0,283.0709929863977,0.0462108557925744,44.1
580104,28.0,M,US,Chicago,mobile,basic,6717,music,25.4,PG,5032,native,sidebar,auto,3.64,3,0,0,0,11.0,2,10.67,1.26,0.01,0.03,2024-03-05 10:00:00,10,1,3,0.0,0.0,0.6666666666666666,0.3066703333333333,3,0.0,mobile_auto,morning,0,283.0709929863977,0.0462108557925744,11.0
633143,39.0,Unknown,JP,Osaka,smart_tv,premium,7041,drama,21.9,PG-13,5219,native,post_roll,gaming,0.95,1,0,0,0,7.0,1,10.1,0.94,0.0,0.01,2024-03-05 11:00:00,11,1,3,0.0,0.0,1.0,0.2229456666666666,1,0.0,smart_tv_gaming,morning,0,283.0709929863977,0.0462108557925744,7.0
892678,36.0,M,US,Austin,desktop,premium,3778,sports,47.4,R,5128,audio,post_roll,travel,8.89,7,0,0,0,26.9,2,9.42,0.91,0.03,0.07,2024-03-05 11:00:00,11,1,3,0.0,0.0,0.2857142857142857,0.4637716666666666,7,0.0,desktop_travel,morning,0,283.0709929863977,0.0462108557925744,26.9
125667,45.0,F,AU,Sydney,desktop,basic,1915,sports,41.7,PG-13,5086,video,post_roll,cpg,7.16,4,1,0,1,33.5,3,11.48,0.8,0.5,0.17,2024-03-05 11:00:00,11,1,3,0.25,0.0,1.0,0.7425023333333334,4,0.25,desktop_cpg,morning,0,283.0709929863977,0.0462108557925744,34.9
219254,69.0,F,IN,Bengaluru,smart_tv,family,8840,sports,28.8,PG,5076,interstitial,post_roll,travel,4.69,2,0,0,0,18.3,0,4.77,1.65,0.0,0.01,2024-03-05 11:00:00,11,1,3,0.0,0.0,0.0,0.295278,2,0.0,smart_tv_travel,morning,0,283.0709929863977,0.0462108557925744,18.3
259408,38.0,F,JP,Tokyo,mobile,premium,2142,drama,2.0,G,5666,banner,mid_roll,auto,3.78,1,0,0,0,5.5,1,7.83,1.6,0.0,0.01,2024-03-05 11:00:00,11,1,3,0.0,0.0,1.0,0.212159,1,0.0,mobile_auto,morning,0,283.0709929863977,0.0462108557925744,5.5
559335,51.0,F,DE,Berlin,mobile,free,7616,news,18.7,R,5593,video,sidebar,healthcare,3.83,2,0,0,0,8.5,2,9.16,0.88,0.01,0.02,2024-03-05 11:00:00,11,1,3,0.0,0.0,1.0,0.2852996666666667,2,0.0,mobile_healthcare,morning,0,283.0709929863977,0.0462108557925744,8.5
420485,13.0,M,IN,Mumbai,mobile,free,4669,comedy,32.6,PG-13,5066,native,mid_roll,gaming,4.5,6,0,0,0,14.4,1,2.77,1.48,0.01,0.02,2024-03-05 11:00:00,11,1,3,0.0,0.0,0.1666666666666666,0.287099,6,0.0,mobile_gaming,morning,0,283.0709929863977,0.0462108557925744,14.4
399693,24.0,F,IN,Bengaluru,mobile,premium,7574,documentary,87.6,G,5242,audio,pre_roll,auto,5.94,11,1,0,1,49.7,6,7.48,0.95,0.6,0.22,2024-03-05 11:00:00,11,1,3,0.0909090909090909,0.0,0.6363636363636364,0.8763556666666668,11,0.0909090909090909,mobile_auto,morning,0,283.0709929863977,0.0462108557925744,49.7
244128,19.0,F,US,Chicago,mobile,basic,8643,sports,22.1,G,5004,interstitial,mid_roll,travel,4.59,1,0,0,0,11.6,2,11.66,0.7,0.0,0.01,2024-03-05 12:00:00,12,1,3,0.0,0.0,2.0,0.3120796666666666,1,0.0,mobile_travel,afternoon,0,283.0709929863977,0.0462108557925744,11.6
505665,13.0,F,CA,Toronto,mobile,free,9602,drama,35.5,PG,5343,banner,post_roll,retail,3.89,11,1,1,1,3.9,1,11.71,1.26,34.13005000000005,0.32,2024-03-05 12:00:00,12,1,3,0.0909090909090909,1.0,0.2727272727272727,0.320675,11,0.0909090909090909,mobile_retail,afternoon,0,283.0709929863977,0.0462108557925744,17.35
788842,30.0,F,CA,Toronto,desktop,basic,7606,gaming,55.9,PG,5070,banner,mid_roll,healthcare,3.38,4,1,0,1,36.8,2,6.65,2.11,1.28,0.34,2024-03-05 12:00:00,12,1,3,0.25,0.0,0.75,0.7014246666666666,4,0.25,desktop_healthcare,afternoon,0,283.0709929863977,0.0462108557925744,36.8
607370,41.0,F,FR,Lyon,desktop,family,7438,drama,48.9,PG,5478,interstitial,pre_roll,tech,5.86,10,0,0,0,20.6,7,2.5,1.19,0.01,0.02,2024-03-05 12:00:00,12,1,3,0.0,0.0,0.7,0.5992813333333333,10,0.0,desktop_tech,afternoon,0,283.0709929863977,0.0462108557925744,20.6
565069,44.0,F,US,Chicago,mobile,basic,8688,music,20.5,PG,5104,audio,mid_roll,auto,6.68,11,0,0,0,3.4,3,7.81,1.02,0.03,0.09,2024-03-05 12:00:00,12,1,3,0.0,0.0,0.2727272727272727,0.3087426666666666,11,0.0,mobile_auto,afternoon,0,283.0709929863977,0.0462108557925744,3.4
903224,47.0,M,US,Chicago,mobile,free,2266,gaming,61.9,PG,5722,interstitial,in_feed,retail,5.62,9,1,0,1,36.3,2,11.07,1.49,0.93,0.32,2024-03-05 12:00:00,12,1,3,0.1111111111111111,0.0,0.3333333333333333,0.662773,9,0.1111111111111111,mobile_retail,afternoon,0,283.0709929863977,0.0462108557925744,36.3
505773,14.0,F,CA,Toronto,mobile,basic,2735,kids,2.0,PG,5348,video,pre_roll,auto,2.63,2,0,0,0,8.5,2,10.11,0.75,0.01,0.02,2024-03-05 12:00:00,12,1,3,0.0,0.0,1.0,0.2852996666666667,2,0.0,mobile_auto,afternoon,0,283.0709929863977,0.0462108557925744,8.5
269829,31.0,M,FR,Lyon,tablet,basic,8835,documentary,65.0,PG,5886,video,pre_roll,cpg,3.95,10,0,0,0,47.1,3,5.11,1.15,0.02,0.05,2024-03-05 13:00:00,13,1,3,0.0,0.0,0.3,0.628992,10,0.0,tablet_cpg,afternoon,0,283.0709929863977,0.0462108557925744,47.1
116327,36.0,F,IN,Bengaluru,desktop,premium,8039,music,46.3,R,5337,video,sidebar,retail,5.14,5,0,0,0,20.6,3,13.55,1.64,0.03,0.07,2024-03-05 13:00:00,13,1,3,0.0,0.0,0.6,0.4622653333333333,5,0.0,desktop_retail,afternoon,0,283.0709929863977,0.0462108557925744,10.55
423856,36.0,M,BR,Sao Paulo,mobile,premium,4816,gaming,4.5,G,5896,audio,sidebar,tech,3.8,8,0,0,0,0.5,6,12.37,1.46,0.8129556965484923,0.1,2024-03-05 13:00:00,13,1,3,0.0,0.0,0.75,0.3996196666666666,8,0.0,mobile_tech,afternoon,0,283.0709929863977,0.0462108557925744,0.5
311577,69.0,F,IN,Bengaluru,mobile,basic,5721,comedy,51.5,R,5640,native,in_feed,auto,7.05,11,0,0,0,44.7,3,10.94,1.83,0.05,0.12,2024-03-05 13:00:00,13,1,3,0.0,0.0,0.2727272727272727,0.622124,11,0.0,mobile_auto,afternoon,0,283.0709929863977,0.0462108557925744,31.53333333333333
835916,22.0,F,US,Austin,mobile,premium,8624,documentary,60.0,R,5946,audio,post_roll,tech,3.06,4,0,0,0,23.4,5,12.12,0.39,0.02,0.05,2024-03-05 13:00:00,13,1,3,0.0,0.0,1.25,0.588993,4,0.0,mobile_tech,afternoon,0,283.0709929863977,0.0462108557925744,23.4
680984,13.0,M,FR,Paris,mobile,family,3095,gaming,25.9,R,5666,native,mid_roll,travel,3.56,8,0,0,0,15.8,1,6.96,0.9,0.02,0.06,2024-03-05 13:00:00,13,1,3,0.0,0.0,0.125,0.3003349999999999,8,0.0,mobile_travel,afternoon,0,283.0709929863977,0.0462108557925744,15.8
639364,73.0,F,IN,Bengaluru,smart_tv,premium,2256,news,2.0,PG-13,5629,interstitial,post_roll,travel,5.69,4,1,0,1,0.5,0,12.38,0.49,0.31,0.12,2024-03-05 13:00:00,13,1,3,0.25,0.0,0.25,0.3096736666666666,4,0.25,smart_tv_travel,afternoon,0,283.0709929863977,0.0462108557925744,0.5
812188,22.0,M,US,New York,tablet,premium,6274,drama,22.0,R,5822,audio,pre_roll,healthcare,7.3,9,1,1,1,3.8,3,9.63,1.97,23.29,0.38,2024-03-05 13:00:00,13,1,3,0.1111111111111111,1.0,0.5555555555555556,0.4463199999999999,9,0.1111111111111111,tablet_healthcare,afternoon,0,283.0709929863977,0.0462108557925744,3.8
161258,29.0,F,FR,Paris,mobile,free,5333,music,34.2,PG-13,5933,native,mid_roll,gaming,4.4,11,0,0,0,11.6,1,14.83,1.2,0.07,0.16,2024-03-05 13:00:00,13,1,3,0.0,0.0,0.0909090909090909,0.2615096666666666,11,0.0,mobile_gaming,afternoon,0,283.0709929863977,0.0462108557925744,18.7
353342,55.0,M,US,Seattle,desktop,free,7764,gaming,34.1,G,5940,native,mid_roll,auto,5.44,5,0,0,0,23.9,4,6.53,1.75,0.01,0.03,2024-03-05 13:00:00,13,1,3,0.0,0.0,0.8,0.552753,5,0.0,desktop_auto,afternoon,0,283.0709929863977,0.0462108557925744,23.9
424611,52.0,M,IN,Hyderabad,desktop,basic,6774,kids,48.5,PG-13,5843,native,in_feed,healthcare,5.61,3,0,0,0,28.7,5,10.72,1.17,0.01,0.03,2024-03-05 13:00:00,13,1,3,0.0,0.0,1.6666666666666667,0.633001,3,0.0,desktop_healthcare,afternoon,0,283.0709929863977,0.0462108557925744,28.7
829361,72.0,F,IN,Hyderabad,desktop,premium,9456,gaming,45.7,PG-13,5449,native,pre_roll,finance,8.61,2,1,0,1,35.7,5,3.82,1.08,0.65,0.17,2024-03-05 13:00:00,13,1,3,0.5,0.0,3.0,0.8609073333333332,2,0.5,desktop_finance,afternoon,0,283.0709929863977,0.0462108557925744,35.7
995068,73.0,F,DE,Munich,mobile,free,2906,sports,36.5,PG-13,5476,video,mid_roll,cpg,3.48,5,0,0,0,17.9,4,7.9,1.35,0.02,0.04,2024-03-05 14:00:00,14,1,3,0.0,0.0,0.8,0.485357,5,0.0,mobile_cpg,afternoon,0,283.0709929863977,0.0462108557925744,17.9
360461,68.0,M,DE,Munich,smart_tv,free,1656,news,52.1,PG,5292,banner,pre_roll,retail,3.15,10,0,0,0,32.0,3,8.45,1.63,0.03,0.08,2024-03-05 14:00:00,14,1,3,0.0,0.0,0.3,0.5617973333333333,10,0.0,smart_tv_retail,afternoon,0,283.0709929863977,0.0462108557925744,32.0
165132,30.0,F,UK,London,desktop,basic,9634,sports,35.0,R,5976,audio,in_feed,finance,4.38,1,0,0,0,0.5,3,9.3,1.21,0.0,0.01,2024-03-05 14:00:00,14,1,3,0.0,0.0,3.0,0.2779266666666666,1,0.0,desktop_finance,afternoon,0,283.0709929863977,0.0462108557925744,6.3
974390,48.0,F,FR,Paris,desktop,free,9103,news,18.6,R,5915,video,in_feed,cpg,3.26,9,0,0,0,5.1,0,9.12,0.9,0.03,0.08,2024-03-05 14:00:00,14,1,3,0.0,0.0,0.0,0.180446,9,0.0,desktop_cpg,afternoon,0,283.0709929863977,0.0462108557925744,5.1
681770,72.0,M,UK,London,console,family,6698,kids,40.2,PG-13,5344,audio,post_roll,tech,7.14,10,0,0,0,6.7,1,13.63,1.47,0.05,0.14,2024-03-05 14:00:00,14,1,3,0.0,0.0,0.1,0.220711,10,0.0,console_tech,afternoon,0,283.0709929863977,0.0462108557925744,6.7
740562,46.0,M,UK,London,desktop,premium,8013,music,57.9,PG-13,5439,audio,post_roll,healthcare,6.03,6,0,0,0,42.5,5,7.94,0.72,0.02,0.05,2024-03-05 14:00:00,14,1,3,0.0,0.0,0.8333333333333334,0.7100423333333333,6,0.0,desktop_healthcare,afternoon,0,283.0709929863977,0.0462108557925744,30.25
304696,63.0,M,IN,Bengaluru,tablet,premium,3366,sports,54.5,PG,5028,interstitial,sidebar,healthcare,8.94,6,0,0,0,28.3,6,10.52,0.87,0.03,0.06,2024-03-05 14:00:00,14,1,3,0.0,0.0,1.0,0.6565463333333333,6,0.0,tablet_healthcare,afternoon,0,283.0709929863977,0.0462108557925744,24.75
155949,44.0,M,US,Austin,tablet,basic,3599,sports,53.3,PG-13,5555,audio,mid_roll,gaming,3.29,3,0,0,0,19.7,2,4.44,0.93,0.01,0.01,2024-03-05 14:00:00,14,1,3,0.0,0.0,0.6666666666666666,0.3879396666666667,3,0.0,tablet_gaming,afternoon,0,283.0709929863977,0.0462108557925744,19.7
475504,15.0,F,UK,London,mobile,basic,2282,drama,7.4,PG-13,5473,banner,sidebar,auto,10.56,3,0,0,0,7.0,2,7.13,1.32,0.01,0.02,2024-03-05 14:00:00,14,1,3,0.0,0.0,0.6666666666666666,0.2735156666666666,3,0.0,mobile_auto,afternoon,0,283.0709929863977,0.0462108557925744,3.75
915862,28.0,F,UK,Manchester,mobile,free,9468,documentary,42.4,PG-13,5710,banner,in_feed,tech,4.12,1,0,0,0,8.1,0,11.64,1.1,0.0,0.01,2024-03-05 14:00:00,14,1,3,0.0,0.0,0.0,0.2024873333333333,1,0.0,mobile_tech,afternoon,0,283.0709929863977,0.0462108557925744,8.1
821630,57.0,M,UK,Manchester,mobile,premium,6298,sports,49.1,PG-13,5281,native,post_roll,retail,7.68,1,0,0,0,28.8,7,6.32,2.03,0.0,0.01,2024-03-05 14:00:00,14,1,3,0.0,0.0,7.0,0.675616,1,0.0,mobile_retail,afternoon,0,283.0709929863977,0.0462108557925744,28.8
816764,45.0,M,BR,Rio de Janeiro,mobile,free,3559,documentary,42.9,PG-13,5150,banner,post_roll,tech,3.06,11,0,0,0,27.1,2,10.57,0.96,0.05,0.12,2024-03-05 14:00:00,14,1,3,0.0,0.0,0.1818181818181818,0.4653316666666666,11,0.0,mobile_tech,afternoon,0,283.0709929863977,0.0462108557925744,27.1
684633,58.0,F,BR,Sao Paulo,desktop,free,7781,documentary,40.0,PG,5105,native,post_roll,travel,3.2,2,0,0,0,27.4,4,12.3,0.71,0.01,0.02,2024-03-05 14:00:00,14,1,3,0.0,0.0,2.0,0.582089,2,0.0,desktop_travel,afternoon,0,283.0709929863977,0.0462108557925744,27.4
853261,66.0,F,BR,Unknown,mobile,free,8587,documentary,18.4,PG-13,5342,native,pre_roll,travel,10.28,11,2,1,1,26.7,3,11.06,1.84,32.75,0.67,2024-03-05 14:00:00,14,1,3,0.1818181818181818,0.5,0.5454545454545454,0.681195,11,0.1818181818181818,mobile_travel,afternoon,0,283.0709929863977,0.0462108557925744,26.7
156852,49.0,F,BR,Rio de Janeiro,tablet,family,4823,drama,51.8,PG,5967,banner,post_roll,travel,10.09,11,2,0,1,33.6,3,13.71,1.42,1.76,0.58,2024-03-05 14:00:00,14,1,3,0.1818181818181818,0.0,0.4545454545454545,0.7310256666666667,11,0.1818181818181818,tablet_travel,afternoon,0,283.0709929863977,0.0462108557925744,33.6
869856,37.0,M,UK,London,desktop,basic,4274,documentary,67.5,PG-13,5302,native,pre_roll,tech,7.15,11,1,0,1,33.6,4,10.25,1.21,0.77,0.29,2024-03-05 14:00:00,14,1,3,0.0909090909090909,0.0,0.4545454545454545,0.7456716666666667,11,0.0909090909090909,desktop_tech,afternoon,0,283.0709929863977,0.0462108557925744,32.85
384772,60.0,M,BR,Sao Paulo,tablet,free,9673,news,33.8,R,5306,interstitial,pre_roll,gaming,1.07,2,0,0,0,15.2,3,8.5,1.22,0.01,0.02,2024-03-05 15:00:00,15,1,3,0.0,0.0,1.5,0.4050439999999999,2,0.0,tablet_gaming,afternoon,0,283.0709929863977,0.0462108557925744,15.2
390015,38.0,M,IN,Bengaluru,tablet,basic,4573,comedy,40.9,PG,5931,native,pre_roll,retail,13.09,8,0,0,0,16.9,5,12.95,1.9,0.04,0.1,2024-03-05 15:00:00,15,1,3,0.0,0.0,0.625,0.5162583333333333,8,0.0,tablet_retail,afternoon,0,283.0709929863977,0.0462108557925744,16.9
711543,33.0,M,JP,Osaka,desktop,premium,5754,documentary,45.3,PG-13,5907,native,mid_roll,finance,11.67,11,0,0,0,11.0,5,9.24,1.66,0.04,0.1,2024-03-05 15:00:00,15,1,3,0.0,0.0,0.4545454545454545,0.4617303333333333,11,0.0,desktop_finance,afternoon,0,283.0709929863977,0.0462108557925744,21.2
966130,45.0,Unknown,JP,Tokyo,mobile,premium,7071,comedy,26.3,PG,5584,video,mid_roll,tech,3.46,3,0,0,0,19.2,9,4.57,0.64,0.01,0.01,2024-03-05 15:00:00,15,1,3,0.0,0.0,3.0,0.5925706666666666,3,0.0,mobile_tech,afternoon,0,283.0709929863977,0.0462108557925744,19.2
441799,63.0,M,UK,London,mobile,basic,1498,news,14.6,PG-13,5676,interstitial,post_roll,finance,5.8,10,0,0,0,24.8,1,11.62,2.04,0.05,0.12,2024-03-05 15:00:00,15,1,3,0.0,0.0,0.1,0.3957296666666667,10,0.0,mobile_finance,afternoon,0,283.0709929863977,0.0462108557925744,21.25
436566,50.0,M,UK,London,desktop,basic,9659,kids,33.1,PG,5767,interstitial,pre_roll,finance,5.87,5,0,0,0,20.2,3,6.24,0.9,0.01,0.03,2024-03-05 15:00:00,15,1,3,0.0,0.0,0.6,0.4525453333333333,5,0.0,desktop_finance,afternoon,0,283.0709929863977,0.0462108557925744,20.2
367079,73.0,M,US,New York,desktop,family,2636,gaming,33.3,G,5975,native,mid_roll,auto,2.71,10,0,0,0,18.6,2,18.37,1.33,0.07,0.18,2024-03-05 15:00:00,15,1,3,0.0,0.0,0.2,0.3775796666666666,10,0.0,desktop_auto,afternoon,0,283.0709929863977,0.0462108557925744,16.166666666666668
181123,37.0,F,US,Seattle,mobile,premium,6646,kids,43.1,PG-13,5181,native,mid_roll,healthcare,3.95,6,0,0,0,37.7,8,11.53,1.15,0.03,0.07,2024-03-05 15:00:00,15,1,3,0.0,0.0,1.3333333333333333,0.7397159999999999,6,0.0,mobile_healthcare,afternoon,0,283.0709929863977,0.0462108557925744,22.5
578124,66.0,M,US,Chicago,tablet,premium,1059,music,58.7,PG-13,5786,video,sidebar,travel,4.62,2,0,0,0,23.1,7,11.1,1.74,0.01,0.02,2024-03-05 15:00:00,15,1,3,0.0,0.0,3.5,0.62824,2,0.0,tablet_travel,afternoon,0,283.0709929863977,0.0462108557925744,23.1
503420,28.0,F,UK,Manchester,tablet,basic,1514,gaming,14.9,PG-13,5293,banner,pre_roll,tech,8.74,1,0,0,0,7.1,2,5.57,1.03,0.0,0.01,2024-03-05 15:00:00,15,1,3,0.0,0.0,2.0,0.274221,1,0.0,tablet_tech,afternoon,0,283.0709929863977,0.0462108557925744,7.1
274020,74.0,M,AU,Melbourne,mobile,free,1709,news,49.9,PG,5215,video,pre_roll,retail,2.64,8,0,0,0,20.6,4,8.58,0.97,0.03,0.07,2024-03-05 16:00:00,16,1,3,0.0,0.0,0.5,0.5167143333333333,8,0.0,mobile_retail,afternoon,0,283.0709929863977,0.0462108557925744,20.6
312530,13.0,F,US,Chicago,mobile,free,5758,documentary,12.4,R,5363,native,mid_roll,finance,7.3,9,0,0,0,20.6,2,6.79,1.2,0.02,0.06,2024-03-05 16:00:00,16,1,3,0.0,0.0,0.2222222222222222,0.4023743333333333,18,0.0,mobile_finance,afternoon,0,283.0709929863977,0.0462108557925744,19.6
378114,28.0,F,BR,Sao Paulo,mobile,free,2175,drama,46.8,PG-13,5659,video,mid_roll,tech,2.74,8,0,0,0,14.7,2,8.26,1.06,0.03,0.07,2024-03-05 16:00:00,16,1,3,0.0,0.0,0.25,0.3404916666666667,8,0.0,mobile_tech,afternoon,0,283.0709929863977,0.0462108557925744,14.7
675899,29.0,F,BR,Rio de Janeiro,mobile,basic,4291,news,73.5,PG,5034,video,pre_roll,cpg,1.73,8,0,0,0,40.3,4,10.87,1.4,0.03,0.09,2024-03-05 16:00:00,16,1,3,0.0,0.0,0.5,0.6607636666666666,8,0.0,mobile_cpg,afternoon,0,283.0709929863977,0.0462108557925744,40.3
784365,33.0,M,US,New York,mobile,free,7384,gaming,42.1,PG,5776,banner,sidebar,cpg,4.79,9,0,0,0,28.3,3,11.12,0.86,0.04,0.1,2024-03-05 16:00:00,16,1,3,0.0,0.0,0.3333333333333333,0.5348533333333333,9,0.0,mobile_cpg,afternoon,0,283.0709929863977,0.0462108557925744,28.3
354898,25.0,M,CA,Vancouver,desktop,basic,8127,drama,70.4,PG-13,5756,native,pre_roll,cpg,11.13,5,0,0,0,47.5,9,9.14,2.48,0.02,0.05,2024-03-05 16:00:00,16,1,3,0.0,0.0,1.8,0.7793800000000001,5,0.0,desktop_cpg,afternoon,0,283.0709929863977,0.0462108557925744,33.5
501834,62.0,M,US,Chicago,desktop,free,4120,comedy,57.2,G,5219,interstitial,sidebar,cpg,3.18,8,0,0,0,48.6,3,11.36,0.67,0.04,0.09,2024-03-05 17:00:00,17,1,3,0.0,0.0,0.375,0.6328333333333334,8,0.0,desktop_cpg,afternoon,0,283.0709929863977,0.0462108557925744,48.6
869943,36.0,F,UK,Manchester,mobile,premium,6128,news,74.4,R,5603,video,sidebar,auto,3.44,9,1,0,1,70.2,3,8.17,0.73,0.47,0.18,2024-03-05 17:00:00,17,1,3,0.1111111111111111,0.0,0.4444444444444444,0.7919079999999998,9,0.1111111111111111,mobile_auto,afternoon,0,283.0709929863977,0.0462108557925744,70.2
739545,71.0,F,MX,Mexico City,mobile,free,2857,gaming,57.7,PG-13,5169,interstitial,in_feed,gaming,2.46,9,1,0,1,20.6,4,9.68,1.1,0.69,0.25,2024-03-05 17:00:00,17,1,3,0.1111111111111111,0.0,0.5555555555555556,0.6518343333333333,9,0.1111111111111111,mobile_gaming,afternoon,0,283.0709929863977,0.0462108557925744,20.6
376923,49.0,M,US,New York,desktop,free,4710,documentary,20.8,G,5231,video,pre_roll,auto,7.41,7,2,1,1,17.0,6,6.58,1.95,19.07,0.63,2024-03-05 17:00:00,17,1,3,0.2857142857142857,0.5,1.2857142857142858,0.7182536666666667,7,0.2857142857142857,desktop_auto,afternoon,0,283.0709929863977,0.0462108557925744,17.0
998816,59.0,M,IN,Hyderabad,mobile,free,3957,gaming,14.0,PG-13,5522,audio,pre_roll,cpg,7.62,11,0,0,0,4.3,3,7.88,1.29,0.03,0.09,2024-03-05 18:00:00,18,1,3,0.0,0.0,0.2727272727272727,0.3143906666666666,11,0.0,mobile_cpg,evening,0,283.0709929863977,0.0462108557925744,4.3
490270,59.0,M,US,Austin,desktop,family,4097,comedy,2.0,PG-13,5134,audio,pre_roll,auto,1.75,5,0,0,0,0.8,2,10.75,0.6,0.02,0.05,2024-03-05 18:00:00,18,1,3,0.0,0.0,0.4,0.2346836666666666,5,0.0,desktop_auto,evening,0,283.0709929863977,0.0462108557925744,0.8
579114,18.0,M,UK,London,console,free,8009,documentary,11.7,PG,5960,video,post_roll,tech,3.67,3,0,0,0,7.0,2,9.27,0.96,0.01,0.03,2024-03-05 18:00:00,18,1,3,0.0,0.0,0.6666666666666666,0.2735156666666666,3,0.0,console_tech,evening,0,283.0709929863977,0.0462108557925744,7.0
552683,64.0,M,US,Chicago,desktop,basic,8654,documentary,51.1,PG-13,5253,interstitial,sidebar,auto,3.65,6,0,0,0,27.5,3,11.69,1.3,0.03,0.07,2024-03-05 18:00:00,18,1,3,0.0,0.0,0.5,0.528472,6,0.0,desktop_auto,evening,0,283.0709929863977,0.0462108557925744,27.5
396738,34.0,M,US,Seattle,smart_tv,free,8231,kids,39.3,PG,5117,banner,mid_roll,finance,7.69,11,0,0,0,30.0,5,15.0,1.34,0.07,0.16,2024-03-05 18:00:00,18,1,3,0.0,0.0,0.4545454545454545,0.642953,11,0.0,smart_tv_finance,evening,0,283.0709929863977,0.0462108557925744,30.0
987528,55.0,M,US,Seattle,mobile,free,5435,comedy,45.6,R,5502,banner,pre_roll,cpg,4.01,10,0,0,0,35.5,2,6.28,0.99,0.03,0.06,2024-03-05 18:00:00,18,1,3,0.0,0.0,0.2,0.5231410000000001,10,0.0,mobile_cpg,evening,0,283.0709929863977,0.0462108557925744,35.5
512368,36.0,F,AU,Sydney,mobile,free,6593,comedy,42.9,PG-13,5729,interstitial,post_roll,retail,4.06,2,0,0,0,39.3,3,12.88,1.25,0.01,0.03,2024-03-05 18:00:00,18,1,3,0.0,0.0,1.5,0.602144,2,0.0,mobile_retail,evening,0,283.0709929863977,0.0462108557925744,39.3
971134,67.0,F,DE,Munich,mobile,premium,5530,sports,34.5,PG-13,5816,native,in_feed,cpg,1.28,5,0,0,0,28.5,0,5.9,1.33,0.01,0.03,2024-03-05 18:00:00,18,1,3,0.0,0.0,0.0,0.3969073333333333,5,0.0,mobile_cpg,evening,0,283.0709929863977,0.0462108557925744,28.5
445789,50.0,M,IN,Hyderabad,desktop,free,5391,kids,15.4,PG-13,5578,banner,post_roll,tech,3.86,8,0,0,0,16.1,3,17.06,0.73,0.05,0.14,2024-03-05 18:00:00,18,1,3,0.0,0.0,0.375,0.4136466666666666,8,0.0,desktop_tech,evening,0,283.0709929863977,0.0462108557925744,16.1
683285,30.0,F,DE,Berlin,mobile,premium,5901,music,33.0,G,5623,video,sidebar,travel,7.15,11,1,0,1,32.7,9,11.91,1.94,1.22,0.42,2024-03-05 18:00:00,18,1,3,0.0909090909090909,0.0,0.9090909090909092,0.8351013333333333,11,0.0909090909090909,mobile_travel,evening,0,283.0709929863977,0.0462108557925744,32.7
626351,18.0,M,US,Seattle,mobile,free,4575,kids,66.1,R,5262,interstitial,sidebar,travel,6.48,3,0,0,0,26.2,4,11.37,0.47,0.01,0.03,2024-03-05 18:00:00,18,1,3,0.0,0.0,1.3333333333333333,0.5722943333333332,3,0.0,mobile_travel,evening,0,283.0709929863977,0.0462108557925744,21.05
708958,33.0,F,DE,Berlin,mobile,basic,7405,drama,47.5,PG-13,5751,banner,pre_roll,gaming,7.76,5,1,0,1,36.6,5,10.52,1.0,0.62,0.2,2024-03-05 19:00:00,19,1,3,0.2,0.0,1.2,0.8478289999999999,5,0.2,mobile_gaming,evening,0,283.0709929863977,0.0462108557925744,36.6
256029,44.0,M,US,Seattle,mobile,premium,7240,gaming,37.9,R,5160,audio,sidebar,healthcare,4.24,4,1,0,1,21.5,3,9.68,0.89,0.55,0.17,2024-03-05 19:00:00,19,1,3,0.25,0.0,1.0,0.6476436666666666,4,0.25,mobile_healthcare,evening,0,283.0709929863977,0.0462108557925744,21.5
409432,29.0,M,US,Chicago,tablet,premium,1410,sports,46.4,PG,5387,video,sidebar,auto,5.59,6,0,0,0,44.2,7,9.26,0.23,0.02,0.06,2024-03-05 19:00:00,19,1,3,0.0,0.0,1.1666666666666667,0.757584,6,0.0,tablet_auto,evening,0,283.0709929863977,0.0462108557925744,44.2
931298,46.0,F,UK,Manchester,desktop,free,8291,drama,24.7,R,5610,native,mid_roll,healthcare,5.11,11,1,1,1,0.5,6,8.83,1.39,23.7,0.31,2024-03-05 19:00:00,19,1,3,0.0909090909090909,1.0,0.7272727272727273,0.5189156666666667,11,0.0909090909090909,desktop_healthcare,evening,0,283.0709929863977,0.0462108557925744,0.5
451271,13.0,F,US,Chicago,mobile,free,2371,gaming,29.6,PG-13,5199,banner,post_roll,retail,4.64,3,0,0,0,25.4,2,12.85,1.0,0.02,0.04,2024-03-05 19:00:00,19,1,3,0.0,0.0,0.6666666666666666,0.4515183333333333,3,0.0,mobile_retail,evening,0,283.0709929863977,0.0462108557925744,25.4
610722,15.0,M,DE,Berlin,desktop,basic,5676,drama,45.3,PG-13,5395,video,mid_roll,tech,2.83,6,0,0,0,33.9,7,9.3,0.48,0.02,0.06,2024-03-05 19:00:00,19,1,3,0.0,0.0,1.1666666666666667,0.7106893333333334,6,0.0,desktop_tech,evening,0,283.0709929863977,0.0462108557925744,33.9
184302,28.0,M,US,Seattle,tablet,basic,4119,comedy,2.0,PG-13,5696,video,in_feed,finance,6.48,4,0,0,0,16.2,4,13.42,0.7,0.02,0.05,2024-03-05 19:00:00,19,1,3,0.0,0.0,1.0,0.4689569999999999,4,0.0,tablet_finance,evening,0,283.0709929863977,0.0462108557925744,16.2
442404,63.0,Other,FR,Lyon,mobile,family,2004,drama,55.7,PG,5615,audio,sidebar,finance,4.61,1,0,0,0,57.5,7,11.31,0.7,0.0,0.01,2024-03-05 19:00:00,19,1,3,0.0,0.0,7.0,0.7848293333333333,1,0.0,mobile_finance,evening,0,283.0709929863977,0.0462108557925744,71.3
139934,46.0,M,BR,Sao Paulo,mobile,basic,2301,drama,34.9,PG-13,5780,audio,sidebar,cpg,6.74,1,0,0,0,20.9,2,10.11,0.05,0.0,0.01,2024-03-05 19:00:00,19,1,3,0.0,0.0,2.0,0.411113,1,0.0,mobile_cpg,evening,0,283.0709929863977,0.0462108557925744,20.9
377141,49.0,F,IN,Mumbai,console,family,4885,kids,38.3,R,5537,audio,pre_roll,tech,4.56,7,0,0,0,19.3,7,11.3,1.09,0.03,0.08,2024-03-05 19:00:00,19,1,3,0.0,0.0,1.0,0.5811626666666667,7,0.0,console_tech,evening,0,283.0709929863977,0.0462108557925744,19.3
315772,17.0,M,MX,Guadalajara,desktop,family,9412,drama,28.3,R,5347,native,pre_roll,retail,2.7,2,0,0,0,3.3,2,10.62,0.92,0.01,0.02,2024-03-05 19:00:00,19,1,3,0.0,0.0,1.0,0.248261,2,0.0,desktop_retail,evening,0,283.0709929863977,0.0462108557925744,3.3
715204,25.0,M,US,Chicago,tablet,basic,4421,documentary,30.7,PG-13,5128,banner,pre_roll,retail,5.19,2,0,0,0,23.5,2,12.61,0.83,0.01,0.03,2024-03-05 20:00:00,20,1,3,0.0,0.0,1.0,0.4348329999999999,2,0.0,tablet_retail,evening,0,283.0709929863977,0.0462108557925744,23.5
451456,37.0,F,US,Seattle,mobile,family,8728,sports,32.0,PG-13,5181,native,pre_roll,retail,6.36,4,0,0,0,95.05050000000048,4,11.92,1.51,0.02,0.05,2024-03-05 20:00:00,20,1,3,0.0,0.0,1.0,0.7159716666666667,4,0.0,mobile_retail,evening,0,283.0709929863977,0.0462108557925744,58.52525000000024
890573,56.0,M,UK,London,desktop,free,1677,comedy,27.7,R,5168,audio,post_roll,tech,4.79,8,0,0,0,14.9,3,8.59,1.29,0.03,0.07,2024-03-05 20:00:00,20,1,3,0.0,0.0,0.375,0.4022559999999999,8,0.0,desktop_tech,evening,0,283.0709929863977,0.0462108557925744,14.9
244872,39.0,M,UK,London,mobile,free,2827,music,2.0,PG,5216,audio,in_feed,auto,6.78,1,0,0,0,0.5,6,8.33,0.37,0.0,0.01,2024-03-05 20:00:00,20,1,3,0.0,0.0,6.0,0.3996196666666666,1,0.0,mobile_auto,evening,0,283.0709929863977,0.0462108557925744,0.5
371641,40.0,M,US,New York,desktop,premium,6973,music,72.7,PG-13,5382,video,pre_roll,gaming,6.98,10,0,0,0,39.7,4,11.06,1.93,0.04,0.11,2024-03-05 20:00:00,20,1,3,0.0,0.0,0.4,0.6582956666666667,10,0.0,desktop_gaming,evening,0,283.0709929863977,0.0462108557925744,67.37525000000024
714783,35.0,M,BR,Rio de Janeiro,desktop,free,3992,drama,11.9,PG,5588,video,post_roll,auto,8.86,2,1,0,1,13.4,7,7.67,1.27,0.77,0.21,2024-03-05 20:00:00,20,1,3,0.5,0.0,4.0,0.7068863333333333,2,0.5,desktop_auto,evening,0,283.0709929863977,0.0462108557925744,13.4
403569,22.0,F,US,Seattle,tablet,family,5943,comedy,69.2,PG,5258,native,mid_roll,finance,9.54,4,0,0,0,66.0,4,10.21,1.66,0.02,0.04,2024-03-05 20:00:00,20,1,3,0.0,0.0,1.0,0.7093090000000001,4,0.0,tablet_finance,evening,0,283.0709929863977,0.0462108557925744,66.0
358794,14.0,F,DE,Berlin,desktop,free,8541,drama,18.5,PG-13,5107,video,in_feed,finance,5.06,3,0,0,0,25.3,2,9.74,0.88,0.01,0.03,2024-03-05 20:00:00,20,1,3,0.0,0.0,0.6666666666666666,0.450661,3,0.0,desktop_finance,evening,0,283.0709929863977,0.0462108557925744,25.3
962809,48.0,M,US,Unknown,tablet,free,3398,gaming,34.2,R,5160,interstitial,post_roll,travel,5.98,8,1,0,1,30.7,3,8.04,1.61,0.99,0.31,2024-03-05 20:00:00,20,1,3,0.125,0.0,0.5,0.6949076666666667,8,0.125,tablet_travel,evening,0,283.0709929863977,0.0462108557925744,30.7
535689,24.0,F,AU,Melbourne,desktop,free,5232,drama,65.2,PG,5820,native,post_roll,healthcare,7.37,8,2,0,1,75.1,9,11.35,0.86,1.07,0.35,2024-03-05 20:00:00,20,1,3,0.25,0.0,1.375,0.9788223333333332,8,0.25,desktop_healthcare,evening,0,283.0709929863977,0.0462108557925744,75.1
238411,17.0,F,BR,Rio de Janeiro,mobile,free,3697,kids,35.8,PG,5912,banner,post_roll,healthcare,2.15,11,0,0,0,25.5,4,5.88,1.38,0.03,0.06,2024-03-05 20:00:00,20,1,3,0.0,0.0,0.3636363636363636,0.5666716666666667,11,0.0,mobile_healthcare,evening,0,283.0709929863977,0.0462108557925744,25.5
128179,46.0,M,IN,Mumbai,mobile,free,2221,gaming,75.4,PG-13,5469,banner,post_roll,travel,5.32,11,0,0,0,42.3,3,8.49,0.62,0.04,0.09,2024-03-05 20:00:00,20,1,3,0.0,0.0,0.2727272727272727,0.61412,11,0.0,mobile_travel,evening,0,283.0709929863977,0.0462108557925744,42.3
232618,51.0,F,US,Chicago,mobile,basic,1196,kids,36.5,PG-13,5075,native,mid_roll,travel,11.07,4,0,0,0,20.6,3,15.84,1.49,0.03,0.06,2024-03-05 21:00:00,21,1,3,0.0,0.0,0.75,0.4622653333333333,4,0.0,mobile_travel,evening,0,283.0709929863977,0.0462108557925744,20.6
452078,41.0,M,US,New York,tablet,family,2715,drama,24.3,R,5516,video,sidebar,healthcare,6.67,1,0,0,0,8.8,1,12.38,1.25,0.0,0.01,2024-03-05 21:00:00,21,1,3,0.0,0.0,1.0,0.2371869999999999,1,0.0,tablet_healthcare,evening,0,283.0709929863977,0.0462108557925744,8.8
219720,56.0,M,MX,Guadalajara,mobile,premium,2476,documentary,2.0,R,5988,banner,pre_roll,cpg,7.52,1,0,0,0,4.9,5,10.92,1.78,0.0,0.01,2024-03-05 21:00:00,21,1,3,0.0,0.0,5.0,0.413633,1,0.0,mobile_cpg,evening,0,283.0709929863977,0.0462108557925744,4.9
910311,60.0,F,BR,Sao Paulo,smart_tv,basic,7640,drama,69.2,PG-13,5951,native,sidebar,healthcare,2.15,6,0,0,0,67.5,4,4.12,1.72,0.01,0.02,2024-03-05 21:00:00,21,1,3,0.0,0.0,0.6666666666666666,0.7101236666666667,6,0.0,smart_tv_healthcare,evening,0,283.0709929863977,0.0462108557925744,67.5
445449,48.0,M,US,New York,tablet,free,7441,news,21.0,PG,5261,native,pre_roll,tech,6.45,8,0,0,0,2.1,0,7.48,1.64,0.02,0.06,2024-03-05 21:00:00,21,1,3,0.0,0.0,0.0,0.1618446666666666,8,0.0,tablet_tech,evening,0,283.0709929863977,0.0462108557925744,2.1
692152,30.0,F,IN,Bengaluru,desktop,family,6730,news,60.2,R,5261,video,post_roll,cpg,3.31,2,0,0,0,28.1,6,8.41,0.05,0.01,0.02,2024-03-05 21:00:00,21,1,3,0.0,0.0,3.0,0.6549543333333333,2,0.0,desktop_cpg,evening,0,283.0709929863977,0.0462108557925744,14.3
212311,18.0,M,MX,Guadalajara,desktop,basic,7140,news,53.2,PG-13,5183,interstitial,sidebar,gaming,1.76,1,0,0,0,38.9,5,6.07,0.65,0.0,0.01,2024-03-05 21:00:00,21,1,3,0.0,0.0,5.0,0.6954703333333333,1,0.0,desktop_gaming,evening,0,283.0709929863977,0.0462108557925744,38.9
597858,46.0,M,UK,London,desktop,free,4142,gaming,35.2,R,5487,banner,sidebar,retail,13.7,10,1,0,1,28.8,6,11.56,1.62,1.02,0.36,2024-03-05 21:00:00,21,1,3,0.1,0.0,0.7,0.78769,10,0.1,desktop_retail,evening,0,283.0709929863977,0.0462108557925744,28.8
181919,39.0,F,MX,Guadalajara,mobile,basic,1997,news,50.7,PG,5184,video,in_feed,tech,5.44,10,0,0,0,33.3,2,12.08,0.96,0.05,0.12,2024-03-05 21:00:00,21,1,3,0.0,0.0,0.2,0.5102556666666667,10,0.0,mobile_tech,evening,0,283.0709929863977,0.0462108557925744,33.3
750943,37.0,M,BR,Rio de Janeiro,desktop,free,2462,news,43.4,R,5261,native,mid_roll,finance,5.15,4,0,0,0,37.4,2,10.09,1.08,0.02,0.04,2024-03-05 21:00:00,21,1,3,0.0,0.0,0.5,0.5332570000000001,4,0.0,desktop_finance,evening,0,283.0709929863977,0.0462108557925744,37.4
520491,35.0,F,US,Chicago,console,basic,3281,sports,37.5,PG-13,5615,native,post_roll,tech,8.52,11,0,0,0,32.5,7,13.81,1.25,0.06,0.15,2024-03-05 21:00:00,21,1,3,0.0,0.0,0.6363636363636364,0.7021386666666667,11,0.0,console_tech,evening,0,283.0709929863977,0.0462108557925744,32.5
317233,52.0,M,US,Seattle,mobile,family,5400,documentary,41.3,R,5487,video,in_feed,tech,7.48,3,0,0,0,10.8,1,13.13,1.51,0.02,0.04,2024-03-05 21:00:00,21,1,3,0.0,0.0,0.3333333333333333,0.2543269999999999,3,0.0,mobile_tech,evening,0,283.0709929863977,0.0462108557925744,10.8
151207,68.0,M,US,Chicago,tablet,premium,4674,comedy,6.5,G,5163,banner,pre_roll,healthcare,5.31,8,0,0,0,9.8,10,7.44,0.88,0.5113457650353038,0.06,2024-03-05 21:00:00,21,1,3,0.0,0.0,1.25,0.5073526666666667,8,0.0,tablet_healthcare,evening,0,283.0709929863977,0.0462108557925744,9.8
335986,31.0,F,CA,Vancouver,smart_tv,premium,5069,gaming,2.0,PG-13,5260,video,in_feed,auto,4.43,5,0,0,0,14.6,1,7.1,0.35,0.01,0.04,2024-03-05 21:00:00,21,1,3,0.0,0.0,0.2,0.2889803333333333,5,0.0,smart_tv_auto,evening,0,283.0709929863977,0.0462108557925744,14.6
866330,21.0,F,US,Seattle,mobile,free,3369,news,78.4,G,5347,banner,sidebar,gaming,5.32,8,0,0,0,63.0,6,11.3,1.08,0.04,0.09,2024-03-05 22:00:00,22,1,3,0.0,0.0,0.75,0.774637,8,0.0,mobile_gaming,night,0,283.0709929863977,0.0462108557925744,63.0
894409,13.0,F,BR,Rio de Janeiro,mobile,basic,8090,sports,36.2,R,5196,native,pre_roll,gaming,6.33,7,0,0,0,37.4,1,4.87,1.01,0.01,0.03,2024-03-05 22:00:00,22,1,3,0.0,0.0,0.1428571428571428,0.482687,7,0.0,mobile_gaming,night,0,283.0709929863977,0.0462108557925744,37.4
914885,53.0,Other,US,Austin,desktop,family,7748,news,61.6,R,5209,video,in_feed,gaming,11.07,5,0,0,0,56.2,4,14.73,1.12,0.03,0.07,2024-03-05 22:00:00,22,1,3,0.0,0.0,0.8,0.7007610000000001,5,0.0,desktop_gaming,night,0,283.0709929863977,0.0462108557925744,29.5
607393,69.0,F,US,New York,tablet,free,5511,documentary,15.6,PG,5316,audio,post_roll,finance,8.22,7,0,0,0,6.8,2,14.57,0.28,0.04,0.1,2024-03-05 22:00:00,22,1,3,0.0,0.0,0.2857142857142857,0.2720356666666667,7,0.0,tablet_finance,night,0,283.0709929863977,0.0462108557925744,6.8
145458,72.0,F,UK,Manchester,tablet,free,7946,comedy,39.9,PG,5556,audio,in_feed,cpg,3.65,8,0,0,0,25.9,3,7.11,1.0,0.02,0.06,2024-03-05 22:00:00,22,1,3,0.0,0.0,0.375,0.5154746666666666,8,0.0,tablet_cpg,night,0,283.0709929863977,0.0462108557925744,25.9
883427,40.0,M,US,Chicago,mobile,free,5168,comedy,4.2,R,5457,video,in_feed,finance,9.19,7,0,0,0,12.9,4,15.84,1.21,0.04,0.11,2024-03-05 22:00:00,22,1,3,0.0,0.0,0.5714285714285714,0.4383423333333333,7,0.0,mobile_finance,night,0,283.0709929863977,0.0462108557925744,12.9
535548,29.0,F,AU,Sydney,desktop,free,7441,drama,81.2,R,5302,audio,in_feed,finance,2.92,10,0,0,0,39.5,4,14.12,0.99,0.06,0.14,2024-03-05 22:00:00,22,1,3,0.0,0.0,0.4,0.6574543333333333,10,0.0,desktop_finance,night,0,283.0709929863977,0.0462108557925744,39.5
181954,29.0,F,DE,Munich,smart_tv,basic,6771,gaming,41.0,R,5859,video,pre_roll,cpg,3.15,9,0,0,0,36.4,3,11.46,0.8,0.04,0.1,2024-03-05 22:00:00,22,1,3,0.0,0.0,0.3333333333333333,0.5880493333333333,9,0.0,smart_tv_cpg,night,0,283.0709929863977,0.0462108557925744,36.4
461658,65.0,M,IN,Hyderabad,tablet,basic,3255,kids,37.2,PG,5645,native,post_roll,healthcare,4.47,2,0,0,0,24.9,9,5.59,1.25,0.0,0.01,2024-03-05 22:00:00,22,1,3,0.0,0.0,4.5,0.6564653333333333,2,0.0,tablet_healthcare,night,0,283.0709929863977,0.0462108557925744,24.9
304950,23.0,F,BR,Sao Paulo,mobile,free,4925,music,20.0,PG-13,5719,banner,mid_roll,tech,7.6,1,0,0,0,13.2,3,11.88,0.95,0.0,0.01,2024-03-05 22:00:00,22,1,3,0.0,0.0,3.0,0.3865999999999999,1,0.0,mobile_tech,night,0,283.0709929863977,0.0462108557925744,19.45
300171,66.0,F,US,Chicago,mobile,free,1430,comedy,74.3,PG-13,5451,audio,mid_roll,auto,3.03,4,1,0,1,65.3,9,5.05,0.55,0.34,0.1,2024-03-05 22:00:00,22,1,3,0.25,0.0,2.5,0.9750383333333332,4,0.25,mobile_auto,night,0,283.0709929863977,0.0462108557925744,65.3
962907,71.0,M,CA,Toronto,mobile,free,7436,documentary,49.0,G,5117,interstitial,pre_roll,healthcare,4.79,11,0,0,0,31.3,4,11.92,0.85,0.05,0.13,2024-03-05 22:00:00,22,1,3,0.0,0.0,0.3636363636363636,0.6113823333333332,11,0.0,mobile_healthcare,night,0,283.0709929863977,0.0462108557925744,31.3
159269,43.0,F,US,Seattle,desktop,basic,9911,music,40.8,PG,5380,audio,mid_roll,retail,10.38,9,0,0,0,29.5,1,7.98,1.32,0.03,0.07,2024-03-05 22:00:00,22,1,3,0.0,0.0,0.1111111111111111,0.4334536666666667,9,0.0,desktop_retail,night,0,283.0709929863977,0.0462108557925744,29.5
131455,24.0,Other,CA,Vancouver,mobile,free,8323,gaming,24.1,PG,5342,video,mid_roll,gaming,9.01,1,0,0,0,18.3,3,14.98,1.31,0.01,0.01,2024-03-05 23:00:00,23,1,3,0.0,0.0,3.0,0.4346719999999999,1,0.0,mobile_gaming,night,0,283.0709929863977,0.0462108557925744,18.3
207256,56.0,M,US,Austin,mobile,family,6304,gaming,36.0,PG,5503,interstitial,sidebar,cpg,5.67,1,0,0,0,20.6,2,11.44,0.97,0.0,0.01,2024-03-05 23:00:00,23,1,3,0.0,0.0,2.0,0.4023743333333333,1,0.0,mobile_cpg,night,0,283.0709929863977,0.0462108557925744,20.6
214029,17.0,F,UK,Manchester,mobile,basic,2041,drama,11.5,G,5316,video,post_roll,cpg,7.49,10,0,0,0,5.6,2,13.77,1.18,0.06,0.14,2024-03-05 23:00:00,23,1,3,0.0,0.0,0.2,0.2633836666666667,10,0.0,mobile_cpg,night,0,283.0709929863977,0.0462108557925744,5.6
575296,21.0,F,UK,London,desktop,premium,3427,sports,39.4,PG,5186,banner,sidebar,healthcare,7.27,2,1,0,1,31.9,4,8.35,1.91,1.15,0.3,2024-03-05 23:00:00,23,1,3,0.5,0.0,2.5,0.7971219999999999,2,0.5,desktop_healthcare,night,0,283.0709929863977,0.0462108557925744,24.1
118908,32.0,F,FR,Lyon,tablet,free,9518,music,24.8,G,5286,banner,in_feed,finance,4.79,5,0,0,0,10.4,1,16.23,1.72,0.03,0.08,2024-03-05 23:00:00,23,1,3,0.0,0.0,0.2,0.250755,5,0.0,tablet_finance,night,0,283.0709929863977,0.0462108557925744,12.85
669814,55.0,M,US,Austin,mobile,free,3140,documentary,21.2,PG,5270,banner,post_roll,healthcare,5.31,3,0,0,0,19.7,1,6.82,0.89,0.01,0.02,2024-03-05 23:00:00,23,1,3,0.0,0.0,0.3333333333333333,0.3373696666666667,3,0.0,mobile_healthcare,night,0,283.0709929863977,0.0462108557925744,19.7
318560,38.0,F,UK,Manchester,desktop,premium,1808,music,34.8,PG,5615,video,post_roll,tech,2.03,6,0,0,0,19.7,5,8.45,1.88,0.02,0.05,2024-03-05 23:00:00,23,1,3,0.0,0.0,0.8333333333333334,0.5429996666666667,6,0.0,desktop_tech,night,0,283.0709929863977,0.0462108557925744,19.7
145404,30.0,F,CA,Toronto,tablet,premium,4472,sports,63.1,PG-13,5620,banner,mid_roll,travel,5.01,1,1,0,1,53.3,2,8.84,0.8,0.48,0.13,2024-03-05 23:00:00,23,1,3,1.0,0.0,3.0,0.7662226666666667,1,1.0,tablet_travel,night,0,283.0709929863977,0.0462108557925744,31.5
219618,43.0,F,IN,Hyderabad,desktop,basic,1267,documentary,45.5,PG,5021,interstitial,post_roll,auto,12.34,8,0,0,0,17.5,1,10.75,1.36,0.03,0.09,2024-03-05 23:00:00,23,1,3,0.0,0.0,0.125,0.3163923333333333,8,0.0,desktop_auto,night,0,283.0709929863977,0.0462108557925744,17.5
204418,52.0,F,UK,Manchester,mobile,basic,3990,drama,14.5,PG-13,5202,native,post_roll,auto,3.29,2,0,0,0,22.9,4,5.68,1.14,0.0,0.01,2024-03-05 23:00:00,23,1,3,0.0,0.0,2.0,0.543813,2,0.0,mobile_auto,night,0,283.0709929863977,0.0462108557925744,22.9
410827,67.0,M,US,New York,desktop,free,2381,music,20.0,PG,5875,audio,mid_roll,gaming,10.26,6,0,0,0,20.6,3,7.9,1.49,0.02,0.05,2024-03-05 23:00:00,23,1,3,0.0,0.0,0.5,0.4622653333333333,6,0.0,desktop_gaming,night,0,283.0709929863977,0.0462108557925744,20.6
117503,18.0,M,IN,Mumbai,desktop,family,4978,sports,49.8,PG-13,5507,audio,pre_roll,retail,8.87,8,3,1,1,20.6,5,11.69,1.37,25.58,0.71,2024-03-05 23:00:00,23,1,3,0.375,0.3333333333333333,1.125,0.7369533333333333,8,0.375,desktop_retail,night,0,283.0709929863977,0.0462108557925744,21.3
647546,63.0,F,DE,Berlin,desktop,premium,2617,kids,30.8,PG-13,5818,audio,mid_roll,travel,5.59,3,0,0,0,27.6,1,13.64,0.99,0.02,0.04,2024-03-06 00:00:00,0,2,3,0.0,0.0,0.3333333333333333,0.4188216666666666,3,0.0,desktop_travel,late_night,0,277.51816364580867,0.0461175186303532,27.6
698764,34.0,M,DE,Munich,desktop,free,5442,news,39.9,G,5093,native,mid_roll,tech,6.81,11,0,0,0,25.5,2,5.49,2.4,0.02,0.06,2024-03-06 00:00:00,0,2,3,0.0,0.0,0.1818181818181818,0.4523316666666667,11,0.0,desktop_tech,late_night,0,277.51816364580867,0.0461175186303532,25.5
366514,65.0,Other,BR,Rio de Janeiro,smart_tv,free,3570,music,49.3,R,5564,audio,pre_roll,retail,4.81,3,0,0,0,24.2,2,7.36,1.43,0.01,0.02,2024-03-06 00:00:00,0,2,3,0.0,0.0,0.6666666666666666,0.4411583333333333,3,0.0,smart_tv_retail,late_night,0,277.51816364580867,0.0461175186303532,24.2
254233,44.0,F,JP,Osaka,mobile,free,5357,drama,23.6,R,5001,interstitial,sidebar,healthcare,4.36,1,0,0,0,3.9,3,10.24,0.33,0.0,0.01,2024-03-06 00:00:00,0,2,3,0.0,0.0,3.0,0.31184,1,0.0,mobile_healthcare,late_night,0,277.51816364580867,0.0461175186303532,3.9
161658,61.0,F,US,New York,mobile,free,4784,documentary,43.2,PG,5967,video,post_roll,tech,16.22,6,0,0,0,27.6,1,12.95,1.98,0.03,0.08,2024-03-06 00:00:00,0,2,3,0.0,0.0,0.1666666666666666,0.4188216666666666,6,0.0,mobile_tech,late_night,0,277.51816364580867,0.0461175186303532,27.6
732529,38.0,F,US,Seattle,mobile,premium,5932,news,51.1,R,5630,native,sidebar,retail,4.28,1,0,0,0,22.5,4,4.43,1.4,0.0,0.0,2024-03-06 00:00:00,0,2,3,0.0,0.0,4.0,0.5401130000000001,1,0.0,mobile_retail,late_night,0,277.51816364580867,0.0461175186303532,22.5
327571,68.0,M,US,New York,desktop,free,8249,kids,45.1,G,5926,native,in_feed,finance,7.99,9,0,0,0,18.1,2,15.34,0.9,0.06,0.14,2024-03-06 00:00:00,0,2,3,0.0,0.0,0.2222222222222222,0.3728956666666667,9,0.0,desktop_finance,late_night,0,277.51816364580867,0.0461175186303532,18.1
192576,45.0,F,CA,Vancouver,mobile,premium,1448,gaming,67.0,PG-13,5569,interstitial,pre_roll,finance,2.37,2,2,0,0,54.1,3,14.01,0.96,0.01,0.03,2024-03-06 00:00:00,0,2,3,1.0,0.0,2.5,0.8273923333333333,2,1.0,mobile_finance,late_night,0,277.51816364580867,0.0461175186303532,54.1
236378,64.0,M,US,Austin,mobile,free,4488,gaming,54.4,PG-13,5147,interstitial,mid_roll,healthcare,5.8,10,0,0,0,40.6,3,8.97,0.98,0.04,0.09,2024-03-06 00:00:00,0,2,3,0.0,0.0,0.3,0.60766,10,0.0,mobile_healthcare,late_night,0,277.51816364580867,0.0461175186303532,40.6
464457,35.0,F,US,New York,mobile,family,6978,kids,54.0,PG,5303,video,mid_roll,travel,6.64,6,0,0,0,33.8,3,9.79,0.66,0.02,0.06,2024-03-06 01:00:00,1,2,3,0.0,0.0,0.5,0.5730946666666666,6,0.0,mobile_travel,late_night,0,277.51816364580867,0.0461175186303532,33.8
487376,66.0,Other,JP,Tokyo,desktop,premium,5606,documentary,38.8,PG,5974,video,post_roll,tech,8.05,3,0,0,0,34.2,1,13.52,1.38,0.02,0.04,2024-03-06 01:00:00,1,2,3,0.0,0.0,0.3333333333333333,0.4650136666666666,3,0.0,desktop_tech,late_night,0,277.51816364580867,0.0461175186303532,34.2
319363,14.0,M,UK,London,console,premium,2132,kids,43.7,R,5252,interstitial,mid_roll,tech,2.53,1,1,0,1,18.2,2,13.62,0.53,0.32,0.09,2024-03-06 01:00:00,1,2,3,1.0,0.0,3.0,0.5578013333333334,1,1.0,console_tech,late_night,0,277.51816364580867,0.0461175186303532,18.2
801293,41.0,F,US,Seattle,mobile,free,3524,gaming,20.1,PG,5171,interstitial,mid_roll,retail,2.11,6,0,0,0,8.4,2,7.13,0.87,0.02,0.04,2024-03-06 01:00:00,1,2,3,0.0,0.0,0.3333333333333333,0.2844756666666667,6,0.0,mobile_retail,late_night,0,277.51816364580867,0.0461175186303532,8.4
759575,67.0,F,JP,Osaka,mobile,premium,5717,gaming,67.4,PG-13,5838,native,in_feed,travel,10.62,5,1,0,1,46.4,6,10.6,1.62,0.99,0.3,2024-03-06 01:00:00,1,2,3,0.2,0.0,1.4,0.9123236666666668,5,0.2,mobile_travel,late_night,0,277.51816364580867,0.0461175186303532,46.4
176751,42.0,F,IN,Hyderabad,mobile,basic,9820,sports,28.9,PG-13,5506,video,post_roll,cpg,7.61,2,0,0,0,22.4,2,6.21,0.53,0.0,0.01,2024-03-06 01:00:00,1,2,3,0.0,0.0,1.0,0.4248476666666667,2,0.0,mobile_cpg,late_night,0,277.51816364580867,0.0461175186303532,22.4
258959,33.0,M,CA,Toronto,smart_tv,basic,8905,news,33.5,PG-13,5873,banner,pre_roll,tech,2.39,5,0,0,0,9.6,2,15.21,0.74,0.03,0.08,2024-03-06 01:00:00,1,2,3,0.0,0.0,0.4,0.2944556666666666,5,0.0,smart_tv_tech,late_night,0,277.51816364580867,0.0461175186303532,9.6
694096,67.0,Unknown,US,Austin,smart_tv,free,7767,comedy,2.6,G,5002,banner,pre_roll,retail,4.5,5,0,0,0,10.0,3,14.9,1.51,0.03,0.07,2024-03-06 01:00:00,1,2,3,0.0,0.0,0.6,0.3577506666666666,5,0.0,smart_tv_retail,late_night,0,277.51816364580867,0.0461175186303532,10.0
185309,25.0,M,US,New York,mobile,free,3307,music,10.7,R,5922,native,pre_roll,retail,6.14,9,1,0,1,7.1,2,12.69,1.01,0.65,0.27,2024-03-06 01:00:00,1,2,3,0.1111111111111111,0.0,0.3333333333333333,0.4093409999999999,9,0.0555555555555555,mobile_retail,late_night,0,277.51816364580867,0.0461175186303532,3.8
893506,25.0,M,US,Unknown,mobile,basic,4931,comedy,26.5,G,5680,banner,mid_roll,travel,6.09,2,0,0,0,3.5,3,11.22,1.28,0.01,0.02,2024-03-06 01:00:00,1,2,3,0.0,0.0,1.5,0.3093519999999999,2,0.0,mobile_travel,late_night,0,277.51816364580867,0.0461175186303532,3.5
527647,66.0,M,CA,Toronto,desktop,family,4473,news,30.8,PG,5106,audio,pre_roll,gaming,3.83,4,0,0,0,13.2,1,9.2,0.76,0.01,0.04,2024-03-06 02:00:00,2,2,3,0.0,0.0,0.25,0.2761389999999999,4,0.0,desktop_gaming,late_night,0,277.51816364580867,0.0461175186303532,13.2
594184,30.0,M,US,New York,desktop,premium,5648,documentary,38.7,PG-13,5680,native,pre_roll,finance,3.91,6,0,0,0,20.3,3,12.93,1.17,0.03,0.08,2024-03-06 02:00:00,2,2,3,0.0,0.0,0.5,0.4534813333333333,6,0.0,desktop_finance,late_night,0,277.51816364580867,0.0461175186303532,20.3
586731,62.0,M,US,Chicago,tablet,free,1382,sports,62.2,PG,5181,audio,pre_roll,retail,5.96,8,0,0,0,16.0,0,8.05,0.95,0.03,0.06,2024-03-06 02:00:00,2,2,3,0.0,0.0,0.0,0.2733526666666667,8,0.0,tablet_retail,late_night,0,277.51816364580867,0.0461175186303532,16.0
125893,47.0,M,MX,Mexico City,mobile,free,7261,gaming,13.4,PG-13,5886,native,sidebar,auto,5.02,7,0,0,0,0.5,2,9.3,1.9,0.03,0.07,2024-03-06 02:00:00,2,2,3,0.0,0.0,0.2857142857142857,0.2180356666666666,7,0.0,mobile_auto,late_night,0,277.51816364580867,0.0461175186303532,0.5
503050,45.0,M,UK,London,desktop,premium,8662,music,8.4,R,5262,interstitial,sidebar,cpg,1.84,9,0,0,0,0.5,2,4.72,1.03,0.02,0.04,2024-03-06 02:00:00,2,2,3,0.0,0.0,0.2222222222222222,0.2180356666666666,9,0.0,desktop_cpg,late_night,0,277.51816364580867,0.0461175186303532,0.5
213796,29.0,M,UK,Manchester,desktop,family,1347,gaming,28.6,PG-13,5764,video,mid_roll,healthcare,4.56,6,0,0,0,25.2,3,5.59,0.43,0.01,0.03,2024-03-06 02:00:00,2,2,3,0.0,0.0,0.5,0.5096733333333333,6,0.0,desktop_healthcare,late_night,0,277.51816364580867,0.0461175186303532,25.2
297757,56.0,F,IN,Hyderabad,smart_tv,basic,6021,music,41.2,PG-13,5962,banner,sidebar,travel,9.41,10,2,0,1,19.4,3,9.88,1.41,1.73,0.52,2024-03-06 02:00:00,2,2,3,0.2,0.0,0.5,0.6086320000000001,10,0.2,smart_tv_travel,late_night,0,277.51816364580867,0.0461175186303532,19.4
615717,74.0,M,JP,Osaka,mobile,premium,7824,comedy,34.1,PG,5282,banner,sidebar,travel,3.92,3,0,0,0,28.9,1,8.49,1.02,0.01,0.03,2024-03-06 02:00:00,2,2,3,0.0,0.0,0.3333333333333333,0.4289429999999999,3,0.0,mobile_travel,late_night,0,277.51816364580867,0.0461175186303532,28.9
400337,46.0,M,US,Seattle,mobile,free,3229,news,27.5,R,5535,native,sidebar,retail,6.08,4,0,0,0,18.6,5,9.51,1.03,0.02,0.04,2024-03-06 02:00:00,2,2,3,0.0,0.0,1.25,0.5326396666666666,4,0.0,mobile_retail,late_night,0,277.51816364580867,0.0461175186303532,18.6
887382,25.0,M,IN,Mumbai,mobile,basic,2725,drama,24.2,G,5912,interstitial,post_roll,gaming,4.62,6,0,0,0,16.6,3,6.23,1.37,0.01,0.04,2024-03-06 02:00:00,2,2,3,0.0,0.0,0.5,0.418316,6,0.0,mobile_gaming,late_night,0,277.51816364580867,0.0461175186303532,16.6
760364,63.0,F,US,Austin,mobile,basic,6720,documentary,30.9,G,5609,interstitial,sidebar,tech,2.09,11,0,0,0,5.6,3,12.3,1.29,0.05,0.14,2024-03-06 03:00:00,3,2,3,0.0,0.0,0.2727272727272727,0.3232746666666666,11,0.0,mobile_tech,late_night,0,277.51816364580867,0.0461175186303532,5.6
497604,26.0,M,AU,Sydney,desktop,premium,6801,drama,10.9,PG-13,5500,native,post_roll,cpg,6.08,6,0,0,0,0.8,3,11.29,1.38,0.03,0.07,2024-03-06 03:00:00,3,2,3,0.0,0.0,0.5,0.2945746666666666,6,0.0,desktop_cpg,late_night,0,277.51816364580867,0.0461175186303532,0.8
656475,57.0,M,CA,Toronto,mobile,premium,7849,sports,6.7,G,5132,interstitial,pre_roll,auto,4.83,9,0,0,0,10.2,0,10.26,1.38,0.04,0.09,2024-03-06 03:00:00,3,2,3,0.0,0.0,0.0,0.220046,9,0.0,mobile_auto,late_night,0,277.51816364580867,0.0461175186303532,10.2
819648,17.0,F,IN,Mumbai,desktop,free,6724,gaming,41.7,R,5904,banner,pre_roll,retail,5.18,10,1,0,1,25.3,2,10.82,1.04,0.67,0.26,2024-03-06 03:00:00,3,2,3,0.1,0.0,0.3,0.578058,10,0.1,desktop_retail,late_night,0,277.51816364580867,0.0461175186303532,25.3
763864,17.0,M,IN,Mumbai,mobile,family,3491,documentary,81.5,PG-13,5745,banner,mid_roll,travel,7.26,4,0,0,0,41.2,3,7.54,1.09,0.01,0.03,2024-03-06 03:00:00,3,2,3,0.0,0.0,0.75,0.6099373333333333,4,0.0,mobile_travel,late_night,0,277.51816364580867,0.0461175186303532,41.2
624503,32.0,F,IN,Bengaluru,desktop,free,1301,news,20.5,PG-13,5685,interstitial,mid_roll,finance,3.68,9,0,0,0,22.3,3,6.68,1.47,0.02,0.06,2024-03-06 03:00:00,3,2,3,0.0,0.0,0.3333333333333333,0.4837786666666667,9,0.0,desktop_finance,late_night,0,277.51816364580867,0.0461175186303532,22.3
550824,36.0,M,IN,Hyderabad,desktop,basic,8148,gaming,39.0,R,5977,native,pre_roll,travel,2.49,6,1,0,1,30.5,0,9.86,0.36,0.24,0.11,2024-03-06 03:00:00,3,2,3,0.1666666666666666,0.0,0.1666666666666666,0.567027,6,0.1666666666666666,desktop_travel,late_night,0,277.51816364580867,0.0461175186303532,30.5
403162,36.0,F,CA,Toronto,smart_tv,basic,6592,drama,37.9,PG-13,5790,banner,in_feed,finance,6.45,9,0,0,0,20.6,6,10.16,0.84,0.04,0.09,2024-03-06 03:00:00,3,2,3,0.0,0.0,0.6666666666666666,0.5839583333333334,9,0.0,smart_tv_finance,late_night,0,277.51816364580867,0.0461175186303532,20.6
793656,53.0,M,IN,Mumbai,mobile,basic,8596,music,62.4,PG-13,5279,banner,mid_roll,gaming,2.83,1,0,0,0,34.1,4,8.13,1.46,0.0,0.01,2024-03-06 03:00:00,3,2,3,0.0,0.0,4.0,0.629321,1,0.0,mobile_gaming,late_night,0,277.51816364580867,0.0461175186303532,34.1
464294,36.0,F,AU,Sydney,desktop,free,5957,music,6.4,PG-13,5869,interstitial,in_feed,cpg,4.17,1,0,0,0,0.5,1,12.62,0.78,0.01,0.01,2024-03-06 03:00:00,3,2,3,0.0,0.0,1.0,0.1674656666666666,1,0.0,desktop_cpg,late_night,0,277.51816364580867,0.0461175186303532,3.55
206464,66.0,F,BR,Sao Paulo,mobile,basic,2624,news,38.9,PG,5181,audio,mid_roll,travel,8.27,8,0,0,0,25.8,1,6.93,1.26,0.02,0.06,2024-03-06 03:00:00,3,2,3,0.0,0.0,0.125,0.4042256666666666,8,0.0,mobile_travel,late_night,0,277.51816364580867,0.0461175186303532,25.8
294474,14.0,F,US,Seattle,mobile,free,5803,kids,55.1,PG-13,5212,audio,sidebar,tech,5.09,5,0,0,0,39.7,2,10.16,0.84,0.02,0.05,2024-03-06 03:00:00,3,2,3,0.0,0.0,0.4,0.5439556666666667,5,0.0,mobile_tech,late_night,0,277.51816364580867,0.0461175186303532,39.7
905048,37.0,M,US,Chicago,desktop,free,3440,kids,64.9,PG,5526,banner,post_roll,cpg,8.01,7,0,0,0,29.0,3,17.41,0.83,0.05,0.12,2024-03-06 03:00:00,3,2,3,0.0,0.0,0.4285714285714285,0.540152,7,0.0,desktop_cpg,late_night,0,277.51816364580867,0.0461175186303532,28.266666666666666
439431,46.0,F,DE,Berlin,mobile,premium,9379,drama,23.9,PG-13,5302,native,sidebar,travel,10.55,1,0,0,0,13.5,5,9.56,2.0,0.0,0.01,2024-03-06 03:00:00,3,2,3,0.0,0.0,5.0,0.4843849999999999,1,0.0,mobile_travel,late_night,0,277.51816364580867,0.0461175186303532,19.75
705432,54.0,F,BR,Sao Paulo,desktop,free,6615,kids,11.4,PG-13,5013,native,mid_roll,tech,6.54,6,1,1,1,6.0,2,7.34,1.22,34.13005000000005,0.23,2024-03-06 03:00:00,3,2,3,0.1666666666666666,1.0,0.6666666666666666,0.421322,6,0.1666666666666666,desktop_tech,late_night,0,277.51816364580867,0.0461175186303532,6.0
588903,72.0,F,IN,Hyderabad,desktop,premium,4553,comedy,33.2,R,5796,video,sidebar,cpg,6.87,7,0,0,0,0.5,2,8.55,1.14,0.02,0.06,2024-03-06 04:00:00,4,2,3,0.0,0.0,0.2857142857142857,0.2180356666666666,7,0.0,desktop_cpg,late_night,0,277.51816364580867,0.0461175186303532,0.5
975155,46.0,F,FR,Lyon,mobile,free,7475,drama,11.2,G,5646,audio,pre_roll,gaming,11.49,7,0,0,0,0.5,4,15.19,0.81,0.04,0.11,2024-03-06 04:00:00,4,2,3,0.0,0.0,0.5714285714285714,0.3323756666666666,7,0.0,mobile_gaming,late_night,0,277.51816364580867,0.0461175186303532,10.55
140942,48.0,M,DE,Berlin,mobile,premium,5318,music,47.9,PG-13,5912,interstitial,sidebar,cpg,2.91,8,0,0,0,29.3,10,11.79,1.35,0.04,0.09,2024-03-06 04:00:00,4,2,3,0.0,0.0,1.25,0.693858,8,0.0,mobile_cpg,late_night,0,277.51816364580867,0.0461175186303532,29.3
349330,72.0,M,FR,Paris,desktop,family,2026,drama,39.4,R,5123,interstitial,mid_roll,auto,12.34,11,1,0,1,18.5,5,12.77,1.3,0.84,0.34,2024-03-06 04:00:00,4,2,3,0.0909090909090909,0.0,0.5454545454545454,0.6509849999999999,11,0.0909090909090909,desktop_auto,late_night,0,277.51816364580867,0.0461175186303532,16.55
578078,13.0,F,US,Chicago,mobile,basic,6682,comedy,15.1,G,5243,native,mid_roll,cpg,9.76,8,0,0,0,5.0,1,8.7,1.64,0.03,0.07,2024-03-06 04:00:00,4,2,3,0.0,0.0,0.125,0.2086683333333333,8,0.0,mobile_cpg,late_night,0,277.51816364580867,0.0461175186303532,5.0
258259,19.0,M,UK,Manchester,mobile,premium,3596,music,41.7,PG,5078,interstitial,in_feed,cpg,4.83,3,0,0,0,8.7,5,9.76,1.03,0.01,0.03,2024-03-06 04:00:00,4,2,3,0.0,0.0,1.6666666666666667,0.441969,3,0.0,mobile_cpg,late_night,0,277.51816364580867,0.0461175186303532,8.7
874774,15.0,F,AU,Melbourne,tablet,family,1574,documentary,62.5,R,5682,interstitial,post_roll,gaming,2.1,5,0,0,0,18.5,3,7.93,1.03,0.02,0.04,2024-03-06 04:00:00,4,2,3,0.0,0.0,0.6,0.43652,5,0.0,tablet_gaming,late_night,0,277.51816364580867,0.0461175186303532,18.5
402776,22.0,M,MX,Guadalajara,tablet,free,9771,kids,20.8,G,5260,native,sidebar,tech,4.92,4,0,0,0,14.9,0,10.85,1.26,0.02,0.04,2024-03-06 04:00:00,4,2,3,0.0,0.0,0.0,0.262862,4,0.0,tablet_tech,late_night,0,277.51816364580867,0.0461175186303532,14.9
947026,60.0,F,IN,Bengaluru,smart_tv,premium,5317,music,38.8,PG,5220,video,post_roll,tech,4.22,4,0,0,0,45.7,7,9.06,0.83,0.01,0.04,2024-03-06 05:00:00,5,2,3,0.0,0.0,1.75,0.7622093333333333,4,0.0,smart_tv_tech,late_night,0,277.51816364580867,0.0461175186303532,45.7
496720,65.0,F,CA,Toronto,mobile,basic,1628,documentary,43.7,PG-13,5861,banner,mid_roll,tech,6.87,11,0,0,0,49.1,3,8.22,1.5,0.04,0.09,2024-03-06 05:00:00,5,2,3,0.0,0.0,0.2727272727272727,0.6340026666666667,11,0.0,mobile_tech,late_night,0,277.51816364580867,0.0461175186303532,49.1
806768,48.0,M,JP,Osaka,mobile,basic,6082,sports,58.9,G,5712,video,post_roll,finance,8.42,11,1,0,1,23.7,3,12.36,1.8,1.13,0.41,2024-03-06 05:00:00,5,2,3,0.0909090909090909,0.0,0.3636363636363636,0.61574,11,0.0909090909090909,mobile_finance,late_night,0,277.51816364580867,0.0461175186303532,19.0
148826,74.0,F,US,New York,desktop,premium,9976,music,16.1,PG,5630,banner,post_roll,auto,4.72,4,0,0,0,1.5,3,9.06,0.88,0.01,0.04,2024-03-06 05:00:00,5,2,3,0.0,0.0,0.75,0.2981453333333333,4,0.0,desktop_auto,late_night,0,277.51816364580867,0.0461175186303532,1.5
999449,26.0,F,IN,Hyderabad,desktop,free,1434,documentary,43.4,G,5320,video,post_roll,finance,7.32,8,0,0,0,21.0,2,11.44,1.86,0.04,0.09,2024-03-06 05:00:00,5,2,3,0.0,0.0,0.25,0.4120743333333333,8,0.0,desktop_finance,late_night,0,277.51816364580867,0.0461175186303532,21.0
855583,64.0,F,DE,Munich,mobile,basic,8526,music,49.4,PG,5285,video,post_roll,tech,5.26,1,0,0,0,30.2,5,10.95,0.66,0.0,0.01,2024-03-06 05:00:00,5,2,3,0.0,0.0,5.0,0.644401,1,0.0,mobile_tech,late_night,0,277.51816364580867,0.0461175186303532,19.3
804607,31.0,M,UK,London,smart_tv,free,3641,news,40.7,PG,5455,video,in_feed,cpg,2.28,4,0,0,0,14.1,1,11.7,1.32,0.02,0.05,2024-03-06 05:00:00,5,2,3,0.0,0.0,0.25,0.2842336666666666,4,0.0,smart_tv_cpg,late_night,0,277.51816364580867,0.0461175186303532,14.1
660138,40.0,M,CA,Vancouver,tablet,basic,4013,comedy,19.2,PG-13,5792,interstitial,sidebar,tech,1.71,3,0,0,0,2.4,2,8.72,1.58,0.01,0.03,2024-03-06 05:00:00,5,2,3,0.0,0.0,0.6666666666666666,0.243025,3,0.0,tablet_tech,late_night,0,277.51816364580867,0.0461175186303532,2.4
136977,71.0,M,UK,Manchester,mobile,free,6522,gaming,2.0,PG-13,5692,banner,sidebar,finance,6.21,6,0,0,0,0.5,2,10.26,0.98,0.02,0.06,2024-03-06 05:00:00,5,2,3,0.0,0.0,0.3333333333333333,0.2180356666666666,6,0.0,mobile_finance,late_night,0,277.51816364580867,0.0461175186303532,0.5
123333,65.0,M,UK,Manchester,mobile,free,5276,news,16.9,PG-13,5176,audio,mid_roll,cpg,4.99,9,2,0,1,11.0,5,11.97,1.35,1.66,0.51,2024-03-06 05:00:00,5,2,3,0.2222222222222222,0.0,0.7777777777777778,0.6295063333333333,9,0.2222222222222222,mobile_cpg,late_night,0,277.51816364580867,0.0461175186303532,11.0
384315,45.0,M,JP,Osaka,mobile,basic,6794,comedy,21.1,PG-13,5437,native,mid_roll,cpg,11.42,7,0,0,0,8.6,3,16.82,1.22,0.05,0.12,2024-03-06 05:00:00,5,2,3,0.0,0.0,0.4285714285714285,0.346,7,0.0,mobile_cpg,late_night,0,277.51816364580867,0.0461175186303532,8.6
281773,37.0,M,MX,Mexico City,tablet,premium,5725,news,70.0,PG,5974,native,pre_roll,cpg,7.82,5,0,0,0,43.6,5,15.26,0.88,0.03,0.08,2024-03-06 05:00:00,5,2,3,0.0,0.0,1.0,0.713817,5,0.0,tablet_cpg,late_night,0,277.51816364580867,0.0461175186303532,43.6
425379,43.0,F,JP,Tokyo,desktop,free,1131,documentary,53.7,G,5063,banner,sidebar,healthcare,5.04,3,0,0,0,31.0,1,11.94,1.17,0.01,0.04,2024-03-06 05:00:00,5,2,3,0.0,0.0,0.3333333333333333,0.4443083333333333,3,0.0,desktop_healthcare,late_night,0,277.51816364580867,0.0461175186303532,15.75
761530,26.0,M,UK,Manchester,mobile,free,4021,comedy,73.2,PG,5133,video,sidebar,retail,6.39,4,0,0,0,50.0,3,8.56,2.28,0.01,0.03,2024-03-06 05:00:00,5,2,3,0.0,0.0,0.75,0.6360893333333333,4,0.0,mobile_retail,late_night,0,277.51816364580867,0.0461175186303532,50.0
935228,21.0,F,AU,Melbourne,desktop,free,1227,news,30.6,R,5791,audio,mid_roll,travel,3.59,10,1,0,1,8.5,1,12.88,1.06,0.69,0.29,2024-03-06 06:00:00,6,2,3,0.1,0.0,0.2,0.3621266666666666,10,0.1,desktop_travel,morning,0,277.51816364580867,0.0461175186303532,8.5
731849,60.0,F,IN,Unknown,smart_tv,basic,9853,documentary,77.7,PG-13,5052,interstitial,in_feed,cpg,6.41,10,1,0,1,39.1,1,7.32,0.64,0.41,0.17,2024-03-06 06:00:00,6,2,3,0.1,0.0,0.2,0.618188,10,0.1,smart_tv_cpg,morning,0,277.51816364580867,0.0461175186303532,39.1
874298,60.0,F,US,Seattle,desktop,basic,7611,kids,36.6,PG-13,5103,native,in_feed,gaming,6.77,3,1,0,1,7.4,1,5.35,1.53,0.92,0.25,2024-03-06 06:00:00,6,2,3,0.3333333333333333,0.0,0.6666666666666666,0.403215,3,0.3333333333333333,desktop_gaming,morning,0,277.51816364580867,0.0461175186303532,7.4
378987,62.0,M,US,Chicago,tablet,premium,9992,gaming,17.5,PG,5153,native,sidebar,travel,4.82,2,0,0,0,10.5,3,12.11,1.26,0.01,0.02,2024-03-06 06:00:00,6,2,3,0.0,0.0,1.5,0.3620906666666666,2,0.0,tablet_travel,morning,0,277.51816364580867,0.0461175186303532,10.5
260778,19.0,Other,US,Seattle,tablet,free,9565,kids,48.5,G,5715,interstitial,sidebar,tech,9.3,5,0,0,0,21.3,4,13.5,1.42,0.03,0.07,2024-03-06 06:00:00,6,2,3,0.0,0.0,0.8,0.5291716666666666,5,0.0,tablet_tech,morning,0,277.51816364580867,0.0461175186303532,21.3
255230,43.0,M,UK,London,tablet,free,1286,sports,58.6,R,5275,interstitial,pre_roll,healthcare,4.66,5,0,0,0,34.2,5,8.04,1.86,0.02,0.04,2024-03-06 06:00:00,6,2,3,0.0,0.0,1.0,0.6706436666666666,5,0.0,tablet_healthcare,morning,0,277.51816364580867,0.0461175186303532,34.2
764690,20.0,M,IN,Bengaluru,tablet,free,8756,drama,57.3,G,5838,video,post_roll,healthcare,7.3,11,0,0,0,37.3,2,10.62,1.28,0.05,0.12,2024-03-06 06:00:00,6,2,3,0.0,0.0,0.1818181818181818,0.5327916666666667,11,0.0,tablet_healthcare,morning,0,277.51816364580867,0.0461175186303532,33.7
946402,22.0,F,US,Seattle,desktop,basic,5050,comedy,9.5,PG-13,5018,interstitial,mid_roll,cpg,5.86,8,0,0,0,7.5,0,6.85,1.03,0.02,0.05,2024-03-06 06:00:00,6,2,3,0.0,0.0,0.0,0.1977646666666666,8,0.0,desktop_cpg,morning,0,277.51816364580867,0.0461175186303532,7.5
937165,36.0,M,US,New York,desktop,free,6777,news,49.0,PG-13,5218,interstitial,sidebar,finance,6.57,4,1,0,1,22.7,1,14.86,1.2,0.74,0.24,2024-03-06 06:00:00,6,2,3,0.25,0.0,0.5,0.5481039999999999,4,0.25,desktop_finance,morning,0,277.51816364580867,0.0461175186303532,22.7
375520,21.0,F,IN,Bengaluru,tablet,free,2512,gaming,28.7,PG-13,5163,audio,pre_roll,travel,6.09,9,0,0,0,17.4,2,13.59,0.44,0.05,0.12,2024-03-06 06:00:00,6,2,3,0.0,0.0,0.2222222222222222,0.365977,9,0.0,tablet_travel,morning,0,277.51816364580867,0.0461175186303532,17.549999999999997
595976,21.0,F,US,Austin,desktop,free,5148,comedy,34.7,PG,5036,audio,in_feed,retail,1.49,5,0,0,0,15.0,1,13.09,0.8,0.03,0.07,2024-03-06 06:00:00,6,2,3,0.0,0.0,0.2,0.2927163333333333,5,0.0,desktop_retail,morning,0,277.51816364580867,0.0461175186303532,15.0
617521,56.0,M,IN,Mumbai,desktop,basic,5516,documentary,15.6,PG-13,5163,video,pre_roll,auto,5.28,8,0,0,0,16.0,1,6.72,1.72,0.02,0.05,2024-03-06 06:00:00,6,2,3,0.0,0.0,0.125,0.3022856666666667,8,0.0,desktop_auto,morning,0,277.51816364580867,0.0461175186303532,16.1
123382,65.0,F,US,Chicago,tablet,family,3950,music,50.6,PG,5220,audio,in_feed,gaming,5.16,2,2,0,1,44.4,4,12.69,1.3,1.57,0.42,2024-03-06 07:00:00,7,2,3,1.0,0.0,3.0,0.8595533333333334,2,1.0,tablet_gaming,morning,0,277.51816364580867,0.0461175186303532,44.4
564854,17.0,F,IN,Hyderabad,desktop,family,8762,news,56.1,PG,5248,video,in_feed,retail,11.52,3,0,0,0,31.4,3,9.88,1.4,0.01,0.03,2024-03-06 07:00:00,7,2,3,0.0,0.0,1.0,0.5576293333333333,3,0.0,desktop_retail,morning,0,277.51816364580867,0.0461175186303532,31.4
413168,66.0,M,BR,Sao Paulo,desktop,free,5681,kids,42.8,PG-13,5133,banner,mid_roll,healthcare,1.94,6,0,0,0,9.3,0,10.4,0.85,0.02,0.06,2024-03-06 07:00:00,7,2,3,0.0,0.0,0.0,0.2124019999999999,6,0.0,desktop_healthcare,morning,0,277.51816364580867,0.0461175186303532,9.3
265660,24.0,Other,DE,Munich,mobile,free,9929,gaming,64.5,R,5264,audio,sidebar,auto,8.6,1,0,0,0,38.5,5,12.89,1.15,0.01,0.01,2024-03-06 07:00:00,7,2,3,0.0,0.0,5.0,0.693525,1,0.0,mobile_auto,morning,0,277.51816364580867,0.0461175186303532,38.5
207509,19.0,F,US,Chicago,mobile,free,8860,drama,20.7,PG,5027,interstitial,sidebar,cpg,1.45,6,0,0,0,0.5,1,6.67,1.08,0.02,0.04,2024-03-06 07:00:00,7,2,3,0.0,0.0,0.1666666666666666,0.1674656666666666,6,0.0,mobile_cpg,morning,0,277.51816364580867,0.0461175186303532,0.5
131134,39.0,M,BR,Rio de Janeiro,smart_tv,basic,7388,drama,42.7,PG-13,5503,video,in_feed,gaming,7.02,9,0,0,0,22.1,5,9.17,1.68,0.03,0.08,2024-03-06 07:00:00,7,2,3,0.0,0.0,0.5555555555555556,0.5770983333333334,9,0.0,smart_tv_gaming,morning,0,277.51816364580867,0.0461175186303532,22.1
539073,33.0,F,JP,Osaka,mobile,basic,1373,news,19.9,PG-13,5444,audio,in_feed,travel,6.08,2,0,0,0,10.2,1,3.33,1.1,0.0,0.01,2024-03-06 07:00:00,7,2,3,0.0,0.0,0.5,0.248979,2,0.0,mobile_travel,morning,0,277.51816364580867,0.0461175186303532,10.2
606259,33.0,M,JP,Osaka,mobile,free,9734,news,79.7,PG-13,5839,video,post_roll,auto,9.95,1,0,0,0,37.0,1,8.04,1.94,0.0,0.01,2024-03-06 07:00:00,7,2,3,0.0,0.0,1.0,0.4807643333333333,1,0.0,mobile_auto,morning,0,277.51816364580867,0.0461175186303532,18.8
879911,35.0,M,UK,Manchester,mobile,free,3884,sports,85.3,PG-13,5188,native,post_roll,finance,5.09,11,1,0,1,51.5,6,10.43,0.18,0.15,0.14,2024-03-06 08:00:00,8,2,3,0.0909090909090909,0.0,0.6363636363636364,0.8799503333333334,11,0.0909090909090909,mobile_finance,morning,0,277.51816364580867,0.0461175186303532,51.5
683439,52.0,F,IN,Bengaluru,desktop,premium,4604,news,33.2,G,5162,native,post_roll,auto,4.89,3,0,0,0,26.7,4,8.44,0.88,0.01,0.03,2024-03-06 08:00:00,8,2,3,0.0,0.0,1.3333333333333333,0.576545,3,0.0,desktop_auto,morning,0,277.51816364580867,0.0461175186303532,26.7
989501,23.0,M,FR,Lyon,mobile,free,4770,music,6.3,PG,5133,interstitial,sidebar,cpg,4.0,5,0,0,0,3.0,4,2.27,0.61,0.0,0.01,2024-03-06 08:00:00,8,2,3,0.0,0.0,0.8,0.3608249999999999,5,0.0,mobile_cpg,morning,0,277.51816364580867,0.0461175186303532,3.0
984623,41.0,M,US,Chicago,tablet,family,2888,kids,52.1,PG,5501,interstitial,mid_roll,cpg,14.3,8,1,0,1,11.5,2,14.03,1.4,0.88,0.32,2024-03-06 08:00:00,8,2,3,0.125,0.0,0.375,0.4535366666666666,8,0.125,tablet_cpg,morning,0,277.51816364580867,0.0461175186303532,11.5
290163,36.0,F,US,Austin,smart_tv,free,8928,documentary,2.0,R,5170,video,pre_roll,tech,15.71,7,0,0,0,0.5,1,19.15,2.45,0.05,0.13,2024-03-06 08:00:00,8,2,3,0.0,0.0,0.1428571428571428,0.1674656666666666,7,0.0,smart_tv_tech,morning,0,277.51816364580867,0.0461175186303532,0.5
202243,55.0,F,IN,Mumbai,mobile,family,3409,news,7.9,R,5696,interstitial,sidebar,cpg,3.54,1,0,0,0,9.2,7,17.72,2.1,0.01,0.02,2024-03-06 08:00:00,8,2,3,0.0,0.0,7.0,0.4879826666666667,1,0.0,mobile_cpg,morning,0,277.51816364580867,0.0461175186303532,9.2
170617,39.0,F,BR,Rio de Janeiro,mobile,free,4657,comedy,40.7,PG,5303,native,in_feed,finance,8.19,9,1,0,1,20.3,1,8.13,1.16,0.73,0.25,2024-03-06 08:00:00,8,2,3,0.1111111111111111,0.0,0.2222222222222222,0.4781403333333333,9,0.1111111111111111,mobile_finance,morning,0,277.51816364580867,0.0461175186303532,20.3
341240,47.0,F,MX,Mexico City,mobile,free,3678,music,28.5,PG-13,5784,video,pre_roll,healthcare,1.42,6,0,0,0,19.9,4,7.69,1.71,0.02,0.05,2024-03-06 08:00:00,8,2,3,0.0,0.0,0.6666666666666666,0.5041876666666667,6,0.0,mobile_healthcare,morning,0,277.51816364580867,0.0461175186303532,19.9
181181,57.0,F,US,Chicago,desktop,basic,4167,drama,2.0,R,5906,audio,pre_roll,tech,12.14,8,0,0,0,0.5,3,12.62,1.74,0.04,0.1,2024-03-06 08:00:00,8,2,3,0.0,0.0,0.375,0.2779266666666666,8,0.0,desktop_tech,morning,0,277.51816364580867,0.0461175186303532,0.5
327326,19.0,M,US,Chicago,tablet,premium,5079,sports,3.6,PG,5421,interstitial,mid_roll,healthcare,6.06,2,0,0,0,0.5,4,12.08,0.66,0.01,0.02,2024-03-06 08:00:00,8,2,3,0.0,0.0,2.0,0.3323756666666666,2,0.0,tablet_healthcare,morning,0,277.51816364580867,0.0461175186303532,0.5
805472,27.0,M,US,Chicago,mobile,free,5854,kids,39.9,R,5276,audio,pre_roll,cpg,6.47,3,0,0,0,26.7,4,7.02,1.23,0.01,0.02,2024-03-06 08:00:00,8,2,3,0.0,0.0,1.3333333333333333,0.576545,3,0.0,mobile_cpg,morning,0,277.51816364580867,0.0461175186303532,26.7
323920,65.0,F,JP,Tokyo,mobile,premium,9121,news,59.5,G,5207,native,sidebar,finance,7.74,2,0,0,0,20.6,3,12.91,1.77,0.01,0.03,2024-03-06 08:00:00,8,2,3,0.0,0.0,1.5,0.4622653333333333,2,0.0,mobile_finance,morning,0,277.51816364580867,0.0461175186303532,20.6
115192,25.0,Other,US,Chicago,mobile,free,1001,drama,48.0,R,5410,native,pre_roll,gaming,5.21,1,0,0,0,14.6,2,3.33,1.41,0.0,0.0,2024-03-06 09:00:00,9,2,3,0.0,0.0,2.0,0.3395503333333333,1,0.0,mobile_gaming,morning,0,277.51816364580867,0.0461175186303532,14.6
396691,66.0,Other,AU,Melbourne,console,premium,1964,comedy,56.4,PG-13,5663,audio,mid_roll,cpg,2.02,4,0,0,0,29.9,3,10.71,0.66,0.02,0.04,2024-03-06 09:00:00,9,2,3,0.0,0.0,0.75,0.5470226666666667,4,0.0,console_cpg,morning,0,277.51816364580867,0.0461175186303532,29.9
869061,46.0,F,JP,Osaka,mobile,free,2432,gaming,36.6,PG-13,5284,interstitial,in_feed,retail,6.15,3,1,0,1,13.0,3,11.87,0.73,0.45,0.15,2024-03-06 09:00:00,9,2,3,0.3333333333333333,0.0,1.3333333333333333,0.5621266666666667,3,0.3333333333333333,mobile_retail,morning,0,277.51816364580867,0.0461175186303532,13.0
720782,53.0,M,BR,Rio de Janeiro,smart_tv,premium,9058,kids,73.7,R,5867,audio,sidebar,auto,5.26,10,0,0,0,36.4,5,12.99,0.76,0.05,0.13,2024-03-06 09:00:00,9,2,3,0.0,0.0,0.5,0.6832183333333334,10,0.0,smart_tv_auto,morning,0,277.51816364580867,0.0461175186303532,36.4
590484,44.0,F,US,New York,tablet,basic,4783,gaming,47.1,PG,5894,audio,in_feed,travel,5.92,6,0,0,0,29.1,4,13.45,1.1,0.03,0.08,2024-03-06 09:00:00,9,2,3,0.0,0.0,0.6666666666666666,0.5953596666666667,6,0.0,tablet_travel,morning,0,277.51816364580867,0.0461175186303532,29.1
268643,28.0,M,US,Seattle,desktop,free,3802,gaming,22.3,PG-13,5490,video,post_roll,gaming,6.68,11,0,0,0,20.0,2,11.31,1.64,0.05,0.12,2024-03-06 09:00:00,9,2,3,0.0,0.0,0.1818181818181818,0.3907863333333333,11,0.0,desktop_gaming,morning,0,277.51816364580867,0.0461175186303532,20.0
385790,32.0,M,CA,Vancouver,mobile,free,3544,sports,47.1,PG-13,5542,video,pre_roll,finance,9.29,3,0,0,0,21.9,2,15.52,1.76,0.02,0.05,2024-03-06 09:00:00,9,2,3,0.0,0.0,0.6666666666666666,0.420305,3,0.0,mobile_finance,morning,0,277.51816364580867,0.0461175186303532,11.9
301233,32.0,M,US,Chicago,desktop,premium,8279,kids,32.2,PG-13,5873,native,in_feed,healthcare,3.51,1,0,0,0,17.6,4,11.38,0.85,0.0,0.01,2024-03-06 09:00:00,9,2,3,0.0,0.0,4.0,0.4822916666666667,1,0.0,desktop_healthcare,morning,0,277.51816364580867,0.0461175186303532,17.6
302384,55.0,F,US,Seattle,desktop,free,6965,documentary,16.4,R,5140,video,pre_roll,healthcare,5.42,8,1,0,1,1.2,1,9.85,0.7,0.45,0.18,2024-03-06 09:00:00,9,2,3,0.125,0.0,0.25,0.3284506666666666,8,0.125,desktop_healthcare,morning,0,277.51816364580867,0.0461175186303532,1.2
982991,71.0,M,US,Austin,desktop,free,3028,music,17.5,PG-13,5679,banner,sidebar,tech,5.55,2,0,0,0,0.6,2,15.39,2.28,0.01,0.03,2024-03-06 09:00:00,9,2,3,0.0,0.0,1.0,0.2337236666666666,2,0.0,desktop_tech,morning,0,277.51816364580867,0.0461175186303532,8.950000000000001
695937,31.0,M,IN,Bengaluru,mobile,premium,1750,music,10.7,PG,5155,native,post_roll,healthcare,4.67,11,1,0,1,18.1,3,8.07,1.3,0.82,0.28,2024-03-06 09:00:00,9,2,3,0.0909090909090909,0.0,0.3636363636363636,0.5520826666666667,11,0.0909090909090909,mobile_healthcare,morning,0,277.51816364580867,0.0461175186303532,18.1
733160,25.0,M,JP,Osaka,tablet,free,7503,gaming,44.9,PG-13,5146,audio,mid_roll,cpg,2.03,4,0,0,0,25.5,4,7.21,1.25,0.01,0.03,2024-03-06 10:00:00,10,2,3,0.0,0.0,1.0,0.5666716666666667,4,0.0,tablet_cpg,morning,0,277.51816364580867,0.0461175186303532,25.5
479145,17.0,M,BR,Sao Paulo,mobile,premium,4440,sports,43.1,PG-13,5338,interstitial,in_feed,finance,4.85,1,0,0,0,27.9,2,7.24,0.88,0.0,0.01,2024-03-06 10:00:00,10,2,3,0.0,0.0,2.0,0.4717596666666667,1,0.0,mobile_finance,morning,0,277.51816364580867,0.0461175186303532,27.9
808045,72.0,M,UK,Manchester,mobile,free,6637,music,13.3,PG-13,5475,native,mid_roll,cpg,4.37,7,0,0,0,10.9,4,9.13,1.45,0.03,0.06,2024-03-06 10:00:00,10,2,3,0.0,0.0,0.5714285714285714,0.4201143333333333,7,0.0,mobile_cpg,morning,0,277.51816364580867,0.0461175186303532,10.9
458059,26.0,F,JP,Tokyo,tablet,free,8125,gaming,48.7,R,5297,interstitial,mid_roll,travel,6.8,2,0,0,0,8.8,2,13.45,1.51,0.01,0.03,2024-03-06 10:00:00,10,2,3,0.0,0.0,1.0,0.287757,2,0.0,tablet_travel,morning,0,277.51816364580867,0.0461175186303532,8.8
413483,40.0,M,DE,Berlin,desktop,premium,4624,news,37.6,PG-13,5846,native,sidebar,finance,9.63,4,0,0,0,23.1,4,19.92,1.06,0.03,0.08,2024-03-06 10:00:00,10,2,3,0.0,0.0,1.0,0.545673,4,0.0,desktop_finance,morning,0,277.51816364580867,0.0461175186303532,23.1
880406,52.0,M,UK,London,mobile,free,5849,drama,26.9,G,5865,native,sidebar,finance,5.52,11,0,0,0,21.7,3,8.89,0.68,0.04,0.1,2024-03-06 10:00:00,10,2,3,0.0,0.0,0.2727272727272727,0.4783373333333333,11,0.0,mobile_finance,morning,0,277.51816364580867,0.0461175186303532,21.7
240262,62.0,F,US,Austin,mobile,basic,7732,documentary,24.7,PG-13,5876,video,pre_roll,gaming,1.74,1,0,0,0,4.3,0,6.58,0.88,0.0,0.01,2024-03-06 10:00:00,10,2,3,0.0,0.0,0.0,0.1749966666666666,1,0.0,mobile_gaming,morning,0,277.51816364580867,0.0461175186303532,4.3
232138,51.0,M,JP,Tokyo,desktop,premium,7196,documentary,54.3,PG,5790,banner,in_feed,cpg,2.8,9,0,0,0,37.2,5,10.65,1.09,0.04,0.1,2024-03-06 10:00:00,10,2,3,0.0,0.0,0.5555555555555556,0.6873583333333333,9,0.0,desktop_cpg,morning,0,277.51816364580867,0.0461175186303532,37.2
464511,25.0,Other,IN,Hyderabad,mobile,free,6691,news,15.3,PG,5615,native,mid_roll,tech,3.2,5,0,0,0,7.0,1,11.03,0.85,0.02,0.06,2024-03-06 10:00:00,10,2,3,0.0,0.0,0.2,0.2229456666666666,5,0.0,mobile_tech,morning,0,277.51816364580867,0.0461175186303532,19.0
773219,63.0,M,AU,Melbourne,mobile,free,8994,documentary,28.9,R,5963,interstitial,pre_roll,gaming,8.01,3,0,0,0,9.2,0,10.44,1.61,0.01,0.03,2024-03-06 10:00:00,10,2,3,0.0,0.0,0.0,0.2115726666666666,3,0.0,mobile_gaming,morning,0,277.51816364580867,0.0461175186303532,9.2
820517,35.0,F,BR,Sao Paulo,mobile,basic,5501,comedy,14.9,PG-13,5281,native,mid_roll,auto,2.9,6,1,0,1,2.6,0,13.16,0.71,0.46,0.19,2024-03-06 10:00:00,10,2,3,0.1666666666666666,0.0,0.1666666666666666,0.3198083333333333,6,0.1666666666666666,mobile_auto,morning,0,277.51816364580867,0.0461175186303532,2.6
902988,26.0,M,IN,Mumbai,desktop,premium,1203,music,42.1,PG,5247,banner,post_roll,finance,6.43,3,0,0,0,7.5,3,7.03,1.6,0.01,0.02,2024-03-06 10:00:00,10,2,3,0.0,0.0,1.0,0.3371586666666666,3,0.0,desktop_finance,morning,0,277.51816364580867,0.0461175186303532,7.5
155451,16.0,M,UK,London,mobile,basic,2321,documentary,2.0,PG-13,5668,interstitial,sidebar,retail,1.38,5,0,0,0,2.7,2,3.86,0.69,0.01,0.02,2024-03-06 10:00:00,10,2,3,0.0,0.0,0.4,0.2447396666666666,5,0.0,mobile_retail,morning,0,277.51816364580867,0.0461175186303532,2.7
153818,37.0,Other,JP,Osaka,mobile,free,6453,sports,27.1,R,5560,audio,pre_roll,travel,8.89,3,0,0,0,19.8,3,15.1,1.12,0.02,0.05,2024-03-06 10:00:00,10,2,3,0.0,0.0,1.0,0.4487706666666666,3,0.0,mobile_travel,morning,0,277.51816364580867,0.0461175186303532,19.8
748285,51.0,M,IN,Bengaluru,tablet,free,2680,kids,49.6,G,5705,video,pre_roll,auto,4.76,1,0,0,0,23.4,3,11.3,0.97,0.0,0.01,2024-03-06 10:00:00,10,2,3,0.0,0.0,3.0,0.493824,1,0.0,tablet_auto,morning,0,277.51816364580867,0.0461175186303532,23.4
479016,27.0,M,UK,London,console,basic,7893,documentary,31.7,PG,5532,native,in_feed,travel,6.15,1,0,0,0,20.6,3,11.61,1.14,0.0,0.01,2024-03-06 10:00:00,10,2,3,0.0,0.0,3.0,0.4622653333333333,1,0.0,console_travel,morning,0,277.51816364580867,0.0461175186303532,20.6
887054,74.0,F,BR,Rio de Janeiro,desktop,basic,9485,drama,49.3,PG,5366,native,pre_roll,cpg,8.13,8,0,0,0,24.1,3,16.47,0.51,0.05,0.13,2024-03-06 10:00:00,10,2,3,0.0,0.0,0.375,0.50014,8,0.0,desktop_cpg,morning,0,277.51816364580867,0.0461175186303532,24.1
952372,42.0,F,MX,Mexico City,mobile,free,8132,gaming,32.3,R,5382,interstitial,in_feed,retail,11.21,9,0,0,0,13.4,4,8.99,1.68,0.03,0.08,2024-03-06 10:00:00,10,2,3,0.0,0.0,0.4444444444444444,0.4427983333333333,9,0.0,mobile_retail,morning,0,277.51816364580867,0.0461175186303532,23.0
832984,22.0,Other,FR,Paris,tablet,premium,8951,drama,13.2,PG,5785,native,pre_roll,travel,1.54,6,0,0,0,15.2,2,9.03,0.55,0.02,0.05,2024-03-06 10:00:00,10,2,3,0.0,0.0,0.3333333333333333,0.345153,6,0.0,tablet_travel,morning,0,277.51816364580867,0.0461175186303532,38.7
800623,26.0,F,US,Chicago,mobile,basic,6020,gaming,5.5,G,5233,video,in_feed,tech,4.21,2,0,0,0,0.5,2,10.06,1.34,0.01,0.02,2024-03-06 10:00:00,10,2,3,0.0,0.0,1.0,0.2180356666666666,2,0.0,mobile_tech,morning,0,277.51816364580867,0.0461175186303532,0.5
659759,39.0,M,US,Seattle,mobile,basic,1395,documentary,14.1,PG,5929,interstitial,post_roll,retail,6.37,9,1,0,1,8.8,2,12.08,1.12,0.72,0.28,2024-03-06 10:00:00,10,2,3,0.1111111111111111,0.0,0.3333333333333333,0.4228769999999999,9,0.1111111111111111,mobile_retail,morning,0,277.51816364580867,0.0461175186303532,8.8
394009,31.0,F,IN,Mumbai,smart_tv,family,5838,kids,38.2,G,5447,native,in_feed,auto,5.76,1,0,0,0,19.9,6,11.51,0.72,0.0,0.01,2024-03-06 11:00:00,11,2,3,0.0,0.0,6.0,0.5714316666666667,1,0.0,smart_tv_auto,morning,0,277.51816364580867,0.0461175186303532,19.9
537137,69.0,F,CA,Toronto,mobile,free,4250,documentary,10.9,PG,5347,banner,pre_roll,tech,6.42,5,0,0,0,4.3,0,6.77,0.61,0.01,0.03,2024-03-06 11:00:00,11,2,3,0.0,0.0,0.0,0.1749966666666666,5,0.0,mobile_tech,morning,0,277.51816364580867,0.0461175186303532,8.1
917519,19.0,F,AU,Sydney,desktop,premium,7541,news,34.4,PG,5002,banner,sidebar,auto,7.49,6,0,0,0,29.1,4,9.35,1.63,0.02,0.06,2024-03-06 11:00:00,11,2,3,0.0,0.0,0.6666666666666666,0.5953596666666667,6,0.0,desktop_auto,morning,0,277.51816364580867,0.0461175186303532,29.1
352359,22.0,F,CA,Toronto,smart_tv,basic,2469,documentary,59.8,R,5329,video,post_roll,tech,8.92,10,1,0,1,27.3,3,7.87,1.34,0.84,0.28,2024-03-06 11:00:00,11,2,3,0.1,0.0,0.4,0.654225,10,0.1,smart_tv_tech,morning,0,277.51816364580867,0.0461175186303532,27.3
986946,59.0,M,MX,Guadalajara,desktop,free,4311,kids,53.7,PG,5247,native,mid_roll,gaming,8.76,4,0,0,0,32.6,7,10.16,0.97,0.02,0.04,2024-03-06 11:00:00,11,2,3,0.0,0.0,1.75,0.7028053333333334,4,0.0,desktop_gaming,morning,0,277.51816364580867,0.0461175186303532,32.6
939498,54.0,F,UK,London,mobile,free,8632,drama,58.5,R,5749,native,mid_roll,finance,7.32,6,0,0,0,20.6,6,10.22,1.64,0.02,0.06,2024-03-06 11:00:00,11,2,3,0.0,0.0,1.0,0.5839583333333334,6,0.0,mobile_finance,morning,0,277.51816364580867,0.0461175186303532,20.6
571244,18.0,M,FR,Paris,mobile,family,8617,news,25.8,R,5783,audio,mid_roll,healthcare,7.14,1,0,0,0,20.6,2,13.93,0.86,0.01,0.01,2024-03-06 11:00:00,11,2,3,0.0,0.0,2.0,0.4023743333333333,1,0.0,mobile_healthcare,morning,0,277.51816364580867,0.0461175186303532,20.6
802956,39.0,M,MX,Mexico City,smart_tv,free,1802,news,35.2,PG-13,5615,video,pre_roll,finance,5.57,3,1,0,1,21.1,0,11.09,1.15,0.7,0.21,2024-03-06 11:00:00,11,2,3,0.3333333333333333,0.0,0.3333333333333333,0.5107966666666667,3,0.3333333333333333,smart_tv_finance,morning,0,277.51816364580867,0.0461175186303532,21.1
312378,66.0,M,US,New York,mobile,premium,3111,documentary,42.9,PG-13,5960,interstitial,mid_roll,healthcare,13.29,8,0,0,0,14.2,1,10.3,1.11,0.03,0.08,2024-03-06 11:00:00,11,2,3,0.0,0.0,0.125,0.2851376666666667,8,0.0,mobile_healthcare,morning,0,277.51816364580867,0.0461175186303532,14.2
187996,43.0,M,DE,Berlin,mobile,family,5002,music,45.2,PG-13,5777,banner,in_feed,retail,4.63,4,1,0,1,24.1,2,8.68,0.61,0.38,0.13,2024-03-06 11:00:00,11,2,3,0.25,0.0,0.75,0.61139,4,0.25,mobile_retail,morning,0,277.51816364580867,0.0461175186303532,24.1
622918,69.0,M,US,Seattle,desktop,premium,2867,gaming,35.1,PG-13,5810,interstitial,in_feed,tech,6.43,6,1,0,1,19.4,2,8.52,0.98,0.61,0.2,2024-03-06 11:00:00,11,2,3,0.1666666666666666,0.0,0.5,0.540286,6,0.1666666666666666,desktop_tech,morning,0,277.51816364580867,0.0461175186303532,19.4
174575,71.0,Other,CA,Vancouver,mobile,family,9708,kids,14.0,R,5246,native,post_roll,travel,2.91,8,0,0,0,2.4,2,8.38,0.55,0.03,0.07,2024-03-06 11:00:00,11,2,3,0.0,0.0,0.25,0.243025,8,0.0,mobile_travel,morning,0,277.51816364580867,0.0461175186303532,2.4
461174,45.0,M,IN,Bengaluru,desktop,premium,6443,drama,33.0,R,5807,banner,mid_roll,gaming,4.62,1,1,0,1,18.9,5,8.37,1.18,0.71,0.19,2024-03-06 12:00:00,12,2,3,1.0,0.0,6.0,0.7194306666666667,1,1.0,desktop_gaming,afternoon,0,277.51816364580867,0.0461175186303532,18.9
631501,37.0,F,US,New York,mobile,free,7411,documentary,57.1,PG-13,5903,audio,in_feed,auto,2.61,9,1,0,1,42.0,0,5.81,0.4,0.26,0.11,2024-03-06 12:00:00,12,2,3,0.1111111111111111,0.0,0.1111111111111111,0.6087246666666666,9,0.1111111111111111,mobile_auto,afternoon,0,277.51816364580867,0.0461175186303532,42.0
228537,45.0,M,DE,Munich,tablet,basic,1419,kids,30.2,PG,5639,banner,sidebar,retail,2.38,11,2,0,1,22.1,0,12.53,1.18,1.47,0.49,2024-03-06 12:00:00,12,2,3,0.1818181818181818,0.0,0.1818181818181818,0.5016343333333333,11,0.1818181818181818,tablet_retail,afternoon,0,277.51816364580867,0.0461175186303532,22.1
156100,63.0,F,IN,Mumbai,mobile,free,9073,sports,19.7,PG,5663,banner,post_roll,finance,2.1,2,0,0,0,17.6,3,6.29,1.74,0.01,0.01,2024-03-06 12:00:00,12,2,3,0.0,0.0,1.5,0.4278426666666666,2,0.0,mobile_finance,afternoon,0,277.51816364580867,0.0461175186303532,15.6
232747,35.0,F,UK,Manchester,desktop,premium,6311,documentary,49.0,G,5947,interstitial,in_feed,cpg,3.68,3,0,0,0,41.8,2,9.3,1.06,0.01,0.03,2024-03-06 12:00:00,12,2,3,0.0,0.0,0.6666666666666666,0.5523450000000001,3,0.0,desktop_cpg,afternoon,0,277.51816364580867,0.0461175186303532,41.8
803704,69.0,F,BR,Sao Paulo,desktop,premium,6952,news,22.0,PG-13,5617,interstitial,pre_roll,finance,8.4,2,0,0,0,22.1,5,12.56,0.6,0.01,0.03,2024-03-06 12:00:00,12,2,3,0.0,0.0,2.5,0.5770983333333334,2,0.0,desktop_finance,afternoon,0,277.51816364580867,0.0461175186303532,22.1
396257,15.0,F,US,Seattle,mobile,free,4481,news,51.9,R,5344,audio,pre_roll,travel,3.47,5,0,0,0,35.8,5,10.65,0.85,0.02,0.05,2024-03-06 12:00:00,12,2,3,0.0,0.0,1.0,0.679921,5,0.0,mobile_travel,afternoon,0,277.51816364580867,0.0461175186303532,35.8
989899,13.0,M,UK,London,mobile,family,7537,gaming,21.9,G,5056,video,mid_roll,healthcare,7.27,6,0,0,0,95.05050000000048,3,19.04,1.76,0.05,0.11,2024-03-06 12:00:00,12,2,3,0.0,0.0,0.5,0.6615226666666667,6,0.0,mobile_healthcare,afternoon,0,277.51816364580867,0.0461175186303532,95.05050000000048
120706,41.0,F,US,Austin,mobile,basic,7594,drama,44.6,PG,5360,audio,post_roll,retail,6.68,7,0,0,0,25.2,4,14.77,1.27,0.04,0.1,2024-03-06 12:00:00,12,2,3,0.0,0.0,0.5714285714285714,0.5641223333333334,7,0.0,mobile_retail,afternoon,0,277.51816364580867,0.0461175186303532,25.2
224164,55.0,Other,MX,Mexico City,mobile,basic,7479,drama,31.2,G,5678,native,sidebar,gaming,7.58,6,0,0,0,2.2,0,11.27,1.32,0.03,0.07,2024-03-06 12:00:00,12,2,3,0.0,0.0,0.0,0.1623926666666666,6,0.0,mobile_gaming,afternoon,0,277.51816364580867,0.0461175186303532,2.2
861390,68.0,F,DE,Berlin,mobile,basic,4805,gaming,22.3,R,5090,native,pre_roll,healthcare,4.39,10,0,0,0,26.4,4,16.61,0.62,0.07,0.17,2024-03-06 13:00:00,13,2,3,0.0,0.0,0.4,0.574001,10,0.0,mobile_healthcare,afternoon,0,277.51816364580867,0.0461175186303532,26.4
781984,67.0,F,AU,Sydney,desktop,basic,5278,news,56.5,PG-13,5417,video,mid_roll,gaming,6.49,11,1,0,1,20.9,5,12.94,1.28,0.82,0.33,2024-03-06 13:00:00,13,2,3,0.0909090909090909,0.0,0.5454545454545454,0.685469,11,0.0909090909090909,desktop_gaming,afternoon,0,277.51816364580867,0.0461175186303532,20.9
234139,57.0,M,UK,London,tablet,basic,4361,gaming,30.4,G,5084,native,sidebar,tech,4.47,2,0,0,0,14.0,3,6.4,0.84,0.01,0.01,2024-03-06 13:00:00,13,2,3,0.0,0.0,1.5,0.393776,2,0.0,tablet_tech,afternoon,0,277.51816364580867,0.0461175186303532,14.0
281322,23.0,M,US,Seattle,tablet,free,7050,music,35.6,G,5277,audio,pre_roll,cpg,8.23,11,0,0,0,33.2,1,10.19,1.11,0.04,0.11,2024-03-06 13:00:00,13,2,3,0.0,0.0,0.0909090909090909,0.4590176666666666,11,0.0,tablet_cpg,afternoon,0,277.51816364580867,0.0461175186303532,33.2
883019,73.0,M,US,New York,mobile,free,2964,documentary,43.3,PG,5143,audio,sidebar,healthcare,4.09,8,0,0,0,20.2,2,9.59,1.05,0.03,0.08,2024-03-06 13:00:00,13,2,3,0.0,0.0,0.25,0.3926543333333333,8,0.0,mobile_healthcare,afternoon,0,277.51816364580867,0.0461175186303532,20.2
560648,30.0,M,UK,London,mobile,family,9701,music,66.1,R,5155,audio,pre_roll,cpg,1.79,9,0,0,0,20.6,3,12.72,0.74,0.05,0.11,2024-03-06 13:00:00,13,2,3,0.0,0.0,0.3333333333333333,0.4622653333333333,9,0.0,mobile_cpg,afternoon,0,277.51816364580867,0.0461175186303532,37.35
991320,47.0,M,CA,Vancouver,desktop,basic,2957,drama,30.9,PG,5647,video,post_roll,healthcare,3.42,8,3,1,1,21.2,2,9.8,0.64,24.67,0.37,2024-03-06 13:00:00,13,2,3,0.375,0.3333333333333333,0.75,0.5934133333333333,8,0.375,desktop_healthcare,afternoon,0,277.51816364580867,0.0461175186303532,21.2
806353,33.0,F,IN,Mumbai,mobile,free,3747,kids,51.0,G,5541,video,in_feed,gaming,2.36,4,1,0,1,20.6,0,6.66,0.78,0.48,0.14,2024-03-06 13:00:00,13,2,3,0.25,0.0,0.25,0.4940123333333333,4,0.25,mobile_gaming,afternoon,0,277.51816364580867,0.0461175186303532,20.6
103071,28.0,F,US,Austin,mobile,family,4413,kids,40.1,PG-13,5151,banner,mid_roll,cpg,2.7,9,0,0,0,31.6,2,9.19,1.55,0.03,0.08,2024-03-06 13:00:00,13,2,3,0.0,0.0,0.2222222222222222,0.499137,9,0.0,mobile_cpg,afternoon,0,277.51816364580867,0.0461175186303532,31.6
205884,25.0,M,UK,London,tablet,basic,9244,sports,5.9,PG-13,5885,video,mid_roll,retail,7.63,11,0,0,0,0.5,1,10.39,1.57,0.05,0.11,2024-03-06 13:00:00,13,2,3,0.0,0.0,0.0909090909090909,0.1674656666666666,11,0.0,tablet_retail,afternoon,0,277.51816364580867,0.0461175186303532,0.5
994698,13.0,Other,US,Seattle,smart_tv,free,2457,gaming,24.3,PG-13,5968,banner,mid_roll,tech,13.48,6,0,0,0,24.9,4,15.5,1.01,0.04,0.09,2024-03-06 14:00:00,14,2,3,0.0,0.0,0.6666666666666666,0.5615183333333333,6,0.0,smart_tv_tech,afternoon,0,277.51816364580867,0.0461175186303532,24.9
151009,55.0,M,US,Austin,desktop,free,7824,kids,62.7,PG,5055,banner,post_roll,gaming,3.7,2,0,0,0,18.3,4,7.03,1.32,0.01,0.01,2024-03-06 14:00:00,14,2,3,0.0,0.0,2.0,0.489121,2,0.0,desktop_gaming,afternoon,0,277.51816364580867,0.0461175186303532,18.3
865212,28.0,M,BR,Sao Paulo,tablet,basic,9883,drama,43.9,PG,5992,native,sidebar,cpg,4.48,2,0,0,0,20.6,2,6.87,1.05,0.3128364428219616,0.01,2024-03-06 14:00:00,14,2,3,0.0,0.0,1.0,0.4023743333333333,2,0.0,tablet_cpg,afternoon,0,277.51816364580867,0.0461175186303532,20.6
458885,24.0,M,US,Seattle,mobile,basic,1213,drama,27.8,PG-13,5783,audio,sidebar,retail,13.94,5,1,1,1,29.3,6,8.37,0.76,23.45,0.16,2024-03-06 14:00:00,14,2,3,0.2,1.0,1.6,0.827769,5,0.2,mobile_retail,afternoon,0,277.51816364580867,0.0461175186303532,39.9
810758,44.0,M,US,Chicago,tablet,premium,5277,music,61.1,PG-13,5569,interstitial,in_feed,tech,6.29,5,0,0,0,36.1,8,11.63,0.87,0.02,0.06,2024-03-06 14:00:00,14,2,3,0.0,0.0,1.6,0.731632,5,0.0,tablet_tech,afternoon,0,277.51816364580867,0.0461175186303532,36.1
824166,33.0,M,IN,Unknown,mobile,basic,7255,kids,15.2,PG,5758,audio,mid_roll,healthcare,9.76,6,0,0,0,7.586249893540792,1,3.18,1.31,0.01,0.02,2024-03-06 14:00:00,14,2,3,0.0,0.0,0.1666666666666666,0.2270869999999999,6,0.0,mobile_healthcare,afternoon,0,277.51816364580867,0.0461175186303532,7.586249893540792
918641,18.0,M,AU,Melbourne,mobile,premium,4434,gaming,35.9,PG,5643,native,in_feed,cpg,6.23,3,0,0,0,27.1,8,11.21,1.05,0.01,0.03,2024-03-06 14:00:00,14,2,3,0.0,0.0,2.6666666666666665,0.6704426666666666,3,0.0,mobile_cpg,afternoon,0,277.51816364580867,0.0461175186303532,40.5
357903,18.0,M,US,Seattle,console,family,3927,news,11.8,PG,5930,banner,sidebar,gaming,5.3,9,1,1,1,9.1,5,11.87,1.57,27.91,0.34,2024-03-06 14:00:00,14,2,3,0.1111111111111111,1.0,0.7777777777777778,0.5804143333333334,9,0.1111111111111111,console_gaming,afternoon,0,277.51816364580867,0.0461175186303532,9.1
152323,70.0,M,US,Austin,smart_tv,basic,2827,documentary,39.7,PG,5470,banner,post_roll,healthcare,6.19,9,0,0,0,11.3,3,11.24,0.98,0.04,0.1,2024-03-06 14:00:00,14,2,3,0.0,0.0,0.3333333333333333,0.3692306666666666,9,0.0,smart_tv_healthcare,afternoon,0,277.51816364580867,0.0461175186303532,11.3
834519,37.0,F,UK,Manchester,mobile,basic,1029,music,33.2,PG-13,5512,video,in_feed,gaming,5.17,5,0,0,0,0.5,0,8.87,0.97,0.02,0.04,2024-03-06 14:00:00,14,2,3,0.0,0.0,0.0,0.1385326666666666,5,0.0,mobile_gaming,afternoon,0,277.51816364580867,0.0461175186303532,0.5
725182,72.0,M,AU,Melbourne,smart_tv,free,7914,comedy,80.3,PG,5239,native,sidebar,finance,2.73,11,0,0,0,76.6,4,6.43,0.77,0.03,0.07,2024-03-06 14:00:00,14,2,3,0.0,0.0,0.3636363636363636,0.7131143333333333,11,0.0,smart_tv_finance,afternoon,0,277.51816364580867,0.0461175186303532,76.6
175172,20.0,M,BR,Rio de Janeiro,desktop,family,8199,kids,71.0,PG,5749,interstitial,pre_roll,travel,2.43,4,0,0,0,51.5,3,7.51,1.26,0.01,0.03,2024-03-06 14:00:00,14,2,3,0.0,0.0,0.75,0.6389613333333333,4,0.0,desktop_travel,afternoon,0,277.51816364580867,0.0461175186303532,51.5
838694,41.0,Other,AU,Melbourne,desktop,family,9679,documentary,34.8,PG-13,5793,banner,pre_roll,cpg,2.34,7,1,0,1,21.1,4,3.55,1.09,0.66,0.19,2024-03-06 14:00:00,14,2,3,0.1428571428571428,0.0,0.7142857142857143,0.6763066666666666,7,0.1428571428571428,desktop_cpg,afternoon,0,277.51816364580867,0.0461175186303532,21.1
838649,21.0,F,FR,Lyon,mobile,free,3746,comedy,34.0,R,5316,video,sidebar,travel,6.97,9,0,0,0,15.8,7,14.97,0.57,0.05,0.13,2024-03-06 14:00:00,14,2,3,0.0,0.0,0.7777777777777778,0.547812,9,0.0,mobile_travel,afternoon,0,277.51816364580867,0.0461175186303532,15.8
558992,40.0,M,CA,Toronto,mobile,free,1916,documentary,41.0,PG-13,5311,native,mid_roll,gaming,2.92,7,0,0,0,19.8,5,11.77,1.57,0.03,0.08,2024-03-06 14:00:00,14,2,3,0.0,0.0,0.7142857142857143,0.5439396666666667,7,0.0,mobile_gaming,afternoon,0,277.51816364580867,0.0461175186303532,19.8
448389,71.0,Unknown,CA,Vancouver,tablet,premium,4052,drama,18.8,R,5104,video,in_feed,finance,4.3,4,0,0,0,17.0,7,5.23,0.61,0.01,0.02,2024-03-06 15:00:00,15,2,3,0.0,0.0,1.75,0.5590586666666666,4,0.0,tablet_finance,afternoon,0,277.51816364580867,0.0461175186303532,17.0
159446,31.0,M,US,Chicago,mobile,free,7620,documentary,13.5,PG,5433,video,mid_roll,healthcare,3.33,2,0,0,0,18.6,0,16.28,1.52,0.01,0.03,2024-03-06 15:00:00,15,2,3,0.0,0.0,0.0,0.2980766666666666,2,0.0,mobile_healthcare,afternoon,0,277.51816364580867,0.0461175186303532,18.6
402141,42.0,F,IN,Mumbai,smart_tv,free,6460,documentary,38.6,PG-13,5636,banner,post_roll,auto,2.78,9,1,0,1,29.8,6,10.63,1.47,0.92,0.32,2024-03-06 15:00:00,15,2,3,0.1111111111111111,0.0,0.7777777777777778,0.8030143333333333,9,0.1111111111111111,smart_tv_auto,afternoon,0,277.51816364580867,0.0461175186303532,29.8
447262,67.0,M,BR,Rio de Janeiro,desktop,free,5275,sports,7.4,PG,5274,audio,post_roll,auto,1.44,5,1,0,1,10.7,3,3.65,1.37,0.83,0.22,2024-03-06 15:00:00,15,2,3,0.2,0.0,0.8,0.527492,5,0.2,desktop_auto,afternoon,0,277.51816364580867,0.0461175186303532,10.7
319823,69.0,F,US,New York,desktop,free,3566,drama,2.0,G,5631,video,sidebar,auto,2.68,10,0,0,0,18.4,0,10.82,1.59,0.04,0.11,2024-03-06 15:00:00,15,2,3,0.0,0.0,0.0,0.2962166666666667,10,0.0,desktop_auto,afternoon,0,277.51816364580867,0.0461175186303532,18.4
431940,38.0,M,IN,Bengaluru,mobile,family,2861,news,42.6,PG,5982,audio,post_roll,healthcare,7.11,2,0,0,0,5.6,1,11.14,1.08,0.01,0.02,2024-03-06 15:00:00,15,2,3,0.0,0.0,0.5,0.2128136666666666,2,0.0,mobile_healthcare,afternoon,0,277.51816364580867,0.0461175186303532,5.6
672558,50.0,F,BR,Rio de Janeiro,desktop,basic,9002,documentary,23.1,PG,5887,native,post_roll,healthcare,5.8,9,0,0,0,19.8,3,6.92,1.34,0.02,0.06,2024-03-06 15:00:00,15,2,3,0.0,0.0,0.3333333333333333,0.4487706666666666,9,0.0,desktop_healthcare,afternoon,0,277.51816364580867,0.0461175186303532,19.8
847052,55.0,F,IN,Mumbai,tablet,family,6942,comedy,13.0,R,5063,audio,in_feed,travel,4.78,9,0,0,0,8.1,1,7.55,0.45,0.03,0.07,2024-03-06 15:00:00,15,2,3,0.0,0.0,0.1111111111111111,0.2314203333333333,9,0.0,tablet_travel,afternoon,0,277.51816364580867,0.0461175186303532,8.1
309593,61.0,F,IN,Mumbai,desktop,family,1195,news,2.0,G,5536,audio,pre_roll,auto,11.36,2,1,0,1,5.7,1,14.14,1.05,0.64,0.19,2024-03-06 15:00:00,15,2,3,0.5,0.0,1.0,0.395024,2,0.5,desktop_auto,afternoon,0,277.51816364580867,0.0461175186303532,5.7
281340,42.0,F,JP,Osaka,desktop,free,5636,drama,4.0,PG,5131,interstitial,post_roll,tech,1.15,2,0,0,0,0.5,3,12.16,0.64,0.01,0.02,2024-03-06 16:00:00,16,2,3,0.0,0.0,1.5,0.2779266666666666,2,0.0,desktop_tech,afternoon,0,277.51816364580867,0.0461175186303532,0.5
565598,27.0,M,IN,Mumbai,mobile,free,7889,music,41.4,PG-13,5657,native,pre_roll,tech,7.3,7,0,0,0,15.9,1,10.24,1.32,0.03,0.07,2024-03-06 16:00:00,16,2,3,0.0,0.0,0.1428571428571428,0.3013003333333333,7,0.0,mobile_tech,afternoon,0,277.51816364580867,0.0461175186303532,9.9
211707,34.0,M,UK,Manchester,console,free,5670,drama,84.4,PG,5494,interstitial,mid_roll,retail,11.31,2,0,0,0,61.8,6,12.14,1.4,0.01,0.02,2024-03-06 16:00:00,16,2,3,0.0,0.0,3.0,0.7737103333333334,2,0.0,console_retail,afternoon,0,277.51816364580867,0.0461175186303532,61.8
327534,61.0,Other,UK,London,smart_tv,family,2943,sports,15.7,PG-13,5549,audio,post_roll,healthcare,2.33,5,1,0,1,8.6,3,7.55,1.1,0.68,0.2,2024-03-06 16:00:00,16,2,3,0.2,0.0,0.8,0.5095799999999999,5,0.2,smart_tv_healthcare,afternoon,0,277.51816364580867,0.0461175186303532,8.6
719668,71.0,M,IN,Mumbai,smart_tv,basic,3932,kids,48.6,R,5269,interstitial,in_feed,retail,6.01,2,0,0,0,15.6,3,11.86,0.99,0.01,0.02,2024-03-06 16:00:00,16,2,3,0.0,0.0,1.5,0.4088506666666666,2,0.0,smart_tv_retail,afternoon,0,277.51816364580867,0.0461175186303532,15.6
730485,41.0,M,MX,Guadalajara,mobile,free,6552,kids,45.9,PG-13,5394,interstitial,pre_roll,auto,4.79,9,0,0,0,34.9,2,9.55,0.84,0.03,0.09,2024-03-06 16:00:00,16,2,3,0.0,0.0,0.2222222222222222,0.5196663333333333,9,0.0,mobile_auto,afternoon,0,277.51816364580867,0.0461175186303532,34.9
900987,43.0,F,US,Chicago,mobile,free,5811,music,30.1,R,5479,audio,mid_roll,tech,6.53,8,0,0,0,1.5,4,8.54,1.71,0.03,0.07,2024-03-06 16:00:00,16,2,3,0.0,0.0,0.5,0.3525943333333333,8,0.0,mobile_tech,afternoon,0,277.51816364580867,0.0461175186303532,5.65
918206,51.0,F,US,Chicago,mobile,free,1777,music,2.0,PG,5904,native,pre_roll,tech,6.28,6,0,0,0,0.5,5,10.65,0.95,0.03,0.06,2024-03-06 16:00:00,16,2,3,0.0,0.0,0.8333333333333334,0.3730956666666666,6,0.0,mobile_tech,afternoon,0,277.51816364580867,0.0461175186303532,0.5
985455,36.0,M,UK,Manchester,mobile,premium,9382,comedy,63.9,PG-13,5749,banner,in_feed,retail,2.4,3,0,0,0,50.5,2,14.25,0.7,0.02,0.04,2024-03-06 16:00:00,16,2,3,0.0,0.0,0.6666666666666666,0.5771743333333333,3,0.0,mobile_retail,afternoon,0,277.51816364580867,0.0461175186303532,50.5
219227,49.0,M,AU,Sydney,desktop,basic,9587,drama,29.2,PG-13,5818,audio,mid_roll,gaming,3.09,9,0,0,0,22.0,7,13.61,0.96,0.05,0.12,2024-03-06 16:00:00,16,2,3,0.0,0.0,0.7777777777777778,0.6180733333333334,9,0.0,desktop_gaming,afternoon,0,277.51816364580867,0.0461175186303532,23.7
586312,35.0,M,AU,Melbourne,desktop,free,9443,drama,44.0,PG,5653,native,post_roll,gaming,5.73,4,1,0,1,16.9,2,6.76,0.88,0.54,0.16,2024-03-06 16:00:00,16,2,3,0.25,0.0,0.75,0.5323393333333333,4,0.25,desktop_gaming,afternoon,0,277.51816364580867,0.0461175186303532,16.9
127016,24.0,M,JP,Tokyo,desktop,basic,9812,kids,16.2,PG,5038,audio,pre_roll,cpg,2.96,2,0,0,0,13.2,3,8.95,1.36,0.01,0.02,2024-03-06 16:00:00,16,2,3,0.0,0.0,1.5,0.3865999999999999,2,0.0,desktop_cpg,afternoon,0,277.51816364580867,0.0461175186303532,13.2
113211,26.0,M,US,New York,mobile,premium,1475,music,12.5,R,5289,interstitial,in_feed,tech,9.28,5,0,0,0,15.3,3,12.98,1.64,0.03,0.06,2024-03-06 16:00:00,16,2,3,0.0,0.0,0.6,0.4059453333333333,5,0.0,mobile_tech,afternoon,0,277.51816364580867,0.0461175186303532,14.566666666666668
703765,44.0,M,AU,Sydney,tablet,free,7352,drama,41.8,PG-13,5095,banner,pre_roll,retail,4.89,10,0,0,0,27.4,1,10.59,1.21,0.04,0.11,2024-03-06 16:00:00,16,2,3,0.0,0.0,0.1,0.4171789999999999,10,0.0,tablet_retail,afternoon,0,277.51816364580867,0.0461175186303532,27.4
995053,69.0,F,IN,Hyderabad,tablet,free,4483,comedy,43.7,R,5463,audio,mid_roll,healthcare,2.0,6,0,0,0,25.3,3,6.49,1.58,0.02,0.04,2024-03-06 17:00:00,17,2,3,0.0,0.0,0.5,0.510552,6,0.0,tablet_healthcare,afternoon,0,277.51816364580867,0.0461175186303532,25.3
841314,45.0,F,US,Seattle,mobile,free,5084,kids,40.3,PG,5058,native,in_feed,tech,2.54,10,0,0,0,27.7,0,12.65,0.47,0.05,0.13,2024-03-06 17:00:00,17,2,3,0.0,0.0,0.0,0.3906726666666666,10,0.0,mobile_tech,afternoon,0,277.51816364580867,0.0461175186303532,27.7
861324,47.0,F,CA,Toronto,smart_tv,free,6139,kids,59.5,R,5050,banner,sidebar,cpg,1.48,9,0,0,0,52.8,9,9.57,0.98,0.03,0.09,2024-03-06 17:00:00,17,2,3,0.0,0.0,1.0,0.7906866666666666,9,0.0,smart_tv_cpg,afternoon,0,277.51816364580867,0.0461175186303532,52.8
946327,44.0,F,CA,Toronto,desktop,free,6715,drama,16.9,PG,5306,banner,sidebar,tech,5.84,5,0,0,0,16.6,4,8.42,0.91,0.02,0.04,2024-03-06 17:00:00,17,2,3,0.0,0.0,0.8,0.472765,5,0.0,desktop_tech,afternoon,0,277.51816364580867,0.0461175186303532,16.6
525673,28.0,F,UK,London,desktop,premium,9484,documentary,58.3,PG-13,5824,interstitial,mid_roll,retail,3.91,1,1,0,1,35.8,2,9.49,0.83,0.5,0.13,2024-03-06 17:00:00,17,2,3,1.0,0.0,3.0,0.7088239999999999,1,1.0,desktop_retail,afternoon,0,277.51816364580867,0.0461175186303532,35.8
593255,46.0,F,CA,Vancouver,mobile,free,8987,gaming,16.4,G,5386,audio,pre_roll,cpg,1.56,4,2,0,1,6.7,2,6.44,0.89,1.08,0.29,2024-03-06 17:00:00,17,2,3,0.5,0.0,1.0,0.452802,4,0.5,mobile_cpg,afternoon,0,277.51816364580867,0.0461175186303532,6.7
392141,52.0,F,DE,Berlin,desktop,premium,9733,music,74.0,PG,5293,audio,mid_roll,cpg,11.0,6,0,0,0,60.2,2,10.23,1.69,0.02,0.06,2024-03-06 17:00:00,17,2,3,0.0,0.0,0.3333333333333333,0.5907116666666667,6,0.0,desktop_cpg,afternoon,0,277.51816364580867,0.0461175186303532,60.2
589357,53.0,M,BR,Rio de Janeiro,desktop,family,7901,gaming,53.0,PG-13,5493,audio,sidebar,finance,2.56,2,1,0,1,47.1,5,3.91,1.61,0.97,0.25,2024-03-06 17:00:00,17,2,3,0.5,0.0,3.0,0.905682,2,0.5,desktop_finance,afternoon,0,277.51816364580867,0.0461175186303532,47.1
388952,44.0,M,US,Seattle,desktop,free,3933,sports,43.5,PG-13,5870,audio,pre_roll,auto,1.96,8,0,0,0,34.4,10,4.41,1.08,0.01,0.04,2024-03-06 17:00:00,17,2,3,0.0,0.0,1.25,0.728018,8,0.0,desktop_auto,afternoon,0,277.51816364580867,0.0461175186303532,34.4
597297,40.0,M,IN,Unknown,mobile,free,3413,comedy,33.9,PG-13,5627,audio,mid_roll,tech,4.34,2,0,0,0,20.6,4,7.81,1.0,0.01,0.02,2024-03-06 17:00:00,17,2,3,0.0,0.0,2.0,0.5167143333333333,2,0.0,mobile_tech,afternoon,0,277.51816364580867,0.0461175186303532,20.6
318521,37.0,F,US,Chicago,mobile,family,3198,sports,37.5,G,5916,interstitial,mid_roll,retail,4.01,3,0,0,0,20.6,3,10.21,1.01,0.01,0.03,2024-03-06 17:00:00,17,2,3,0.0,0.0,1.0,0.4622653333333333,3,0.0,mobile_retail,afternoon,0,277.51816364580867,0.0461175186303532,20.6
954329,64.0,F,BR,Sao Paulo,mobile,family,3398,drama,48.3,PG-13,5651,video,sidebar,healthcare,12.5,5,0,0,0,29.3,2,14.11,1.48,0.03,0.07,2024-03-06 18:00:00,18,2,3,0.0,0.0,0.4,0.482605,5,0.0,mobile_healthcare,evening,0,277.51816364580867,0.0461175186303532,29.3
129139,18.0,M,IN,Hyderabad,desktop,free,2061,comedy,25.6,PG,5242,banner,post_roll,auto,13.32,3,0,0,0,2.8,7,8.54,1.21,0.01,0.03,2024-03-06 18:00:00,18,2,3,0.0,0.0,2.333333333333333,0.4422186666666666,3,0.0,desktop_auto,evening,0,277.51816364580867,0.0461175186303532,12.3
971952,33.0,F,IN,Mumbai,tablet,free,4803,news,45.0,G,5261,video,sidebar,gaming,8.2,11,0,0,0,30.9,4,12.43,1.47,0.05,0.14,2024-03-06 18:00:00,18,2,3,0.0,0.0,0.3636363636363636,0.6084836666666666,11,0.0,tablet_gaming,evening,0,277.51816364580867,0.0461175186303532,33.05
931315,31.0,F,UK,Unknown,mobile,basic,4240,kids,27.2,PG-13,5260,audio,in_feed,retail,8.35,1,0,0,0,15.6,3,9.36,1.97,0.0,0.01,2024-03-06 18:00:00,18,2,3,0.0,0.0,3.0,0.4088506666666666,1,0.0,mobile_retail,evening,0,277.51816364580867,0.0461175186303532,15.6
882356,56.0,F,US,New York,desktop,family,3515,news,30.9,G,5342,banner,mid_roll,cpg,6.72,5,0,0,0,6.6,2,8.96,0.45,0.02,0.04,2024-03-06 18:00:00,18,2,3,0.0,0.0,0.4,0.2705223333333333,5,0.0,desktop_cpg,evening,0,277.51816364580867,0.0461175186303532,13.4
126219,51.0,F,US,Chicago,mobile,free,2060,drama,43.7,PG,5812,native,pre_roll,finance,2.36,10,3,1,1,16.4,6,7.47,0.48,34.13005000000005,0.29,2024-03-06 18:00:00,18,2,3,0.3,0.3333333333333333,1.0,0.7132683333333334,10,0.3,mobile_finance,evening,0,277.51816364580867,0.0461175186303532,16.4
573327,74.0,M,CA,Toronto,desktop,family,8910,comedy,2.0,PG,5705,interstitial,mid_roll,travel,3.46,8,1,0,1,22.9,3,4.89,1.28,0.78,0.23,2024-03-06 18:00:00,18,2,3,0.125,0.0,0.5,0.631705,8,0.125,desktop_travel,evening,0,277.51816364580867,0.0461175186303532,22.9
826950,52.0,M,US,Seattle,desktop,premium,5791,gaming,51.6,R,5423,banner,post_roll,auto,4.38,1,0,0,0,38.4,2,10.08,0.69,0.0,0.01,2024-03-06 18:00:00,18,2,3,0.0,0.0,2.0,0.5379769999999999,1,0.0,desktop_auto,evening,0,277.51816364580867,0.0461175186303532,38.4
792995,71.0,F,UK,London,desktop,free,8379,comedy,17.9,R,5905,native,pre_roll,retail,2.33,6,1,0,1,8.5,6,8.86,0.79,0.5,0.17,2024-03-06 18:00:00,18,2,3,0.1666666666666666,0.0,1.1666666666666667,0.6220086666666667,6,0.1666666666666666,desktop_retail,evening,0,277.51816364580867,0.0461175186303532,8.5
690212,63.0,M,US,Chicago,mobile,basic,6201,drama,18.8,G,5891,native,in_feed,cpg,3.5,9,0,0,0,0.5,4,13.26,0.99,0.05,0.12,2024-03-06 18:00:00,18,2,3,0.0,0.0,0.4444444444444444,0.3323756666666666,9,0.0,mobile_cpg,evening,0,277.51816364580867,0.0461175186303532,0.5
898018,67.0,F,AU,Melbourne,mobile,free,7656,music,25.5,R,5564,video,sidebar,travel,2.21,2,0,0,0,12.5,1,4.99,0.46,0.0,0.01,2024-03-06 18:00:00,18,2,3,0.0,0.0,0.5,0.2697176666666666,2,0.0,mobile_travel,evening,0,277.51816364580867,0.0461175186303532,12.5
441984,25.0,F,DE,Berlin,mobile,basic,6804,news,2.0,PG-13,5728,banner,mid_roll,cpg,3.46,4,0,0,0,0.5,3,2.84,0.63,0.0,0.01,2024-03-06 18:00:00,18,2,3,0.0,0.0,0.75,0.2779266666666666,4,0.0,mobile_cpg,evening,0,277.51816364580867,0.0461175186303532,0.5
542769,68.0,F,CA,Toronto,mobile,basic,2045,music,49.7,R,5385,interstitial,pre_roll,travel,5.3,10,0,0,0,35.2,4,13.44,1.2,0.05,0.13,2024-03-06 19:00:00,19,2,3,0.0,0.0,0.4,0.635745,10,0.0,mobile_travel,evening,0,277.51816364580867,0.0461175186303532,22.25
754501,18.0,M,US,Seattle,mobile,free,2045,documentary,79.9,PG,5790,banner,post_roll,finance,3.97,1,0,0,0,41.4,1,9.68,0.87,0.0,0.01,2024-03-06 19:00:00,19,2,3,0.0,0.0,1.0,0.500203,1,0.0,mobile_finance,evening,0,277.51816364580867,0.0461175186303532,22.3
128789,73.0,F,FR,Lyon,desktop,basic,1124,kids,54.3,PG-13,5328,interstitial,pre_roll,auto,3.32,8,0,0,0,41.4,4,12.85,1.99,0.04,0.1,2024-03-06 19:00:00,19,2,3,0.0,0.0,0.5,0.665113,8,0.0,desktop_auto,evening,0,277.51816364580867,0.0461175186303532,41.4
801307,67.0,F,DE,Munich,mobile,free,5128,sports,47.5,PG,5425,banner,post_roll,auto,8.03,8,0,0,0,31.7,2,7.44,1.33,0.02,0.06,2024-03-06 19:00:00,19,2,3,0.0,0.0,0.25,0.4998463333333333,8,0.0,mobile_auto,evening,0,277.51816364580867,0.0461175186303532,31.7
582678,18.0,F,JP,Osaka,mobile,family,5972,kids,29.4,R,5139,video,pre_roll,travel,9.25,8,0,0,0,15.9,4,13.18,1.19,0.04,0.11,2024-03-06 19:00:00,19,2,3,0.0,0.0,0.5,0.4662103333333333,8,0.0,mobile_travel,evening,0,277.51816364580867,0.0461175186303532,15.9
422952,37.0,M,US,Seattle,tablet,premium,4181,drama,19.7,R,5965,banner,pre_roll,retail,12.41,1,0,0,0,9.4,5,14.37,0.89,0.01,0.01,2024-03-06 19:00:00,19,2,3,0.0,0.0,5.0,0.4478263333333333,1,0.0,tablet_retail,evening,0,277.51816364580867,0.0461175186303532,9.4
465739,35.0,F,UK,London,mobile,premium,9881,comedy,27.4,PG-13,5173,native,sidebar,retail,5.61,5,0,0,0,20.1,3,10.94,1.05,0.02,0.05,2024-03-06 19:00:00,19,2,3,0.0,0.0,0.6,0.4516013333333333,5,0.0,mobile_retail,evening,0,277.51816364580867,0.0461175186303532,10.3
437730,70.0,Other,MX,Guadalajara,mobile,premium,3299,comedy,28.2,G,5458,banner,in_feed,finance,7.74,10,0,0,0,29.3,5,10.79,1.34,0.04,0.11,2024-03-06 19:00:00,19,2,3,0.0,0.0,0.5,0.637665,10,0.0,mobile_finance,evening,0,277.51816364580867,0.0461175186303532,29.3
912088,52.0,F,JP,Tokyo,mobile,free,9416,drama,2.0,PG,5773,interstitial,sidebar,healthcare,5.61,4,0,0,0,0.5,2,6.38,1.59,0.01,0.03,2024-03-06 19:00:00,19,2,3,0.0,0.0,0.5,0.2180356666666666,4,0.0,mobile_healthcare,evening,0,277.51816364580867,0.0461175186303532,4.1000000000000005
972083,19.0,F,MX,Guadalajara,desktop,free,7491,comedy,52.4,PG,5098,native,post_roll,cpg,4.33,11,2,0,1,27.2,3,9.03,0.81,1.01,0.34,2024-03-06 20:00:00,20,2,3,0.1818181818181818,0.0,0.4545454545454545,0.6851403333333334,11,0.1818181818181818,desktop_cpg,evening,0,277.51816364580867,0.0461175186303532,27.2
373608,25.0,F,CA,Toronto,desktop,premium,7514,gaming,2.0,R,5399,video,mid_roll,finance,5.73,1,0,0,0,4.6,2,9.08,0.7,0.0,0.01,2024-03-06 20:00:00,20,2,3,0.0,0.0,2.0,0.256617,1,0.0,desktop_finance,evening,0,277.51816364580867,0.0461175186303532,4.6
163365,72.0,Other,US,New York,desktop,family,1594,gaming,57.9,G,5269,native,in_feed,auto,3.72,2,0,0,0,49.7,6,9.11,1.13,0.01,0.02,2024-03-06 20:00:00,20,2,3,0.0,0.0,3.0,0.7570596666666667,2,0.0,desktop_auto,evening,0,277.51816364580867,0.0461175186303532,49.7
401338,66.0,M,BR,Sao Paulo,desktop,free,2588,documentary,56.3,G,5919,audio,post_roll,gaming,2.72,3,0,0,0,27.5,3,15.58,1.52,0.02,0.05,2024-03-06 20:00:00,20,2,3,0.0,0.0,1.0,0.528472,3,0.0,desktop_gaming,evening,0,277.51816364580867,0.0461175186303532,30.2
559602,54.0,M,US,Austin,desktop,family,8733,documentary,29.2,PG-13,5209,banner,pre_roll,finance,5.68,9,0,0,0,18.6,7,6.34,0.82,0.651080500040979,0.06,2024-03-06 20:00:00,20,2,3,0.0,0.0,0.7777777777777778,0.5744866666666666,9,0.0,desktop_finance,evening,0,277.51816364580867,0.0461175186303532,18.6
168334,46.0,M,FR,Paris,desktop,free,8239,music,53.3,PG,5919,audio,post_roll,auto,7.6,3,0,0,0,44.9,3,11.12,1.19,0.01,0.03,2024-03-06 20:00:00,20,2,3,0.0,0.0,1.0,0.622748,3,0.0,desktop_auto,evening,0,277.51816364580867,0.0461175186303532,44.9
410468,74.0,F,IN,Bengaluru,tablet,basic,4435,sports,36.7,PG-13,5400,audio,sidebar,healthcare,5.02,10,1,0,1,12.3,6,12.15,1.09,0.7,0.29,2024-03-06 20:00:00,20,2,3,0.1,0.0,0.7,0.627478,10,0.1,tablet_healthcare,evening,0,277.51816364580867,0.0461175186303532,12.3
518342,38.0,F,BR,Rio de Janeiro,desktop,free,9095,news,2.0,G,5355,banner,in_feed,gaming,10.72,7,1,0,1,0.5,3,17.5,2.27,1.41,0.46,2024-03-06 20:00:00,20,2,3,0.1428571428571428,0.0,0.5714285714285714,0.4269136666666666,7,0.1428571428571428,desktop_gaming,evening,0,277.51816364580867,0.0461175186303532,0.5
894807,54.0,F,AU,Sydney,mobile,free,1822,comedy,69.8,PG,5904,native,pre_roll,auto,7.05,6,0,0,0,44.5,4,9.55,1.83,0.02,0.06,2024-03-06 20:00:00,20,2,3,0.0,0.0,0.6666666666666666,0.6759276666666666,6,0.0,mobile_auto,evening,0,277.51816364580867,0.0461175186303532,44.5
935543,35.0,F,US,Chicago,mobile,basic,2150,music,42.7,R,5065,video,in_feed,gaming,13.13,1,0,0,0,30.7,2,8.29,2.38,0.0,0.01,2024-03-06 20:00:00,20,2,3,0.0,0.0,2.0,0.4926756666666666,1,0.0,mobile_gaming,evening,0,277.51816364580867,0.0461175186303532,21.3
417494,43.0,F,JP,Osaka,desktop,premium,8485,gaming,51.1,PG-13,5864,native,sidebar,finance,7.34,11,0,0,0,53.7,5,12.0,1.83,0.05,0.13,2024-03-06 20:00:00,20,2,3,0.0,0.0,0.4545454545454545,0.7379423333333334,11,0.0,desktop_finance,evening,0,277.51816364580867,0.0461175186303532,53.7
715938,55.0,M,IN,Hyderabad,mobile,basic,1414,comedy,53.7,G,5772,native,post_roll,healthcare,10.08,6,0,0,0,27.9,1,12.58,1.21,0.03,0.08,2024-03-06 20:00:00,20,2,3,0.0,0.0,0.1666666666666666,0.4211896666666667,6,0.0,mobile_healthcare,evening,0,277.51816364580867,0.0461175186303532,16.95
987998,71.0,F,IN,Bengaluru,mobile,free,9471,documentary,41.6,PG,5722,interstitial,pre_roll,finance,5.0,11,2,1,1,20.6,2,6.85,1.55,19.61,0.54,2024-03-06 21:00:00,21,2,3,0.1818181818181818,0.5,0.4545454545454545,0.5614733333333333,11,0.1818181818181818,mobile_finance,evening,0,277.51816364580867,0.0461175186303532,20.6
813212,44.0,M,US,Chicago,mobile,free,5728,music,23.0,R,5021,banner,sidebar,healthcare,5.8,6,0,0,0,29.4,2,7.43,1.14,0.02,0.04,2024-03-06 21:00:00,21,2,3,0.0,0.0,0.3333333333333333,0.4833383333333333,6,0.0,mobile_healthcare,evening,0,277.51816364580867,0.0461175186303532,29.4
495066,25.0,M,US,New York,mobile,free,2432,kids,37.1,PG-13,5194,video,sidebar,tech,5.07,5,0,0,0,17.5,3,7.13,1.12,0.01,0.04,2024-03-06 21:00:00,21,2,3,0.0,0.0,0.6,0.4268533333333333,5,0.0,mobile_tech,evening,0,277.51816364580867,0.0461175186303532,17.5
442477,51.0,M,BR,Rio de Janeiro,desktop,basic,3181,kids,44.7,PG-13,5473,banner,in_feed,tech,8.31,6,0,0,0,22.2,4,9.36,1.39,0.02,0.06,2024-03-06 21:00:00,21,2,3,0.0,0.0,0.6666666666666666,0.5372809999999999,6,0.0,desktop_tech,evening,0,277.51816364580867,0.0461175186303532,22.2
604794,44.0,F,UK,London,mobile,free,8523,music,16.1,R,5784,banner,pre_roll,auto,3.61,3,0,0,0,37.1,4,12.73,0.91,0.02,0.04,2024-03-06 21:00:00,21,2,3,0.0,0.0,1.3333333333333333,0.6461596666666667,3,0.0,mobile_auto,evening,0,277.51816364580867,0.0461175186303532,37.1
290629,37.0,M,IN,Bengaluru,desktop,premium,1705,sports,58.3,PG-13,5413,interstitial,in_feed,finance,5.73,9,0,0,0,47.4,6,12.38,0.96,0.04,0.11,2024-03-06 21:00:00,21,2,3,0.0,0.0,0.6666666666666666,0.751433,9,0.0,desktop_finance,evening,0,277.51816364580867,0.0461175186303532,47.4
646526,18.0,M,US,Seattle,mobile,free,4234,kids,33.0,R,5358,audio,in_feed,tech,5.43,6,0,0,0,27.6,5,10.0,0.87,0.02,0.06,2024-03-06 21:00:00,21,2,3,0.0,0.0,0.8333333333333334,0.6244516666666666,6,0.0,mobile_tech,evening,0,277.51816364580867,0.0461175186303532,27.6
494837,52.0,F,US,Chicago,mobile,premium,5728,kids,31.0,PG,5188,native,pre_roll,healthcare,5.11,10,0,0,0,19.7,4,14.33,1.01,0.06,0.14,2024-03-06 21:00:00,21,2,3,0.0,0.0,0.4,0.5022796666666667,10,0.0,mobile_healthcare,evening,0,277.51816364580867,0.0461175186303532,19.7
588454,42.0,M,US,New York,desktop,free,7691,comedy,29.1,PG,5927,banner,mid_roll,retail,4.18,6,1,0,1,23.5,2,5.0,1.66,1.01,0.28,2024-03-06 21:00:00,21,2,3,0.1666666666666666,0.0,0.5,0.589958,6,0.1666666666666666,desktop_retail,evening,0,277.51816364580867,0.0461175186303532,23.5
862680,56.0,M,IN,Hyderabad,mobile,free,2943,kids,47.0,PG-13,5294,audio,post_roll,auto,13.59,9,0,0,0,36.1,5,13.11,1.64,0.05,0.12,2024-03-06 21:00:00,21,2,3,0.0,0.0,0.5555555555555556,0.681581,9,0.0,mobile_auto,evening,0,277.51816364580867,0.0461175186303532,36.1
529537,47.0,F,DE,Berlin,desktop,basic,8656,sports,2.0,G,5207,native,pre_roll,auto,4.51,11,1,0,1,1.3,6,3.01,0.43,0.27,0.1,2024-03-06 21:00:00,21,2,3,0.0909090909090909,0.0,0.6363636363636364,0.538081,11,0.0909090909090909,desktop_auto,evening,0,277.51816364580867,0.0461175186303532,1.3
161571,24.0,F,IN,Bengaluru,smart_tv,family,1219,drama,33.9,G,5295,audio,post_roll,healthcare,5.09,6,0,0,0,12.6,4,11.9,1.4,0.03,0.07,2024-03-06 22:00:00,22,2,3,0.0,0.0,0.6666666666666666,0.4355303333333333,6,0.0,smart_tv_healthcare,night,0,277.51816364580867,0.0461175186303532,12.6
352808,67.0,F,DE,Munich,smart_tv,premium,5189,news,73.9,G,5140,banner,post_roll,travel,11.83,8,1,0,1,37.7,6,8.28,1.75,1.08,0.33,2024-03-06 22:00:00,22,2,3,0.125,0.0,0.875,0.85853,8,0.125,smart_tv_travel,night,0,277.51816364580867,0.0461175186303532,37.7
449631,25.0,F,IN,Hyderabad,console,free,1515,news,43.0,PG-13,5002,audio,in_feed,tech,8.7,2,0,0,0,28.0,3,11.79,1.29,0.01,0.02,2024-03-06 22:00:00,22,2,3,0.0,0.0,1.5,0.532464,2,0.0,console_tech,night,0,277.51816364580867,0.0461175186303532,28.0
346605,43.0,M,US,Chicago,mobile,free,1269,documentary,22.6,R,5738,banner,in_feed,cpg,2.2,6,1,0,1,13.9,3,6.04,1.59,0.97,0.27,2024-03-06 22:00:00,22,2,3,0.1666666666666666,0.0,0.6666666666666666,0.5479849999999999,6,0.1666666666666666,mobile_cpg,night,0,277.51816364580867,0.0461175186303532,13.9
334419,65.0,Other,MX,Mexico City,mobile,free,4926,kids,26.7,PG-13,5315,banner,in_feed,gaming,4.57,9,0,0,0,14.6,1,15.64,1.11,0.06,0.14,2024-03-06 22:00:00,22,2,3,0.0,0.0,0.1111111111111111,0.2889803333333333,9,0.0,mobile_gaming,night,0,277.51816364580867,0.0461175186303532,14.6
637842,40.0,M,US,Seattle,mobile,free,5966,gaming,63.2,PG-13,5205,video,in_feed,healthcare,5.14,8,0,0,0,44.5,5,9.98,0.56,0.03,0.08,2024-03-06 22:00:00,22,2,3,0.0,0.0,0.625,0.7166476666666667,8,0.0,mobile_healthcare,night,0,277.51816364580867,0.0461175186303532,44.5
785348,55.0,M,US,Austin,mobile,premium,6214,sports,31.2,R,5172,video,pre_roll,finance,4.42,7,0,0,0,33.6,4,9.53,0.76,0.03,0.07,2024-03-06 22:00:00,22,2,3,0.0,0.0,0.5714285714285714,0.6263756666666667,7,0.0,mobile_finance,night,0,277.51816364580867,0.0461175186303532,33.6
503450,50.0,F,DE,Berlin,desktop,family,9826,sports,2.0,PG,5513,banner,post_roll,tech,9.06,7,0,0,0,16.3,5,13.63,1.06,0.04,0.1,2024-03-06 22:00:00,22,2,3,0.0,0.0,0.7142857142857143,0.510637,7,0.0,desktop_tech,night,0,277.51816364580867,0.0461175186303532,16.3
145946,67.0,M,US,New York,mobile,free,2818,music,2.0,G,5514,interstitial,mid_roll,healthcare,4.08,7,0,0,0,0.5,2,11.36,1.42,0.03,0.08,2024-03-06 22:00:00,22,2,3,0.0,0.0,0.2857142857142857,0.2180356666666666,7,0.0,mobile_healthcare,night,0,277.51816364580867,0.0461175186303532,2.9
110498,37.0,M,US,Seattle,mobile,basic,1366,drama,21.7,PG-13,5516,video,sidebar,gaming,6.35,7,0,0,0,11.2,2,7.71,0.86,0.02,0.05,2024-03-06 22:00:00,22,2,3,0.0,0.0,0.2857142857142857,0.308417,7,0.0,mobile_gaming,night,0,277.51816364580867,0.0461175186303532,11.2
185531,25.0,M,MX,Mexico City,smart_tv,basic,2247,comedy,2.0,G,5232,banner,sidebar,auto,8.02,1,0,0,0,8.2,2,9.94,1.06,0.0,0.01,2024-03-06 22:00:00,22,2,3,0.0,0.0,2.0,0.282777,1,0.0,smart_tv_auto,night,0,277.51816364580867,0.0461175186303532,8.2
776282,55.0,F,DE,Berlin,mobile,free,9462,news,47.4,PG-13,5542,banner,mid_roll,finance,2.92,1,0,0,0,49.3,4,8.92,1.14,0.0,0.01,2024-03-06 22:00:00,22,2,3,0.0,0.0,4.0,0.688909,1,0.0,mobile_finance,night,0,277.51816364580867,0.0461175186303532,49.3
618020,41.0,F,BR,Rio de Janeiro,mobile,free,2723,documentary,27.3,PG,5570,banner,post_roll,finance,11.29,10,0,0,0,7.4,0,17.26,1.79,0.07,0.17,2024-03-06 22:00:00,22,2,3,0.0,0.0,0.0,0.1969619999999999,10,0.0,mobile_finance,night,0,277.51816364580867,0.0461175186303532,7.4
717143,37.0,F,BR,Sao Paulo,mobile,premium,8864,comedy,63.6,R,5336,banner,pre_roll,healthcare,2.92,7,0,0,0,63.9,4,5.63,0.92,0.02,0.04,2024-03-06 22:00:00,22,2,3,0.0,0.0,0.5714285714285714,0.7079810000000001,7,0.0,mobile_healthcare,night,0,277.51816364580867,0.0461175186303532,63.9
804484,62.0,F,US,Seattle,tablet,premium,5750,news,35.5,G,5639,interstitial,post_roll,gaming,5.68,8,1,1,1,25.6,3,9.68,1.4,14.39,0.29,2024-03-06 22:00:00,22,2,3,0.125,1.0,0.625,0.6553756666666666,8,0.125,tablet_gaming,night,0,277.51816364580867,0.0461175186303532,16.5
916962,57.0,M,US,Seattle,mobile,premium,7158,news,29.9,PG-13,5633,video,sidebar,finance,2.15,11,1,0,1,25.3,7,14.66,1.0,0.66,0.31,2024-03-06 22:00:00,22,2,3,0.0909090909090909,0.0,0.7272727272727273,0.766864,11,0.0909090909090909,mobile_finance,night,0,277.51816364580867,0.0461175186303532,25.3
344538,63.0,F,AU,Sydney,desktop,free,1200,drama,50.5,R,5072,audio,mid_roll,retail,3.01,3,0,0,0,30.0,5,8.41,1.53,0.01,0.03,2024-03-06 23:00:00,23,2,3,0.0,0.0,1.6666666666666667,0.642953,3,0.0,desktop_retail,night,0,277.51816364580867,0.0461175186303532,30.0
982088,67.0,F,FR,Paris,tablet,free,9088,gaming,13.8,PG,5933,audio,post_roll,travel,7.76,3,0,0,0,5.8,7,15.17,0.38,0.02,0.05,2024-03-06 23:00:00,23,2,3,0.0,0.0,2.333333333333333,0.4617199999999999,3,0.0,tablet_travel,night,0,277.51816364580867,0.0461175186303532,5.8
876771,22.0,F,BR,Sao Paulo,desktop,premium,8042,drama,18.8,PG,5740,interstitial,post_roll,travel,4.28,8,0,0,0,0.5,2,11.41,0.77,0.04,0.09,2024-03-06 23:00:00,23,2,3,0.0,0.0,0.25,0.2180356666666666,8,0.0,desktop_travel,night,0,277.51816364580867,0.0461175186303532,0.5
522411,64.0,F,IN,Mumbai,mobile,basic,2858,sports,51.2,R,5191,audio,mid_roll,tech,7.13,7,0,0,0,33.8,3,11.97,1.0,0.03,0.08,2024-03-06 23:00:00,23,2,3,0.0,0.0,0.4285714285714285,0.5730946666666666,7,0.0,mobile_tech,night,0,277.51816364580867,0.0461175186303532,33.8
576055,21.0,Unknown,US,Chicago,desktop,free,8081,sports,42.0,R,5908,video,pre_roll,tech,3.58,10,2,0,1,27.5,7,6.9,1.74,2.12,0.59,2024-03-06 23:00:00,23,2,3,0.2,0.0,0.9,0.8290679999999999,10,0.2,desktop_tech,night,0,277.51816364580867,0.0461175186303532,27.5
801245,56.0,F,UK,London,mobile,basic,4236,gaming,57.3,PG,5373,native,in_feed,finance,6.09,6,0,0,0,19.3,6,11.75,0.95,0.03,0.07,2024-03-06 23:00:00,23,2,3,0.0,0.0,1.0,0.5658396666666667,6,0.0,mobile_finance,night,0,277.51816364580867,0.0461175186303532,9.9
348271,25.0,F,MX,Guadalajara,mobile,free,4921,documentary,7.4,PG,5773,banner,post_roll,auto,4.67,2,0,0,0,6.2,5,9.51,1.44,0.01,0.02,2024-03-06 23:00:00,23,2,3,0.0,0.0,2.5,0.4226089999999999,2,0.0,mobile_auto,night,0,277.51816364580867,0.0461175186303532,6.2
732212,36.0,M,US,Seattle,desktop,basic,3818,comedy,50.4,PG,5134,interstitial,pre_roll,gaming,3.89,11,2,1,1,21.4,6,7.98,1.13,24.74,0.43,2024-03-06 23:00:00,23,2,3,0.1818181818181818,0.5,0.8181818181818182,0.7564,11,0.1818181818181818,desktop_gaming,night,0,277.51816364580867,0.0461175186303532,21.4
189523,70.0,F,US,New York,mobile,free,5071,music,19.7,PG,5578,banner,pre_roll,travel,6.09,3,0,0,0,9.8,1,7.21,2.08,0.01,0.02,2024-03-06 23:00:00,23,2,3,0.0,0.0,0.3333333333333333,0.2455296666666666,3,0.0,mobile_travel,night,0,277.51816364580867,0.0461175186303532,9.8
412670,70.0,M,US,Austin,mobile,family,9062,music,28.0,PG,5741,interstitial,in_feed,healthcare,2.9,8,0,0,0,21.1,4,7.17,1.37,0.02,0.06,2024-03-06 23:00:00,23,2,3,0.0,0.0,0.5,0.5273196666666666,8,0.0,mobile_healthcare,night,0,277.51816364580867,0.0461175186303532,21.1
827377,52.0,M,FR,Lyon,mobile,free,8370,music,11.7,PG-13,5901,video,mid_roll,gaming,4.66,11,0,0,0,11.5,1,10.77,1.85,0.05,0.12,2024-03-07 00:00:00,0,3,3,0.0,0.0,0.0909090909090909,0.2606256666666666,11,0.0,mobile_gaming,late_night,0,279.318440267836,0.0462602641103249,11.5
768975,13.0,F,IN,Hyderabad,mobile,basic,7668,gaming,9.6,G,5608,video,post_roll,retail,9.06,2,0,0,0,10.9,4,14.55,1.56,0.01,0.03,2024-03-07 00:00:00,0,3,3,0.0,0.0,2.0,0.4201143333333333,2,0.0,mobile_retail,late_night,0,279.318440267836,0.0462602641103249,10.9
631785,39.0,M,BR,Sao Paulo,tablet,family,9176,news,30.5,PG-13,5059,banner,post_roll,retail,7.37,10,0,0,0,25.8,1,16.23,1.68,0.06,0.16,2024-03-07 00:00:00,0,3,3,0.0,0.0,0.1,0.4042256666666666,10,0.0,tablet_retail,late_night,0,279.318440267836,0.0462602641103249,25.8
787647,29.0,F,CA,Toronto,mobile,basic,9022,documentary,33.8,PG,5860,audio,pre_roll,finance,7.74,9,0,0,0,16.4,0,13.09,1.23,0.05,0.12,2024-03-07 00:00:00,0,3,3,0.0,0.0,0.0,0.2770753333333333,9,0.0,mobile_finance,late_night,0,279.318440267836,0.0462602641103249,16.4
175158,50.0,F,US,Chicago,desktop,free,3319,music,18.8,PG-13,5574,banner,pre_roll,travel,5.03,9,0,0,0,14.0,1,7.13,0.94,0.03,0.06,2024-03-07 00:00:00,0,3,3,0.0,0.0,0.1111111111111111,0.283315,9,0.0,desktop_travel,late_night,0,279.318440267836,0.0462602641103249,14.0
299802,46.0,M,US,Chicago,mobile,family,8006,comedy,42.4,R,5897,native,sidebar,finance,3.93,6,0,0,0,13.1,1,12.52,0.73,0.03,0.08,2024-03-07 00:00:00,0,3,3,0.0,0.0,0.1666666666666666,0.2752603333333333,6,0.0,mobile_finance,late_night,0,279.318440267836,0.0462602641103249,13.1
460717,31.0,Unknown,JP,Osaka,mobile,free,9298,comedy,22.7,PG-13,5035,interstitial,post_roll,gaming,4.28,11,0,0,0,0.5,4,8.74,1.38,0.04,0.1,2024-03-07 00:00:00,0,3,3,0.0,0.0,0.3636363636363636,0.3323756666666666,11,0.0,mobile_gaming,late_night,0,279.318440267836,0.0462602641103249,0.5
995383,37.0,M,IN,Hyderabad,mobile,premium,6786,gaming,14.5,PG,5996,native,mid_roll,tech,3.97,11,0,0,0,13.5,7,14.42,1.74,0.06,0.16,2024-03-07 00:00:00,0,3,3,0.0,0.0,0.6363636363636364,0.526232,11,0.0,mobile_tech,late_night,0,279.318440267836,0.0462602641103249,13.5
782947,32.0,M,BR,Rio de Janeiro,mobile,basic,2742,kids,51.5,PG,5867,banner,pre_roll,tech,9.74,4,0,0,0,38.0,5,12.57,1.07,0.02,0.05,2024-03-07 00:00:00,0,3,3,0.0,0.0,1.25,0.6910970000000001,4,0.0,mobile_tech,late_night,0,279.318440267836,0.0462602641103249,38.0
375751,36.0,M,UK,Manchester,mobile,free,5484,sports,59.3,PG,5793,banner,sidebar,retail,1.37,2,0,0,0,35.7,5,9.67,0.69,0.01,0.02,2024-03-07 00:00:00,0,3,3,0.0,0.0,2.5,0.6793863333333333,2,0.0,mobile_retail,late_night,0,279.318440267836,0.0462602641103249,35.7
248312,68.0,M,FR,Paris,desktop,free,4940,gaming,36.3,R,5763,video,in_feed,tech,4.86,10,0,0,0,19.6,1,6.85,0.81,0.03,0.07,2024-03-07 00:00:00,0,3,3,0.0,0.0,0.1,0.3364536666666666,10,0.0,desktop_tech,late_night,0,279.318440267836,0.0462602641103249,19.6
761604,56.0,F,IN,Bengaluru,console,free,3566,gaming,62.6,PG-13,5380,audio,mid_roll,retail,7.19,6,0,0,0,20.6,3,6.69,1.4,0.02,0.04,2024-03-07 00:00:00,0,3,3,0.0,0.0,0.5,0.4622653333333333,6,0.0,console_retail,late_night,0,279.318440267836,0.0462602641103249,20.6
338815,73.0,M,FR,Paris,mobile,basic,7234,music,13.9,R,5478,interstitial,post_roll,travel,2.56,7,0,0,0,3.9,4,8.67,1.39,0.02,0.06,2024-03-07 00:00:00,0,3,3,0.0,0.0,0.5714285714285714,0.366289,7,0.0,mobile_travel,late_night,0,279.318440267836,0.0462602641103249,3.9
777481,35.0,M,MX,Guadalajara,mobile,family,8988,kids,36.5,PG,5501,native,post_roll,retail,7.09,7,0,0,0,2.1,2,14.37,0.87,0.04,0.1,2024-03-07 01:00:00,1,3,3,0.0,0.0,0.2857142857142857,0.2413476666666666,7,0.0,mobile_retail,late_night,0,279.318440267836,0.0462602641103249,2.1
318558,56.0,M,JP,Osaka,mobile,free,3986,comedy,39.4,PG-13,5073,video,post_roll,tech,9.98,2,0,0,0,20.7,3,14.49,1.55,0.01,0.03,2024-03-07 01:00:00,1,3,3,0.0,0.0,1.5,0.4691453333333333,2,0.0,mobile_tech,late_night,0,279.318440267836,0.0462602641103249,20.7
633928,28.0,M,BR,Sao Paulo,smart_tv,free,5737,documentary,21.8,PG,5986,interstitial,post_roll,retail,2.25,10,0,0,0,11.2,0,10.45,1.42,0.04,0.1,2024-03-07 01:00:00,1,3,3,0.0,0.0,0.0,0.228914,10,0.0,smart_tv_retail,late_night,0,279.318440267836,0.0462602641103249,11.2
184110,43.0,M,US,New York,desktop,free,6226,sports,22.5,R,5946,banner,in_feed,travel,2.73,9,0,0,0,11.5,0,12.71,0.38,0.05,0.11,2024-03-07 01:00:00,1,3,3,0.0,0.0,0.0,0.2316926666666666,9,0.0,desktop_travel,late_night,0,279.318440267836,0.0462602641103249,11.5
699818,34.0,M,CA,Vancouver,desktop,basic,7834,gaming,14.8,PG,5889,video,post_roll,healthcare,6.31,3,0,0,0,0.5,7,4.3,1.14,0.01,0.01,2024-03-07 01:00:00,1,3,3,0.0,0.0,2.333333333333333,0.4149426666666666,3,0.0,desktop_healthcare,late_night,0,279.318440267836,0.0462602641103249,0.5
336609,16.0,M,US,Unknown,mobile,free,5468,gaming,44.2,PG-13,5208,video,post_roll,retail,4.12,1,0,0,0,14.6,4,11.06,1.67,0.0,0.01,2024-03-07 01:00:00,1,3,3,0.0,0.0,4.0,0.4538903333333333,1,0.0,mobile_retail,late_night,0,279.318440267836,0.0462602641103249,14.6
421938,41.0,F,US,Austin,mobile,family,7561,news,51.2,G,5279,interstitial,post_roll,travel,10.01,6,0,0,0,13.8,6,8.34,1.41,0.02,0.05,2024-03-07 01:00:00,1,3,3,0.0,0.0,1.0,0.513665,6,0.0,mobile_travel,late_night,0,279.318440267836,0.0462602641103249,13.8
408593,26.0,F,UK,London,mobile,premium,3095,news,49.7,G,5071,audio,post_roll,travel,7.46,2,0,0,0,14.6,2,10.69,2.56,0.01,0.02,2024-03-07 01:00:00,1,3,3,0.0,0.0,1.0,0.3395503333333333,2,0.0,mobile_travel,late_night,0,279.318440267836,0.0462602641103249,29.35
428904,39.0,F,US,Seattle,tablet,free,7985,sports,49.8,PG-13,5602,banner,sidebar,travel,6.92,3,0,0,0,27.3,2,10.12,0.41,0.01,0.03,2024-03-07 02:00:00,2,3,3,0.0,0.0,0.6666666666666666,0.466937,3,0.0,tablet_travel,late_night,0,279.318440267836,0.0462602641103249,27.3
547962,71.0,M,DE,Berlin,mobile,basic,4463,drama,5.9,PG-13,5065,interstitial,pre_roll,cpg,5.42,6,0,0,0,0.5,6,9.93,1.44,0.02,0.06,2024-03-07 02:00:00,2,3,3,0.0,0.0,1.0,0.3996196666666666,6,0.0,mobile_cpg,late_night,0,279.318440267836,0.0462602641103249,0.5
184923,38.0,F,BR,Sao Paulo,tablet,free,9506,sports,46.4,PG,5905,banner,sidebar,finance,3.63,3,0,0,0,23.1,6,10.93,1.4,0.01,0.03,2024-03-07 02:00:00,2,3,3,0.0,0.0,2.0,0.6129169999999999,3,0.0,tablet_finance,late_night,0,279.318440267836,0.0462602641103249,23.1
261563,72.0,M,UK,London,desktop,premium,1930,drama,58.6,R,5005,native,in_feed,cpg,5.37,7,0,0,0,29.9,3,10.57,1.6,0.03,0.07,2024-03-07 02:00:00,2,3,3,0.0,0.0,0.4285714285714285,0.5470226666666667,7,0.0,desktop_cpg,late_night,0,279.318440267836,0.0462602641103249,29.9
581998,13.0,F,US,Austin,mobile,premium,2400,comedy,24.9,PG,5641,video,sidebar,cpg,6.39,3,0,0,0,5.3,3,10.89,1.17,0.01,0.03,2024-03-07 02:00:00,2,3,3,0.0,0.0,1.0,0.3212279999999999,3,0.0,mobile_cpg,late_night,0,279.318440267836,0.0462602641103249,5.3
507350,38.0,M,MX,Guadalajara,desktop,free,9857,comedy,46.8,G,5568,banner,sidebar,cpg,3.51,1,0,0,0,14.0,4,13.31,1.03,0.01,0.01,2024-03-07 02:00:00,2,3,3,0.0,0.0,4.0,0.448225,1,0.0,desktop_cpg,late_night,0,279.318440267836,0.0462602641103249,14.0
716952,18.0,M,US,New York,mobile,free,4626,comedy,5.3,PG,5210,native,pre_roll,cpg,4.46,3,0,0,0,8.2,2,7.91,0.49,0.01,0.02,2024-03-07 02:00:00,2,3,3,0.0,0.0,0.6666666666666666,0.282777,3,0.0,mobile_cpg,late_night,0,279.318440267836,0.0462602641103249,8.2
399964,43.0,M,CA,Vancouver,desktop,basic,5026,gaming,24.6,PG-13,5769,native,sidebar,gaming,9.46,4,0,0,0,20.1,0,11.83,1.0,0.02,0.05,2024-03-07 02:00:00,2,3,3,0.0,0.0,0.0,0.3122073333333333,4,0.0,desktop_gaming,late_night,0,279.318440267836,0.0462602641103249,10.3
463586,71.0,F,FR,Paris,desktop,free,3158,gaming,13.6,PG-13,5433,interstitial,post_roll,auto,6.22,5,0,0,0,7.9,3,7.97,1.04,0.02,0.04,2024-03-07 02:00:00,2,3,3,0.0,0.0,0.6,0.3401466666666666,5,0.0,desktop_auto,late_night,0,279.318440267836,0.0462602641103249,7.9
130659,62.0,F,US,Austin,desktop,free,5138,gaming,11.2,G,5115,interstitial,sidebar,auto,2.56,3,0,0,0,4.7,7,8.32,0.59,0.01,0.02,2024-03-07 03:00:00,3,3,3,0.0,0.0,2.333333333333333,0.454184,3,0.0,desktop_auto,late_night,0,279.318440267836,0.0462602641103249,20.3
363425,49.0,F,CA,Vancouver,smart_tv,free,3298,kids,34.7,G,5627,video,pre_roll,travel,4.82,4,0,0,0,14.4,3,10.26,1.03,0.02,0.04,2024-03-07 03:00:00,3,3,3,0.0,0.0,0.75,0.39756,4,0.0,smart_tv_travel,late_night,0,279.318440267836,0.0462602641103249,14.4
772223,28.0,F,BR,Sao Paulo,mobile,family,3997,gaming,40.6,G,5026,interstitial,mid_roll,gaming,6.76,6,0,0,0,10.0,5,13.83,1.5,0.03,0.08,2024-03-07 03:00:00,3,3,3,0.0,0.0,0.8333333333333334,0.4529196666666666,6,0.0,mobile_gaming,late_night,0,279.318440267836,0.0462602641103249,22.55
963132,34.0,F,AU,Sydney,mobile,premium,5409,comedy,46.5,G,5515,interstitial,in_feed,tech,2.89,2,0,0,0,14.7,1,13.69,1.3,0.01,0.03,2024-03-07 03:00:00,3,3,3,0.0,0.0,0.5,0.2899216666666667,2,0.0,mobile_tech,late_night,0,279.318440267836,0.0462602641103249,14.7
818526,31.0,M,US,Chicago,mobile,basic,4854,drama,5.9,PG-13,5546,video,in_feed,retail,7.38,6,1,0,1,2.3,2,9.97,0.73,0.46,0.17,2024-03-07 03:00:00,3,3,3,0.1666666666666666,0.0,0.5,0.3975953333333333,6,0.1666666666666666,mobile_retail,late_night,0,279.318440267836,0.0462602641103249,2.3
865558,54.0,M,AU,Melbourne,desktop,basic,5759,music,13.0,G,5439,video,post_roll,retail,7.14,1,0,0,0,1.0,5,9.92,1.14,0.0,0.01,2024-03-07 03:00:00,3,3,3,0.0,0.0,5.0,0.3907316666666666,1,0.0,desktop_retail,late_night,0,279.318440267836,0.0462602641103249,1.0
346133,58.0,F,MX,Guadalajara,mobile,free,4901,documentary,52.5,G,5883,video,pre_roll,travel,5.35,2,0,0,0,14.2,2,13.38,0.84,0.01,0.03,2024-03-07 03:00:00,3,3,3,0.0,0.0,1.0,0.3357076666666667,2,0.0,mobile_travel,late_night,0,279.318440267836,0.0462602641103249,14.2
661674,72.0,F,US,Seattle,mobile,basic,2917,news,9.6,PG,5781,native,sidebar,gaming,3.81,10,0,0,0,11.7,2,5.57,1.9,0.02,0.06,2024-03-07 03:00:00,3,3,3,0.0,0.0,0.2,0.3130303333333333,10,0.0,mobile_gaming,late_night,0,279.318440267836,0.0462602641103249,11.7
971729,35.0,M,US,New York,mobile,premium,8271,news,69.4,PG,5634,audio,pre_roll,travel,8.56,8,0,0,0,38.3,6,8.35,0.97,0.03,0.07,2024-03-07 03:00:00,3,3,3,0.0,0.0,0.75,0.7190756666666667,8,0.0,mobile_travel,late_night,0,279.318440267836,0.0462602641103249,30.05
863264,65.0,F,DE,Berlin,mobile,free,2670,music,31.5,PG-13,5282,banner,in_feed,gaming,10.01,2,0,0,0,14.2,0,16.38,2.02,0.01,0.03,2024-03-07 03:00:00,3,3,3,0.0,0.0,0.0,0.2562046666666666,2,0.0,mobile_gaming,late_night,0,279.318440267836,0.0462602641103249,14.2
466193,71.0,F,US,Chicago,mobile,premium,9358,documentary,24.7,G,5709,interstitial,pre_roll,auto,3.12,6,0,0,0,3.6,2,8.4,1.2,0.02,0.05,2024-03-07 04:00:00,4,3,3,0.0,0.0,0.3333333333333333,0.2500876666666666,6,0.0,mobile_auto,late_night,0,279.318440267836,0.0462602641103249,3.6
197927,67.0,F,JP,Osaka,mobile,premium,3197,gaming,20.5,PG-13,5369,native,sidebar,auto,5.62,10,1,0,1,0.5,4,16.83,0.99,0.66,0.32,2024-03-07 04:00:00,4,3,3,0.1,0.0,0.5,0.4597726666666666,10,0.1,mobile_auto,late_night,0,279.318440267836,0.0462602641103249,0.5
706186,40.0,F,FR,Paris,mobile,free,5018,drama,36.8,PG,5702,native,in_feed,finance,2.59,6,0,0,0,27.0,1,6.71,1.53,0.02,0.04,2024-03-07 04:00:00,4,3,3,0.0,0.0,0.1666666666666666,0.4139656666666666,6,0.0,mobile_finance,late_night,0,279.318440267836,0.0462602641103249,27.0
764466,67.0,M,US,Chicago,desktop,basic,1467,kids,44.8,PG,5123,native,sidebar,retail,1.12,11,1,0,1,24.8,3,8.84,0.42,0.29,0.16,2024-03-07 04:00:00,4,3,3,0.0909090909090909,0.0,0.3636363636363636,0.6254866666666667,11,0.0909090909090909,desktop_retail,late_night,0,279.318440267836,0.0462602641103249,24.8
415198,70.0,F,IN,Hyderabad,mobile,free,8769,news,23.4,PG-13,5984,banner,in_feed,finance,3.88,9,0,0,0,0.5,1,7.69,1.48,0.03,0.07,2024-03-07 04:00:00,4,3,3,0.0,0.0,0.1111111111111111,0.1674656666666666,9,0.0,mobile_finance,late_night,0,279.318440267836,0.0462602641103249,19.95
659372,33.0,F,MX,Guadalajara,desktop,basic,6950,music,48.0,R,5848,native,mid_roll,gaming,4.48,3,0,0,0,20.6,2,10.08,0.85,0.01,0.03,2024-03-07 04:00:00,4,3,3,0.0,0.0,0.6666666666666666,0.4023743333333333,3,0.0,desktop_gaming,late_night,0,279.318440267836,0.0462602641103249,20.6
794941,24.0,F,US,Austin,desktop,free,6788,news,32.2,R,5322,banner,in_feed,gaming,3.57,1,0,0,0,13.4,1,10.1,1.18,0.0,0.01,2024-03-07 04:00:00,4,3,3,0.0,0.0,1.0,0.2778883333333333,1,0.0,desktop_gaming,late_night,0,279.318440267836,0.0462602641103249,19.05
745917,18.0,M,CA,Toronto,console,free,9927,gaming,55.5,PG,5723,banner,mid_roll,gaming,10.49,6,1,0,1,28.6,3,13.0,1.13,0.71,0.25,2024-03-07 04:00:00,4,3,3,0.1666666666666666,0.0,0.6666666666666666,0.6921903333333332,6,0.1666666666666666,console_gaming,late_night,0,279.318440267836,0.0462602641103249,28.6
355561,18.0,M,US,Seattle,mobile,basic,2333,comedy,18.8,G,5338,audio,in_feed,finance,5.41,5,0,0,0,1.7,2,12.61,1.54,0.03,0.06,2024-03-07 04:00:00,4,3,3,0.0,0.0,0.4,0.239321,5,0.0,mobile_finance,late_night,0,279.318440267836,0.0462602641103249,12.35
817975,49.0,M,JP,Osaka,desktop,free,4387,documentary,13.2,PG-13,5286,interstitial,sidebar,gaming,5.75,9,0,0,0,5.1,0,9.41,1.39,0.03,0.08,2024-03-07 04:00:00,4,3,3,0.0,0.0,0.0,0.180446,9,0.0,desktop_gaming,late_night,0,279.318440267836,0.0462602641103249,5.1
536487,30.0,M,BR,Sao Paulo,mobile,free,5496,drama,24.6,PG-13,5971,video,in_feed,tech,4.06,1,0,0,0,22.6,3,14.74,0.68,0.01,0.01,2024-03-07 05:00:00,5,3,3,0.0,0.0,3.0,0.4865346666666666,1,0.0,mobile_tech,late_night,0,279.318440267836,0.0462602641103249,22.6
828373,19.0,M,AU,Sydney,mobile,free,6625,comedy,41.1,PG,5592,audio,in_feed,travel,8.05,7,0,0,0,35.1,3,13.46,1.98,0.04,0.09,2024-03-07 05:00:00,5,3,3,0.0,0.0,0.4285714285714285,0.580736,7,0.0,mobile_travel,late_night,0,279.318440267836,0.0462602641103249,35.1
564922,23.0,F,US,New York,mobile,free,2567,sports,14.1,PG,5627,native,pre_roll,healthcare,4.71,5,0,0,0,0.5,2,11.59,2.02,0.02,0.06,2024-03-07 05:00:00,5,3,3,0.0,0.0,0.4,0.2180356666666666,5,0.0,mobile_healthcare,late_night,0,279.318440267836,0.0462602641103249,6.45
733118,57.0,F,FR,Lyon,mobile,free,3249,music,39.6,PG,5919,banner,pre_roll,retail,4.78,10,0,0,0,13.2,3,17.14,0.64,0.07,0.17,2024-03-07 05:00:00,5,3,3,0.0,0.0,0.3,0.3865999999999999,10,0.0,mobile_retail,late_night,0,279.318440267836,0.0462602641103249,13.2
639148,53.0,F,IN,Mumbai,mobile,free,1602,sports,37.7,R,5144,native,post_roll,auto,5.42,5,0,0,0,12.8,2,8.45,0.94,0.02,0.04,2024-03-07 05:00:00,5,3,3,0.0,0.0,0.4,0.3230503333333333,5,0.0,mobile_auto,late_night,0,279.318440267836,0.0462602641103249,12.8
575012,61.0,Other,IN,Bengaluru,mobile,basic,4815,documentary,51.5,G,5789,interstitial,mid_roll,cpg,6.61,6,1,0,1,95.05050000000048,3,8.82,1.27,0.78,0.24,2024-03-07 05:00:00,5,3,3,0.1666666666666666,0.0,0.6666666666666666,0.8166476666666667,6,0.1666666666666666,mobile_cpg,late_night,0,279.318440267836,0.0462602641103249,95.05050000000048
985000,69.0,F,DE,Berlin,tablet,free,6487,gaming,30.6,PG,5361,native,mid_roll,auto,4.09,5,0,0,0,21.7,6,6.52,0.52,0.01,0.03,2024-03-07 05:00:00,5,3,3,0.0,0.0,1.2,0.6000303333333333,5,0.0,tablet_auto,late_night,0,279.318440267836,0.0462602641103249,21.7
617514,59.0,M,JP,Osaka,tablet,premium,4899,sports,12.9,PG-13,5618,interstitial,pre_roll,travel,8.84,5,0,0,0,0.5,4,7.15,1.32,0.01,0.04,2024-03-07 05:00:00,5,3,3,0.0,0.0,0.8,0.3323756666666666,5,0.0,tablet_travel,late_night,0,279.318440267836,0.0462602641103249,0.5
725484,66.0,M,FR,Paris,mobile,basic,6040,sports,45.4,G,5506,interstitial,mid_roll,cpg,3.55,8,0,0,0,23.6,5,6.71,1.07,0.02,0.05,2024-03-07 05:00:00,5,3,3,0.0,0.0,0.625,0.5907676666666667,8,0.0,mobile_cpg,late_night,0,279.318440267836,0.0462602641103249,23.6
178775,57.0,M,CA,Vancouver,mobile,premium,3801,comedy,41.4,PG-13,5876,banner,in_feed,cpg,5.87,8,1,1,1,15.6,7,5.33,0.95,31.38,0.19,2024-03-07 05:00:00,5,3,3,0.125,1.0,1.125,0.6882076666666666,8,0.125,mobile_cpg,late_night,0,279.318440267836,0.0462602641103249,15.6
364263,67.0,M,BR,Rio de Janeiro,desktop,free,3809,kids,47.3,G,5892,interstitial,mid_roll,retail,11.37,4,1,0,1,14.7,2,14.88,1.77,1.09,0.33,2024-03-07 05:00:00,5,3,3,0.25,0.0,0.75,0.5116326666666666,4,0.25,desktop_retail,late_night,0,279.318440267836,0.0462602641103249,14.7
370150,52.0,M,US,Seattle,mobile,free,4337,documentary,49.9,R,5366,audio,in_feed,travel,5.1,2,0,0,0,27.4,9,9.67,1.14,0.01,0.02,2024-03-07 05:00:00,5,3,3,0.0,0.0,4.5,0.677036,2,0.0,mobile_travel,late_night,0,279.318440267836,0.0462602641103249,27.4
547755,51.0,M,IN,Mumbai,mobile,free,7989,kids,51.8,PG,5684,banner,sidebar,auto,6.06,2,0,0,0,31.9,1,11.19,1.57,0.01,0.02,2024-03-07 05:00:00,5,3,3,0.0,0.0,0.5,0.450691,2,0.0,mobile_auto,late_night,0,279.318440267836,0.0462602641103249,31.9
881854,27.0,M,UK,Manchester,mobile,premium,1916,kids,20.8,PG-13,5620,native,mid_roll,gaming,2.66,3,0,0,0,17.8,5,4.92,1.31,0.01,0.01,2024-03-07 06:00:00,6,3,3,0.0,0.0,1.6666666666666667,0.5251116666666666,3,0.0,mobile_gaming,morning,0,279.318440267836,0.0462602641103249,17.8
305435,45.0,F,US,Unknown,smart_tv,premium,6795,comedy,20.8,PG-13,5293,audio,in_feed,auto,9.26,9,0,0,0,1.3,1,11.92,0.95,0.04,0.11,2024-03-07 06:00:00,6,3,3,0.0,0.0,0.1111111111111111,0.186631,9,0.0,smart_tv_auto,morning,0,279.318440267836,0.0462602641103249,1.3
199448,32.0,M,US,Chicago,mobile,free,9840,comedy,29.4,G,5946,video,sidebar,healthcare,7.48,10,1,0,1,15.5,1,3.31,0.57,0.36,0.12,2024-03-07 06:00:00,6,3,3,0.1,0.0,0.2,0.4247599999999999,10,0.1,mobile_healthcare,morning,0,279.318440267836,0.0462602641103249,15.5
407168,65.0,Unknown,US,New York,mobile,premium,9326,sports,48.1,G,5594,native,sidebar,healthcare,6.43,11,0,0,0,39.2,4,8.38,0.48,0.04,0.09,2024-03-07 06:00:00,6,3,3,0.0,0.0,0.3636363636363636,0.6561476666666667,11,0.0,mobile_healthcare,morning,0,279.318440267836,0.0462602641103249,39.2
358802,74.0,F,US,Seattle,mobile,premium,7964,documentary,76.0,PG,5990,native,mid_roll,tech,4.22,9,0,0,0,37.3,2,8.09,1.38,0.03,0.07,2024-03-07 06:00:00,6,3,3,0.0,0.0,0.2222222222222222,0.5327916666666667,9,0.0,mobile_tech,morning,0,279.318440267836,0.0462602641103249,37.3
575421,33.0,F,FR,Paris,mobile,basic,7037,comedy,56.2,R,5911,video,in_feed,gaming,3.13,6,0,0,0,33.4,2,15.84,0.73,0.04,0.1,2024-03-07 06:00:00,6,3,3,0.0,0.0,0.3333333333333333,0.5108836666666667,6,0.0,mobile_gaming,morning,0,279.318440267836,0.0462602641103249,33.4
253890,25.0,F,UK,London,smart_tv,free,1292,documentary,8.4,PG-13,5088,banner,pre_roll,cpg,5.22,10,0,0,0,11.2,3,5.86,1.22,0.02,0.06,2024-03-07 06:00:00,6,3,3,0.0,0.0,0.3,0.3683079999999999,10,0.0,smart_tv_cpg,morning,0,279.318440267836,0.0462602641103249,11.2
606525,14.0,F,JP,Osaka,desktop,premium,9900,music,36.2,PG-13,5029,interstitial,pre_roll,tech,3.89,2,0,0,0,30.0,0,1.32,0.82,0.0,0.0,2024-03-07 06:00:00,6,3,3,0.0,0.0,0.0,0.40839,2,0.0,desktop_tech,morning,0,279.318440267836,0.0462602641103249,30.0
643744,13.0,F,US,Austin,mobile,free,4980,sports,62.8,R,5006,banner,pre_roll,finance,2.76,10,1,0,1,51.4,2,12.57,0.76,0.51,0.24,2024-03-07 06:00:00,6,3,3,0.1,0.0,0.3,0.7062593333333334,10,0.1,mobile_finance,morning,0,279.318440267836,0.0462602641103249,51.4
732687,65.0,F,FR,Lyon,desktop,basic,7696,comedy,48.7,PG-13,5363,interstitial,mid_roll,finance,8.7,1,0,0,0,5.9,3,15.78,2.11,0.01,0.02,2024-03-07 06:00:00,6,3,3,0.0,0.0,3.0,0.3254306666666666,1,0.0,desktop_finance,morning,0,279.318440267836,0.0462602641103249,5.9
365154,31.0,M,FR,Lyon,mobile,premium,5744,gaming,49.3,R,5260,video,sidebar,retail,8.64,3,0,0,0,44.3,2,8.67,1.67,0.01,0.03,2024-03-07 07:00:00,7,3,3,0.0,0.0,0.6666666666666666,0.560961,3,0.0,mobile_retail,morning,0,279.318440267836,0.0462602641103249,28.75
996792,66.0,F,US,New York,mobile,basic,3800,documentary,21.1,PG,5711,audio,post_roll,cpg,4.0,7,0,0,0,18.9,6,7.92,1.62,0.02,0.06,2024-03-07 07:00:00,7,3,3,0.0,0.0,0.8571428571428571,0.5619916666666667,7,0.0,mobile_cpg,morning,0,279.318440267836,0.0462602641103249,18.9
350146,51.0,F,US,Chicago,desktop,premium,4967,comedy,48.0,R,5546,audio,mid_roll,gaming,3.48,4,0,0,0,21.8,7,9.45,1.12,0.02,0.04,2024-03-07 07:00:00,7,3,3,0.0,0.0,1.75,0.6162880000000001,4,0.0,desktop_gaming,morning,0,279.318440267836,0.0462602641103249,21.8
614938,65.0,M,US,New York,mobile,free,4003,comedy,28.1,PG,5937,audio,in_feed,travel,13.03,6,0,0,0,15.3,4,16.5,2.13,0.04,0.1,2024-03-07 07:00:00,7,3,3,0.0,0.0,0.6666666666666666,0.4603943333333333,6,0.0,mobile_travel,morning,0,279.318440267836,0.0462602641103249,15.3
101672,53.0,F,BR,Unknown,desktop,free,2837,drama,39.6,R,5831,native,mid_roll,retail,6.3,6,0,0,0,19.6,2,11.9,1.23,0.03,0.07,2024-03-07 07:00:00,7,3,3,0.0,0.0,0.3333333333333333,0.3870236666666666,6,0.0,desktop_retail,morning,0,279.318440267836,0.0462602641103249,19.6
348608,40.0,M,US,New York,desktop,free,8736,comedy,13.8,R,5491,video,post_roll,travel,2.83,9,1,0,1,30.3,3,12.19,1.62,1.02,0.35,2024-03-07 07:00:00,7,3,3,0.1111111111111111,0.0,0.4444444444444444,0.685044,9,0.1111111111111111,desktop_travel,morning,0,279.318440267836,0.0462602641103249,30.3
606659,53.0,Unknown,CA,Toronto,smart_tv,free,6112,music,60.8,PG-13,5226,native,mid_roll,gaming,4.88,11,1,0,1,39.4,1,7.44,0.4,0.27,0.14,2024-03-07 07:00:00,7,3,3,0.0909090909090909,0.0,0.1818181818181818,0.6113976666666667,11,0.0909090909090909,smart_tv_gaming,morning,0,279.318440267836,0.0462602641103249,39.4
979994,24.0,F,IN,Mumbai,mobile,free,9935,kids,20.4,G,5226,interstitial,pre_roll,auto,2.15,7,2,0,1,1.5,2,4.8,1.12,1.36,0.37,2024-03-07 07:00:00,7,3,3,0.2857142857142857,0.0,0.5714285714285714,0.4127723333333333,7,0.1428571428571428,mobile_auto,morning,0,279.318440267836,0.0462602641103249,7.4
177117,69.0,M,US,Seattle,mobile,premium,7304,kids,24.7,PG,5165,native,mid_roll,gaming,3.84,3,0,0,0,17.4,1,10.01,1.33,0.01,0.03,2024-03-07 08:00:00,8,3,3,0.0,0.0,0.3333333333333333,0.315407,3,0.0,mobile_gaming,morning,0,279.318440267836,0.0462602641103249,17.4
902057,53.0,F,US,Austin,mobile,free,3074,kids,58.4,PG,5021,native,in_feed,finance,0.96,1,0,0,0,31.6,2,7.53,1.65,0.0,0.01,2024-03-07 08:00:00,8,3,3,0.0,0.0,2.0,0.499137,1,0.0,mobile_finance,morning,0,279.318440267836,0.0462602641103249,21.35
375883,44.0,F,US,Seattle,desktop,premium,4810,music,57.9,R,5138,native,mid_roll,retail,4.49,8,1,1,1,39.0,2,8.05,0.55,18.53,0.15,2024-03-07 08:00:00,8,3,3,0.125,1.0,0.5,0.683258,8,0.125,desktop_retail,morning,0,279.318440267836,0.0462602641103249,39.0
339751,60.0,F,US,New York,mobile,basic,4733,documentary,46.0,PG,5535,native,post_roll,travel,6.38,6,0,0,0,36.2,2,15.74,1.69,0.04,0.09,2024-03-07 08:00:00,8,3,3,0.0,0.0,0.3333333333333333,0.5270943333333333,6,0.0,mobile_travel,morning,0,279.318440267836,0.0462602641103249,36.2
660676,69.0,M,CA,Toronto,desktop,basic,4297,gaming,67.8,R,5078,audio,post_roll,cpg,5.74,6,1,0,1,26.2,4,11.61,1.89,1.16,0.35,2024-03-07 08:00:00,8,3,3,0.1666666666666666,0.0,0.8333333333333334,0.7274193333333333,6,0.1666666666666666,desktop_cpg,morning,0,279.318440267836,0.0462602641103249,30.4
777671,21.0,M,UK,Manchester,mobile,free,3256,documentary,74.6,R,5693,audio,in_feed,tech,6.91,5,0,0,0,46.2,3,14.16,1.42,0.03,0.07,2024-03-07 08:00:00,8,3,3,0.0,0.0,0.6,0.6265106666666667,5,0.0,mobile_tech,morning,0,279.318440267836,0.0462602641103249,46.2
353443,59.0,F,IN,Bengaluru,mobile,free,5193,news,35.6,PG,5827,banner,post_roll,gaming,1.19,4,0,0,0,36.2,5,10.11,0.81,0.02,0.04,2024-03-07 08:00:00,8,3,3,0.0,0.0,1.25,0.6821543333333333,4,0.0,mobile_gaming,morning,0,279.318440267836,0.0462602641103249,36.2
756971,44.0,M,US,Seattle,desktop,free,3532,comedy,34.7,PG,5814,native,post_roll,tech,4.73,1,0,0,0,17.4,1,12.77,0.71,0.01,0.01,2024-03-07 08:00:00,8,3,3,0.0,0.0,1.0,0.315407,1,0.0,desktop_tech,morning,0,279.318440267836,0.0462602641103249,17.4
316024,17.0,F,CA,Vancouver,mobile,family,6155,news,20.3,R,5998,native,pre_roll,gaming,4.94,8,0,0,0,3.4,3,14.75,0.93,0.05,0.12,2024-03-07 08:00:00,8,3,3,0.0,0.0,0.375,0.3087426666666666,8,0.0,mobile_gaming,morning,0,279.318440267836,0.0462602641103249,3.4
100624,24.0,M,US,New York,desktop,premium,1091,kids,80.8,PG,5189,audio,in_feed,cpg,9.1,5,0,0,0,38.2,3,13.84,1.29,0.03,0.07,2024-03-07 08:00:00,8,3,3,0.0,0.0,0.6,0.5968613333333334,5,0.0,desktop_cpg,morning,0,279.318440267836,0.0462602641103249,38.2
112040,54.0,F,DE,Munich,mobile,family,8202,comedy,50.7,PG-13,5267,banner,pre_roll,finance,4.64,10,1,0,1,27.2,7,10.18,0.81,0.53,0.22,2024-03-07 08:00:00,8,3,3,0.1,0.0,0.8,0.7904543333333333,10,0.1,mobile_finance,morning,0,279.318440267836,0.0462602641103249,27.2
374152,61.0,M,US,Unknown,smart_tv,premium,9249,gaming,40.2,R,5943,banner,sidebar,auto,7.35,8,0,0,0,43.3,3,4.26,1.49,0.01,0.03,2024-03-07 08:00:00,8,3,3,0.0,0.0,0.375,0.6176226666666667,8,0.0,smart_tv_auto,morning,0,279.318440267836,0.0462602641103249,43.3
575164,14.0,F,BR,Sao Paulo,desktop,premium,8293,kids,40.8,PG-13,5301,banner,post_roll,retail,1.71,8,1,0,1,14.0,3,8.06,0.98,0.61,0.21,2024-03-07 08:00:00,8,3,3,0.125,0.0,0.5,0.536117,8,0.125,desktop_retail,morning,0,279.318440267836,0.0462602641103249,36.75
384109,62.0,M,US,New York,tablet,free,7671,news,35.0,R,5069,native,in_feed,retail,5.13,6,1,0,1,11.0,3,13.36,1.59,0.99,0.32,2024-03-07 08:00:00,8,3,3,0.1666666666666666,0.0,0.6666666666666666,0.5216863333333333,6,0.1666666666666666,tablet_retail,morning,0,279.318440267836,0.0462602641103249,24.85
809211,51.0,F,FR,Paris,mobile,basic,7013,news,62.3,G,5601,video,mid_roll,cpg,2.62,4,1,0,1,18.9,1,7.78,0.11,0.08,0.05,2024-03-07 08:00:00,8,3,3,0.25,0.0,0.5,0.5009786666666667,4,0.25,mobile_cpg,morning,0,279.318440267836,0.0462602641103249,18.9
999024,22.0,F,BR,Rio de Janeiro,tablet,basic,5643,drama,72.9,PG-13,5009,audio,pre_roll,tech,5.03,4,0,0,0,59.0,4,7.15,1.36,0.01,0.03,2024-03-07 09:00:00,9,3,3,0.0,0.0,1.0,0.7038556666666667,4,0.0,tablet_tech,morning,0,279.318440267836,0.0462602641103249,59.0
665748,40.0,M,BR,Rio de Janeiro,mobile,basic,8324,kids,2.0,G,5992,video,post_roll,retail,3.25,7,0,0,0,18.9,4,14.56,1.57,0.04,0.1,2024-03-07 09:00:00,9,3,3,0.0,0.0,0.5714285714285714,0.4947476666666666,7,0.0,mobile_retail,morning,0,279.318440267836,0.0462602641103249,18.9
860885,38.0,F,JP,Tokyo,tablet,free,5222,kids,17.7,PG-13,5930,native,in_feed,retail,3.5,3,0,0,0,0.5,1,4.86,0.61,0.01,0.01,2024-03-07 09:00:00,9,3,3,0.0,0.0,0.3333333333333333,0.1674656666666666,3,0.0,tablet_retail,morning,0,279.318440267836,0.0462602641103249,0.5
675206,52.0,F,UK,Manchester,tablet,free,6044,drama,39.4,PG,5001,interstitial,in_feed,travel,7.54,5,0,0,0,16.5,2,14.59,1.84,0.03,0.07,2024-03-07 09:00:00,9,3,3,0.0,0.0,0.4,0.3575223333333333,5,0.0,tablet_travel,morning,0,279.318440267836,0.0462602641103249,16.5
145063,59.0,M,BR,Rio de Janeiro,tablet,premium,4621,comedy,55.1,PG-13,5927,banner,post_roll,travel,6.94,4,0,0,0,20.6,4,15.9,1.03,0.03,0.06,2024-03-07 09:00:00,9,3,3,0.0,0.0,1.0,0.5167143333333333,4,0.0,tablet_travel,morning,0,279.318440267836,0.0462602641103249,20.6
955507,16.0,F,IN,Bengaluru,desktop,premium,6955,sports,21.6,PG,5247,interstitial,post_roll,gaming,3.89,1,0,0,0,11.9,3,14.54,2.07,0.01,0.01,2024-03-07 09:00:00,9,3,3,0.0,0.0,3.0,0.3747693333333333,1,0.0,desktop_gaming,morning,0,279.318440267836,0.0462602641103249,11.9
469587,22.0,M,UK,Unknown,mobile,free,4921,gaming,75.6,R,5010,audio,pre_roll,healthcare,5.69,4,0,0,0,40.2,4,7.34,1.48,0.01,0.03,2024-03-07 09:00:00,9,3,3,0.0,0.0,1.0,0.6604023333333334,4,0.0,mobile_healthcare,morning,0,279.318440267836,0.0462602641103249,40.2
628581,26.0,Other,BR,Sao Paulo,desktop,family,1062,sports,33.0,R,5303,banner,mid_roll,cpg,4.02,5,0,0,0,25.5,1,14.35,0.85,0.03,0.07,2024-03-07 10:00:00,10,3,3,0.0,0.0,0.2,0.4017616666666667,5,0.0,desktop_cpg,morning,0,279.318440267836,0.0462602641103249,25.5
189014,42.0,F,UK,Manchester,desktop,basic,5904,drama,10.3,PG-13,5909,interstitial,in_feed,retail,4.14,1,0,0,0,12.2,2,10.45,1.14,0.0,0.01,2024-03-07 10:00:00,10,3,3,0.0,0.0,2.0,0.3176009999999999,1,0.0,desktop_retail,morning,0,279.318440267836,0.0462602641103249,12.2
737676,15.0,M,CA,Vancouver,mobile,free,9533,gaming,57.5,R,5729,banner,post_roll,healthcare,4.39,6,0,0,0,25.8,3,7.14,0.05,0.02,0.04,2024-03-07 10:00:00,10,3,3,0.0,0.0,0.5,0.5146866666666666,6,0.0,mobile_healthcare,morning,0,279.318440267836,0.0462602641103249,25.8
432957,44.0,M,US,Austin,mobile,free,5977,documentary,37.9,PG-13,5266,interstitial,pre_roll,gaming,5.25,1,0,0,0,22.7,2,11.19,0.75,0.0,0.01,2024-03-07 10:00:00,10,3,3,0.0,0.0,2.0,0.427533,1,0.0,mobile_gaming,morning,0,279.318440267836,0.0462602641103249,22.7
608013,30.0,M,IN,Bengaluru,console,free,4037,documentary,30.3,PG,5795,interstitial,post_roll,tech,4.28,9,0,0,0,8.7,3,13.95,0.79,0.05,0.13,2024-03-07 10:00:00,10,3,3,0.0,0.0,0.3333333333333333,0.3468,9,0.0,console_tech,morning,0,279.318440267836,0.0462602641103249,8.7
704419,29.0,M,BR,Sao Paulo,mobile,basic,3968,documentary,31.1,G,5601,video,pre_roll,finance,4.64,8,0,0,0,7.4,4,9.59,1.22,0.03,0.08,2024-03-07 10:00:00,10,3,3,0.0,0.0,0.5,0.3908049999999999,8,0.0,mobile_finance,morning,0,279.318440267836,0.0462602641103249,7.4
686986,14.0,F,CA,Vancouver,mobile,free,6162,documentary,37.9,G,5893,interstitial,mid_roll,travel,7.32,5,1,0,1,4.3,2,16.53,0.94,0.6,0.22,2024-03-07 10:00:00,10,3,3,0.2,0.0,0.6,0.4180796666666667,5,0.2,mobile_travel,morning,0,279.318440267836,0.0462602641103249,4.3
861858,44.0,F,IN,Hyderabad,mobile,family,8946,kids,47.5,PG,5102,native,mid_roll,cpg,5.81,6,0,0,0,24.0,1,11.7,1.03,0.03,0.07,2024-03-07 10:00:00,10,3,3,0.0,0.0,0.1666666666666666,0.388743,6,0.0,mobile_cpg,morning,0,279.318440267836,0.0462602641103249,26.6
181410,19.0,F,IN,Mumbai,smart_tv,basic,9158,comedy,65.0,PG-13,5061,banner,pre_roll,healthcare,6.58,2,1,0,1,56.5,5,10.49,1.31,0.79,0.22,2024-03-07 10:00:00,10,3,3,0.5,0.0,3.0,0.9233966666666666,2,0.5,smart_tv_healthcare,morning,0,279.318440267836,0.0462602641103249,56.5
502169,60.0,M,US,Seattle,desktop,free,5164,comedy,17.0,PG,5890,interstitial,sidebar,tech,3.75,6,0,0,0,17.5,2,12.45,0.69,0.03,0.07,2024-03-07 10:00:00,10,3,3,0.0,0.0,0.3333333333333333,0.3669623333333333,6,0.0,desktop_tech,morning,0,279.318440267836,0.0462602641103249,17.5
915299,25.0,F,US,Seattle,desktop,premium,9682,comedy,8.7,G,5781,interstitial,mid_roll,gaming,5.14,9,0,0,0,5.4,1,9.16,1.08,0.03,0.08,2024-03-07 11:00:00,11,3,3,0.0,0.0,0.1111111111111111,0.2114843333333333,9,0.0,desktop_gaming,morning,0,279.318440267836,0.0462602641103249,5.4
315335,17.0,M,JP,Tokyo,mobile,basic,9358,documentary,8.4,PG,5553,native,sidebar,gaming,7.87,1,0,0,0,1.9,1,10.72,0.49,0.0,0.01,2024-03-07 11:00:00,11,3,3,0.0,0.0,1.0,0.1897083333333333,1,0.0,mobile_gaming,morning,0,279.318440267836,0.0462602641103249,1.9
809133,21.0,F,US,Unknown,mobile,free,6522,kids,64.1,R,5546,video,pre_roll,healthcare,3.73,1,0,0,0,19.9,6,7.6,1.09,0.0,0.01,2024-03-07 11:00:00,11,3,3,0.0,0.0,6.0,0.5714316666666667,1,0.0,mobile_healthcare,morning,0,279.318440267836,0.0462602641103249,19.9
858177,62.0,F,BR,Sao Paulo,console,free,3729,drama,46.5,PG-13,5767,video,mid_roll,healthcare,3.64,1,0,0,0,33.0,4,7.94,0.8,0.0,0.01,2024-03-07 12:00:00,12,3,3,0.0,0.0,4.0,0.622661,1,0.0,console_healthcare,afternoon,0,279.318440267836,0.0462602641103249,33.0
296223,56.0,M,US,Austin,desktop,family,3818,drama,17.5,R,5409,video,in_feed,tech,1.27,4,0,0,0,8.3,0,17.44,0.85,0.03,0.07,2024-03-07 12:00:00,12,3,3,0.0,0.0,0.0,0.2041339999999999,4,0.0,desktop_tech,afternoon,0,279.318440267836,0.0462602641103249,8.3
619523,60.0,M,US,Austin,mobile,free,5467,documentary,39.4,PG-13,5826,audio,mid_roll,tech,5.63,4,0,0,0,30.2,3,10.75,1.91,0.02,0.04,2024-03-07 12:00:00,12,3,3,0.0,0.0,0.75,0.5492319999999999,4,0.0,mobile_tech,afternoon,0,279.318440267836,0.0462602641103249,30.2
928607,13.0,F,DE,Berlin,mobile,premium,6583,music,14.6,PG,5057,audio,pre_roll,cpg,6.69,7,1,0,1,7.3,5,12.88,1.13,0.71,0.26,2024-03-07 12:00:00,12,3,3,0.1428571428571428,0.0,0.8571428571428571,0.5797333333333333,7,0.1428571428571428,mobile_cpg,afternoon,0,279.318440267836,0.0462602641103249,7.3
602294,17.0,F,US,Austin,console,basic,8327,documentary,27.7,PG,5616,interstitial,pre_roll,gaming,5.6,6,0,0,0,5.8,3,9.94,1.72,0.02,0.06,2024-03-07 12:00:00,12,3,3,0.0,0.0,0.5,0.324704,6,0.0,console_gaming,afternoon,0,279.318440267836,0.0462602641103249,5.8
686672,50.0,M,US,Chicago,mobile,free,3357,gaming,31.5,G,5509,audio,mid_roll,healthcare,4.05,9,0,0,0,1.4,0,8.93,1.08,0.03,0.08,2024-03-07 12:00:00,12,3,3,0.0,0.0,0.0,0.158222,9,0.0,mobile_healthcare,afternoon,0,279.318440267836,0.0462602641103249,1.4
806974,25.0,F,US,Seattle,smart_tv,free,7594,news,37.7,R,5259,video,pre_roll,gaming,10.0,7,1,0,1,10.7,6,5.48,1.42,0.87,0.25,2024-03-07 12:00:00,12,3,3,0.1428571428571428,0.0,1.0,0.634592,7,0.1428571428571428,smart_tv_gaming,afternoon,0,279.318440267836,0.0462602641103249,10.7
399496,71.0,M,US,New York,desktop,premium,8497,comedy,26.2,PG-13,5725,native,mid_roll,finance,7.2,6,1,1,1,9.2,1,14.27,1.29,34.13005000000005,0.28,2024-03-07 12:00:00,12,3,3,0.1666666666666666,1.0,0.5,0.3956306666666667,6,0.1666666666666666,desktop_finance,afternoon,0,279.318440267836,0.0462602641103249,9.2
907354,39.0,M,CA,Toronto,desktop,premium,7010,documentary,62.6,R,5428,banner,in_feed,cpg,3.83,6,1,0,1,40.7,1,12.24,1.54,0.95,0.3,2024-03-07 12:00:00,12,3,3,0.1666666666666666,0.0,0.3333333333333333,0.6527240000000001,6,0.1666666666666666,desktop_cpg,afternoon,0,279.318440267836,0.0462602641103249,39.55
899410,50.0,F,JP,Osaka,desktop,basic,2187,kids,74.5,G,5680,banner,sidebar,finance,1.88,5,0,0,0,43.0,1,8.6,1.28,0.02,0.04,2024-03-07 12:00:00,12,3,3,0.0,0.0,0.2,0.5061376666666666,5,0.0,desktop_finance,afternoon,0,279.318440267836,0.0462602641103249,43.0
996079,23.0,M,FR,Paris,mobile,premium,5737,drama,23.7,PG,5980,video,in_feed,retail,6.78,1,0,0,0,20.6,3,12.31,1.62,0.0,0.01,2024-03-07 12:00:00,12,3,3,0.0,0.0,3.0,0.4622653333333333,1,0.0,mobile_retail,afternoon,0,279.318440267836,0.0462602641103249,20.6
791410,14.0,F,US,Austin,mobile,free,1799,news,57.2,G,5793,banner,in_feed,cpg,14.17,4,0,0,0,22.7,0,13.45,1.54,0.02,0.05,2024-03-07 12:00:00,12,3,3,0.0,0.0,0.0,0.34803,4,0.0,mobile_cpg,afternoon,0,279.318440267836,0.0462602641103249,11.6
459921,39.0,M,US,New York,mobile,free,6124,comedy,82.1,G,5374,interstitial,sidebar,tech,3.56,1,0,0,0,79.4,1,10.0,1.05,0.0,0.01,2024-03-07 12:00:00,12,3,3,0.0,0.0,1.0,0.5487643333333334,1,0.0,mobile_tech,afternoon,0,279.318440267836,0.0462602641103249,79.4
109144,60.0,M,DE,Munich,mobile,basic,5782,sports,83.2,PG-13,5778,interstitial,post_roll,gaming,5.09,8,0,0,0,57.5,2,5.12,1.11,0.02,0.04,2024-03-07 12:00:00,12,3,3,0.0,0.0,0.25,0.5879223333333333,8,0.0,mobile_gaming,afternoon,0,279.318440267836,0.0462602641103249,57.5
212621,69.0,F,IN,Unknown,mobile,free,5025,documentary,37.3,R,5603,video,pre_roll,gaming,5.38,11,0,0,0,31.0,4,6.69,1.33,0.03,0.07,2024-03-07 13:00:00,13,3,3,0.0,0.0,0.3636363636363636,0.6092183333333333,11,0.0,mobile_gaming,afternoon,0,279.318440267836,0.0462602641103249,31.0
734878,58.0,M,JP,Tokyo,console,family,2506,news,59.4,PG-13,5497,native,pre_roll,finance,6.97,6,0,0,0,45.1,5,13.44,1.78,0.03,0.08,2024-03-07 13:00:00,13,3,3,0.0,0.0,0.8333333333333334,0.7185543333333333,6,0.0,console_finance,afternoon,0,279.318440267836,0.0462602641103249,45.1
821804,28.0,F,IN,Bengaluru,tablet,basic,1043,gaming,46.6,R,5955,video,sidebar,travel,8.83,10,0,0,0,19.1,4,11.57,1.22,0.05,0.12,2024-03-07 13:00:00,13,3,3,0.0,0.0,0.4,0.4966756666666666,10,0.0,tablet_travel,afternoon,0,279.318440267836,0.0462602641103249,19.1
278813,41.0,F,US,Seattle,mobile,basic,6327,music,39.1,R,5787,video,mid_roll,auto,2.31,4,0,0,0,12.4,4,9.15,1.51,0.01,0.04,2024-03-07 13:00:00,13,3,3,0.0,0.0,1.0,0.4337103333333333,4,0.0,mobile_auto,afternoon,0,279.318440267836,0.0462602641103249,11.45
801975,68.0,Other,DE,Munich,desktop,free,5723,kids,44.2,PG,5339,banner,post_roll,finance,9.35,9,0,0,0,23.5,4,12.61,2.24,0.05,0.11,2024-03-07 13:00:00,13,3,3,0.0,0.0,0.4444444444444444,0.5491729999999999,9,0.0,desktop_finance,afternoon,0,279.318440267836,0.0462602641103249,23.5
435780,67.0,F,BR,Sao Paulo,mobile,basic,6523,kids,47.2,PG-13,5442,native,post_roll,tech,5.32,6,1,0,1,20.9,2,7.71,0.28,0.19,0.09,2024-03-07 13:00:00,13,3,3,0.1666666666666666,0.0,0.5,0.566238,6,0.1666666666666666,mobile_tech,afternoon,0,279.318440267836,0.0462602641103249,20.9
311415,16.0,F,US,Seattle,smart_tv,free,4612,drama,47.9,R,5410,native,sidebar,travel,1.5,4,0,0,0,16.6,1,9.1,0.63,0.01,0.04,2024-03-07 13:00:00,13,3,3,0.0,0.0,0.25,0.307855,4,0.0,smart_tv_travel,afternoon,0,279.318440267836,0.0462602641103249,16.6
323483,43.0,F,IN,Hyderabad,desktop,basic,4100,gaming,22.9,R,5418,native,in_feed,retail,7.33,1,0,0,0,27.0,3,5.38,1.75,0.0,0.01,2024-03-07 14:00:00,14,3,3,0.0,0.0,3.0,0.5244266666666666,1,0.0,desktop_retail,afternoon,0,279.318440267836,0.0462602641103249,27.0
196367,22.0,M,US,New York,mobile,free,1507,comedy,26.6,R,5302,banner,sidebar,retail,6.74,4,0,0,0,14.9,6,13.45,1.7,0.02,0.05,2024-03-07 14:00:00,14,3,3,0.0,0.0,1.5,0.523949,4,0.0,mobile_retail,afternoon,0,279.318440267836,0.0462602641103249,14.9
595124,33.0,F,JP,Tokyo,mobile,premium,8023,music,18.2,PG,5144,audio,in_feed,healthcare,7.9,8,0,0,0,18.3,4,9.73,0.86,0.03,0.08,2024-03-07 14:00:00,14,3,3,0.0,0.0,0.5,0.489121,8,0.0,mobile_healthcare,afternoon,0,279.318440267836,0.0462602641103249,18.3
814227,57.0,Unknown,JP,Osaka,desktop,free,6842,documentary,45.8,PG,5443,native,post_roll,gaming,4.5,8,1,1,1,17.3,1,12.84,1.38,19.68,0.31,2024-03-07 14:00:00,14,3,3,0.125,1.0,0.375,0.456744,8,0.125,desktop_gaming,afternoon,0,279.318440267836,0.0462602641103249,17.3
113332,66.0,M,BR,Sao Paulo,desktop,free,2762,drama,36.6,R,5042,native,post_roll,gaming,5.46,10,1,0,1,20.6,5,9.79,1.07,0.68,0.26,2024-03-07 14:00:00,14,3,3,0.1,0.0,0.6,0.6848313333333333,10,0.1,desktop_gaming,afternoon,0,279.318440267836,0.0462602641103249,20.6
437734,26.0,F,CA,Vancouver,desktop,free,4664,gaming,80.0,G,5654,video,mid_roll,auto,3.99,10,1,0,1,44.4,1,11.29,1.32,0.84,0.31,2024-03-07 14:00:00,14,3,3,0.1,0.0,0.2,0.6380773333333334,10,0.1,desktop_auto,afternoon,0,279.318440267836,0.0462602641103249,44.4
215702,21.0,F,DE,Munich,mobile,premium,5031,comedy,6.9,PG-13,5966,video,post_roll,finance,5.38,8,0,0,0,3.5,4,10.05,1.26,0.03,0.08,2024-03-07 14:00:00,14,3,3,0.0,0.0,0.5,0.363801,8,0.0,mobile_finance,afternoon,0,279.318440267836,0.0462602641103249,3.5
191129,44.0,M,US,Austin,desktop,free,1092,music,39.1,G,5159,audio,post_roll,retail,6.19,10,1,0,1,32.6,1,8.04,0.62,0.4,0.17,2024-03-07 14:00:00,14,3,3,0.1,0.0,0.2,0.5827253333333333,10,0.1,desktop_retail,afternoon,0,279.318440267836,0.0462602641103249,32.6
662010,37.0,F,BR,Rio de Janeiro,mobile,free,6323,sports,48.8,PG-13,5222,banner,mid_roll,tech,3.93,2,0,0,0,17.7,3,5.08,1.55,0.0,0.01,2024-03-07 14:00:00,14,3,3,0.0,0.0,1.5,0.4288959999999999,2,0.0,mobile_tech,afternoon,0,279.318440267836,0.0462602641103249,17.7
351135,62.0,M,IN,Bengaluru,mobile,premium,6637,drama,41.9,PG-13,5960,banner,sidebar,auto,3.96,3,0,0,0,13.5,1,7.88,1.1,0.01,0.02,2024-03-07 14:00:00,14,3,3,0.0,0.0,0.3333333333333333,0.278755,3,0.0,mobile_auto,afternoon,0,279.318440267836,0.0462602641103249,13.5
997045,53.0,F,DE,Berlin,mobile,free,1801,documentary,51.1,PG-13,5880,video,sidebar,auto,4.95,5,0,0,0,17.3,5,9.91,1.27,0.02,0.05,2024-03-07 14:00:00,14,3,3,0.0,0.0,1.0,0.520033,5,0.0,mobile_auto,afternoon,0,279.318440267836,0.0462602641103249,17.3
552778,28.0,F,IN,Mumbai,mobile,free,2204,gaming,37.6,PG-13,5311,banner,sidebar,travel,5.3,2,0,0,0,11.6,2,11.83,1.87,0.01,0.02,2024-03-07 15:00:00,15,3,3,0.0,0.0,1.0,0.3120796666666666,2,0.0,mobile_travel,afternoon,0,279.318440267836,0.0462602641103249,11.6
440334,21.0,M,UK,Unknown,tablet,free,8941,kids,52.7,PG,5213,video,pre_roll,travel,9.96,7,0,0,0,41.8,2,5.72,1.15,0.02,0.04,2024-03-07 15:00:00,15,3,3,0.0,0.0,0.2857142857142857,0.5523450000000001,7,0.0,tablet_travel,afternoon,0,279.318440267836,0.0462602641103249,41.8
668536,40.0,F,IN,Hyderabad,mobile,free,5629,sports,34.4,G,5363,interstitial,post_roll,gaming,3.99,5,0,0,0,4.0,1,8.41,1.45,0.02,0.04,2024-03-07 15:00:00,15,3,3,0.0,0.0,0.2,0.2020243333333333,5,0.0,mobile_gaming,afternoon,0,279.318440267836,0.0462602641103249,4.0
931098,70.0,M,CA,Toronto,desktop,basic,3459,news,15.3,PG,5616,native,in_feed,gaming,2.71,2,1,1,1,2.8,4,8.6,1.71,22.91,0.27,2024-03-07 15:00:00,15,3,3,0.5,1.0,3.0,0.5411726666666666,2,0.5,desktop_gaming,afternoon,0,279.318440267836,0.0462602641103249,2.8
938019,45.0,M,IN,Hyderabad,mobile,premium,1859,documentary,29.5,G,5962,video,pre_roll,finance,5.84,6,0,0,0,20.6,3,14.71,0.9,0.04,0.09,2024-03-07 15:00:00,15,3,3,0.0,0.0,0.5,0.4622653333333333,6,0.0,mobile_finance,afternoon,0,279.318440267836,0.0462602641103249,20.6
316032,19.0,M,US,Seattle,tablet,premium,8078,music,56.2,PG-13,5403,video,mid_roll,healthcare,5.18,3,1,0,1,33.2,4,15.79,0.64,0.4,0.14,2024-03-07 15:00:00,15,3,3,0.3333333333333333,0.0,1.6666666666666667,0.8012476666666666,3,0.3333333333333333,tablet_healthcare,afternoon,0,279.318440267836,0.0462602641103249,33.2
395783,73.0,M,US,Austin,mobile,premium,3274,kids,30.3,PG,5556,audio,in_feed,retail,3.75,10,0,0,0,27.2,2,9.28,1.79,0.04,0.09,2024-03-07 15:00:00,15,3,3,0.0,0.0,0.2,0.4661503333333333,10,0.0,mobile_retail,afternoon,0,279.318440267836,0.0462602641103249,27.2
228768,20.0,F,IN,Hyderabad,desktop,basic,1676,sports,32.3,PG-13,5094,audio,pre_roll,healthcare,6.36,8,1,0,1,6.1,6,5.16,1.63,0.99,0.29,2024-03-07 16:00:00,16,3,3,0.125,0.0,0.875,0.5907713333333333,8,0.125,desktop_healthcare,afternoon,0,279.318440267836,0.0462602641103249,6.1
311037,52.0,F,US,Austin,mobile,free,8050,comedy,20.8,PG-13,5105,native,in_feed,travel,9.21,11,2,0,1,16.6,4,15.07,0.88,1.12,0.43,2024-03-07 16:00:00,16,3,3,0.1818181818181818,0.0,0.5454545454545454,0.631864,11,0.1818181818181818,mobile_travel,afternoon,0,279.318440267836,0.0462602641103249,16.6
572115,13.0,M,MX,Mexico City,mobile,premium,1990,music,32.0,G,5893,interstitial,in_feed,auto,4.92,4,0,0,0,25.6,5,5.92,1.24,0.01,0.02,2024-03-07 16:00:00,16,3,3,0.0,0.0,1.25,0.6082036666666667,4,0.0,mobile_auto,afternoon,0,279.318440267836,0.0462602641103249,25.6
803864,58.0,F,BR,Sao Paulo,desktop,basic,4217,news,36.1,G,5927,video,in_feed,gaming,7.65,9,0,0,0,6.4,2,15.02,1.99,0.05,0.14,2024-03-07 16:00:00,16,3,3,0.0,0.0,0.2222222222222222,0.2690596666666666,9,0.0,desktop_gaming,afternoon,0,279.318440267836,0.0462602641103249,6.4
945903,59.0,F,UK,London,desktop,free,9092,comedy,42.3,PG-13,5400,native,pre_roll,retail,10.12,5,0,0,0,34.2,2,10.95,1.16,0.02,0.05,2024-03-07 16:00:00,16,3,3,0.0,0.0,0.4,0.5155836666666667,5,0.0,desktop_retail,afternoon,0,279.318440267836,0.0462602641103249,34.2
612359,65.0,M,IN,Hyderabad,mobile,basic,2115,comedy,33.9,PG-13,5773,native,pre_roll,tech,8.34,1,0,0,0,6.3,4,8.88,1.61,0.0,0.01,2024-03-07 16:00:00,16,3,3,0.0,0.0,4.0,0.3826383333333333,1,0.0,mobile_tech,afternoon,0,279.318440267836,0.0462602641103249,6.5
874030,60.0,F,IN,Hyderabad,mobile,free,8113,comedy,36.0,PG-13,5310,interstitial,mid_roll,auto,2.92,10,0,0,0,11.9,3,6.4,0.94,0.03,0.06,2024-03-07 17:00:00,17,3,3,0.0,0.0,0.3,0.3747693333333333,10,0.0,mobile_auto,afternoon,0,279.318440267836,0.0462602641103249,11.9
735290,33.0,Other,JP,Osaka,mobile,family,3671,documentary,34.1,G,5740,video,post_roll,travel,6.89,3,0,0,0,33.3,6,11.97,0.11,0.01,0.04,2024-03-07 17:00:00,17,3,3,0.0,0.0,2.0,0.6918396666666667,3,0.0,mobile_travel,afternoon,0,279.318440267836,0.0462602641103249,33.3
399410,33.0,M,US,Seattle,mobile,basic,5256,kids,25.5,PG-13,5280,video,in_feed,finance,10.08,4,1,1,1,20.6,5,12.04,1.54,12.42,0.28,2024-03-07 17:00:00,17,3,3,0.25,1.0,1.75,0.7285753333333334,4,0.25,mobile_finance,afternoon,0,279.318440267836,0.0462602641103249,20.6
317061,44.0,M,IN,Hyderabad,mobile,basic,5291,music,32.8,PG-13,5902,native,sidebar,travel,1.97,1,0,0,0,20.9,3,9.88,1.75,0.0,0.01,2024-03-07 17:00:00,17,3,3,0.0,0.0,3.0,0.471004,1,0.0,mobile_travel,afternoon,0,279.318440267836,0.0462602641103249,20.9
514292,26.0,M,JP,Osaka,mobile,family,4207,music,57.4,R,5342,interstitial,sidebar,gaming,3.08,7,1,0,1,42.5,6,11.98,1.15,0.72,0.26,2024-03-07 17:00:00,17,3,3,0.1428571428571428,0.0,1.0,0.8855533333333333,7,0.1428571428571428,mobile_gaming,afternoon,0,279.318440267836,0.0462602641103249,42.5
943207,50.0,Unknown,DE,Berlin,mobile,basic,3962,documentary,59.6,R,5991,video,sidebar,cpg,2.64,11,0,0,0,53.3,1,14.59,0.83,0.06,0.16,2024-03-07 17:00:00,17,3,3,0.0,0.0,0.0909090909090909,0.5316896666666666,11,0.0,mobile_cpg,afternoon,0,279.318440267836,0.0462602641103249,53.3
371237,33.0,Unknown,IN,Bengaluru,console,premium,4690,documentary,76.6,R,5699,native,post_roll,tech,1.55,4,0,0,0,61.3,8,4.66,0.89,0.01,0.02,2024-03-07 17:00:00,17,3,3,0.0,0.0,2.0,0.796824,4,0.0,console_tech,afternoon,0,279.318440267836,0.0462602641103249,61.3
302863,33.0,M,CA,Toronto,mobile,free,7744,drama,47.6,R,5719,audio,in_feed,retail,5.29,2,0,0,0,41.9,7,9.64,0.73,0.01,0.02,2024-03-07 17:00:00,17,3,3,0.0,0.0,3.5,0.7496413333333333,2,0.0,mobile_retail,afternoon,0,279.318440267836,0.0462602641103249,19.466666666666665
394283,66.0,M,JP,Osaka,mobile,basic,6857,documentary,67.1,PG,5125,interstitial,post_roll,healthcare,6.89,7,1,0,1,27.7,4,14.13,1.95,1.21,0.39,2024-03-07 17:00:00,17,3,3,0.1428571428571428,0.0,0.7142857142857143,0.7335026666666666,7,0.1428571428571428,mobile_healthcare,afternoon,0,279.318440267836,0.0462602641103249,27.7
902135,52.0,M,UK,Manchester,mobile,family,2870,gaming,29.7,PG-13,5189,audio,mid_roll,gaming,2.48,8,1,0,1,18.7,1,8.7,1.25,0.78,0.26,2024-03-07 17:00:00,17,3,3,0.125,0.0,0.25,0.4703279999999999,8,0.125,mobile_gaming,afternoon,0,279.318440267836,0.0462602641103249,18.7
909263,32.0,M,UK,London,desktop,basic,3730,gaming,37.2,R,5523,banner,in_feed,finance,5.51,7,0,0,0,20.3,3,7.8,1.56,0.02,0.05,2024-03-07 17:00:00,17,3,3,0.0,0.0,0.4285714285714285,0.4534813333333333,7,0.0,desktop_finance,afternoon,0,279.318440267836,0.0462602641103249,20.3
167923,58.0,M,BR,Rio de Janeiro,mobile,free,1298,kids,12.3,PG-13,5454,video,post_roll,travel,3.61,9,0,0,0,3.3,3,11.92,0.66,0.04,0.11,2024-03-07 17:00:00,17,3,3,0.0,0.0,0.3333333333333333,0.308152,9,0.0,mobile_travel,afternoon,0,279.318440267836,0.0462602641103249,3.3
690142,19.0,F,US,Austin,desktop,free,4731,documentary,3.9,PG,5260,native,pre_roll,retail,5.38,2,0,0,0,3.4,5,9.24,1.83,0.01,0.02,2024-03-07 18:00:00,18,3,3,0.0,0.0,2.5,0.4039116666666666,2,0.0,desktop_retail,evening,0,279.318440267836,0.0462602641103249,3.4
826671,44.0,M,CA,Vancouver,mobile,free,8936,drama,79.9,PG,5053,banner,post_roll,travel,4.14,6,0,0,0,70.4,3,10.18,1.12,0.02,0.06,2024-03-07 18:00:00,18,3,3,0.0,0.0,0.5,0.6568666666666667,6,0.0,mobile_travel,evening,0,279.318440267836,0.0462602641103249,37.95
675078,31.0,F,BR,Sao Paulo,desktop,free,2852,music,45.2,PG,5950,video,mid_roll,cpg,4.29,9,2,0,1,17.0,4,13.13,1.18,1.46,0.47,2024-03-07 18:00:00,18,3,3,0.2222222222222222,0.0,0.6666666666666666,0.6442676666666667,9,0.2222222222222222,desktop_cpg,evening,0,279.318440267836,0.0462602641103249,17.0
956713,58.0,F,MX,Mexico City,smart_tv,free,6913,news,21.7,PG-13,5304,banner,sidebar,tech,6.81,5,0,0,0,5.7,3,15.44,1.45,0.03,0.08,2024-03-07 18:00:00,18,3,3,0.0,0.0,0.6,0.323964,5,0.0,smart_tv_tech,evening,0,279.318440267836,0.0462602641103249,5.7
385246,30.0,F,US,Austin,desktop,premium,6733,drama,8.2,PG-13,5152,banner,sidebar,cpg,2.5,9,1,1,1,5.7,3,9.62,1.68,26.79,0.34,2024-03-07 18:00:00,18,3,3,0.1111111111111111,1.0,0.5555555555555556,0.4590839999999999,9,0.1111111111111111,desktop_cpg,evening,0,279.318440267836,0.0462602641103249,5.7
338043,33.0,M,UK,Manchester,desktop,free,6609,comedy,79.0,G,5038,native,mid_roll,auto,8.75,6,1,0,1,66.7,8,14.29,1.42,0.89,0.3,2024-03-07 18:00:00,18,3,3,0.1666666666666666,0.0,1.5,0.9555863333333334,6,0.1666666666666666,desktop_auto,evening,0,279.318440267836,0.0462602641103249,66.7
576967,51.0,Other,UK,Manchester,smart_tv,free,6405,comedy,38.6,G,5637,native,mid_roll,tech,9.49,11,0,0,0,22.1,7,12.08,1.58,0.05,0.13,2024-03-07 18:00:00,18,3,3,0.0,0.0,0.6363636363636364,0.6189453333333333,11,0.0,smart_tv_tech,evening,0,279.318440267836,0.0462602641103249,22.1
759463,29.0,M,IN,Bengaluru,mobile,free,9334,documentary,71.5,PG,5469,banner,post_roll,gaming,8.65,2,0,0,0,49.8,4,12.81,0.42,0.01,0.03,2024-03-07 18:00:00,18,3,3,0.0,0.0,2.0,0.6900623333333333,2,0.0,mobile_gaming,evening,0,279.318440267836,0.0462602641103249,49.8
704574,63.0,F,US,Seattle,desktop,premium,3453,news,36.9,PG-13,5820,native,post_roll,cpg,3.52,5,0,0,0,34.1,5,8.02,1.06,0.02,0.04,2024-03-07 18:00:00,18,3,3,0.0,0.0,1.0,0.670041,5,0.0,desktop_cpg,evening,0,279.318440267836,0.0462602641103249,27.35
919072,21.0,Other,MX,Mexico City,desktop,free,3699,kids,9.1,PG,5058,interstitial,in_feed,finance,4.19,3,0,0,0,0.5,2,13.57,0.97,0.02,0.04,2024-03-07 19:00:00,19,3,3,0.0,0.0,0.6666666666666666,0.2180356666666666,3,0.0,desktop_finance,evening,0,279.318440267836,0.0462602641103249,0.5
498520,51.0,M,MX,Mexico City,desktop,premium,8400,drama,27.5,PG-13,5575,audio,pre_roll,retail,6.2,7,1,0,1,0.5,0,8.83,1.64,1.01,0.31,2024-03-07 19:00:00,19,3,3,0.1428571428571428,0.0,0.1428571428571428,0.2875196666666666,7,0.1428571428571428,desktop_retail,evening,0,279.318440267836,0.0462602641103249,0.5
964695,52.0,M,US,Seattle,tablet,free,1409,gaming,34.0,PG-13,5753,interstitial,mid_roll,healthcare,5.12,9,1,1,1,9.8,8,10.16,0.43,13.27,0.16,2024-03-07 19:00:00,19,3,3,0.1111111111111111,1.0,1.1111111111111112,0.6363306666666666,9,0.1111111111111111,tablet_healthcare,evening,0,279.318440267836,0.0462602641103249,9.8
903583,53.0,F,IN,Bengaluru,mobile,premium,2551,comedy,22.8,PG,5530,banner,pre_roll,tech,5.14,6,0,0,0,3.8,0,13.91,1.96,0.03,0.08,2024-03-07 19:00:00,19,3,3,0.0,0.0,0.0,0.171806,6,0.0,mobile_tech,evening,0,279.318440267836,0.0462602641103249,3.8
853705,48.0,F,US,Austin,desktop,basic,6493,gaming,45.5,G,5979,native,sidebar,finance,2.97,11,1,0,1,49.1,3,13.3,1.13,0.74,0.32,2024-03-07 19:00:00,19,3,3,0.0909090909090909,0.0,0.3636363636363636,0.7532986666666668,11,0.0909090909090909,desktop_finance,evening,0,279.318440267836,0.0462602641103249,49.1
785298,18.0,F,BR,Sao Paulo,desktop,premium,5935,drama,33.7,G,5075,banner,in_feed,retail,0.95,2,0,0,0,21.6,4,11.31,0.64,0.01,0.02,2024-03-07 19:00:00,19,3,3,0.0,0.0,2.0,0.531881,2,0.0,desktop_retail,evening,0,279.318440267836,0.0462602641103249,21.6
300836,69.0,M,BR,Rio de Janeiro,mobile,basic,7701,news,19.5,R,5320,video,sidebar,healthcare,1.48,10,2,1,1,18.4,3,7.89,0.5,17.57,0.23,2024-03-07 19:00:00,19,3,3,0.2,0.5,0.6,0.5991906666666666,10,0.2,mobile_healthcare,evening,0,279.318440267836,0.0462602641103249,18.4
295215,68.0,F,CA,Toronto,mobile,free,1367,sports,21.1,PG,5795,native,pre_roll,retail,6.15,4,0,0,0,24.9,5,11.25,1.58,0.02,0.04,2024-03-07 19:00:00,19,3,3,0.0,0.0,1.25,0.6022383333333333,4,0.0,mobile_retail,evening,0,279.318440267836,0.0462602641103249,24.9
624945,27.0,F,US,New York,mobile,free,7739,news,51.9,PG,5116,banner,mid_roll,retail,6.11,10,0,0,0,43.6,4,5.01,1.62,0.02,0.05,2024-03-07 19:00:00,19,3,3,0.0,0.0,0.4,0.673097,10,0.0,mobile_retail,evening,0,279.318440267836,0.0462602641103249,43.6
407394,55.0,Other,US,New York,desktop,free,9814,comedy,36.7,R,5264,audio,sidebar,retail,6.11,1,0,0,0,32.4,1,4.99,1.36,0.0,0.0,2024-03-07 19:00:00,19,3,3,0.0,0.0,1.0,0.4539749999999999,1,0.0,desktop_retail,evening,0,279.318440267836,0.0462602641103249,32.4
701256,62.0,F,UK,Manchester,mobile,free,9799,news,45.1,PG,5644,interstitial,pre_roll,tech,5.01,5,0,0,0,27.6,5,6.56,1.24,0.01,0.03,2024-03-07 19:00:00,19,3,3,0.0,0.0,1.0,0.6244516666666666,5,0.0,mobile_tech,evening,0,279.318440267836,0.0462602641103249,27.6
214969,67.0,F,US,New York,desktop,premium,9581,kids,2.0,PG,5779,native,in_feed,travel,6.79,9,0,0,0,0.5,4,9.87,1.98,0.04,0.09,2024-03-07 19:00:00,19,3,3,0.0,0.0,0.4444444444444444,0.3323756666666666,9,0.0,desktop_travel,evening,0,279.318440267836,0.0462602641103249,12.8
982644,27.0,F,AU,Sydney,console,free,6448,comedy,41.5,R,5421,audio,in_feed,finance,2.27,2,0,0,0,34.7,6,14.44,0.33,0.01,0.03,2024-03-07 19:00:00,19,3,3,0.0,0.0,3.0,0.7001436666666667,2,0.0,console_finance,evening,0,279.318440267836,0.0462602641103249,52.25
953530,71.0,M,US,Seattle,tablet,family,5209,news,61.5,G,5190,banner,sidebar,finance,9.27,7,1,0,1,47.9,7,14.36,1.04,0.66,0.26,2024-03-07 20:00:00,20,3,3,0.1428571428571428,0.0,1.1428571428571428,0.917027,7,0.1428571428571428,tablet_finance,evening,0,279.318440267836,0.0462602641103249,47.9
163152,68.0,Other,US,Austin,tablet,free,2562,news,17.3,PG-13,5422,audio,mid_roll,travel,9.57,11,0,0,0,17.5,5,7.12,1.85,0.03,0.08,2024-03-07 20:00:00,20,3,3,0.0,0.0,0.4545454545454545,0.5220223333333334,11,0.0,tablet_travel,evening,0,279.318440267836,0.0462602641103249,17.5
212443,69.0,F,IN,Hyderabad,smart_tv,free,7158,drama,25.6,PG-13,5023,banner,sidebar,retail,6.44,5,0,0,0,24.4,2,8.44,0.97,0.02,0.04,2024-03-07 20:00:00,20,3,3,0.0,0.0,0.4,0.4428196666666666,5,0.0,smart_tv_retail,evening,0,279.318440267836,0.0462602641103249,24.4
782712,59.0,M,US,New York,mobile,free,5343,drama,41.2,PG,5141,banner,post_roll,cpg,4.03,11,0,0,0,14.9,1,6.88,1.09,0.03,0.08,2024-03-07 20:00:00,20,3,3,0.0,0.0,0.0909090909090909,0.2917949999999999,11,0.0,mobile_cpg,evening,0,279.318440267836,0.0462602641103249,14.9
420361,62.0,F,DE,Munich,mobile,premium,1730,comedy,63.7,PG-13,5008,interstitial,pre_roll,gaming,1.21,9,0,0,0,42.1,3,8.31,1.31,0.03,0.07,2024-03-07 20:00:00,20,3,3,0.0,0.0,0.3333333333333333,0.6133746666666666,9,0.0,mobile_gaming,evening,0,279.318440267836,0.0462602641103249,42.1
606265,22.0,M,US,New York,mobile,basic,9067,news,37.2,R,5872,native,mid_roll,gaming,9.65,5,0,0,0,14.4,9,13.92,1.78,0.03,0.07,2024-03-07 20:00:00,20,3,3,0.0,0.0,1.8,0.546956,5,0.0,mobile_gaming,evening,0,279.318440267836,0.0462602641103249,14.4
963587,35.0,F,UK,Manchester,mobile,free,8175,kids,41.4,PG,5798,banner,post_roll,tech,8.96,4,0,0,0,23.7,0,4.92,1.24,0.01,0.02,2024-03-07 20:00:00,20,3,3,0.0,0.0,0.0,0.35705,4,0.0,mobile_tech,evening,0,279.318440267836,0.0462602641103249,23.7
681854,38.0,M,IN,Hyderabad,tablet,free,9893,comedy,43.4,PG-13,5939,interstitial,in_feed,cpg,9.14,10,0,0,0,45.2,3,10.58,0.65,0.04,0.11,2024-03-07 20:00:00,20,3,3,0.0,0.0,0.3,0.623692,10,0.0,tablet_cpg,evening,0,279.318440267836,0.0462602641103249,45.2
210723,17.0,M,UK,Manchester,mobile,free,2729,documentary,50.3,G,5353,audio,mid_roll,cpg,4.28,1,0,0,0,31.3,2,10.51,1.64,0.0,0.01,2024-03-07 20:00:00,20,3,3,0.0,0.0,2.0,0.4970423333333333,1,0.0,mobile_cpg,evening,0,279.318440267836,0.0462602641103249,31.3
454226,68.0,M,AU,Melbourne,desktop,free,8646,drama,33.6,G,5728,video,in_feed,travel,7.98,1,0,0,0,21.0,3,17.21,1.54,0.01,0.02,2024-03-07 20:00:00,20,3,3,0.0,0.0,3.0,0.4719653333333333,1,0.0,desktop_travel,evening,0,279.318440267836,0.0462602641103249,21.0
801268,24.0,F,CA,Vancouver,tablet,basic,6805,kids,42.5,PG-13,5886,video,mid_roll,finance,4.95,7,0,0,0,28.3,8,9.34,0.69,0.03,0.07,2024-03-07 20:00:00,20,3,3,0.0,0.0,1.1428571428571428,0.6800733333333333,7,0.0,tablet_finance,evening,0,279.318440267836,0.0462602641103249,28.3
925850,40.0,M,DE,Berlin,mobile,free,1350,sports,17.6,PG-13,5319,banner,pre_roll,auto,5.6,10,10,0,1,4.6,5,9.8,0.62,0.41,0.19,2024-03-07 21:00:00,21,3,3,1.0,0.0,1.5,0.59564,10,1.0,mobile_auto,evening,0,279.318440267836,0.0462602641103249,4.6
750512,13.0,F,AU,Melbourne,mobile,free,8912,music,30.4,R,5705,video,post_roll,retail,5.89,4,0,0,0,17.1,1,12.76,1.87,0.02,0.05,2024-03-07 21:00:00,21,3,3,0.0,0.0,0.25,0.3125176666666666,4,0.0,mobile_retail,evening,0,279.318440267836,0.0462602641103249,17.1
131404,49.0,F,BR,Rio de Janeiro,mobile,free,7018,gaming,77.3,PG-13,5456,native,in_feed,finance,4.52,6,0,0,0,71.7,9,4.9,1.2,0.01,0.03,2024-03-07 21:00:00,21,3,3,0.0,0.0,1.5,0.8067013333333334,6,0.0,mobile_finance,evening,0,279.318440267836,0.0462602641103249,47.7
965251,19.0,F,AU,Melbourne,mobile,free,1693,kids,23.9,R,5373,interstitial,post_roll,tech,2.55,8,0,0,0,29.9,3,4.0,1.34,0.01,0.03,2024-03-07 21:00:00,21,3,3,0.0,0.0,0.375,0.5470226666666667,8,0.0,mobile_tech,evening,0,279.318440267836,0.0462602641103249,29.9
684812,49.0,Other,AU,Unknown,mobile,premium,9393,comedy,30.5,R,5228,native,in_feed,gaming,7.43,9,0,0,0,19.3,4,5.73,1.26,0.02,0.05,2024-03-07 21:00:00,21,3,3,0.0,0.0,0.4444444444444444,0.4985956666666666,9,0.0,mobile_gaming,evening,0,279.318440267836,0.0462602641103249,19.3
638016,41.0,M,BR,Rio de Janeiro,mobile,basic,9164,sports,26.3,PG-13,5969,audio,sidebar,auto,4.47,7,0,0,0,30.0,3,7.32,0.95,0.02,0.05,2024-03-07 21:00:00,21,3,3,0.0,0.0,0.4285714285714285,0.547784,7,0.0,mobile_auto,evening,0,279.318440267836,0.0462602641103249,15.25
205466,17.0,M,IN,Hyderabad,mobile,premium,2233,documentary,49.0,G,5912,audio,mid_roll,tech,2.62,8,0,0,0,22.2,4,12.48,1.45,0.04,0.1,2024-03-07 21:00:00,21,3,3,0.0,0.0,0.5,0.5372809999999999,8,0.0,mobile_tech,evening,0,279.318440267836,0.0462602641103249,22.2
529271,42.0,F,IN,Mumbai,mobile,family,3875,documentary,32.6,PG,5312,interstitial,mid_roll,finance,1.68,8,0,0,0,28.8,3,6.4,0.55,0.02,0.05,2024-03-07 21:00:00,21,3,3,0.0,0.0,0.375,0.5386,8,0.0,mobile_finance,evening,0,279.318440267836,0.0462602641103249,14.65
184945,67.0,M,JP,Tokyo,mobile,premium,5837,gaming,48.0,PG,5068,native,post_roll,auto,2.49,11,0,0,0,40.3,3,2.74,0.7,0.01,0.03,2024-03-07 21:00:00,21,3,3,0.0,0.0,0.2727272727272727,0.6063146666666667,11,0.0,mobile_auto,evening,0,279.318440267836,0.0462602641103249,40.3
776082,32.0,M,IN,Hyderabad,mobile,free,3822,kids,20.9,PG-13,5911,native,in_feed,tech,14.49,10,0,0,0,17.6,5,12.18,1.59,0.05,0.12,2024-03-07 21:00:00,21,3,3,0.0,0.0,0.5,0.5230116666666667,10,0.0,mobile_tech,evening,0,279.318440267836,0.0462602641103249,17.6
670536,68.0,M,US,Chicago,mobile,basic,9769,music,58.3,PG-13,5713,native,sidebar,finance,2.4,7,2,1,1,57.3,5,11.54,1.12,34.13005000000005,0.42,2024-03-07 21:00:00,21,3,3,0.2857142857142857,0.5,1.1428571428571428,0.917303,7,0.2857142857142857,mobile_finance,evening,0,279.318440267836,0.0462602641103249,57.3
660038,33.0,M,DE,Munich,mobile,premium,2010,comedy,47.0,PG,5394,native,post_roll,healthcare,6.27,1,0,0,0,39.7,5,6.75,1.91,0.0,0.01,2024-03-07 21:00:00,21,3,3,0.0,0.0,5.0,0.6990156666666667,1,0.0,mobile_healthcare,evening,0,279.318440267836,0.0462602641103249,39.7
837079,24.0,M,CA,Unknown,desktop,premium,3829,music,87.1,PG-13,5781,video,post_roll,auto,10.19,5,1,0,1,56.1,5,12.11,1.96,1.2,0.35,2024-03-07 21:00:00,21,3,3,0.2,0.0,1.2,0.9049223333333334,5,0.2,desktop_auto,evening,0,279.318440267836,0.0462602641103249,56.1
611940,32.0,M,UK,London,mobile,free,2837,gaming,67.9,PG,5843,video,in_feed,auto,6.21,6,0,0,0,34.0,3,13.0,1.54,0.03,0.08,2024-03-07 21:00:00,21,3,3,0.0,0.0,0.5,0.574264,6,0.0,mobile_auto,evening,0,279.318440267836,0.0462602641103249,34.0
787682,38.0,M,IN,Bengaluru,mobile,free,9279,sports,36.7,PG-13,5729,native,post_roll,tech,7.87,8,1,0,1,22.2,4,9.85,1.26,0.79,0.27,2024-03-07 21:00:00,21,3,3,0.125,0.0,0.625,0.679622,8,0.125,mobile_tech,evening,0,279.318440267836,0.0462602641103249,31.9
996338,21.0,F,JP,Osaka,desktop,premium,9807,drama,33.8,PG-13,5568,interstitial,mid_roll,healthcare,5.69,9,0,0,0,35.7,4,10.86,2.1,0.04,0.1,2024-03-07 22:00:00,22,3,3,0.0,0.0,0.4444444444444444,0.6386663333333333,9,0.0,desktop_healthcare,night,0,279.318440267836,0.0462602641103249,35.7
214499,53.0,M,UK,Manchester,mobile,basic,6419,music,37.5,PG,5414,audio,in_feed,healthcare,6.34,3,0,0,0,33.7,7,9.9,1.35,0.01,0.03,2024-03-07 22:00:00,22,3,3,0.0,0.0,2.333333333333333,0.7095226666666666,3,0.0,mobile_healthcare,night,0,279.318440267836,0.0462602641103249,24.200000000000003
739477,49.0,M,CA,Vancouver,tablet,basic,6809,news,12.6,PG,5512,native,in_feed,travel,6.72,1,0,0,0,13.7,5,14.27,0.94,0.01,0.01,2024-03-07 22:00:00,22,3,3,0.0,0.0,5.0,0.4862329999999999,1,0.0,tablet_travel,night,0,279.318440267836,0.0462602641103249,30.96666666666667
227096,17.0,F,US,Austin,mobile,premium,4762,music,26.9,R,5956,interstitial,post_roll,retail,4.43,8,0,0,0,24.9,5,4.46,1.37,0.01,0.04,2024-03-07 22:00:00,22,3,3,0.0,0.0,0.625,0.6022383333333333,8,0.0,mobile_retail,night,0,279.318440267836,0.0462602641103249,24.9
762959,41.0,F,AU,Sydney,tablet,free,9289,kids,30.8,R,5681,interstitial,post_roll,travel,1.8,2,0,0,0,7.0,2,12.51,1.05,0.01,0.03,2024-03-07 22:00:00,22,3,3,0.0,0.0,1.0,0.2735156666666666,2,0.0,tablet_travel,night,0,279.318440267836,0.0462602641103249,7.0
852337,14.0,F,CA,Toronto,desktop,free,8698,comedy,47.4,PG-13,5245,audio,pre_roll,tech,6.95,7,0,0,0,34.3,6,9.26,0.7,0.03,0.06,2024-03-07 22:00:00,22,3,3,0.0,0.0,0.8571428571428571,0.6977650000000001,7,0.0,desktop_tech,night,0,279.318440267836,0.0462602641103249,34.3
726969,65.0,M,JP,Tokyo,desktop,free,3913,comedy,14.3,G,5173,audio,pre_roll,auto,10.87,10,0,0,0,20.6,7,4.29,1.9,0.02,0.04,2024-03-07 22:00:00,22,3,3,0.0,0.0,0.7,0.5992813333333333,10,0.0,desktop_auto,night,0,279.318440267836,0.0462602641103249,20.6
226644,23.0,F,US,Seattle,smart_tv,free,6523,gaming,52.0,PG,5552,video,in_feed,finance,2.97,2,0,0,0,53.1,7,8.63,1.15,0.01,0.02,2024-03-07 22:00:00,22,3,3,0.0,0.0,3.5,0.7788293333333334,2,0.0,smart_tv_finance,night,0,279.318440267836,0.0462602641103249,53.1
115507,35.0,M,IN,Mumbai,mobile,premium,6201,sports,61.2,R,5984,native,sidebar,auto,2.58,5,0,0,0,52.8,2,10.07,1.08,0.02,0.05,2024-03-07 22:00:00,22,3,3,0.0,0.0,0.4,0.5813996666666668,5,0.0,mobile_auto,night,0,279.318440267836,0.0462602641103249,39.266666666666666
961558,49.0,F,US,Seattle,desktop,basic,6473,gaming,92.5,PG,5051,banner,sidebar,tech,4.83,2,0,0,0,92.7,6,6.75,1.48,0.01,0.01,2024-03-07 22:00:00,22,3,3,0.0,0.0,3.0,0.782157,2,0.0,desktop_tech,night,0,279.318440267836,0.0462602641103249,92.7
362304,52.0,F,IN,Mumbai,mobile,free,6073,drama,31.1,R,5787,banner,sidebar,gaming,5.75,4,1,0,1,20.6,8,12.23,1.34,0.82,0.25,2024-03-07 22:00:00,22,3,3,0.25,0.0,2.25,0.7786263333333333,4,0.25,mobile_gaming,night,0,279.318440267836,0.0462602641103249,20.6
554147,21.0,M,IN,Bengaluru,smart_tv,basic,6245,news,54.7,R,5909,audio,in_feed,finance,8.66,5,1,0,1,33.8,7,7.88,1.56,0.95,0.27,2024-03-07 22:00:00,22,3,3,0.2,0.0,1.6,0.8736906666666666,5,0.2,smart_tv_finance,night,0,279.318440267836,0.0462602641103249,33.8
110092,46.0,M,AU,Sydney,desktop,free,7791,kids,83.7,PG,5337,banner,sidebar,retail,6.26,3,0,0,0,76.8,4,9.08,1.93,0.01,0.03,2024-03-07 23:00:00,23,3,3,0.0,0.0,1.3333333333333333,0.7131783333333334,3,0.0,desktop_retail,night,0,279.318440267836,0.0462602641103249,76.8
351780,37.0,F,IN,Bengaluru,smart_tv,premium,4177,documentary,49.5,PG,5503,video,pre_roll,finance,2.88,6,0,0,0,20.7,2,12.84,1.2,0.03,0.08,2024-03-07 23:00:00,23,3,3,0.0,0.0,0.3333333333333333,0.4092543333333333,6,0.0,smart_tv_finance,night,0,279.318440267836,0.0462602641103249,20.7
236933,68.0,M,FR,Lyon,mobile,free,5508,comedy,50.4,PG-13,5975,audio,post_roll,tech,5.36,7,0,0,0,32.5,1,8.65,0.68,0.02,0.06,2024-03-07 23:00:00,23,3,3,0.0,0.0,0.1428571428571428,0.4546616666666667,7,0.0,mobile_tech,night,0,279.318440267836,0.0462602641103249,32.5
971819,52.0,M,BR,Rio de Janeiro,mobile,free,7485,sports,15.1,G,5783,video,post_roll,auto,0.98,5,0,0,0,12.6,5,6.49,0.67,0.01,0.03,2024-03-07 23:00:00,23,3,3,0.0,0.0,1.0,0.4762503333333333,5,0.0,mobile_auto,night,0,279.318440267836,0.0462602641103249,12.6
347529,51.0,M,US,New York,mobile,free,3743,music,7.5,PG-13,5430,video,post_roll,cpg,8.3,11,1,1,1,8.8,1,8.2,1.76,23.44,0.35,2024-03-07 23:00:00,23,3,3,0.0909090909090909,1.0,0.2727272727272727,0.356483,11,0.0909090909090909,mobile_cpg,night,0,279.318440267836,0.0462602641103249,8.8
561573,47.0,M,US,Austin,mobile,free,7557,gaming,50.0,PG-13,5957,banner,in_feed,auto,9.73,8,0,0,0,52.1,6,14.31,1.5,0.05,0.11,2024-03-07 23:00:00,23,3,3,0.0,0.0,0.75,0.761737,8,0.0,mobile_auto,night,0,279.318440267836,0.0462602641103249,52.1
612704,66.0,F,US,New York,desktop,free,2759,comedy,66.1,R,5187,native,pre_roll,healthcare,6.83,4,0,0,0,43.6,5,12.65,0.73,0.02,0.05,2024-03-07 23:00:00,23,3,3,0.0,0.0,1.25,0.713817,4,0.0,desktop_healthcare,night,0,279.318440267836,0.0462602641103249,43.6
375115,72.0,M,IN,Mumbai,tablet,basic,1607,comedy,42.4,R,5832,interstitial,mid_roll,tech,2.62,7,0,0,0,30.8,7,7.53,0.27,0.02,0.05,2024-03-07 23:00:00,23,3,3,0.0,0.0,1.0,0.690316,7,0.0,tablet_tech,night,0,279.318440267836,0.0462602641103249,26.450000000000003
560218,42.0,F,US,Chicago,mobile,basic,9781,documentary,40.6,PG-13,5043,native,pre_roll,retail,4.88,11,0,0,0,29.8,6,5.1,1.61,0.02,0.06,2024-03-07 23:00:00,23,3,3,0.0,0.0,0.5454545454545454,0.6678943333333333,11,0.0,mobile_retail,night,0,279.318440267836,0.0462602641103249,29.8
845071,58.0,M,IN,Hyderabad,mobile,free,7908,news,59.3,G,5664,interstitial,pre_roll,healthcare,5.14,9,1,0,1,25.3,3,10.16,1.18,0.74,0.27,2024-03-07 23:00:00,23,3,3,0.1111111111111111,0.0,0.4444444444444444,0.645672,9,0.1111111111111111,mobile_healthcare,night,0,279.318440267836,0.0462602641103249,25.3
924187,32.0,F,UK,London,mobile,free,4598,documentary,41.6,PG-13,5960,interstitial,post_roll,auto,7.46,3,0,0,0,17.1,3,12.49,0.42,0.01,0.04,2024-03-08 00:00:00,0,4,3,0.0,0.0,1.0,0.4229786666666666,3,0.0,mobile_auto,late_night,0,271.0997763491416,0.0443563590300355,17.1
384442,43.0,F,AU,Sydney,smart_tv,free,7354,comedy,2.0,R,5826,native,pre_roll,cpg,1.89,9,0,0,0,4.7,3,12.42,0.94,0.04,0.11,2024-03-08 00:00:00,0,4,3,0.0,0.0,0.3333333333333333,0.317168,9,0.0,smart_tv_cpg,late_night,0,271.0997763491416,0.0443563590300355,4.7
320131,53.0,F,UK,Manchester,mobile,free,4300,sports,22.0,PG,5190,native,mid_roll,gaming,8.58,3,0,0,0,3.9,1,12.28,1.4,0.01,0.04,2024-03-08 00:00:00,0,4,3,0.0,0.0,0.3333333333333333,0.2013789999999999,3,0.0,mobile_gaming,late_night,0,271.0997763491416,0.0443563590300355,3.9
218419,36.0,F,DE,Berlin,desktop,premium,7315,documentary,2.0,PG-13,5725,interstitial,sidebar,gaming,10.02,2,0,0,0,9.8,3,13.33,1.38,0.01,0.03,2024-03-08 00:00:00,0,4,3,0.0,0.0,1.5,0.3559906666666667,2,0.0,desktop_gaming,late_night,0,271.0997763491416,0.0443563590300355,9.8
684982,64.0,M,US,New York,mobile,free,9915,kids,28.8,R,5490,native,pre_roll,cpg,5.88,2,0,0,0,27.3,3,8.68,1.7,0.01,0.02,2024-03-08 00:00:00,0,4,3,0.0,0.0,1.5,0.526828,2,0.0,mobile_cpg,late_night,0,271.0997763491416,0.0443563590300355,27.3
192334,48.0,F,FR,Lyon,smart_tv,premium,6915,gaming,41.7,G,5208,banner,pre_roll,tech,7.83,3,0,0,0,28.5,3,8.65,0.74,0.01,0.03,2024-03-08 00:00:00,0,4,3,0.0,0.0,1.0,0.5363013333333333,3,0.0,smart_tv_tech,late_night,0,271.0997763491416,0.0443563590300355,28.5
945633,62.0,F,IN,Hyderabad,mobile,basic,1352,gaming,51.3,PG,5758,audio,pre_roll,retail,6.61,7,0,0,0,27.8,9,7.14,1.16,0.02,0.05,2024-03-08 00:00:00,0,4,3,0.0,0.0,1.2857142857142858,0.680244,7,0.0,mobile_retail,late_night,0,271.0997763491416,0.0443563590300355,27.8
603090,44.0,M,US,Chicago,mobile,family,2171,comedy,39.8,PG-13,5875,audio,sidebar,gaming,5.76,9,0,0,0,33.9,4,8.63,1.43,0.03,0.08,2024-03-08 00:00:00,0,4,3,0.0,0.0,0.4444444444444444,0.6281223333333333,9,0.0,mobile_gaming,late_night,0,271.0997763491416,0.0443563590300355,28.9
960453,44.0,F,US,Austin,desktop,basic,3234,comedy,39.0,R,5474,native,mid_roll,healthcare,6.79,7,0,0,0,0.5,0,10.51,0.47,0.03,0.07,2024-03-08 00:00:00,0,4,3,0.0,0.0,0.0,0.1385326666666666,7,0.0,desktop_healthcare,late_night,0,271.0997763491416,0.0443563590300355,0.5
177275,44.0,M,FR,Lyon,desktop,basic,8493,kids,57.1,PG,5289,banner,post_roll,tech,1.66,3,0,0,0,34.8,5,9.46,0.96,0.01,0.03,2024-03-08 00:00:00,0,4,3,0.0,0.0,1.6666666666666667,0.6741636666666667,3,0.0,desktop_tech,late_night,0,271.0997763491416,0.0443563590300355,34.8
511369,29.0,M,US,Austin,desktop,free,6592,documentary,16.6,PG-13,5679,native,sidebar,auto,5.03,9,1,0,1,0.5,0,12.77,0.74,0.49,0.23,2024-03-08 00:00:00,0,4,3,0.1111111111111111,0.0,0.1111111111111111,0.2736526666666666,9,0.1111111111111111,desktop_auto,late_night,0,271.0997763491416,0.0443563590300355,0.5
957704,57.0,M,MX,Mexico City,desktop,family,5838,music,64.5,PG-13,5356,interstitial,sidebar,tech,9.43,10,0,0,0,22.3,3,12.88,1.03,0.05,0.13,2024-03-08 00:00:00,0,4,3,0.0,0.0,0.3,0.4837786666666667,10,0.0,desktop_tech,late_night,0,271.0997763491416,0.0443563590300355,29.950000000000003
875008,66.0,F,BR,Sao Paulo,desktop,free,8880,news,29.2,PG-13,5420,banner,pre_roll,healthcare,4.24,11,0,0,0,6.3,0,16.9,1.84,0.07,0.19,2024-03-08 00:00:00,0,4,3,0.0,0.0,0.0,0.1887953333333333,11,0.0,desktop_healthcare,late_night,0,271.0997763491416,0.0443563590300355,6.3
936743,23.0,M,UK,Manchester,desktop,free,8075,comedy,6.0,PG-13,5610,native,pre_roll,auto,4.55,1,0,0,0,0.5,2,7.01,1.17,0.0,0.01,2024-03-08 01:00:00,1,4,3,0.0,0.0,2.0,0.2180356666666666,1,0.0,desktop_auto,late_night,0,271.0997763491416,0.0443563590300355,0.5
218819,22.0,F,US,New York,desktop,free,1527,sports,2.0,PG,5249,audio,post_roll,finance,3.97,6,0,0,0,5.6,2,7.62,0.4,0.02,0.05,2024-03-08 01:00:00,1,4,3,0.0,0.0,0.3333333333333333,0.2633836666666667,6,0.0,desktop_finance,late_night,0,271.0997763491416,0.0443563590300355,5.6
519436,23.0,M,AU,Melbourne,mobile,free,9634,news,76.6,PG-13,5762,audio,sidebar,travel,1.66,10,0,0,0,65.4,4,7.84,0.84,0.03,0.08,2024-03-08 01:00:00,1,4,3,0.0,0.0,0.4,0.7090103333333334,10,0.0,mobile_travel,late_night,0,271.0997763491416,0.0443563590300355,65.4
831564,14.0,F,FR,Paris,desktop,premium,7969,documentary,44.0,PG,5008,audio,pre_roll,tech,8.16,9,1,0,1,19.5,0,15.63,1.08,0.7,0.3,2024-03-08 01:00:00,1,4,3,0.1111111111111111,0.0,0.1111111111111111,0.4417006666666666,9,0.1111111111111111,desktop_tech,late_night,0,271.0997763491416,0.0443563590300355,19.5
748835,66.0,M,AU,Melbourne,mobile,basic,8921,drama,51.0,PG-13,5278,native,sidebar,healthcare,5.11,7,1,0,1,13.2,4,13.21,0.79,0.51,0.21,2024-03-08 01:00:00,1,4,3,0.1428571428571428,0.0,0.7142857142857143,0.590036,7,0.1714285714285714,mobile_healthcare,late_night,0,271.0997763491416,0.0443563590300355,19.65
347068,45.0,M,US,Seattle,desktop,free,4186,news,22.4,PG,5438,audio,in_feed,gaming,13.44,7,0,0,0,10.3,2,8.66,1.58,0.02,0.06,2024-03-08 01:00:00,1,4,3,0.0,0.0,0.2857142857142857,0.3004503333333333,7,0.0,desktop_gaming,late_night,0,271.0997763491416,0.0443563590300355,10.3
135228,43.0,F,FR,Paris,mobile,free,4161,drama,2.0,R,5819,video,in_feed,auto,5.43,8,0,0,0,95.05050000000048,6,6.6,1.62,0.02,0.05,2024-03-08 01:00:00,1,4,3,0.0,0.0,0.75,0.7832156666666666,8,0.0,mobile_auto,late_night,0,271.0997763491416,0.0443563590300355,95.05050000000048
321573,73.0,Other,US,Chicago,desktop,premium,8401,sports,38.7,PG,5936,audio,pre_roll,healthcare,7.76,10,0,0,0,21.8,2,15.78,2.07,0.06,0.16,2024-03-08 02:00:00,2,4,3,0.0,0.0,0.2,0.419381,10,0.0,desktop_healthcare,late_night,0,271.0997763491416,0.0443563590300355,21.8
103471,42.0,M,UK,London,desktop,premium,1678,kids,32.3,PG-13,5753,audio,in_feed,finance,3.46,2,0,0,0,9.6,5,5.65,1.15,0.0,0.01,2024-03-08 02:00:00,2,4,3,0.0,0.0,2.5,0.4495156666666666,2,0.0,desktop_finance,late_night,0,271.0997763491416,0.0443563590300355,9.6
749902,33.0,F,US,Seattle,mobile,free,8894,sports,15.2,G,5474,native,sidebar,tech,4.36,8,0,0,0,0.5,0,9.67,1.08,0.03,0.08,2024-03-08 02:00:00,2,4,3,0.0,0.0,0.0,0.1385326666666666,8,0.0,mobile_tech,late_night,0,271.0997763491416,0.0443563590300355,0.5
379353,24.0,F,IN,Mumbai,mobile,basic,4215,comedy,41.3,R,5923,interstitial,sidebar,finance,5.24,2,0,0,0,15.8,3,8.02,2.03,0.01,0.02,2024-03-08 02:00:00,2,4,3,0.0,0.0,1.5,0.4107959999999999,2,0.0,mobile_finance,late_night,0,271.0997763491416,0.0443563590300355,15.8
410717,63.0,M,US,Seattle,tablet,family,5621,documentary,22.8,R,5343,native,pre_roll,finance,3.99,6,0,0,0,20.8,3,10.63,1.07,0.03,0.06,2024-03-08 02:00:00,2,4,3,0.0,0.0,0.5,0.470056,6,0.0,tablet_finance,late_night,0,271.0997763491416,0.0443563590300355,21.5
588374,70.0,M,CA,Vancouver,tablet,basic,2243,drama,47.8,PG-13,5230,interstitial,pre_roll,auto,3.88,2,0,0,0,24.5,1,10.05,1.23,0.01,0.02,2024-03-08 02:00:00,2,4,3,0.0,0.0,0.5,0.3930843333333333,2,0.0,tablet_auto,late_night,0,271.0997763491416,0.0443563590300355,24.5
513839,69.0,M,US,New York,mobile,free,8218,documentary,31.0,PG-13,5411,video,mid_roll,retail,3.83,7,1,0,1,21.4,4,14.29,1.3,0.82,0.3,2024-03-08 02:00:00,2,4,3,0.1428571428571428,0.0,0.7142857142857143,0.679044,7,0.1428571428571428,mobile_retail,late_night,0,271.0997763491416,0.0443563590300355,20.65
900972,18.0,M,BR,Rio de Janeiro,smart_tv,basic,1677,drama,21.2,PG,5954,audio,pre_roll,auto,7.69,10,0,0,0,12.0,2,6.25,1.42,0.02,0.06,2024-03-08 02:00:00,2,4,3,0.0,0.0,0.2,0.3157609999999999,10,0.0,smart_tv_auto,late_night,0,271.0997763491416,0.0443563590300355,12.0
609590,45.0,F,BR,Sao Paulo,desktop,family,6095,documentary,29.5,PG-13,5537,video,pre_roll,auto,2.92,9,0,0,0,25.5,1,10.0,1.17,0.04,0.09,2024-03-08 02:00:00,2,4,3,0.0,0.0,0.1111111111111111,0.4017616666666667,9,0.0,desktop_auto,late_night,0,271.0997763491416,0.0443563590300355,25.5
921231,48.0,F,UK,Manchester,desktop,family,9351,music,66.5,R,5033,native,sidebar,finance,6.53,3,0,0,0,42.4,4,15.64,1.44,0.02,0.05,2024-03-08 03:00:00,3,4,3,0.0,0.0,1.3333333333333333,0.668949,3,0.0,desktop_finance,late_night,0,271.0997763491416,0.0443563590300355,42.4
404870,17.0,M,DE,Munich,mobile,premium,8822,sports,21.8,PG-13,5118,native,mid_roll,cpg,5.84,10,1,0,1,8.2,0,8.31,1.26,0.79,0.27,2024-03-08 03:00:00,3,4,3,0.1,0.0,0.1,0.330671,10,0.1,mobile_cpg,late_night,0,271.0997763491416,0.0443563590300355,8.2
775174,61.0,M,FR,Lyon,desktop,basic,1033,music,101.4,PG,5225,video,post_roll,cpg,3.64,3,0,0,0,47.6,0,8.32,0.36,0.01,0.02,2024-03-08 03:00:00,3,4,3,0.0,0.0,0.0,0.4908473333333333,3,0.0,desktop_cpg,late_night,0,271.0997763491416,0.0443563590300355,47.6
167843,42.0,M,DE,Munich,mobile,basic,6517,kids,23.8,R,5082,banner,pre_roll,retail,3.48,9,0,0,0,16.3,0,14.61,1.18,0.05,0.13,2024-03-08 03:00:00,3,4,3,0.0,0.0,0.0,0.276074,9,0.0,mobile_retail,late_night,0,271.0997763491416,0.0443563590300355,24.200000000000003
988439,74.0,M,US,Seattle,mobile,basic,9554,documentary,58.1,PG-13,5482,interstitial,sidebar,tech,2.55,2,0,0,0,37.7,6,13.27,0.68,0.01,0.03,2024-03-08 03:00:00,3,4,3,0.0,0.0,3.0,0.7161890000000001,2,0.0,mobile_tech,late_night,0,271.0997763491416,0.0443563590300355,37.7
570548,44.0,M,AU,Melbourne,mobile,free,8018,news,42.2,PG,5060,interstitial,mid_roll,retail,3.93,9,0,0,0,27.9,2,11.93,1.28,0.04,0.11,2024-03-08 03:00:00,3,4,3,0.0,0.0,0.2222222222222222,0.4717596666666667,9,0.0,mobile_retail,late_night,0,271.0997763491416,0.0443563590300355,27.9
919612,13.0,F,US,New York,mobile,premium,3606,drama,9.4,R,5847,interstitial,mid_roll,retail,5.63,10,1,1,1,10.3,4,9.41,1.75,6.5,0.36,2024-03-08 03:00:00,3,4,3,0.1,1.0,0.6,0.5421873333333334,10,0.1,mobile_retail,late_night,0,271.0997763491416,0.0443563590300355,10.3
836088,28.0,M,US,Seattle,console,free,5592,news,14.1,PG-13,5755,interstitial,sidebar,auto,4.98,6,0,0,0,16.3,3,11.3,1.11,0.03,0.07,2024-03-08 03:00:00,3,4,3,0.0,0.0,0.5,0.4154679999999999,6,0.0,console_auto,late_night,0,271.0997763491416,0.0443563590300355,16.3
590397,47.0,Other,US,New York,tablet,free,7089,sports,2.0,R,5550,video,mid_roll,retail,8.02,1,0,0,0,1.0,2,9.62,1.37,0.0,0.01,2024-03-08 03:00:00,3,4,3,0.0,0.0,2.0,0.2356716666666666,1,0.0,tablet_retail,late_night,0,271.0997763491416,0.0443563590300355,1.0
596375,38.0,M,IN,Hyderabad,tablet,free,1262,drama,10.7,PG-13,5244,banner,pre_roll,travel,3.88,3,0,0,0,3.1,4,3.8,1.04,0.0,0.01,2024-03-08 04:00:00,4,4,3,0.0,0.0,1.3333333333333333,0.361405,3,0.0,tablet_travel,late_night,0,271.0997763491416,0.0443563590300355,3.1
251624,72.0,M,US,Seattle,mobile,free,9506,comedy,22.7,R,5229,audio,mid_roll,travel,8.64,8,1,0,1,13.2,5,14.96,0.57,0.39,0.21,2024-03-08 04:00:00,4,4,3,0.125,0.0,0.75,0.6241099999999999,8,0.125,mobile_travel,late_night,0,271.0997763491416,0.0443563590300355,13.2
514886,62.0,F,US,New York,mobile,free,1660,gaming,39.0,PG,5919,interstitial,mid_roll,retail,5.56,4,0,0,0,13.0,6,4.93,1.51,0.01,0.02,2024-03-08 04:00:00,4,4,3,0.0,0.0,1.5,0.5064996666666667,4,0.0,mobile_retail,late_night,0,271.0997763491416,0.0443563590300355,13.0
965294,66.0,F,US,Austin,mobile,free,8340,news,80.8,PG-13,5160,video,sidebar,healthcare,5.34,5,0,0,0,43.3,4,12.96,1.06,0.03,0.06,2024-03-08 04:00:00,4,4,3,0.0,0.0,0.8,0.6720716666666667,5,0.0,mobile_healthcare,late_night,0,271.0997763491416,0.0443563590300355,43.3
175736,31.0,M,UK,Manchester,mobile,free,4770,sports,18.5,PG-13,5975,video,pre_roll,healthcare,3.11,3,0,0,0,19.6,4,8.09,1.03,0.01,0.02,2024-03-08 04:00:00,4,4,3,0.0,0.0,1.3333333333333333,0.5013636666666667,3,0.0,mobile_healthcare,late_night,0,271.0997763491416,0.0443563590300355,19.6
822874,56.0,Other,DE,Munich,mobile,free,6435,drama,27.2,G,5000,video,pre_roll,auto,7.72,5,0,0,0,16.3,2,12.73,0.45,0.03,0.06,2024-03-08 04:00:00,4,4,3,0.0,0.0,0.4,0.355577,5,0.0,mobile_auto,late_night,0,271.0997763491416,0.0443563590300355,16.3
745921,54.0,M,UK,London,desktop,free,8866,gaming,2.0,PG,5143,interstitial,post_roll,cpg,3.92,1,0,0,0,1.6,3,9.79,1.88,0.0,0.01,2024-03-08 04:00:00,4,4,3,0.0,0.0,3.0,0.2986893333333333,1,0.0,desktop_cpg,late_night,0,271.0997763491416,0.0443563590300355,1.6
391658,19.0,F,AU,Melbourne,desktop,family,9033,news,27.5,R,5513,interstitial,in_feed,gaming,13.94,2,0,0,0,16.0,2,18.13,1.78,0.01,0.04,2024-03-08 04:00:00,4,4,3,0.0,0.0,1.0,0.3528556666666667,2,0.0,desktop_gaming,late_night,0,271.0997763491416,0.0443563590300355,16.0
410957,57.0,F,AU,Melbourne,tablet,premium,9774,comedy,2.0,G,5079,native,in_feed,cpg,2.99,11,1,0,1,0.5,1,8.28,1.24,0.78,0.28,2024-03-08 05:00:00,5,4,3,0.0909090909090909,0.0,0.1818181818181818,0.2867616666666667,11,0.0909090909090909,tablet_cpg,late_night,0,271.0997763491416,0.0443563590300355,0.5
716561,20.0,F,US,Seattle,mobile,family,6336,documentary,71.9,PG,5378,audio,pre_roll,retail,1.59,4,0,0,0,37.1,4,5.97,0.69,0.3843174122924134,0.02,2024-03-08 05:00:00,5,4,3,0.0,0.0,1.0,0.6461596666666667,4,0.0,mobile_retail,late_night,0,271.0997763491416,0.0443563590300355,37.1
321949,66.0,M,IN,Bengaluru,mobile,free,7242,drama,49.0,R,5768,interstitial,sidebar,gaming,2.97,11,0,0,0,13.9,2,7.89,0.89,0.03,0.09,2024-03-08 05:00:00,5,4,3,0.0,0.0,0.1818181818181818,0.332969,11,0.0,mobile_gaming,late_night,0,271.0997763491416,0.0443563590300355,15.7
893541,17.0,F,UK,London,mobile,free,5728,gaming,17.3,G,5290,interstitial,sidebar,gaming,5.54,4,0,0,0,10.2,0,7.76,0.87,0.01,0.03,2024-03-08 05:00:00,5,4,3,0.0,0.0,0.0,0.220046,4,0.0,mobile_gaming,late_night,0,271.0997763491416,0.0443563590300355,10.2
418936,38.0,F,US,Seattle,smart_tv,premium,5158,music,14.6,PG-13,5372,banner,sidebar,finance,4.41,6,0,0,0,0.5,0,5.75,0.63,0.01,0.03,2024-03-08 05:00:00,5,4,3,0.0,0.0,0.0,0.1385326666666666,6,0.0,smart_tv_finance,late_night,0,271.0997763491416,0.0443563590300355,0.5
274772,13.0,M,IN,Bengaluru,desktop,family,6746,documentary,22.0,PG,5415,banner,pre_roll,healthcare,2.46,9,1,0,1,10.3,1,2.73,0.54,0.33,0.11,2024-03-08 05:00:00,5,4,3,0.1111111111111111,0.0,0.2222222222222222,0.3850003333333333,9,0.1111111111111111,desktop_healthcare,late_night,0,271.0997763491416,0.0443563590300355,10.3
627594,33.0,M,IN,Bengaluru,desktop,free,8198,news,58.0,PG,5123,audio,post_roll,retail,9.93,5,0,0,0,43.3,5,11.98,2.17,0.02,0.06,2024-03-08 05:00:00,5,4,3,0.0,0.0,1.0,0.7127916666666667,5,0.0,desktop_retail,late_night,0,271.0997763491416,0.0443563590300355,43.3
242194,65.0,M,IN,Mumbai,mobile,free,2748,gaming,2.0,PG-13,5307,banner,sidebar,gaming,8.42,11,0,0,0,0.5,4,9.65,1.21,0.04,0.11,2024-03-08 05:00:00,5,4,3,0.0,0.0,0.3636363636363636,0.3323756666666666,11,0.0,mobile_gaming,late_night,0,271.0997763491416,0.0443563590300355,0.5
613866,23.0,F,BR,Rio de Janeiro,mobile,premium,8905,gaming,40.8,PG,5165,native,post_roll,travel,8.94,1,0,0,0,21.1,4,10.18,2.14,0.0,0.01,2024-03-08 05:00:00,5,4,3,0.0,0.0,4.0,0.5273196666666666,1,0.0,mobile_travel,late_night,0,271.0997763491416,0.0443563590300355,43.900000000000006
448298,52.0,F,FR,Lyon,desktop,free,8279,gaming,24.5,PG-13,5347,interstitial,post_roll,gaming,1.07,6,0,0,0,8.5,2,8.24,0.81,0.02,0.05,2024-03-08 05:00:00,5,4,3,0.0,0.0,0.3333333333333333,0.2852996666666667,6,0.0,desktop_gaming,late_night,0,271.0997763491416,0.0443563590300355,8.5
475082,58.0,F,BR,Rio de Janeiro,mobile,basic,3166,documentary,61.2,PG-13,5309,video,pre_roll,retail,6.64,6,0,0,0,36.3,2,12.47,0.95,0.03,0.07,2024-03-08 05:00:00,5,4,3,0.0,0.0,0.3333333333333333,0.5276529999999999,6,0.0,mobile_retail,late_night,0,271.0997763491416,0.0443563590300355,36.3
155307,24.0,M,UK,Manchester,desktop,family,2301,documentary,72.1,G,5041,interstitial,in_feed,tech,2.46,11,0,0,0,35.3,6,6.61,1.76,0.03,0.07,2024-03-08 05:00:00,5,4,3,0.0,0.0,0.5454545454545454,0.703557,11,0.0,desktop_tech,late_night,0,271.0997763491416,0.0443563590300355,35.3
643040,17.0,F,US,Austin,desktop,free,9665,kids,25.5,G,5566,interstitial,in_feed,gaming,5.14,10,0,0,0,14.9,4,14.05,0.79,0.06,0.14,2024-03-08 05:00:00,5,4,3,0.0,0.0,0.4,0.4567049999999999,10,0.0,desktop_gaming,late_night,0,271.0997763491416,0.0443563590300355,14.9
795522,39.0,M,UK,London,mobile,basic,4963,comedy,4.3,PG-13,5406,interstitial,post_roll,tech,5.85,7,0,0,0,0.5,0,8.16,0.78,0.02,0.06,2024-03-08 06:00:00,6,4,3,0.0,0.0,0.0,0.1385326666666666,7,0.0,mobile_tech,morning,0,271.0997763491416,0.0443563590300355,5.85
745802,49.0,F,US,Chicago,desktop,free,3037,kids,14.8,G,5627,banner,sidebar,travel,5.29,5,0,0,0,0.9,1,6.49,1.38,0.01,0.03,2024-03-08 06:00:00,6,4,3,0.0,0.0,0.2,0.184607,5,0.0,desktop_travel,morning,0,271.0997763491416,0.0443563590300355,0.9
676178,44.0,M,JP,Osaka,desktop,free,1500,news,28.3,PG,5071,audio,pre_roll,cpg,8.44,8,0,0,0,21.6,3,15.55,1.5,0.05,0.12,2024-03-08 06:00:00,6,4,3,0.0,0.0,0.375,0.4774319999999999,8,0.0,desktop_cpg,morning,0,271.0997763491416,0.0443563590300355,21.6
118439,37.0,M,JP,Tokyo,mobile,basic,9209,news,68.5,PG-13,5090,native,sidebar,finance,8.52,11,0,0,0,33.2,1,8.09,1.45,0.04,0.09,2024-03-08 06:00:00,6,4,3,0.0,0.0,0.0909090909090909,0.4590176666666666,11,0.0,mobile_finance,morning,0,271.0997763491416,0.0443563590300355,33.2
642526,36.0,F,DE,Munich,desktop,free,4201,kids,23.9,PG-13,5852,video,mid_roll,auto,6.17,3,2,0,1,11.0,5,16.45,1.44,1.75,0.48,2024-03-08 06:00:00,6,4,3,0.6666666666666666,0.0,2.333333333333333,0.6447133333333332,3,0.6666666666666666,desktop_auto,morning,0,271.0997763491416,0.0443563590300355,11.0
305363,48.0,Other,US,Austin,mobile,free,6158,documentary,44.9,PG-13,5886,video,sidebar,finance,3.49,4,0,0,0,17.8,6,6.4,0.95,0.01,0.03,2024-03-08 06:00:00,6,4,3,0.0,0.0,1.5,0.5516356666666666,4,0.0,mobile_finance,morning,0,271.0997763491416,0.0443563590300355,17.8
479778,21.0,F,US,New York,desktop,free,9017,sports,46.1,PG,5411,banner,mid_roll,finance,2.53,9,2,0,1,27.7,4,9.43,0.72,0.9,0.3,2024-03-08 06:00:00,6,4,3,0.2222222222222222,0.0,0.6666666666666666,0.7522916666666666,9,0.2222222222222222,desktop_finance,morning,0,271.0997763491416,0.0443563590300355,27.7
966000,47.0,F,US,Austin,desktop,premium,4271,news,14.0,PG-13,5116,video,in_feed,cpg,6.35,6,1,0,1,19.0,3,7.61,2.49,1.51,0.42,2024-03-08 06:00:00,6,4,3,0.1666666666666666,0.0,0.6666666666666666,0.5963943333333332,6,0.1666666666666666,desktop_cpg,morning,0,271.0997763491416,0.0443563590300355,19.0
402625,53.0,M,US,Chicago,mobile,free,7521,music,40.0,PG,5950,audio,pre_roll,gaming,3.85,3,0,0,0,19.8,1,10.44,0.34,0.01,0.03,2024-03-08 07:00:00,7,4,3,0.0,0.0,0.3333333333333333,0.3383096666666667,3,0.0,mobile_gaming,morning,0,271.0997763491416,0.0443563590300355,19.8
185372,52.0,M,BR,Rio de Janeiro,mobile,basic,8319,kids,35.0,PG,5196,interstitial,post_roll,retail,2.84,7,0,0,0,13.2,2,13.17,0.23,0.04,0.09,2024-03-08 07:00:00,7,4,3,0.0,0.0,0.2857142857142857,0.3267089999999999,7,0.0,mobile_retail,morning,0,271.0997763491416,0.0443563590300355,13.2
433758,17.0,F,US,Austin,mobile,basic,1344,gaming,11.5,R,5903,banner,post_roll,finance,4.94,5,1,0,1,16.7,1,8.74,1.04,0.64,0.2,2024-03-08 07:00:00,7,4,3,0.2,0.0,0.4,0.4723723333333333,5,0.2,mobile_finance,morning,0,271.0997763491416,0.0443563590300355,16.7
858658,21.0,M,US,Austin,desktop,family,7032,drama,34.1,G,5216,video,post_roll,finance,3.18,2,0,0,0,14.9,3,11.42,1.71,0.01,0.02,2024-03-08 07:00:00,7,4,3,0.0,0.0,1.5,0.4022559999999999,2,0.0,desktop_finance,morning,0,271.0997763491416,0.0443563590300355,14.9
119073,29.0,F,BR,Sao Paulo,mobile,basic,8192,news,36.9,R,5589,native,mid_roll,cpg,10.67,5,0,0,0,13.2,3,11.25,1.12,0.02,0.06,2024-03-08 07:00:00,7,4,3,0.0,0.0,0.6,0.3865999999999999,5,0.0,mobile_cpg,morning,0,271.0997763491416,0.0443563590300355,13.2
919060,20.0,F,IN,Mumbai,mobile,free,1672,gaming,23.3,G,5606,video,post_roll,retail,12.06,2,0,0,0,7.8,2,10.46,1.27,0.01,0.02,2024-03-08 07:00:00,7,4,3,0.0,0.0,1.0,0.279513,2,0.0,mobile_retail,morning,0,271.0997763491416,0.0443563590300355,7.8
385074,22.0,F,JP,Tokyo,mobile,premium,9436,comedy,23.5,PG-13,5765,audio,mid_roll,gaming,4.51,7,0,0,0,3.5,6,8.19,0.96,0.02,0.06,2024-03-08 07:00:00,7,4,3,0.0,0.0,0.8571428571428571,0.431045,7,0.0,mobile_gaming,morning,0,271.0997763491416,0.0443563590300355,3.5
897227,30.0,F,UK,Manchester,mobile,free,2019,music,19.1,PG-13,5720,banner,pre_roll,cpg,3.13,5,0,0,0,0.5,0,11.7,1.44,0.02,0.06,2024-03-08 07:00:00,7,4,3,0.0,0.0,0.0,0.1385326666666666,5,0.0,mobile_cpg,morning,0,271.0997763491416,0.0443563590300355,0.5
981704,28.0,Unknown,CA,Toronto,mobile,basic,2628,sports,24.4,R,5263,banner,pre_roll,retail,3.53,8,0,0,0,6.5,3,9.82,0.89,0.03,0.08,2024-03-08 07:00:00,7,4,3,0.0,0.0,0.375,0.3296786666666666,8,0.0,mobile_retail,morning,0,271.0997763491416,0.0443563590300355,6.5
331100,26.0,M,BR,Sao Paulo,console,free,7133,documentary,2.0,PG-13,5186,banner,sidebar,cpg,1.54,1,0,0,0,0.5,1,10.87,0.39,0.0,0.01,2024-03-08 08:00:00,8,4,3,0.0,0.0,1.0,0.1674656666666666,1,0.0,console_cpg,morning,0,271.0997763491416,0.0443563590300355,6.966666666666666
151868,74.0,M,DE,Berlin,mobile,free,4269,sports,22.7,PG-13,5775,native,in_feed,retail,7.84,7,0,0,0,9.1,2,12.28,0.57,0.03,0.09,2024-03-08 08:00:00,8,4,3,0.0,0.0,0.2857142857142857,0.2902343333333333,7,0.0,mobile_retail,morning,0,271.0997763491416,0.0443563590300355,9.1
939091,60.0,Unknown,US,Chicago,smart_tv,free,4117,drama,64.0,PG-13,5131,video,in_feed,cpg,5.33,9,0,0,0,25.0,5,9.65,1.28,0.03,0.09,2024-03-08 08:00:00,8,4,3,0.0,0.0,0.5555555555555556,0.603129,9,0.0,smart_tv_cpg,morning,0,271.0997763491416,0.0443563590300355,25.0
495969,14.0,F,FR,Paris,mobile,premium,6691,documentary,68.7,PG-13,5771,audio,in_feed,auto,4.65,8,1,0,1,37.8,3,7.3,0.6,0.38,0.15,2024-03-08 08:00:00,8,4,3,0.125,0.0,0.5,0.737317,8,0.125,mobile_auto,morning,0,271.0997763491416,0.0443563590300355,37.8
729549,22.0,F,JP,Unknown,smart_tv,free,5518,drama,62.6,PG,5342,native,in_feed,healthcare,8.25,2,0,0,0,41.0,5,10.1,1.87,0.01,0.02,2024-03-08 08:00:00,8,4,3,0.0,0.0,2.5,0.704361,2,0.0,smart_tv_healthcare,morning,0,271.0997763491416,0.0443563590300355,41.0
501090,53.0,F,MX,Guadalajara,desktop,basic,1370,news,20.9,PG-13,5621,banner,mid_roll,retail,2.36,8,1,0,1,0.5,3,10.06,0.75,0.48,0.19,2024-03-08 08:00:00,8,4,3,0.125,0.0,0.5,0.4202676666666666,8,0.125,desktop_retail,morning,0,271.0997763491416,0.0443563590300355,0.5
979223,44.0,F,JP,Osaka,mobile,basic,1518,music,29.5,PG,5367,audio,in_feed,tech,7.41,9,0,0,0,13.7,1,8.75,1.08,0.03,0.08,2024-03-08 08:00:00,8,4,3,0.0,0.0,0.1111111111111111,0.280603,9,0.0,mobile_tech,morning,0,271.0997763491416,0.0443563590300355,13.7
261110,27.0,M,US,New York,tablet,family,6480,gaming,46.7,PG-13,5343,banner,post_roll,cpg,6.11,3,0,0,0,29.4,5,8.01,1.55,0.01,0.02,2024-03-08 08:00:00,8,4,3,0.0,0.0,1.6666666666666667,0.6383983333333333,3,0.0833333333333333,tablet_cpg,morning,0,271.0997763491416,0.0443563590300355,51.95
500590,40.0,F,IN,Mumbai,mobile,free,9662,music,2.0,PG,5959,audio,post_roll,cpg,3.18,10,0,0,0,2.0,3,11.84,0.71,0.05,0.12,2024-03-08 08:00:00,8,4,3,0.0,0.0,0.3,0.3006866666666666,10,0.0,mobile_cpg,morning,0,271.0997763491416,0.0443563590300355,2.0
309057,56.0,F,IN,Bengaluru,smart_tv,premium,4174,drama,64.6,G,5933,audio,post_roll,auto,5.73,11,1,0,1,42.7,5,10.97,0.8,0.53,0.24,2024-03-08 08:00:00,8,4,3,0.0909090909090909,0.0,0.5454545454545454,0.8300449999999999,11,0.0909090909090909,smart_tv_auto,morning,0,271.0997763491416,0.0443563590300355,26.35
737548,44.0,M,UK,London,tablet,free,5815,comedy,24.2,PG-13,5156,native,pre_roll,retail,9.79,1,0,0,0,17.6,4,10.84,1.39,0.0,0.01,2024-03-08 09:00:00,9,4,3,0.0,0.0,4.0,0.4822916666666667,1,0.0,tablet_retail,morning,0,271.0997763491416,0.0443563590300355,17.6
236420,57.0,F,BR,Rio de Janeiro,mobile,free,2862,comedy,58.6,R,5846,audio,mid_roll,cpg,5.42,7,0,0,0,39.2,4,5.93,1.57,0.02,0.04,2024-03-08 09:00:00,9,4,3,0.0,0.0,0.5714285714285714,0.6561476666666667,7,0.0,mobile_cpg,morning,0,271.0997763491416,0.0443563590300355,39.2
211833,21.0,M,US,New York,desktop,free,1928,music,2.0,R,5391,native,in_feed,cpg,2.74,8,0,0,0,3.9,3,8.46,1.1,0.03,0.07,2024-03-08 09:00:00,9,4,3,0.0,0.0,0.375,0.31184,8,0.0,desktop_cpg,morning,0,271.0997763491416,0.0443563590300355,3.9
725113,64.0,Unknown,UK,Manchester,desktop,premium,7627,sports,22.1,PG-13,5034,banner,in_feed,travel,1.79,5,0,0,0,14.6,1,9.1,0.93,0.02,0.05,2024-03-08 09:00:00,9,4,3,0.0,0.0,0.2,0.2889803333333333,5,0.0,desktop_travel,morning,0,271.0997763491416,0.0443563590300355,14.6
292178,34.0,M,BR,Rio de Janeiro,desktop,free,6541,music,43.5,PG,5508,banner,post_roll,gaming,4.33,3,0,0,0,30.0,1,9.73,1.55,0.01,0.03,2024-03-08 09:00:00,9,4,3,0.0,0.0,0.3333333333333333,0.437323,3,0.0,desktop_gaming,morning,0,271.0997763491416,0.0443563590300355,30.0
972924,28.0,F,BR,Sao Paulo,tablet,basic,2922,kids,60.7,PG-13,5498,banner,sidebar,auto,5.89,2,0,0,0,95.05050000000048,3,13.33,1.15,0.01,0.03,2024-03-08 09:00:00,9,4,3,0.0,0.0,1.5,0.6615226666666667,2,0.0,tablet_auto,morning,0,271.0997763491416,0.0443563590300355,95.05050000000048
401744,30.0,M,US,Seattle,desktop,free,8017,music,29.5,G,5453,video,post_roll,gaming,7.4,10,1,0,1,11.9,1,9.85,1.52,0.95,0.33,2024-03-08 09:00:00,9,4,3,0.1,0.0,0.2,0.3917053333333333,10,0.1,desktop_gaming,morning,0,271.0997763491416,0.0443563590300355,11.9
744934,25.0,F,AU,Melbourne,mobile,free,4410,music,25.0,R,5082,interstitial,pre_roll,gaming,5.35,1,0,0,0,2.6,0,7.83,0.78,0.0,0.01,2024-03-08 09:00:00,9,4,3,0.0,0.0,0.0,0.1646833333333333,1,0.0,mobile_gaming,morning,0,271.0997763491416,0.0443563590300355,2.6
184924,33.0,M,MX,Guadalajara,smart_tv,free,4185,kids,68.9,PG,5271,video,post_roll,gaming,7.82,9,0,0,0,36.5,5,6.12,1.84,0.02,0.06,2024-03-08 09:00:00,9,4,3,0.0,0.0,0.5555555555555556,0.683729,9,0.0,smart_tv_gaming,morning,0,271.0997763491416,0.0443563590300355,36.5
663353,55.0,M,JP,Osaka,smart_tv,premium,3713,sports,25.7,PG-13,5045,video,mid_roll,healthcare,4.67,4,1,0,1,25.9,2,13.11,1.41,0.87,0.26,2024-03-08 09:00:00,9,4,3,0.25,0.0,0.75,0.6267246666666666,4,0.25,smart_tv_healthcare,morning,0,271.0997763491416,0.0443563590300355,25.9
794159,15.0,M,US,Seattle,mobile,free,4330,documentary,68.4,G,5363,interstitial,post_roll,gaming,8.67,7,1,0,1,37.0,3,15.29,1.29,0.82,0.3,2024-03-08 09:00:00,9,4,3,0.1428571428571428,0.0,0.5714285714285714,0.7402123333333332,7,0.1428571428571428,mobile_gaming,morning,0,271.0997763491416,0.0443563590300355,37.0
936916,72.0,F,FR,Paris,mobile,free,1876,comedy,51.3,PG,5033,video,post_roll,retail,4.72,10,0,0,0,18.7,7,11.4,0.78,0.05,0.11,2024-03-08 09:00:00,9,4,3,0.0,0.0,0.7,0.575464,10,0.0,mobile_retail,morning,0,271.0997763491416,0.0443563590300355,10.4
453485,54.0,M,UK,Manchester,tablet,premium,4926,drama,33.2,PG,5615,native,in_feed,retail,6.7,2,0,0,0,20.6,1,11.5,2.55,0.01,0.02,2024-03-08 09:00:00,9,4,3,0.0,0.0,0.5,0.3518043333333333,2,0.0,tablet_retail,morning,0,271.0997763491416,0.0443563590300355,20.6
765486,68.0,F,DE,Munich,desktop,free,1452,documentary,50.3,R,5501,audio,in_feed,healthcare,3.97,3,0,0,0,23.9,1,10.95,0.74,0.01,0.03,2024-03-08 10:00:00,10,4,3,0.0,0.0,0.3333333333333333,0.387843,3,0.0,desktop_healthcare,morning,0,271.0997763491416,0.0443563590300355,23.9
488238,35.0,M,US,Austin,tablet,basic,7204,documentary,39.9,R,5153,native,in_feed,finance,3.63,10,0,0,0,21.9,1,15.98,1.01,0.06,0.16,2024-03-08 10:00:00,10,4,3,0.0,0.0,0.1,0.369735,10,0.0,tablet_finance,morning,0,271.0997763491416,0.0443563590300355,21.9
779892,16.0,M,FR,Paris,mobile,basic,2865,music,49.6,PG-13,5225,video,mid_roll,finance,5.52,3,0,0,0,14.0,2,11.03,0.8,0.01,0.03,2024-03-08 10:00:00,10,4,3,0.0,0.0,0.6666666666666666,0.333885,3,0.0,mobile_finance,morning,0,271.0997763491416,0.0443563590300355,13.5
443232,20.0,F,UK,Manchester,mobile,free,7077,drama,7.1,PG-13,5362,video,in_feed,tech,8.33,11,0,0,0,0.5,3,13.44,1.35,0.06,0.15,2024-03-08 10:00:00,10,4,3,0.0,0.0,0.2727272727272727,0.2779266666666666,11,0.0,mobile_tech,morning,0,271.0997763491416,0.0443563590300355,0.5
817404,68.0,M,IN,Mumbai,desktop,basic,7272,comedy,55.2,R,5658,interstitial,pre_roll,gaming,6.68,5,0,0,0,34.7,0,12.22,1.67,0.02,0.06,2024-03-08 10:00:00,10,4,3,0.0,0.0,0.0,0.4390566666666667,5,0.0,desktop_gaming,morning,0,271.0997763491416,0.0443563590300355,34.7
668342,58.0,F,UK,London,smart_tv,free,6021,documentary,44.7,PG,5955,audio,mid_roll,gaming,10.15,3,0,0,0,12.2,1,12.09,1.63,0.01,0.04,2024-03-08 10:00:00,10,4,3,0.0,0.0,0.3333333333333333,0.2670309999999999,3,0.0,smart_tv_gaming,morning,0,271.0997763491416,0.0443563590300355,13.85
411619,29.0,F,IN,Hyderabad,mobile,premium,6571,kids,21.8,R,5010,audio,pre_roll,tech,5.39,7,0,0,0,14.7,4,13.75,1.3,0.04,0.1,2024-03-08 10:00:00,10,4,3,0.0,0.0,0.5714285714285714,0.4548316666666666,7,0.0,mobile_tech,morning,0,271.0997763491416,0.0443563590300355,14.7
777488,31.0,M,JP,Osaka,mobile,premium,3543,sports,40.3,R,5586,native,in_feed,finance,1.68,11,0,0,0,38.1,4,12.68,0.6,0.06,0.14,2024-03-08 10:00:00,10,4,3,0.0,0.0,0.3636363636363636,0.6508063333333333,11,0.0,mobile_finance,morning,0,271.0997763491416,0.0443563590300355,38.1
532766,19.0,F,IN,Mumbai,mobile,family,1920,drama,40.4,PG,5799,interstitial,in_feed,cpg,3.24,5,0,0,0,28.9,4,10.49,1.39,0.02,0.05,2024-03-08 11:00:00,11,4,3,0.0,0.0,0.8,0.593853,5,0.0,mobile_cpg,morning,0,271.0997763491416,0.0443563590300355,28.9
276347,47.0,F,IN,Hyderabad,desktop,free,7284,drama,53.6,PG,5715,interstitial,pre_roll,cpg,3.93,11,1,0,1,22.3,1,7.43,0.59,0.39,0.17,2024-03-08 11:00:00,11,4,3,0.0909090909090909,0.0,0.1818181818181818,0.4926136666666666,11,0.0909090909090909,desktop_cpg,morning,0,271.0997763491416,0.0443563590300355,22.3
738094,20.0,M,BR,Rio de Janeiro,smart_tv,free,5866,gaming,2.0,PG-13,5525,interstitial,in_feed,healthcare,3.98,7,0,0,0,9.4,1,9.97,1.16,0.03,0.07,2024-03-08 11:00:00,11,4,3,0.0,0.0,0.1428571428571428,0.2421963333333333,7,0.0,smart_tv_healthcare,morning,0,271.0997763491416,0.0443563590300355,9.4
978488,18.0,M,IN,Hyderabad,desktop,basic,8931,comedy,42.7,PG-13,5635,video,pre_roll,travel,7.09,6,1,0,1,25.6,3,9.34,0.56,0.36,0.14,2024-03-08 11:00:00,11,4,3,0.1666666666666666,0.0,0.6666666666666666,0.6681596666666667,6,0.1666666666666666,desktop_travel,morning,0,271.0997763491416,0.0443563590300355,25.6
164061,25.0,F,AU,Melbourne,desktop,free,6600,music,55.7,PG-13,5245,audio,post_roll,tech,4.84,3,1,0,1,21.2,0,8.25,0.95,0.58,0.17,2024-03-08 11:00:00,11,4,3,0.3333333333333333,0.0,0.3333333333333333,0.5117113333333333,3,0.3333333333333333,desktop_tech,morning,0,271.0997763491416,0.0443563590300355,21.2
375901,53.0,M,US,Seattle,mobile,free,2090,news,49.8,PG-13,5289,native,in_feed,healthcare,4.83,8,0,0,0,38.2,4,9.68,1.23,0.03,0.08,2024-03-08 11:00:00,11,4,3,0.0,0.0,0.5,0.6513103333333333,8,0.0,mobile_healthcare,morning,0,271.0997763491416,0.0443563590300355,38.2
856616,35.0,F,US,New York,desktop,free,5144,comedy,47.0,G,5524,banner,pre_roll,travel,2.36,5,0,0,0,32.6,4,9.14,1.18,0.02,0.05,2024-03-08 11:00:00,11,4,3,0.0,0.0,0.8,0.6202383333333333,5,0.0,desktop_travel,morning,0,271.0997763491416,0.0443563590300355,32.6
375968,73.0,M,UK,London,mobile,free,4144,music,20.7,G,5727,audio,pre_roll,gaming,9.49,5,0,0,0,5.5,4,10.75,1.29,0.02,0.05,2024-03-08 11:00:00,11,4,3,0.0,0.0,0.8,0.377069,5,0.0,mobile_gaming,morning,0,271.0997763491416,0.0443563590300355,5.5
956058,17.0,F,IN,Bengaluru,tablet,premium,3993,comedy,35.2,PG-13,5286,video,post_roll,healthcare,4.35,4,0,0,0,22.0,4,4.85,0.97,0.01,0.02,2024-03-08 11:00:00,11,4,3,0.0,0.0,1.0,0.5355063333333333,4,0.0,tablet_healthcare,morning,0,271.0997763491416,0.0443563590300355,22.0
323097,53.0,M,DE,Munich,console,free,9690,music,40.4,PG,5762,video,in_feed,tech,6.02,1,0,0,0,28.6,2,11.3,1.39,0.0,0.01,2024-03-08 11:00:00,11,4,3,0.0,0.0,2.0,0.4771743333333333,1,0.0,console_tech,morning,0,271.0997763491416,0.0443563590300355,28.6
480014,74.0,F,BR,Rio de Janeiro,mobile,free,8743,music,41.9,G,5621,native,pre_roll,healthcare,12.75,5,0,0,0,28.9,2,16.04,1.18,0.03,0.08,2024-03-08 11:00:00,11,4,3,0.0,0.0,0.4,0.4795129999999999,5,0.0,mobile_healthcare,morning,0,271.0997763491416,0.0443563590300355,27.05
367079,30.0,M,UK,Manchester,tablet,free,1203,gaming,9.0,G,5067,audio,in_feed,auto,9.11,4,0,0,0,20.6,4,14.04,1.33,0.02,0.06,2024-03-08 12:00:00,12,4,3,0.0,0.0,1.0,0.5167143333333333,4,0.0,tablet_auto,afternoon,0,271.0997763491416,0.0443563590300355,16.166666666666668
908349,25.0,F,IN,Mumbai,mobile,free,3091,comedy,3.7,PG-13,5604,native,in_feed,retail,5.0,7,0,0,0,0.5,2,14.07,1.61,0.04,0.1,2024-03-08 12:00:00,12,4,3,0.0,0.0,0.2857142857142857,0.2180356666666666,7,0.0,mobile_retail,afternoon,0,271.0997763491416,0.0443563590300355,0.5
662034,62.0,M,US,Seattle,desktop,family,1141,drama,51.7,PG-13,5464,banner,pre_roll,travel,9.73,4,0,0,0,13.0,4,8.54,0.05,0.01,0.03,2024-03-08 12:00:00,12,4,3,0.0,0.0,1.0,0.4392556666666666,4,0.0,desktop_travel,afternoon,0,271.0997763491416,0.0443563590300355,13.0
935077,50.0,M,US,Chicago,smart_tv,free,9870,comedy,37.6,R,5018,video,sidebar,gaming,2.79,3,0,0,0,17.4,2,12.28,1.16,0.01,0.04,2024-03-08 12:00:00,12,4,3,0.0,0.0,0.6666666666666666,0.365977,3,0.0,smart_tv_gaming,afternoon,0,271.0997763491416,0.0443563590300355,19.2
589674,71.0,M,DE,Munich,mobile,premium,5355,kids,36.3,PG,5136,video,pre_roll,retail,1.7,2,0,0,0,9.3,1,8.96,0.8,0.01,0.02,2024-03-08 12:00:00,12,4,3,0.0,0.0,0.5,0.2413349999999999,2,0.0,mobile_retail,afternoon,0,271.0997763491416,0.0443563590300355,9.3
863893,45.0,M,FR,Lyon,desktop,premium,3489,drama,14.0,G,5320,banner,mid_roll,gaming,3.96,6,0,0,0,21.1,3,13.27,0.94,0.03,0.08,2024-03-08 12:00:00,12,4,3,0.0,0.0,0.5,0.4728706666666666,6,0.0,desktop_gaming,afternoon,0,271.0997763491416,0.0443563590300355,21.1
772140,71.0,F,IN,Bengaluru,tablet,free,3682,gaming,12.8,R,5807,banner,in_feed,travel,10.71,10,0,0,0,8.6,2,8.98,2.19,0.04,0.09,2024-03-08 12:00:00,12,4,3,0.0,0.0,0.2,0.286109,10,0.0,tablet_travel,afternoon,0,271.0997763491416,0.0443563590300355,8.6
785700,69.0,F,DE,Munich,mobile,premium,6787,news,38.6,G,5813,audio,sidebar,travel,4.66,1,0,0,0,31.7,11,8.72,0.94,0.0,0.01,2024-03-08 12:00:00,12,4,3,0.0,0.0,11.0,0.7119133333333333,1,0.0,mobile_travel,afternoon,0,271.0997763491416,0.0443563590300355,39.65
167940,46.0,M,UK,Manchester,mobile,basic,2748,sports,88.9,R,5159,native,in_feed,travel,15.33,4,0,0,0,77.2,4,16.39,0.66,0.03,0.07,2024-03-08 12:00:00,12,4,3,0.0,0.0,1.0,0.7132543333333333,4,0.0,mobile_travel,afternoon,0,271.0997763491416,0.0443563590300355,77.2
283513,29.0,M,UK,Manchester,mobile,family,6727,gaming,18.0,G,5001,video,sidebar,gaming,7.26,5,0,0,0,20.6,3,3.69,0.99,0.01,0.02,2024-03-08 12:00:00,12,4,3,0.0,0.0,0.6,0.4622653333333333,5,0.0,mobile_gaming,afternoon,0,271.0997763491416,0.0443563590300355,20.6
499356,33.0,M,MX,Guadalajara,mobile,basic,5526,news,30.8,PG,5409,video,sidebar,retail,4.54,6,0,0,0,17.0,1,4.47,1.58,0.01,0.03,2024-03-08 12:00:00,12,4,3,0.0,0.0,0.1666666666666666,0.3115816666666666,6,0.0,mobile_retail,afternoon,0,271.0997763491416,0.0443563590300355,17.0
829655,44.0,F,US,New York,mobile,family,7686,gaming,52.4,PG-13,5032,native,mid_roll,retail,5.14,3,0,0,0,31.6,4,9.13,1.11,0.01,0.03,2024-03-08 12:00:00,12,4,3,0.0,0.0,1.3333333333333333,0.613477,3,0.0,mobile_retail,afternoon,0,271.0997763491416,0.0443563590300355,31.6
306974,71.0,M,IN,Hyderabad,desktop,premium,2831,music,32.0,PG-13,5370,banner,post_roll,retail,6.67,6,0,0,0,15.5,2,8.26,1.32,0.02,0.05,2024-03-08 12:00:00,12,4,3,0.0,0.0,0.3333333333333333,0.347933,6,0.0,desktop_retail,afternoon,0,271.0997763491416,0.0443563590300355,15.5
675143,36.0,M,US,New York,tablet,basic,6821,gaming,27.0,PG-13,5503,video,in_feed,finance,4.99,5,0,0,0,15.9,0,5.76,1.23,0.01,0.03,2024-03-08 12:00:00,12,4,3,0.0,0.0,0.0,0.2723673333333333,5,0.0,tablet_finance,afternoon,0,271.0997763491416,0.0443563590300355,15.9
148747,59.0,M,IN,Bengaluru,mobile,family,7215,gaming,2.0,R,5402,audio,mid_roll,healthcare,2.47,6,0,0,0,0.5,3,8.03,1.72,0.02,0.05,2024-03-08 12:00:00,12,4,3,0.0,0.0,0.5,0.2779266666666666,6,0.0,mobile_healthcare,afternoon,0,271.0997763491416,0.0443563590300355,0.5
338881,41.0,M,UK,Manchester,mobile,basic,1854,music,2.0,PG,5718,video,in_feed,travel,3.69,8,0,0,0,20.6,4,11.81,1.04,0.04,0.09,2024-03-08 12:00:00,12,4,3,0.0,0.0,0.5,0.5167143333333333,8,0.0,mobile_travel,afternoon,0,271.0997763491416,0.0443563590300355,20.6
577865,74.0,F,DE,Berlin,tablet,free,1670,kids,45.7,R,5657,interstitial,mid_roll,auto,6.28,9,0,0,0,25.7,3,16.88,1.88,0.06,0.15,2024-03-08 13:00:00,13,4,3,0.0,0.0,0.3333333333333333,0.5138533333333333,9,0.0,tablet_auto,afternoon,0,271.0997763491416,0.0443563590300355,25.7
841225,18.0,M,IN,Bengaluru,mobile,premium,8077,documentary,38.9,PG-13,5314,native,sidebar,gaming,5.55,4,0,0,0,14.0,4,9.74,1.03,0.02,0.04,2024-03-08 13:00:00,13,4,3,0.0,0.0,1.0,0.448225,4,0.0,mobile_gaming,afternoon,0,271.0997763491416,0.0443563590300355,20.85
187964,32.0,F,BR,Sao Paulo,mobile,basic,3802,music,31.4,G,5004,banner,sidebar,gaming,2.39,8,0,0,0,3.9,1,11.18,0.8,0.04,0.09,2024-03-08 13:00:00,13,4,3,0.0,0.0,0.125,0.2013789999999999,8,0.0,mobile_gaming,afternoon,0,271.0997763491416,0.0443563590300355,3.9
612783,16.0,F,DE,Munich,smart_tv,premium,8608,sports,40.9,R,5150,interstitial,mid_roll,travel,8.24,7,0,0,0,29.3,1,8.67,1.41,0.02,0.06,2024-03-08 13:00:00,13,4,3,0.0,0.0,0.1428571428571428,0.432035,7,0.0,smart_tv_travel,afternoon,0,271.0997763491416,0.0443563590300355,29.3
379505,63.0,F,US,Seattle,desktop,basic,7385,news,14.6,G,5301,banner,sidebar,tech,3.26,4,0,0,0,0.5,1,8.34,1.64,0.01,0.03,2024-03-08 13:00:00,13,4,3,0.0,0.0,0.25,0.1674656666666666,4,0.0,desktop_tech,afternoon,0,271.0997763491416,0.0443563590300355,0.5
739951,33.0,M,DE,Munich,desktop,free,3304,comedy,28.7,PG,5564,audio,in_feed,retail,4.22,6,0,0,0,15.6,1,7.94,1.38,0.02,0.05,2024-03-08 13:00:00,13,4,3,0.0,0.0,0.1666666666666666,0.2983896666666666,6,0.0,desktop_retail,afternoon,0,271.0997763491416,0.0443563590300355,15.6
506300,37.0,F,US,Chicago,mobile,family,9191,drama,40.4,PG-13,5674,interstitial,pre_roll,travel,1.37,9,1,0,1,23.2,3,9.51,1.54,0.96,0.32,2024-03-08 13:00:00,13,4,3,0.1111111111111111,0.0,0.4444444444444444,0.6271893333333334,9,0.1111111111111111,mobile_travel,afternoon,0,271.0997763491416,0.0443563590300355,23.2
471467,35.0,F,BR,Rio de Janeiro,mobile,premium,4141,gaming,34.3,PG,5082,banner,mid_roll,finance,3.99,7,0,0,0,28.5,2,13.31,0.6,0.04,0.09,2024-03-08 13:00:00,13,4,3,0.0,0.0,0.2857142857142857,0.4764103333333333,7,0.0,mobile_finance,afternoon,0,271.0997763491416,0.0443563590300355,28.5
356969,51.0,F,IN,Mumbai,smart_tv,free,8363,comedy,59.3,PG-13,5587,audio,mid_roll,auto,5.3,8,0,0,0,31.0,3,10.61,0.46,0.03,0.08,2024-03-08 14:00:00,14,4,3,0.0,0.0,0.375,0.5547693333333333,8,0.0,smart_tv_auto,afternoon,0,271.0997763491416,0.0443563590300355,31.0
812495,47.0,M,CA,Toronto,tablet,free,2081,sports,2.0,PG,5152,audio,in_feed,travel,2.87,10,1,0,1,0.5,3,8.46,1.64,1.02,0.33,2024-03-08 14:00:00,14,4,3,0.1,0.0,0.4,0.4053236666666666,10,0.1,tablet_travel,afternoon,0,271.0997763491416,0.0443563590300355,0.5
204000,72.0,M,IN,Hyderabad,desktop,basic,8134,kids,40.6,PG-13,5399,native,post_roll,auto,5.31,8,1,0,1,44.4,3,9.04,1.07,0.67,0.23,2024-03-08 14:00:00,14,4,3,0.125,0.0,0.5,0.7634823333333334,8,0.125,desktop_auto,afternoon,0,271.0997763491416,0.0443563590300355,44.4
578553,30.0,M,US,Chicago,mobile,free,7022,kids,54.7,PG,5945,interstitial,mid_roll,cpg,7.09,4,0,0,0,42.1,3,9.0,1.18,0.01,0.04,2024-03-08 14:00:00,14,4,3,0.0,0.0,0.75,0.6133746666666666,4,0.0,mobile_cpg,afternoon,0,271.0997763491416,0.0443563590300355,42.1
103706,21.0,M,BR,Rio de Janeiro,mobile,free,5906,sports,95.1,R,5900,native,post_roll,cpg,9.55,1,0,0,0,54.9,5,12.7,1.17,0.01,0.01,2024-03-08 14:00:00,14,4,3,0.0,0.0,5.0,0.7397476666666667,1,0.0,mobile_cpg,afternoon,0,271.0997763491416,0.0443563590300355,54.9
732532,37.0,M,FR,Paris,mobile,premium,3864,sports,49.2,PG-13,5402,interstitial,pre_roll,retail,3.74,8,1,0,1,40.7,4,13.59,1.65,1.03,0.36,2024-03-08 14:00:00,14,4,3,0.125,0.0,0.625,0.8048500000000001,8,0.125,mobile_retail,afternoon,0,271.0997763491416,0.0443563590300355,40.7
917179,56.0,M,UK,London,mobile,free,8565,drama,20.8,R,5286,interstitial,in_feed,cpg,6.26,9,1,0,1,25.1,6,10.73,1.12,0.71,0.26,2024-03-08 14:00:00,14,4,3,0.1111111111111111,0.0,0.7777777777777778,0.7656303333333334,9,0.1111111111111111,mobile_cpg,afternoon,0,271.0997763491416,0.0443563590300355,25.1
324063,55.0,F,US,Chicago,smart_tv,family,4978,documentary,43.3,PG,5066,native,sidebar,travel,5.94,7,0,0,0,33.4,2,9.33,1.7,0.03,0.07,2024-03-08 14:00:00,14,4,3,0.0,0.0,0.2857142857142857,0.5108836666666667,7,0.0,smart_tv_travel,afternoon,0,271.0997763491416,0.0443563590300355,41.15
152231,16.0,F,DE,Berlin,desktop,basic,2138,comedy,13.2,PG,5121,interstitial,post_roll,retail,8.92,10,0,0,0,2.6,5,13.59,2.49,0.05,0.14,2024-03-08 14:00:00,14,4,3,0.0,0.0,0.5,0.3992463333333333,10,0.0,desktop_retail,afternoon,0,271.0997763491416,0.0443563590300355,2.6
237920,38.0,M,UK,London,mobile,basic,7504,documentary,29.8,PG-13,5538,video,in_feed,retail,1.33,1,0,0,0,25.1,0,10.24,1.65,0.0,0.01,2024-03-08 14:00:00,14,4,3,0.0,0.0,0.0,0.3694233333333333,1,0.0,mobile_retail,afternoon,0,271.0997763491416,0.0443563590300355,25.1
398002,16.0,F,US,Seattle,mobile,free,6704,comedy,2.0,R,5353,interstitial,in_feed,auto,3.13,5,0,0,0,0.5,3,9.76,1.29,0.02,0.05,2024-03-08 14:00:00,14,4,3,0.0,0.0,0.6,0.2779266666666666,5,0.0,mobile_auto,afternoon,0,271.0997763491416,0.0443563590300355,0.5
837954,71.0,M,DE,Berlin,mobile,premium,6703,comedy,2.0,R,5729,video,post_roll,retail,6.0,6,0,0,0,0.5,1,10.57,0.51,0.03,0.06,2024-03-08 14:00:00,14,4,3,0.0,0.0,0.1666666666666666,0.1674656666666666,6,0.0,mobile_retail,afternoon,0,271.0997763491416,0.0443563590300355,3.75
152831,73.0,F,DE,Munich,mobile,free,6695,comedy,74.8,PG,5773,video,sidebar,gaming,3.26,9,0,0,0,46.7,7,7.21,1.53,0.03,0.06,2024-03-08 14:00:00,14,4,3,0.0,0.0,0.7777777777777778,0.7649386666666667,9,0.0,mobile_gaming,afternoon,0,271.0997763491416,0.0443563590300355,46.7
748261,70.0,F,US,Austin,desktop,basic,3283,documentary,21.2,PG-13,5354,banner,sidebar,gaming,7.05,7,0,0,0,7.8,2,9.82,0.81,0.03,0.07,2024-03-08 14:00:00,14,4,3,0.0,0.0,0.2857142857142857,0.279513,7,0.0,desktop_gaming,afternoon,0,271.0997763491416,0.0443563590300355,7.8
360685,73.0,F,CA,Toronto,smart_tv,free,5523,comedy,46.9,G,5914,native,post_roll,healthcare,6.19,6,0,0,0,39.6,4,11.79,1.49,0.03,0.07,2024-03-08 15:00:00,15,4,3,0.0,0.0,0.6666666666666666,0.6578716666666667,6,0.0,smart_tv_healthcare,afternoon,0,271.0997763491416,0.0443563590300355,39.6
334483,29.0,M,IN,Mumbai,tablet,free,2372,comedy,28.1,PG,5205,audio,pre_roll,retail,7.15,9,0,0,0,0.5,1,10.9,1.02,0.04,0.1,2024-03-08 15:00:00,15,4,3,0.0,0.0,0.1111111111111111,0.1674656666666666,9,0.0,tablet_retail,afternoon,0,271.0997763491416,0.0443563590300355,0.5
118370,13.0,M,BR,Rio de Janeiro,mobile,family,3227,music,21.3,PG-13,5967,video,post_roll,healthcare,2.47,10,0,0,0,2.1,1,9.4,0.83,0.04,0.09,2024-03-08 15:00:00,15,4,3,0.0,0.0,0.1,0.1907776666666666,10,0.0,mobile_healthcare,afternoon,0,271.0997763491416,0.0443563590300355,2.1
474943,64.0,F,DE,Munich,tablet,basic,4948,news,26.0,PG-13,5692,native,mid_roll,healthcare,2.63,5,2,0,1,24.3,3,10.54,1.22,1.49,0.42,2024-03-08 15:00:00,15,4,3,0.4,0.0,1.0,0.6817230000000001,5,0.4,tablet_healthcare,afternoon,0,271.0997763491416,0.0443563590300355,24.3
832823,65.0,F,BR,Rio de Janeiro,mobile,free,1964,drama,25.7,R,5627,native,post_roll,retail,5.66,1,0,0,0,16.3,3,11.47,1.83,0.0,0.01,2024-03-08 15:00:00,15,4,3,0.0,0.0,3.0,0.4154679999999999,1,0.0,mobile_retail,afternoon,0,271.0997763491416,0.0443563590300355,16.3
805854,50.0,F,US,Chicago,mobile,premium,8282,sports,33.4,PG-13,5573,native,mid_roll,finance,5.51,6,0,0,0,17.3,2,9.22,1.01,0.02,0.06,2024-03-08 15:00:00,15,4,3,0.0,0.0,0.3333333333333333,0.364973,6,0.0,mobile_finance,afternoon,0,271.0997763491416,0.0443563590300355,17.3
474143,71.0,F,JP,Osaka,desktop,free,6415,documentary,23.8,G,5254,interstitial,pre_roll,healthcare,4.22,5,0,0,0,18.3,2,18.46,1.86,0.04,0.09,2024-03-08 15:00:00,15,4,3,0.0,0.0,0.4,0.374781,5,0.0,desktop_healthcare,afternoon,0,271.0997763491416,0.0443563590300355,18.3
481508,55.0,F,BR,Sao Paulo,desktop,free,8090,documentary,23.3,G,5475,video,mid_roll,retail,2.41,4,0,0,0,3.4,2,10.98,0.2,0.02,0.04,2024-03-08 15:00:00,15,4,3,0.0,0.0,0.5,0.2488516666666666,4,0.0,desktop_retail,afternoon,0,271.0997763491416,0.0443563590300355,6.7
544068,44.0,M,US,Chicago,mobile,premium,3012,news,47.7,PG-13,5664,banner,post_roll,travel,1.88,5,1,1,1,21.6,4,4.73,1.25,34.13005000000005,0.21,2024-03-08 15:00:00,15,4,3,0.2,1.0,1.2,0.695461,5,0.2,mobile_travel,afternoon,0,271.0997763491416,0.0443563590300355,21.6
115652,67.0,F,CA,Toronto,mobile,free,6331,drama,43.7,PG-13,5808,native,mid_roll,gaming,5.84,3,0,0,0,20.4,4,9.46,1.03,0.01,0.03,2024-03-08 15:00:00,15,4,3,0.0,0.0,1.3333333333333333,0.5088636666666666,3,0.0,mobile_gaming,afternoon,0,271.0997763491416,0.0443563590300355,20.4
381087,23.0,F,US,Austin,desktop,basic,9159,kids,34.1,PG,5995,banner,post_roll,tech,10.87,11,1,0,1,21.4,1,11.6,1.2,0.77,0.31,2024-03-08 15:00:00,15,4,3,0.0909090909090909,0.0,0.1818181818181818,0.484443,11,0.0909090909090909,desktop_tech,afternoon,0,271.0997763491416,0.0443563590300355,21.6
591213,42.0,M,IN,Mumbai,mobile,family,5873,news,30.3,PG,5205,native,pre_roll,gaming,1.89,3,1,0,1,25.0,4,15.33,0.46,0.29,0.11,2024-03-08 15:00:00,15,4,3,0.3333333333333333,0.0,1.6666666666666667,0.739729,3,0.3333333333333333,mobile_gaming,afternoon,0,271.0997763491416,0.0443563590300355,25.0
986393,68.0,F,IN,Mumbai,mobile,basic,7519,music,33.7,PG-13,5755,native,in_feed,travel,3.24,10,0,0,0,20.7,1,10.58,0.89,0.04,0.11,2024-03-08 16:00:00,16,4,3,0.0,0.0,0.1,0.3586843333333333,10,0.0,mobile_travel,afternoon,0,271.0997763491416,0.0443563590300355,20.7
333597,70.0,Other,IN,Hyderabad,smart_tv,basic,6206,gaming,73.5,R,5203,banner,sidebar,auto,6.3,3,0,0,0,43.8,2,8.38,1.54,0.01,0.03,2024-03-08 16:00:00,16,4,3,0.0,0.0,0.6666666666666666,0.5594250000000001,3,0.0,smart_tv_auto,afternoon,0,271.0997763491416,0.0443563590300355,43.8
512350,67.0,M,DE,Berlin,mobile,premium,4060,comedy,10.1,PG-13,5788,banner,sidebar,auto,3.35,6,0,0,0,0.5,2,14.07,0.97,0.03,0.08,2024-03-08 16:00:00,16,4,3,0.0,0.0,0.3333333333333333,0.2180356666666666,6,0.0,mobile_auto,afternoon,0,271.0997763491416,0.0443563590300355,0.5
441860,44.0,M,US,Chicago,mobile,free,6921,kids,5.5,G,5016,interstitial,post_roll,cpg,4.89,3,0,0,0,0.5,1,11.24,1.04,0.01,0.03,2024-03-08 16:00:00,16,4,3,0.0,0.0,0.3333333333333333,0.1674656666666666,3,0.0,mobile_cpg,afternoon,0,271.0997763491416,0.0443563590300355,0.5
594768,53.0,F,DE,Munich,desktop,premium,2296,kids,41.6,R,5820,native,sidebar,healthcare,5.71,10,1,0,1,15.5,5,10.5,0.26,0.2,0.14,2024-03-08 16:00:00,16,4,3,0.1,0.0,0.6,0.63039,10,0.1,desktop_healthcare,afternoon,0,271.0997763491416,0.0443563590300355,15.5
102442,41.0,M,AU,Sydney,mobile,premium,6315,comedy,49.1,G,5551,native,pre_roll,cpg,8.18,3,0,0,0,42.3,2,12.01,1.25,0.01,0.04,2024-03-08 16:00:00,16,4,3,0.0,0.0,0.6666666666666666,0.5542290000000001,3,0.0,mobile_cpg,afternoon,0,271.0997763491416,0.0443563590300355,42.3
993486,15.0,M,BR,Sao Paulo,mobile,free,5609,kids,2.0,R,5930,audio,mid_roll,tech,5.94,4,0,0,0,0.5,2,14.37,1.16,0.02,0.06,2024-03-08 16:00:00,16,4,3,0.0,0.0,0.5,0.2180356666666666,4,0.0,mobile_tech,afternoon,0,271.0997763491416,0.0443563590300355,0.5
600396,59.0,F,DE,Unknown,mobile,free,1466,drama,21.2,R,5373,video,mid_roll,auto,8.11,9,0,0,0,23.9,3,6.3,1.06,0.02,0.06,2024-03-08 16:00:00,16,4,3,0.0,0.0,0.3333333333333333,0.4983039999999999,9,0.0,mobile_auto,afternoon,0,271.0997763491416,0.0443563590300355,21.1
570677,63.0,F,US,Austin,smart_tv,free,4714,drama,22.1,G,5279,video,in_feed,healthcare,1.65,5,0,0,0,27.7,6,8.52,0.73,0.02,0.04,2024-03-08 16:00:00,16,4,3,0.0,0.0,1.2,0.6517596666666666,5,0.0,smart_tv_healthcare,afternoon,0,271.0997763491416,0.0443563590300355,27.7
347357,68.0,F,US,Chicago,mobile,basic,8996,drama,40.6,PG-13,5794,interstitial,post_roll,finance,4.22,7,0,0,0,24.2,3,9.3,0.5,0.03,0.07,2024-03-08 16:00:00,16,4,3,0.0,0.0,0.4285714285714285,0.5010493333333333,7,0.0,mobile_finance,afternoon,0,271.0997763491416,0.0443563590300355,24.2
950368,42.0,F,US,Chicago,mobile,free,9454,gaming,38.5,G,5952,native,in_feed,tech,11.52,7,0,0,0,18.7,3,16.04,1.17,0.04,0.11,2024-03-08 17:00:00,17,4,3,0.0,0.0,0.4285714285714285,0.4384479999999999,7,0.0,mobile_tech,afternoon,0,271.0997763491416,0.0443563590300355,18.7
591241,39.0,M,BR,Rio de Janeiro,console,basic,3786,sports,31.7,PG,5340,interstitial,in_feed,cpg,8.44,5,0,0,0,25.1,0,7.39,0.55,0.01,0.04,2024-03-08 17:00:00,17,4,3,0.0,0.0,0.0,0.3694233333333333,5,0.0,console_cpg,afternoon,0,271.0997763491416,0.0443563590300355,25.1
782270,68.0,M,AU,Sydney,mobile,family,3553,documentary,7.3,PG,5748,video,mid_roll,cpg,3.59,4,0,0,0,0.5,3,8.27,1.14,0.01,0.03,2024-03-08 17:00:00,17,4,3,0.0,0.0,0.75,0.2779266666666666,4,0.0,mobile_cpg,afternoon,0,271.0997763491416,0.0443563590300355,0.5
719045,34.0,M,MX,Guadalajara,tablet,free,1319,music,47.6,R,5192,banner,mid_roll,finance,13.67,8,0,0,0,34.0,1,5.96,1.46,0.02,0.05,2024-03-08 17:00:00,17,4,3,0.0,0.0,0.125,0.4638029999999999,8,0.0,tablet_finance,afternoon,0,271.0997763491416,0.0443563590300355,31.25
641901,14.0,F,US,Austin,mobile,free,2420,drama,9.5,PG-13,5573,native,post_roll,tech,6.16,11,0,0,0,1.6,2,12.31,1.28,0.05,0.14,2024-03-08 17:00:00,17,4,3,0.0,0.0,0.1818181818181818,0.2387983333333333,11,0.0,mobile_tech,afternoon,0,271.0997763491416,0.0443563590300355,1.6
806962,41.0,M,JP,Tokyo,desktop,free,2448,music,51.6,PG,5512,audio,post_roll,auto,6.87,8,1,1,1,26.4,3,11.6,1.72,32.75,0.35,2024-03-08 17:00:00,17,4,3,0.125,1.0,0.625,0.6618930000000001,8,0.1875,desktop_auto,afternoon,0,271.0997763491416,0.0443563590300355,23.4
597396,65.0,M,US,Austin,smart_tv,family,5936,sports,31.8,PG-13,5260,video,pre_roll,gaming,2.32,1,0,0,0,19.8,0,7.13,0.76,0.0,0.01,2024-03-08 17:00:00,17,4,3,0.0,0.0,0.0,0.3093766666666666,1,0.0,smart_tv_gaming,afternoon,0,271.0997763491416,0.0443563590300355,18.15
188915,35.0,F,MX,Guadalajara,desktop,basic,7967,documentary,28.5,PG-13,5600,banner,pre_roll,retail,6.32,8,1,0,1,15.3,1,9.2,0.73,0.47,0.18,2024-03-08 17:00:00,17,4,3,0.125,0.0,0.25,0.4378253333333333,8,0.125,desktop_retail,afternoon,0,271.0997763491416,0.0443563590300355,11.55
865256,60.0,F,BR,Rio de Janeiro,mobile,basic,3062,documentary,2.0,PG,5061,video,mid_roll,tech,6.38,10,0,0,0,0.5,1,6.64,1.36,0.03,0.07,2024-03-08 17:00:00,17,4,3,0.0,0.0,0.1,0.1674656666666666,10,0.0,mobile_tech,afternoon,0,271.0997763491416,0.0443563590300355,0.5
489936,65.0,F,DE,Munich,mobile,free,5908,kids,59.2,R,5557,audio,mid_roll,travel,8.42,11,0,0,0,57.4,4,13.3,0.88,0.06,0.15,2024-03-08 17:00:00,17,4,3,0.0,0.0,0.3636363636363636,0.7021596666666666,11,0.0,mobile_travel,afternoon,0,271.0997763491416,0.0443563590300355,57.4
943318,52.0,M,US,Chicago,mobile,family,5840,documentary,41.8,PG,5414,native,in_feed,auto,2.17,3,0,0,0,36.5,4,7.2,0.31,0.01,0.02,2024-03-08 17:00:00,17,4,3,0.0,0.0,1.3333333333333333,0.643009,3,0.0,mobile_auto,afternoon,0,271.0997763491416,0.0443563590300355,36.5
208987,15.0,M,MX,Mexico City,mobile,free,8890,documentary,45.4,R,5531,interstitial,post_roll,gaming,4.09,11,1,0,1,22.4,3,8.6,1.11,0.7,0.26,2024-03-08 17:00:00,17,4,3,0.0909090909090909,0.0,0.3636363636363636,0.6040346666666667,11,0.0909090909090909,mobile_gaming,afternoon,0,271.0997763491416,0.0443563590300355,22.4
699766,53.0,M,US,Austin,mobile,free,3721,gaming,27.9,PG-13,5692,interstitial,sidebar,gaming,3.13,6,0,0,0,10.3,5,12.71,0.59,0.03,0.08,2024-03-08 17:00:00,17,4,3,0.0,0.0,0.8333333333333334,0.4555103333333333,6,0.0,mobile_gaming,afternoon,0,271.0997763491416,0.0443563590300355,10.3
472150,30.0,M,US,Austin,mobile,free,2177,kids,14.2,PG-13,5928,interstitial,mid_roll,tech,6.85,9,0,0,0,0.5,2,9.76,1.49,0.04,0.09,2024-03-08 17:00:00,17,4,3,0.0,0.0,0.2222222222222222,0.2180356666666666,9,0.0,mobile_tech,afternoon,0,271.0997763491416,0.0443563590300355,0.5
732005,74.0,F,CA,Toronto,smart_tv,premium,6495,sports,58.5,PG-13,5595,audio,pre_roll,finance,3.42,10,0,0,0,31.7,6,7.21,0.85,0.03,0.07,2024-03-08 17:00:00,17,4,3,0.0,0.0,0.6,0.6814303333333332,10,0.0,smart_tv_finance,afternoon,0,271.0997763491416,0.0443563590300355,31.7
454031,69.0,M,US,New York,desktop,free,6009,comedy,51.3,PG-13,5992,video,in_feed,finance,8.75,7,0,0,0,39.2,5,11.71,1.29,0.03,0.08,2024-03-08 17:00:00,17,4,3,0.0,0.0,0.7142857142857143,0.6968676666666667,7,0.0,desktop_finance,afternoon,0,271.0997763491416,0.0443563590300355,39.2
208853,19.0,F,IN,Hyderabad,mobile,premium,9507,music,95.2,R,5599,video,in_feed,tech,2.54,1,0,0,0,71.6,5,9.97,1.29,0.0,0.01,2024-03-08 18:00:00,18,4,3,0.0,0.0,5.0,0.752441,1,0.0,mobile_tech,evening,0,271.0997763491416,0.0443563590300355,71.6
341943,44.0,F,US,Unknown,tablet,free,7051,drama,37.1,G,5334,interstitial,pre_roll,auto,5.55,10,0,0,0,9.9,8,9.66,1.2,0.04,0.1,2024-03-08 18:00:00,18,4,3,0.0,0.0,0.8,0.5020893333333333,10,0.0,tablet_auto,evening,0,271.0997763491416,0.0443563590300355,9.9
111462,49.0,M,US,Austin,mobile,free,2127,gaming,16.5,R,5083,banner,pre_roll,healthcare,7.23,2,0,0,0,6.0,3,15.76,1.32,0.01,0.03,2024-03-08 18:00:00,18,4,3,0.0,0.0,1.5,0.326088,2,0.0,mobile_healthcare,evening,0,271.0997763491416,0.0443563590300355,6.0
463381,21.0,F,DE,Berlin,tablet,basic,6276,gaming,26.8,PG,5013,interstitial,in_feed,tech,13.25,8,0,0,0,15.0,4,11.37,1.6,0.04,0.09,2024-03-08 18:00:00,18,4,3,0.0,0.0,0.5,0.4576263333333333,8,0.0,tablet_tech,evening,0,271.0997763491416,0.0443563590300355,15.0
585246,71.0,M,UK,London,tablet,premium,2520,documentary,28.8,R,5269,audio,post_roll,tech,6.83,1,0,0,0,8.5,1,14.79,1.52,0.01,0.01,2024-03-08 18:00:00,18,4,3,0.0,0.0,1.0,0.2347296666666666,1,0.0,tablet_tech,evening,0,271.0997763491416,0.0443563590300355,8.5
388036,17.0,F,IN,Bengaluru,desktop,free,6082,documentary,48.5,R,5618,native,mid_roll,gaming,0.88,6,0,0,0,23.3,0,9.76,0.89,0.02,0.06,2024-03-08 18:00:00,18,4,3,0.0,0.0,0.0,0.3535353333333333,6,0.0,desktop_gaming,evening,0,271.0997763491416,0.0443563590300355,23.3
952003,46.0,F,MX,Mexico City,mobile,premium,2626,documentary,19.3,PG,5432,interstitial,post_roll,travel,0.86,3,0,0,0,10.4,3,8.97,0.71,0.01,0.03,2024-03-08 18:00:00,18,4,3,0.0,0.0,1.0,0.361216,3,0.0,mobile_travel,evening,0,271.0997763491416,0.0443563590300355,10.4
296290,67.0,F,IN,Bengaluru,mobile,free,6939,gaming,37.5,R,5822,native,mid_roll,retail,5.52,11,1,1,1,23.3,3,12.96,1.49,23.38,0.37,2024-03-08 18:00:00,18,4,3,0.0909090909090909,1.0,0.4545454545454545,0.6122253333333334,11,0.0909090909090909,mobile_retail,evening,0,271.0997763491416,0.0443563590300355,23.3
552810,13.0,M,CA,Toronto,mobile,premium,6953,kids,45.9,G,5425,audio,pre_roll,travel,5.65,7,1,0,1,29.0,3,9.03,0.94,0.59,0.2,2024-03-08 18:00:00,18,4,3,0.1428571428571428,0.0,0.5714285714285714,0.689139,7,0.1428571428571428,mobile_travel,evening,0,271.0997763491416,0.0443563590300355,29.0
346186,30.0,F,DE,Berlin,mobile,free,5225,news,29.1,PG-13,5714,video,mid_roll,retail,6.64,2,0,0,0,17.9,2,13.9,1.32,0.01,0.03,2024-03-08 18:00:00,18,4,3,0.0,0.0,1.0,0.371017,2,0.0,mobile_retail,evening,0,271.0997763491416,0.0443563590300355,17.9
663663,29.0,F,MX,Guadalajara,mobile,free,6955,gaming,26.8,PG-13,5060,audio,mid_roll,cpg,5.57,5,1,0,1,16.9,3,7.4,0.99,0.61,0.19,2024-03-08 18:00:00,18,4,3,0.2,0.0,0.8,0.5846693333333333,5,0.2,mobile_cpg,evening,0,271.0997763491416,0.0443563590300355,16.9
507511,32.0,M,DE,Berlin,console,free,4822,documentary,38.7,PG,5906,video,sidebar,finance,3.64,9,0,0,0,28.5,2,7.72,0.95,0.03,0.07,2024-03-08 18:00:00,18,4,3,0.0,0.0,0.2222222222222222,0.4764103333333333,9,0.0,console_finance,evening,0,271.0997763491416,0.0443563590300355,28.5
371489,34.0,M,US,Austin,tablet,free,6513,documentary,18.5,PG,5989,banner,in_feed,retail,4.44,6,0,0,0,0.5,2,7.58,1.64,0.02,0.05,2024-03-08 18:00:00,18,4,3,0.0,0.0,0.3333333333333333,0.2180356666666666,6,0.0,tablet_retail,evening,0,271.0997763491416,0.0443563590300355,0.5
196541,36.0,Other,IN,Mumbai,mobile,free,1253,comedy,30.5,R,5118,audio,sidebar,retail,6.95,7,1,0,1,19.2,2,7.68,1.87,1.14,0.33,2024-03-08 19:00:00,19,4,3,0.1428571428571428,0.0,0.4285714285714285,0.5322706666666666,7,0.1428571428571428,mobile_retail,evening,0,271.0997763491416,0.0443563590300355,19.2
577481,55.0,M,DE,Berlin,desktop,basic,5079,sports,36.2,PG,5037,banner,in_feed,gaming,7.51,7,1,0,1,46.2,8,10.51,1.41,0.88,0.29,2024-03-08 19:00:00,19,4,3,0.1428571428571428,0.0,1.2857142857142858,0.9207176666666668,7,0.1428571428571428,desktop_gaming,evening,0,271.0997763491416,0.0443563590300355,46.2
926464,55.0,F,FR,Lyon,smart_tv,basic,8593,drama,32.6,PG,5124,audio,pre_roll,gaming,4.32,3,0,0,0,35.3,2,13.84,0.33,0.02,0.04,2024-03-08 19:00:00,19,4,3,0.0,0.0,0.6666666666666666,0.521973,3,0.0,smart_tv_gaming,evening,0,271.0997763491416,0.0443563590300355,37.0
289393,56.0,M,IN,Bengaluru,tablet,free,1963,gaming,73.2,G,5216,native,mid_roll,tech,6.42,11,0,0,0,60.4,3,16.82,2.17,0.07,0.19,2024-03-08 19:00:00,19,4,3,0.0,0.0,0.2727272727272727,0.6508066666666666,11,0.0,tablet_tech,evening,0,271.0997763491416,0.0443563590300355,60.4
308492,64.0,F,US,Chicago,desktop,basic,9857,kids,41.5,G,5137,interstitial,mid_roll,cpg,1.65,9,0,0,0,26.1,3,11.22,1.03,0.04,0.1,2024-03-08 19:00:00,19,4,3,0.0,0.0,0.3333333333333333,0.5170213333333333,9,0.0,desktop_cpg,evening,0,271.0997763491416,0.0443563590300355,41.5
583937,55.0,M,BR,Sao Paulo,mobile,premium,9252,sports,19.2,PG-13,5420,video,mid_roll,tech,3.26,2,0,0,0,14.0,1,12.8,1.36,0.01,0.03,2024-03-08 19:00:00,19,4,3,0.0,0.0,0.5,0.283315,2,0.0,mobile_tech,evening,0,271.0997763491416,0.0443563590300355,15.45
269967,16.0,F,US,New York,desktop,family,2876,documentary,52.8,PG-13,5307,video,pre_roll,gaming,2.55,8,0,0,0,42.9,4,11.13,0.59,0.04,0.09,2024-03-08 19:00:00,19,4,3,0.0,0.0,0.5,0.6706930000000001,8,0.0,desktop_gaming,evening,0,271.0997763491416,0.0443563590300355,42.9
596564,22.0,M,IN,Hyderabad,desktop,free,7505,sports,58.2,R,5378,audio,pre_roll,finance,8.15,10,3,1,1,53.6,6,10.79,0.97,26.99,0.54,2024-03-08 19:00:00,19,4,3,0.3,0.3333333333333333,1.0,0.9394296666666668,10,0.3,desktop_finance,evening,0,271.0997763491416,0.0443563590300355,53.6
418835,66.0,M,CA,Toronto,mobile,basic,5389,sports,15.5,G,5383,banner,mid_roll,retail,5.14,1,0,0,0,16.1,2,13.01,1.03,0.01,0.01,2024-03-08 19:00:00,19,4,3,0.0,0.0,2.0,0.3537556666666666,1,0.0,mobile_retail,evening,0,271.0997763491416,0.0443563590300355,16.1
803435,71.0,F,DE,Berlin,mobile,free,4996,news,2.0,R,5835,video,in_feed,retail,3.66,11,0,0,0,10.112501757076162,1,6.79,0.85,0.03,0.07,2024-03-08 19:00:00,19,4,3,0.0,0.0,0.0909090909090909,0.248527,11,0.0,mobile_retail,evening,0,271.0997763491416,0.0443563590300355,10.112501757076162
831030,44.0,F,BR,Rio de Janeiro,mobile,basic,6041,documentary,10.4,PG,5917,video,post_roll,healthcare,8.48,5,0,0,0,1.8,8,14.89,1.78,0.03,0.07,2024-03-08 19:00:00,19,4,3,0.0,0.0,1.6,0.4449186666666666,5,0.0,mobile_healthcare,evening,0,271.0997763491416,0.0443563590300355,1.8
857534,22.0,M,IN,Bengaluru,mobile,premium,8268,comedy,38.6,PG-13,5035,video,in_feed,cpg,5.5,1,0,0,0,21.8,7,15.01,0.77,0.01,0.02,2024-03-08 19:00:00,19,4,3,0.0,0.0,7.0,0.6162880000000001,1,0.0,mobile_cpg,evening,0,271.0997763491416,0.0443563590300355,21.8
739344,72.0,F,IN,Bengaluru,mobile,free,7735,kids,39.6,PG-13,5050,audio,pre_roll,finance,7.47,7,0,0,0,20.3,1,8.83,0.97,0.02,0.06,2024-03-08 19:00:00,19,4,3,0.0,0.0,0.1428571428571428,0.3430203333333333,7,0.0,mobile_finance,evening,0,271.0997763491416,0.0443563590300355,20.3
382030,19.0,M,DE,Berlin,mobile,free,5608,news,11.6,PG-13,5205,video,mid_roll,cpg,2.58,2,0,0,0,3.2,4,10.21,1.27,0.01,0.02,2024-03-08 20:00:00,20,4,3,0.0,0.0,2.0,0.3620063333333333,2,0.0,mobile_cpg,evening,0,271.0997763491416,0.0443563590300355,20.85
166784,55.0,M,AU,Sydney,mobile,basic,9306,documentary,40.0,PG-13,5081,banner,post_roll,gaming,7.86,6,1,0,1,18.0,5,14.41,1.28,0.8,0.28,2024-03-08 20:00:00,20,4,3,0.1666666666666666,0.0,1.0,0.6821393333333334,6,0.1666666666666666,mobile_gaming,evening,0,271.0997763491416,0.0443563590300355,18.0
623538,47.0,M,CA,Vancouver,desktop,free,6688,gaming,30.8,R,5988,video,in_feed,healthcare,8.42,11,0,0,0,22.4,1,11.71,0.91,0.05,0.13,2024-03-08 20:00:00,20,4,3,0.0,0.0,0.0909090909090909,0.3742776666666667,11,0.0,desktop_healthcare,evening,0,271.0997763491416,0.0443563590300355,22.75
178557,44.0,M,US,New York,mobile,free,2371,news,44.5,R,5611,interstitial,post_roll,tech,3.81,10,0,0,0,3.9,4,8.48,1.39,0.03,0.08,2024-03-08 20:00:00,20,4,3,0.0,0.0,0.4,0.366289,10,0.0,mobile_tech,evening,0,271.0997763491416,0.0443563590300355,31.7
855695,45.0,M,US,Austin,mobile,premium,5801,news,67.1,PG,5463,banner,pre_roll,auto,3.56,3,0,0,0,56.9,1,12.31,1.4,0.01,0.04,2024-03-08 20:00:00,20,4,3,0.0,0.0,0.3333333333333333,0.5367096666666666,3,0.0,mobile_auto,evening,0,271.0997763491416,0.0443563590300355,56.9
443447,20.0,M,MX,Mexico City,mobile,basic,9380,comedy,16.0,PG-13,5743,interstitial,mid_roll,healthcare,5.94,4,0,0,0,32.1,1,9.78,1.39,0.02,0.04,2024-03-08 20:00:00,20,4,3,0.0,0.0,0.25,0.4519683333333333,4,0.0,mobile_healthcare,evening,0,271.0997763491416,0.0443563590300355,32.1
551464,20.0,F,US,New York,desktop,free,1381,news,42.7,PG-13,5635,video,sidebar,travel,5.64,2,0,0,0,29.8,5,13.04,1.23,0.01,0.03,2024-03-08 20:00:00,20,4,3,0.0,0.0,2.5,0.6413703333333333,2,0.0,desktop_travel,evening,0,271.0997763491416,0.0443563590300355,29.8
291655,15.0,M,IN,Bengaluru,mobile,premium,7884,sports,32.0,G,5429,native,sidebar,healthcare,9.28,1,0,0,0,17.8,7,16.72,1.07,0.01,0.02,2024-03-08 20:00:00,20,4,3,0.0,0.0,7.0,0.5669586666666666,1,0.0,mobile_healthcare,evening,0,271.0997763491416,0.0443563590300355,17.8
577839,54.0,F,US,New York,desktop,free,1106,documentary,62.1,R,5912,interstitial,post_roll,tech,13.32,11,0,0,0,33.9,2,6.11,1.37,0.03,0.07,2024-03-08 21:00:00,21,4,3,0.0,0.0,0.1818181818181818,0.5137823333333333,11,0.0,desktop_tech,evening,0,271.0997763491416,0.0443563590300355,33.9
998698,48.0,F,CA,Toronto,mobile,premium,4657,comedy,28.7,G,5258,video,sidebar,cpg,4.6,9,0,0,0,20.6,2,9.54,1.1,0.03,0.09,2024-03-08 21:00:00,21,4,3,0.0,0.0,0.2222222222222222,0.4023743333333333,9,0.0,mobile_cpg,evening,0,271.0997763491416,0.0443563590300355,20.6
631207,68.0,M,US,Chicago,mobile,free,7106,music,2.1,PG,5326,native,in_feed,healthcare,7.6,11,0,0,0,0.5,3,15.02,1.43,0.07,0.17,2024-03-08 21:00:00,21,4,3,0.0,0.0,0.2727272727272727,0.2779266666666666,11,0.0,mobile_healthcare,evening,0,271.0997763491416,0.0443563590300355,0.5
862502,36.0,M,UK,London,desktop,free,9938,gaming,11.7,G,5066,native,sidebar,healthcare,6.46,1,0,0,0,0.5,7,13.8,1.19,0.01,0.01,2024-03-08 21:00:00,21,4,3,0.0,0.0,7.0,0.4149426666666666,1,0.0,desktop_healthcare,evening,0,271.0997763491416,0.0443563590300355,0.5
364128,57.0,F,FR,Lyon,mobile,premium,7150,music,2.0,PG,5483,native,in_feed,tech,5.45,8,1,1,1,0.5,1,12.99,0.56,26.91,0.19,2024-03-08 21:00:00,21,4,3,0.125,1.0,0.375,0.3098066666666667,8,0.125,mobile_tech,evening,0,271.0997763491416,0.0443563590300355,0.5
923913,70.0,F,JP,Tokyo,console,free,7317,documentary,68.7,PG,5266,native,sidebar,gaming,3.53,8,0,0,0,33.5,5,10.87,1.12,0.03,0.09,2024-03-08 21:00:00,21,4,3,0.0,0.0,0.625,0.6665303333333333,8,0.0,console_gaming,evening,0,271.0997763491416,0.0443563590300355,33.5
168206,21.0,F,IN,Mumbai,tablet,family,9732,comedy,2.0,PG,5046,native,sidebar,retail,1.81,1,0,0,0,1.0,6,5.94,0.95,0.0,0.01,2024-03-08 21:00:00,21,4,3,0.0,0.0,6.0,0.4172556666666667,1,0.0,tablet_retail,evening,0,271.0997763491416,0.0443563590300355,25.3
956279,27.0,F,BR,Unknown,tablet,free,2159,kids,18.7,PG,5365,audio,in_feed,retail,3.48,7,0,0,0,2.5,4,6.49,0.07,0.02,0.05,2024-03-08 21:00:00,21,4,3,0.0,0.0,0.5714285714285714,0.3579343333333333,7,0.0,tablet_retail,evening,0,271.0997763491416,0.0443563590300355,2.5
332976,65.0,M,US,Austin,tablet,premium,9304,news,61.5,PG,5930,banner,pre_roll,tech,6.92,4,0,0,0,63.1,3,11.41,1.89,0.02,0.05,2024-03-08 21:00:00,21,4,3,0.0,0.0,0.75,0.653024,4,0.0,tablet_tech,evening,0,271.0997763491416,0.0443563590300355,63.1
479506,62.0,F,US,Seattle,mobile,premium,4907,music,2.0,PG,5609,video,mid_roll,healthcare,3.77,6,0,0,0,1.6,3,11.79,0.79,0.03,0.07,2024-03-08 21:00:00,21,4,3,0.0,0.0,0.5,0.2986893333333333,6,0.0,mobile_healthcare,evening,0,271.0997763491416,0.0443563590300355,1.6
896974,19.0,F,UK,London,desktop,basic,9415,drama,10.9,PG-13,5566,interstitial,post_roll,finance,4.06,7,0,0,0,0.5,4,3.7,1.79,0.01,0.03,2024-03-08 21:00:00,21,4,3,0.0,0.0,0.5714285714285714,0.3323756666666666,7,0.0,desktop_finance,evening,0,271.0997763491416,0.0443563590300355,0.5
598637,35.0,F,DE,Berlin,desktop,free,2250,kids,27.5,PG-13,5591,native,in_feed,finance,6.02,2,0,0,0,22.0,1,13.61,1.05,0.01,0.03,2024-03-08 21:00:00,21,4,3,0.0,0.0,0.5,0.3705963333333333,2,0.0,desktop_finance,evening,0,271.0997763491416,0.0443563590300355,22.0
879243,40.0,F,UK,Manchester,mobile,free,8961,documentary,81.6,G,5393,video,pre_roll,tech,4.48,1,0,0,0,72.1,5,5.55,0.44,0.0,0.01,2024-03-08 21:00:00,21,4,3,0.0,0.0,5.0,0.7526316666666667,1,0.0,mobile_tech,evening,0,271.0997763491416,0.0443563590300355,72.1
726801,66.0,F,AU,Melbourne,desktop,free,3909,drama,34.3,R,5830,video,in_feed,tech,6.85,7,0,0,0,18.0,0,10.96,1.34,0.03,0.08,2024-03-08 22:00:00,22,4,3,0.0,0.0,0.0,0.2924513333333333,7,0.0,desktop_tech,night,0,271.0997763491416,0.0443563590300355,18.0
672598,47.0,F,CA,Toronto,mobile,free,8019,comedy,54.8,PG,5016,audio,in_feed,finance,9.25,3,0,0,0,20.8,1,13.18,1.57,0.02,0.04,2024-03-08 22:00:00,22,4,3,0.0,0.0,0.3333333333333333,0.359595,3,0.0,mobile_finance,night,0,271.0997763491416,0.0443563590300355,20.8
904512,51.0,F,FR,Paris,desktop,free,6994,comedy,14.9,PG-13,5937,banner,post_roll,finance,3.84,4,0,0,0,0.5,3,12.13,0.75,0.02,0.05,2024-03-08 22:00:00,22,4,3,0.0,0.0,0.75,0.2779266666666666,4,0.0,desktop_finance,night,0,271.0997763491416,0.0443563590300355,0.5
544744,30.0,M,US,Chicago,mobile,free,9832,drama,40.6,PG-13,5471,video,post_roll,auto,3.09,9,0,0,0,35.7,2,14.85,1.54,0.05,0.13,2024-03-08 22:00:00,22,4,3,0.0,0.0,0.2222222222222222,0.5243263333333333,9,0.0,mobile_auto,night,0,271.0997763491416,0.0443563590300355,35.7
456530,45.0,F,IN,Mumbai,mobile,premium,7012,kids,19.2,R,5938,banner,pre_roll,finance,4.63,5,1,0,1,19.6,3,10.34,0.54,0.34,0.13,2024-03-08 22:00:00,22,4,3,0.2,0.0,0.8,0.6104946666666666,5,0.2,mobile_finance,night,0,271.0997763491416,0.0443563590300355,19.6
226530,34.0,F,IN,Mumbai,mobile,family,2258,kids,57.3,R,5461,banner,post_roll,cpg,11.77,8,1,0,1,39.9,3,5.2,1.42,0.87,0.25,2024-03-08 22:00:00,22,4,3,0.125,0.0,0.5,0.7470263333333333,8,0.125,mobile_cpg,night,0,271.0997763491416,0.0443563590300355,39.9
248929,28.0,F,IN,Mumbai,desktop,family,2936,kids,61.4,PG,5772,audio,sidebar,gaming,5.0,5,0,0,0,46.4,3,8.29,0.89,0.02,0.04,2024-03-08 22:00:00,22,4,3,0.0,0.0,0.6,0.6270506666666666,5,0.0,desktop_gaming,night,0,271.0997763491416,0.0443563590300355,46.4
648671,33.0,F,UK,London,desktop,free,2246,music,2.0,PG,5381,banner,pre_roll,healthcare,5.15,10,1,0,1,1.1,3,13.79,1.41,0.9,0.35,2024-03-08 22:00:00,22,4,3,0.1,0.0,0.4,0.423461,10,0.1,desktop_healthcare,night,0,271.0997763491416,0.0443563590300355,1.1
142768,62.0,M,CA,Toronto,desktop,free,7346,documentary,96.0,PG-13,5627,banner,sidebar,tech,7.21,9,0,0,0,63.8,3,11.93,1.01,0.04,0.11,2024-03-08 22:00:00,22,4,3,0.0,0.0,0.3333333333333333,0.6534706666666666,9,0.0,desktop_tech,night,0,271.0997763491416,0.0443563590300355,63.8
107048,40.0,F,AU,Sydney,mobile,free,4891,kids,26.7,R,5840,video,in_feed,healthcare,6.7,9,0,0,0,17.8,6,10.57,1.0,0.04,0.1,2024-03-08 22:00:00,22,4,3,0.0,0.0,0.6666666666666666,0.5516356666666666,9,0.0,mobile_healthcare,night,0,271.0997763491416,0.0443563590300355,17.8
118204,15.0,F,US,Chicago,mobile,premium,2174,music,34.7,PG,5001,interstitial,post_roll,tech,5.17,2,0,0,0,12.4,1,4.43,1.4,0.0,0.01,2024-03-08 22:00:00,22,4,3,0.0,0.0,0.5,0.2688003333333333,2,0.0,mobile_tech,night,0,271.0997763491416,0.0443563590300355,12.4
653628,41.0,Unknown,US,Austin,desktop,basic,2135,sports,50.2,PG,5701,audio,post_roll,cpg,2.71,6,1,0,1,22.1,5,8.75,2.28,1.39,0.39,2024-03-08 22:00:00,22,4,3,0.1666666666666666,0.0,1.0,0.7322233333333334,6,0.1666666666666666,desktop_cpg,night,0,271.0997763491416,0.0443563590300355,22.1
231263,74.0,F,CA,Unknown,mobile,premium,6953,sports,49.5,G,5389,video,in_feed,cpg,2.77,6,0,0,0,43.3,2,2.47,0.46,0.01,0.01,2024-03-08 22:00:00,22,4,3,0.0,0.0,0.3333333333333333,0.5577316666666667,6,0.0,mobile_cpg,night,0,271.0997763491416,0.0443563590300355,43.3
253116,63.0,F,US,Chicago,mobile,free,1521,news,41.7,PG-13,5358,banner,mid_roll,gaming,7.33,1,0,0,0,29.2,1,12.35,0.85,0.0,0.01,2024-03-08 22:00:00,22,4,3,0.0,0.0,1.0,0.4312483333333333,1,0.0,mobile_gaming,night,0,271.0997763491416,0.0443563590300355,29.2
421393,47.0,F,AU,Melbourne,smart_tv,premium,5287,kids,2.0,PG-13,5155,video,sidebar,healthcare,4.68,10,0,0,0,2.9,0,9.73,1.29,0.04,0.1,2024-03-08 22:00:00,22,4,3,0.0,0.0,0.0,0.166402,10,0.0,smart_tv_healthcare,night,0,271.0997763491416,0.0443563590300355,2.9
378587,67.0,M,US,New York,desktop,family,2402,comedy,35.3,PG-13,5127,interstitial,pre_roll,healthcare,4.7,5,0,0,0,30.6,7,7.58,1.77,0.02,0.04,2024-03-08 23:00:00,23,4,3,0.0,0.0,1.4,0.6889293333333334,5,0.0,desktop_healthcare,night,0,271.0997763491416,0.0443563590300355,30.6
467972,54.0,M,IN,Hyderabad,mobile,free,7308,documentary,19.4,R,5011,interstitial,sidebar,gaming,1.65,7,0,0,0,6.8,1,12.71,1.31,0.04,0.09,2024-03-08 23:00:00,23,4,3,0.0,0.0,0.1428571428571428,0.2214656666666666,7,0.0,mobile_gaming,night,0,271.0997763491416,0.0443563590300355,6.8
678293,43.0,M,JP,Osaka,mobile,premium,6847,documentary,6.8,PG-13,5326,video,sidebar,travel,5.7,11,0,0,0,2.8,1,9.61,1.09,0.04,0.11,2024-03-08 23:00:00,23,4,3,0.0,0.0,0.0909090909090909,0.1947416666666666,11,0.0,mobile_travel,night,0,271.0997763491416,0.0443563590300355,2.8
242748,26.0,M,AU,Sydney,mobile,free,2283,drama,44.5,PG,5776,banner,in_feed,retail,5.95,5,0,0,0,43.3,4,7.45,1.08,0.01,0.04,2024-03-08 23:00:00,23,4,3,0.0,0.0,0.8,0.6720716666666667,5,0.0,mobile_retail,night,0,271.0997763491416,0.0443563590300355,29.5
198856,15.0,M,US,Austin,desktop,basic,9979,comedy,42.7,G,5531,interstitial,mid_roll,gaming,4.81,2,0,0,0,38.2,5,4.91,1.23,0.0,0.01,2024-03-08 23:00:00,23,4,3,0.0,0.0,2.5,0.6920303333333333,2,0.0,desktop_gaming,night,0,271.0997763491416,0.0443563590300355,38.2
124961,40.0,F,IN,Mumbai,mobile,basic,6968,music,55.4,G,5747,banner,in_feed,auto,5.17,7,1,1,1,53.5,5,14.02,0.66,22.32,0.2,2024-03-08 23:00:00,23,4,3,0.1428571428571428,1.0,1.0,0.8866226666666667,7,0.1428571428571428,mobile_auto,night,0,271.0997763491416,0.0443563590300355,53.5
546736,14.0,M,CA,Vancouver,mobile,basic,1508,kids,24.9,PG-13,5997,native,pre_roll,finance,3.85,3,0,0,0,10.6,2,11.86,1.34,0.01,0.04,2024-03-08 23:00:00,23,4,3,0.0,0.0,0.6666666666666666,0.3031129999999999,3,0.0,mobile_finance,night,0,271.0997763491416,0.0443563590300355,10.6
790104,25.0,M,FR,Lyon,mobile,free,3387,news,47.8,PG-13,5626,interstitial,pre_roll,cpg,6.31,4,0,0,0,16.2,1,12.6,2.01,0.02,0.05,2024-03-08 23:00:00,23,4,3,0.0,0.0,0.25,0.304047,4,0.0,mobile_cpg,night,0,271.0997763491416,0.0443563590300355,16.2
992699,29.0,M,IN,Hyderabad,desktop,free,7582,documentary,85.7,G,5793,native,in_feed,tech,8.09,10,2,0,1,95.05050000000048,4,10.65,1.24,1.53,0.48,2024-03-08 23:00:00,23,4,3,0.2,0.0,0.6,0.8795516666666667,10,0.2,desktop_tech,night,0,271.0997763491416,0.0443563590300355,95.05050000000048
878320,30.0,M,BR,Sao Paulo,mobile,free,9029,documentary,73.5,PG,5657,native,in_feed,finance,11.64,5,0,0,0,28.8,0,9.35,1.41,0.02,0.05,2024-03-09 00:00:00,0,5,3,0.0,0.0,0.0,0.399206,5,0.0,mobile_finance,late_night,1,262.9902859101002,0.0436612122181796,28.8
827546,21.0,F,US,Chicago,smart_tv,premium,8015,kids,36.7,G,5106,video,pre_roll,travel,10.07,6,0,0,0,14.1,0,10.48,1.42,0.03,0.06,2024-03-09 00:00:00,0,5,3,0.0,0.0,0.0,0.2553006666666666,6,0.0,smart_tv_travel,late_night,1,262.9902859101002,0.0436612122181796,7.3
742308,16.0,F,AU,Melbourne,mobile,basic,8587,documentary,39.2,PG-13,5146,interstitial,in_feed,cpg,10.5,7,0,0,0,19.5,2,11.96,1.45,0.03,0.08,2024-03-09 00:00:00,0,5,3,0.0,0.0,0.2857142857142857,0.3860836666666666,7,0.0,mobile_cpg,late_night,1,262.9902859101002,0.0436612122181796,19.5
532625,47.0,F,IN,Hyderabad,tablet,free,6663,documentary,2.0,PG,5766,video,mid_roll,retail,5.15,9,1,0,1,0.5,1,7.96,0.85,0.54,0.2,2024-03-09 00:00:00,0,5,3,0.1111111111111111,0.0,0.2222222222222222,0.3025856666666666,9,0.1111111111111111,tablet_retail,late_night,1,262.9902859101002,0.0436612122181796,0.5
264585,24.0,M,IN,Mumbai,mobile,free,4737,music,80.1,PG,5104,interstitial,sidebar,travel,8.0,8,0,0,0,51.4,4,11.34,1.68,0.04,0.09,2024-03-09 00:00:00,0,5,3,0.0,0.0,0.5,0.6932023333333334,8,0.0,mobile_travel,late_night,1,262.9902859101002,0.0436612122181796,51.4
469683,32.0,M,UK,Manchester,smart_tv,family,3377,documentary,14.5,PG,5671,interstitial,in_feed,cpg,5.61,1,0,0,0,13.6,4,13.13,1.15,0.01,0.01,2024-03-09 00:00:00,0,5,3,0.0,0.0,4.0,0.4445783333333333,1,0.0,smart_tv_cpg,late_night,1,262.9902859101002,0.0436612122181796,13.6
390415,65.0,M,US,Austin,mobile,free,7033,documentary,59.9,PG,5753,video,in_feed,cpg,4.81,4,0,0,0,36.7,1,13.81,2.07,0.02,0.06,2024-03-09 01:00:00,1,5,3,0.0,0.0,0.25,0.4791603333333333,4,0.0,mobile_cpg,late_night,1,262.9902859101002,0.0436612122181796,36.7
113536,56.0,M,US,New York,mobile,premium,7472,sports,25.6,R,5405,video,in_feed,retail,8.68,9,0,0,0,21.5,3,14.09,0.85,0.05,0.13,2024-03-09 01:00:00,1,5,3,0.0,0.0,0.3333333333333333,0.4765026666666666,9,0.0,mobile_retail,late_night,1,262.9902859101002,0.0436612122181796,21.5
837711,63.0,M,US,Austin,tablet,basic,7901,documentary,18.7,PG-13,5770,banner,mid_roll,finance,6.39,6,0,0,0,5.0,1,11.76,1.62,0.03,0.07,2024-03-09 01:00:00,1,5,3,0.0,0.0,0.1666666666666666,0.2086683333333333,6,0.0,tablet_finance,late_night,1,262.9902859101002,0.0436612122181796,5.0
698927,51.0,M,AU,Melbourne,mobile,family,8184,gaming,31.3,PG-13,5757,video,pre_roll,finance,4.98,6,0,0,0,25.7,4,6.33,1.39,0.02,0.04,2024-03-09 01:00:00,1,5,3,0.0,0.0,0.6666666666666666,0.5683023333333332,6,0.0,mobile_finance,late_night,1,262.9902859101002,0.0436612122181796,25.7
120886,24.0,F,AU,Sydney,mobile,free,4389,news,25.0,G,5241,audio,pre_roll,tech,2.9,11,0,0,0,8.7,2,7.56,1.09,0.03,0.08,2024-03-09 01:00:00,1,5,3,0.0,0.0,0.1818181818181818,0.2869089999999999,11,0.0,mobile_tech,late_night,1,262.9902859101002,0.0436612122181796,8.7
456816,53.0,M,FR,Paris,tablet,premium,7006,drama,43.1,PG-13,5227,banner,mid_roll,finance,5.45,3,0,0,0,36.7,0,11.63,0.89,0.01,0.03,2024-03-09 01:00:00,1,5,3,0.0,0.0,0.0,0.4502273333333333,3,0.0,tablet_finance,late_night,1,262.9902859101002,0.0436612122181796,36.7
181697,69.0,M,MX,Guadalajara,mobile,basic,8686,music,25.7,PG-13,5530,audio,pre_roll,gaming,3.78,11,1,0,1,13.4,6,8.85,0.98,0.63,0.24,2024-03-09 01:00:00,1,5,3,0.0909090909090909,0.0,0.6363636363636364,0.6293383333333333,11,0.0909090909090909,mobile_gaming,late_night,1,262.9902859101002,0.0436612122181796,13.4
205900,56.0,M,IN,Mumbai,desktop,premium,3221,comedy,37.3,R,5897,interstitial,sidebar,tech,6.41,11,0,0,0,14.7,4,5.34,1.6,0.02,0.06,2024-03-09 01:00:00,1,5,3,0.0,0.0,0.3636363636363636,0.4548316666666666,11,0.0,desktop_tech,late_night,1,262.9902859101002,0.0436612122181796,14.7
204917,44.0,F,US,Austin,smart_tv,basic,5469,drama,2.0,PG-13,5674,audio,in_feed,gaming,3.51,3,0,0,0,0.8,5,9.03,0.62,0.01,0.03,2024-03-09 01:00:00,1,5,3,0.0,0.0,1.6666666666666667,0.3897436666666666,3,0.0,smart_tv_gaming,late_night,1,262.9902859101002,0.0436612122181796,0.8
334908,16.0,F,CA,Toronto,mobile,basic,4538,documentary,48.1,PG,5402,native,in_feed,healthcare,2.86,8,1,0,1,7.3,1,12.33,0.84,0.54,0.22,2024-03-09 01:00:00,1,5,3,0.125,0.0,0.25,0.3674573333333333,8,0.125,mobile_healthcare,late_night,1,262.9902859101002,0.0436612122181796,19.45
684150,66.0,M,US,Seattle,mobile,basic,7579,news,43.9,PG,5652,video,pre_roll,retail,5.86,4,0,0,0,37.7,4,8.85,0.31,0.01,0.04,2024-03-09 01:00:00,1,5,3,0.0,0.0,1.0,0.648945,4,0.0,mobile_retail,late_night,1,262.9902859101002,0.0436612122181796,37.7
153055,44.0,M,BR,Rio de Janeiro,tablet,basic,3414,gaming,44.0,R,5819,native,pre_roll,cpg,6.78,6,0,0,0,18.2,3,15.39,1.25,0.04,0.09,2024-03-09 01:00:00,1,5,3,0.0,0.0,0.5,0.4337293333333333,6,0.0,tablet_cpg,late_night,1,262.9902859101002,0.0436612122181796,45.95
736071,21.0,M,IN,Bengaluru,mobile,family,6498,music,24.6,PG-13,5241,audio,in_feed,gaming,9.1,1,0,0,0,0.5,5,16.57,1.71,0.01,0.02,2024-03-09 01:00:00,1,5,3,0.0,0.0,5.0,0.3730956666666666,1,0.0,mobile_gaming,late_night,1,262.9902859101002,0.0436612122181796,0.5
108806,57.0,M,DE,Berlin,mobile,basic,9643,sports,36.1,G,5417,interstitial,mid_roll,retail,4.87,7,0,0,0,21.7,6,10.78,1.12,0.03,0.08,2024-03-09 01:00:00,1,5,3,0.0,0.0,0.8571428571428571,0.6000303333333333,7,0.0,mobile_retail,late_night,1,262.9902859101002,0.0436612122181796,21.7
683349,14.0,M,AU,Sydney,mobile,free,1242,documentary,44.7,R,5842,video,sidebar,gaming,16.2,6,0,0,0,9.9,5,16.53,1.08,0.04,0.1,2024-03-09 01:00:00,1,5,3,0.0,0.0,0.8333333333333334,0.4520383333333333,6,0.0,mobile_gaming,late_night,1,262.9902859101002,0.0436612122181796,9.9
523131,72.0,M,DE,Berlin,mobile,free,6722,news,18.8,PG-13,5393,native,post_roll,healthcare,2.89,1,0,0,0,14.8,3,11.77,0.5,0.0,0.01,2024-03-09 01:00:00,1,5,3,0.0,0.0,3.0,0.401316,1,0.0,mobile_healthcare,late_night,1,262.9902859101002,0.0436612122181796,14.8
606117,73.0,F,FR,Paris,mobile,free,8528,documentary,34.1,PG-13,5964,video,post_roll,auto,5.76,11,0,0,0,28.7,0,9.57,1.99,0.04,0.11,2024-03-09 01:00:00,1,5,3,0.0,0.0,0.0,0.398438,11,0.0,mobile_auto,late_night,1,262.9902859101002,0.0436612122181796,41.6
333711,64.0,M,MX,Mexico City,smart_tv,family,9850,sports,53.7,G,5588,interstitial,pre_roll,retail,4.13,8,0,0,0,41.8,3,9.61,1.07,0.03,0.08,2024-03-09 02:00:00,2,5,3,0.0,0.0,0.375,0.612236,8,0.0,smart_tv_retail,late_night,1,262.9902859101002,0.0436612122181796,41.8
989403,64.0,M,FR,Lyon,mobile,free,3870,gaming,30.9,PG,5045,native,mid_roll,finance,5.76,6,0,0,0,19.8,6,7.3,0.83,0.02,0.04,2024-03-09 02:00:00,2,5,3,0.0,0.0,1.0,0.5704636666666667,6,0.0,mobile_finance,late_night,1,262.9902859101002,0.0436612122181796,19.8
283628,38.0,Other,JP,Tokyo,mobile,free,4641,comedy,66.8,R,5239,interstitial,pre_roll,cpg,5.23,1,0,0,0,27.9,3,9.23,0.58,0.0,0.01,2024-03-09 02:00:00,2,5,3,0.0,0.0,3.0,0.5316506666666667,1,0.0,mobile_cpg,late_night,1,262.9902859101002,0.0436612122181796,27.9
665172,26.0,M,UK,Manchester,desktop,free,1199,documentary,44.2,PG-13,5730,interstitial,mid_roll,healthcare,5.62,4,1,0,1,19.5,2,10.8,1.51,0.92,0.27,2024-03-09 02:00:00,2,5,3,0.25,0.0,0.75,0.5572246666666667,4,0.25,desktop_healthcare,late_night,1,262.9902859101002,0.0436612122181796,19.5
213185,59.0,M,CA,Vancouver,mobile,free,4919,kids,50.8,G,5433,video,post_roll,auto,2.16,8,2,0,1,43.2,3,8.87,0.71,0.88,0.28,2024-03-09 02:00:00,2,5,3,0.25,0.0,0.625,0.7884103333333333,8,0.25,mobile_auto,late_night,1,262.9902859101002,0.0436612122181796,43.2
371102,54.0,F,IN,Bengaluru,mobile,premium,1395,comedy,32.2,PG,5523,audio,post_roll,travel,3.3,3,0,0,0,8.3,0,10.58,1.28,0.01,0.03,2024-03-09 02:00:00,2,5,3,0.0,0.0,0.0,0.2041339999999999,3,0.0,mobile_travel,late_night,1,262.9902859101002,0.0436612122181796,8.3
861038,21.0,F,US,New York,desktop,free,6765,drama,10.7,PG,5822,banner,pre_roll,cpg,7.3,1,0,0,0,12.6,2,2.14,1.96,0.0,0.0,2024-03-09 02:00:00,2,5,3,0.0,0.0,2.0,0.3211903333333333,1,0.0,desktop_cpg,late_night,1,262.9902859101002,0.0436612122181796,12.6
248712,29.0,M,UK,Manchester,desktop,basic,9054,drama,22.2,PG,5769,native,post_roll,finance,4.89,8,1,0,1,20.7,3,10.41,1.29,0.81,0.28,2024-03-09 02:00:00,2,5,3,0.125,0.0,0.5,0.6114863333333334,8,0.125,desktop_finance,late_night,1,262.9902859101002,0.0436612122181796,20.7
623904,68.0,F,US,Austin,mobile,premium,1276,comedy,53.0,PG,5242,audio,post_roll,retail,4.69,8,1,0,1,31.2,0,12.94,1.14,0.73,0.27,2024-03-09 02:00:00,2,5,3,0.125,0.0,0.125,0.5591976666666667,8,0.125,mobile_retail,late_night,1,262.9902859101002,0.0436612122181796,31.2
506666,63.0,M,FR,Paris,smart_tv,premium,3382,kids,47.1,PG-13,5289,audio,sidebar,retail,9.06,3,0,0,0,18.5,5,15.78,1.21,0.02,0.05,2024-03-09 02:00:00,2,5,3,0.0,0.0,1.6666666666666667,0.531689,3,0.0,smart_tv_retail,late_night,1,262.9902859101002,0.0436612122181796,18.5
366910,15.0,F,IN,Mumbai,desktop,basic,1549,drama,30.7,PG-13,5365,interstitial,sidebar,auto,2.86,11,2,0,1,6.0,0,10.43,0.44,0.57,0.25,2024-03-09 02:00:00,2,5,3,0.1818181818181818,0.0,0.1818181818181818,0.3457929999999999,11,0.1818181818181818,desktop_auto,late_night,1,262.9902859101002,0.0436612122181796,6.0
376908,73.0,F,BR,Sao Paulo,desktop,free,3338,news,27.3,PG-13,5899,audio,sidebar,travel,3.64,9,0,0,0,10.6,2,9.26,0.3,0.03,0.08,2024-03-09 02:00:00,2,5,3,0.0,0.0,0.2222222222222222,0.3031129999999999,9,0.0,desktop_travel,late_night,1,262.9902859101002,0.0436612122181796,10.6
303756,65.0,F,CA,Vancouver,tablet,premium,5954,comedy,40.5,PG-13,5350,banner,sidebar,tech,2.12,1,0,0,0,29.8,5,10.21,0.64,0.0,0.01,2024-03-09 02:00:00,2,5,3,0.0,0.0,5.0,0.6413703333333333,1,0.0,tablet_tech,late_night,1,262.9902859101002,0.0436612122181796,29.8
106949,63.0,M,US,Austin,mobile,family,7660,news,42.0,PG,5523,video,pre_roll,finance,3.93,8,1,1,1,17.5,3,8.46,0.82,19.69,0.19,2024-03-09 02:00:00,2,5,3,0.125,1.0,0.625,0.5691943333333334,8,0.125,mobile_finance,late_night,1,262.9902859101002,0.0436612122181796,17.5
532257,46.0,F,US,Chicago,mobile,premium,2612,comedy,39.9,PG,5933,interstitial,sidebar,cpg,5.14,10,0,0,0,30.8,4,15.91,0.73,0.06,0.16,2024-03-09 02:00:00,2,5,3,0.0,0.0,0.4,0.607749,10,0.0,mobile_cpg,late_night,1,262.9902859101002,0.0436612122181796,30.8
519257,23.0,Other,US,New York,desktop,premium,5171,comedy,24.9,PG,5665,video,post_roll,travel,4.43,9,0,0,0,28.6,9,8.05,1.54,0.03,0.07,2024-03-09 03:00:00,3,5,3,0.0,0.0,1.0,0.6864613333333333,9,0.0,desktop_travel,late_night,1,262.9902859101002,0.0436612122181796,14.55
481636,40.0,M,US,Austin,mobile,premium,2068,comedy,32.6,PG-13,5831,interstitial,pre_roll,cpg,3.71,3,0,0,0,15.2,3,8.97,0.55,0.01,0.03,2024-03-09 03:00:00,3,5,3,0.0,0.0,1.0,0.4050439999999999,3,0.0,mobile_cpg,late_night,1,262.9902859101002,0.0436612122181796,21.15
234147,28.0,F,BR,Sao Paulo,tablet,family,9841,kids,44.4,PG-13,5614,video,mid_roll,auto,10.65,1,0,0,0,37.6,8,14.34,0.78,0.01,0.01,2024-03-09 03:00:00,3,5,3,0.0,0.0,8.0,0.7392613333333333,1,0.0,tablet_auto,late_night,1,262.9902859101002,0.0436612122181796,35.2
336748,68.0,M,UK,Manchester,desktop,free,1165,gaming,13.1,PG-13,5026,banner,post_roll,retail,5.33,6,0,0,0,30.6,1,8.05,1.19,0.02,0.05,2024-03-09 03:00:00,3,5,3,0.0,0.0,0.1666666666666666,0.4414523333333333,6,0.0,desktop_retail,late_night,1,262.9902859101002,0.0436612122181796,30.6
890834,64.0,F,IN,Bengaluru,mobile,basic,9635,drama,63.4,R,5469,video,in_feed,healthcare,3.0,1,0,0,0,37.8,2,10.07,1.08,0.0,0.01,2024-03-09 03:00:00,3,5,3,0.0,0.0,2.0,0.535085,1,0.0,mobile_healthcare,late_night,1,262.9902859101002,0.0436612122181796,37.8
279809,36.0,M,DE,Munich,mobile,premium,5248,drama,31.7,PG-13,5546,banner,post_roll,tech,6.55,7,0,0,0,95.05050000000048,7,7.36,1.5,0.02,0.05,2024-03-09 03:00:00,3,5,3,0.0,0.0,1.0,0.7985386666666666,7,0.0,mobile_tech,late_night,1,262.9902859101002,0.0436612122181796,47.77525000000024
975095,35.0,F,FR,Paris,desktop,free,9412,drama,45.1,PG-13,5423,video,sidebar,gaming,3.5,3,0,0,0,24.7,5,13.88,1.24,0.02,0.04,2024-03-09 03:00:00,3,5,3,0.0,0.0,1.6666666666666667,0.6005183333333334,3,0.0,desktop_gaming,late_night,1,262.9902859101002,0.0436612122181796,24.7
135864,40.0,M,MX,Mexico City,mobile,free,9854,drama,2.0,R,5562,audio,mid_roll,healthcare,2.69,9,0,0,0,0.5,3,11.6,1.29,0.04,0.1,2024-03-09 03:00:00,3,5,3,0.0,0.0,0.3333333333333333,0.2779266666666666,9,0.0,mobile_healthcare,late_night,1,262.9902859101002,0.0436612122181796,0.5
763685,38.0,F,UK,London,mobile,free,1580,music,18.4,R,5832,interstitial,pre_roll,retail,3.52,3,1,0,1,13.7,0,7.26,1.2,0.73,0.2,2024-03-09 03:00:00,3,5,3,0.3333333333333333,0.0,0.3333333333333333,0.42899,3,0.3333333333333333,mobile_retail,late_night,1,262.9902859101002,0.0436612122181796,13.7
680049,44.0,M,JP,Osaka,smart_tv,free,1229,drama,5.6,PG,5172,interstitial,post_roll,travel,6.02,3,0,0,0,0.5,3,11.72,1.08,0.01,0.04,2024-03-09 03:00:00,3,5,3,0.0,0.0,1.0,0.2779266666666666,3,0.0,smart_tv_travel,late_night,1,262.9902859101002,0.0436612122181796,0.5
858710,22.0,M,UK,Manchester,mobile,free,5708,sports,32.4,R,5152,interstitial,sidebar,auto,5.96,9,0,0,0,25.9,2,13.66,1.21,0.05,0.12,2024-03-09 04:00:00,4,5,3,0.0,0.0,0.2222222222222222,0.4555836666666666,9,0.0,mobile_auto,late_night,1,262.9902859101002,0.0436612122181796,25.9
593092,68.0,F,UK,Manchester,desktop,free,9445,documentary,30.6,G,5875,audio,in_feed,gaming,5.56,3,0,0,0,0.5,4,11.71,0.75,0.01,0.04,2024-03-09 04:00:00,4,5,3,0.0,0.0,1.3333333333333333,0.3323756666666666,3,0.0,desktop_gaming,late_night,1,262.9902859101002,0.0436612122181796,12.55
767646,41.0,F,IN,Mumbai,desktop,basic,1076,news,88.4,PG,5780,audio,in_feed,auto,5.79,5,0,0,0,84.3,6,12.13,0.76,0.02,0.06,2024-03-09 04:00:00,4,5,3,0.0,0.0,1.2,0.781553,5,0.0,desktop_auto,late_night,1,262.9902859101002,0.0436612122181796,84.3
975718,54.0,F,US,Unknown,mobile,basic,4816,music,12.4,PG-13,5664,video,sidebar,retail,6.02,7,0,0,0,5.4,6,5.5,1.86,0.02,0.04,2024-03-09 04:00:00,4,5,3,0.0,0.0,0.8571428571428571,0.4436383333333333,7,0.0,mobile_retail,late_night,1,262.9902859101002,0.0436612122181796,5.4
372611,36.0,F,IN,Bengaluru,desktop,family,2191,drama,24.7,G,5469,banner,pre_roll,healthcare,2.72,7,0,0,0,11.8,4,10.57,0.81,0.03,0.07,2024-03-09 04:00:00,4,5,3,0.0,0.0,0.5714285714285714,0.4283383333333333,7,0.0,desktop_healthcare,late_night,1,262.9902859101002,0.0436612122181796,7.7
544044,66.0,F,US,Seattle,mobile,free,4822,music,16.1,PG-13,5879,banner,mid_roll,gaming,7.93,8,0,0,0,0.5,0,13.36,1.99,0.04,0.11,2024-03-09 04:00:00,4,5,3,0.0,0.0,0.0,0.1385326666666666,8,0.0,mobile_gaming,late_night,1,262.9902859101002,0.0436612122181796,20.2
283793,73.0,F,US,New York,mobile,premium,3832,kids,52.8,G,5716,banner,sidebar,travel,4.01,7,1,0,1,27.6,2,2.09,1.45,0.88,0.23,2024-03-09 04:00:00,4,5,3,0.1428571428571428,0.0,0.4285714285714285,0.6183786666666666,7,0.1428571428571428,mobile_travel,late_night,1,262.9902859101002,0.0436612122181796,27.6
649992,15.0,F,US,Chicago,desktop,premium,7186,documentary,2.0,PG-13,5260,interstitial,post_roll,travel,6.95,4,0,0,0,2.0,1,13.23,1.08,0.02,0.05,2024-03-09 04:00:00,4,5,3,0.0,0.0,0.25,0.1902256666666666,4,0.0,desktop_travel,late_night,1,262.9902859101002,0.0436612122181796,12.9
584955,59.0,F,US,Austin,mobile,premium,9109,gaming,20.5,PG-13,5944,native,pre_roll,retail,2.23,11,1,1,1,10.2,5,9.34,1.25,31.39,0.29,2024-03-09 04:00:00,4,5,3,0.0909090909090909,1.0,0.6363636363636364,0.573905,11,0.0909090909090909,mobile_retail,late_night,1,262.9902859101002,0.0436612122181796,10.2
876207,54.0,M,CA,Vancouver,mobile,basic,4869,kids,20.7,G,5712,video,in_feed,retail,4.41,3,0,0,0,15.3,5,11.55,1.0,0.01,0.03,2024-03-09 04:00:00,4,5,3,0.0,0.0,1.6666666666666667,0.5011143333333333,3,0.0,mobile_retail,late_night,1,262.9902859101002,0.0436612122181796,14.15
536008,24.0,F,US,Austin,desktop,free,2572,documentary,22.4,PG-13,5398,banner,in_feed,healthcare,4.9,1,0,0,0,20.6,2,8.55,0.88,0.0,0.01,2024-03-09 04:00:00,4,5,3,0.0,0.0,2.0,0.4023743333333333,1,0.0,desktop_healthcare,late_night,1,262.9902859101002,0.0436612122181796,20.6
618641,22.0,M,IN,Bengaluru,mobile,free,4727,gaming,60.9,PG,5337,video,sidebar,auto,2.02,4,0,0,0,43.9,10,9.28,0.45,0.01,0.04,2024-03-09 04:00:00,4,5,3,0.0,0.0,2.5,0.77099,4,0.0,mobile_auto,late_night,1,262.9902859101002,0.0436612122181796,32.85
316696,28.0,F,FR,Paris,tablet,free,3348,comedy,34.1,R,5907,video,mid_roll,gaming,4.72,10,0,0,0,23.4,3,10.52,0.6,0.04,0.11,2024-03-09 04:00:00,4,5,3,0.0,0.0,0.3,0.493824,10,0.0,tablet_gaming,late_night,1,262.9902859101002,0.0436612122181796,23.4
376595,18.0,F,CA,Vancouver,desktop,premium,5419,sports,46.7,G,5056,interstitial,post_roll,tech,3.32,9,1,0,1,22.7,2,9.53,0.99,0.63,0.23,2024-03-09 04:00:00,4,5,3,0.1111111111111111,0.0,0.3333333333333333,0.562653,9,0.1111111111111111,desktop_tech,late_night,1,262.9902859101002,0.0436612122181796,22.7
169554,55.0,M,DE,Berlin,mobile,free,8849,documentary,31.3,PG,5959,native,sidebar,retail,8.02,8,0,0,0,9.6,7,12.73,1.33,0.04,0.1,2024-03-09 05:00:00,5,5,3,0.0,0.0,0.875,0.4913626666666666,8,0.0,mobile_retail,late_night,1,262.9902859101002,0.0436612122181796,9.6
187994,31.0,F,UK,London,mobile,free,6491,sports,25.6,PG-13,5008,interstitial,in_feed,healthcare,7.05,11,0,0,0,19.4,4,14.71,1.12,0.06,0.16,2024-03-09 05:00:00,5,5,3,0.0,0.0,0.3636363636363636,0.499501,11,0.0,mobile_healthcare,late_night,1,262.9902859101002,0.0436612122181796,19.4
260014,71.0,F,IN,Mumbai,mobile,basic,5523,music,2.0,G,5680,audio,in_feed,retail,5.53,5,1,0,1,3.9,4,12.69,0.57,0.37,0.15,2024-03-09 05:00:00,5,5,3,0.2,0.0,1.0,0.5298689999999999,5,0.2,mobile_retail,late_night,1,262.9902859101002,0.0436612122181796,18.0
675609,70.0,M,BR,Sao Paulo,smart_tv,basic,5888,kids,38.0,PG,5882,video,sidebar,gaming,4.07,5,0,0,0,14.5,2,10.22,1.04,0.02,0.05,2024-03-09 05:00:00,5,5,3,0.0,0.0,0.4,0.338625,5,0.0,smart_tv_gaming,late_night,1,262.9902859101002,0.0436612122181796,14.5
325938,27.0,M,AU,Melbourne,mobile,family,6816,kids,5.2,R,5033,native,pre_roll,healthcare,8.07,11,0,0,0,0.5,2,11.42,1.37,0.05,0.13,2024-03-09 05:00:00,5,5,3,0.0,0.0,0.1818181818181818,0.2180356666666666,11,0.0,mobile_healthcare,late_night,1,262.9902859101002,0.0436612122181796,5.05
541228,50.0,M,US,Unknown,mobile,basic,5045,documentary,9.1,R,5601,banner,sidebar,gaming,8.53,10,0,0,0,2.3,3,11.48,1.32,0.05,0.11,2024-03-09 05:00:00,5,5,3,0.0,0.0,0.3,0.3023613333333333,10,0.0,mobile_gaming,late_night,1,262.9902859101002,0.0436612122181796,2.3
143956,29.0,F,JP,Osaka,desktop,premium,2384,comedy,102.1,PG-13,5340,video,pre_roll,healthcare,8.13,11,1,0,1,75.7,3,11.75,0.6,0.41,0.22,2024-03-09 05:00:00,5,5,3,0.0909090909090909,0.0,0.3636363636363636,0.7777333333333334,11,0.0909090909090909,desktop_healthcare,late_night,1,262.9902859101002,0.0436612122181796,75.7
992895,38.0,M,US,Chicago,smart_tv,premium,9520,comedy,31.9,PG-13,5009,video,in_feed,retail,2.34,2,0,0,0,28.1,2,9.04,2.03,0.01,0.02,2024-03-09 05:00:00,5,5,3,0.0,0.0,1.0,0.4733703333333333,2,0.0,smart_tv_retail,late_night,1,262.9902859101002,0.0436612122181796,28.1
141136,46.0,M,US,Chicago,tablet,basic,7278,kids,50.1,PG-13,5422,audio,pre_roll,auto,5.37,1,0,0,0,47.5,1,10.23,1.49,0.0,0.01,2024-03-09 06:00:00,6,5,3,0.0,0.0,1.0,0.519523,1,0.0,tablet_auto,morning,1,262.9902859101002,0.0436612122181796,47.5
141081,38.0,M,JP,Tokyo,desktop,basic,7249,news,18.8,PG-13,5099,interstitial,mid_roll,finance,5.0,2,1,0,1,3.2,0,4.62,1.32,0.8,0.21,2024-03-09 06:00:00,6,5,3,0.5,0.0,0.5,0.3496843333333333,2,0.5,desktop_finance,morning,1,262.9902859101002,0.0436612122181796,22.05
162038,57.0,F,MX,Mexico City,tablet,free,2150,comedy,46.8,PG-13,5117,interstitial,post_roll,finance,8.06,2,0,0,0,30.9,6,6.43,1.48,0.01,0.01,2024-03-09 06:00:00,6,5,3,0.0,0.0,3.0,0.6757276666666666,2,0.0,tablet_finance,morning,1,262.9902859101002,0.0436612122181796,25.15
370463,24.0,M,DE,Berlin,smart_tv,premium,6989,music,25.4,PG-13,5110,banner,post_roll,travel,8.32,10,1,0,1,16.7,4,11.03,1.36,0.86,0.31,2024-03-09 06:00:00,6,5,3,0.1,0.0,0.5,0.6010993333333333,10,0.1,smart_tv_travel,morning,1,262.9902859101002,0.0436612122181796,16.7
422706,73.0,M,IN,Bengaluru,tablet,basic,3749,news,32.1,PG,5009,video,in_feed,retail,3.05,6,0,0,0,32.8,3,6.24,0.63,0.01,0.04,2024-03-09 06:00:00,6,5,3,0.0,0.0,0.5,0.566988,6,0.0,tablet_retail,morning,1,262.9902859101002,0.0436612122181796,32.8
947099,53.0,M,JP,Tokyo,mobile,basic,4541,gaming,32.7,G,5093,native,in_feed,healthcare,3.23,7,0,0,0,17.7,5,12.64,1.34,0.04,0.09,2024-03-09 06:00:00,6,5,3,0.0,0.0,0.7142857142857143,0.524065,7,0.0,mobile_healthcare,morning,1,262.9902859101002,0.0436612122181796,17.7
244760,66.0,M,IN,Bengaluru,tablet,family,9049,sports,50.6,PG,5968,audio,pre_roll,finance,12.45,8,0,0,0,40.4,6,12.02,1.38,0.04,0.1,2024-03-09 07:00:00,7,5,3,0.0,0.0,0.75,0.7284236666666667,8,0.0,tablet_finance,morning,1,262.9902859101002,0.0436612122181796,40.4
304927,26.0,M,UK,Manchester,desktop,premium,9620,sports,19.9,R,5072,native,in_feed,finance,8.93,3,0,0,0,16.4,1,9.09,0.79,0.01,0.03,2024-03-09 07:00:00,7,5,3,0.0,0.0,0.3333333333333333,0.3060083333333333,3,0.0,desktop_finance,morning,1,262.9902859101002,0.0436612122181796,16.4
963376,17.0,F,US,Chicago,smart_tv,premium,2123,documentary,63.8,PG-13,5993,banner,pre_roll,travel,1.91,5,0,0,0,40.5,4,9.83,0.84,0.02,0.05,2024-03-09 07:00:00,7,5,3,0.0,0.0,0.8,0.6616463333333333,5,0.0,smart_tv_travel,morning,1,262.9902859101002,0.0436612122181796,40.5
901915,64.0,F,BR,Rio de Janeiro,mobile,premium,7456,kids,32.0,PG-13,5988,interstitial,in_feed,tech,5.14,10,0,0,0,2.7,1,6.19,1.04,0.02,0.06,2024-03-09 07:00:00,7,5,3,0.0,0.0,0.1,0.1941696666666666,10,0.0,mobile_tech,morning,1,262.9902859101002,0.0436612122181796,2.7
180085,71.0,F,US,New York,desktop,free,9538,comedy,19.4,R,5089,native,post_roll,healthcare,9.41,5,1,1,1,17.2,2,11.71,1.26,34.13005000000005,0.25,2024-03-09 07:00:00,7,5,3,0.2,1.0,0.8,0.5275783333333333,5,0.2,desktop_healthcare,morning,1,262.9902859101002,0.0436612122181796,17.2
454074,68.0,F,AU,Melbourne,tablet,basic,8525,music,60.6,R,5708,interstitial,post_roll,gaming,2.99,9,1,0,1,45.6,4,11.15,1.33,0.84,0.3,2024-03-09 07:00:00,7,5,3,0.1111111111111111,0.0,0.5555555555555556,0.8144303333333334,9,0.1111111111111111,tablet_gaming,morning,1,262.9902859101002,0.0436612122181796,23.45
206259,53.0,M,AU,Sydney,desktop,basic,4682,music,33.0,PG,5558,banner,mid_roll,cpg,2.41,2,0,0,0,13.1,3,8.27,1.68,0.01,0.02,2024-03-09 07:00:00,7,5,3,0.0,0.0,1.5,0.3857213333333333,2,0.0,desktop_cpg,morning,1,262.9902859101002,0.0436612122181796,13.1
824322,69.0,M,DE,Berlin,tablet,premium,1264,documentary,35.3,PG-13,5202,video,post_roll,finance,16.62,7,2,0,1,13.9,6,18.4,2.18,2.67,0.78,2024-03-09 07:00:00,7,5,3,0.2857142857142857,0.0,1.1428571428571428,0.689071,7,0.2857142857142857,tablet_finance,morning,1,262.9902859101002,0.0436612122181796,13.9
208399,72.0,M,DE,Berlin,mobile,free,6259,kids,18.8,PG-13,5533,audio,in_feed,retail,3.24,11,1,0,1,15.9,1,9.57,0.68,0.45,0.21,2024-03-09 07:00:00,7,5,3,0.0909090909090909,0.0,0.1818181818181818,0.4205963333333333,11,0.0909090909090909,mobile_retail,morning,1,262.9902859101002,0.0436612122181796,15.9
290006,64.0,F,IN,Hyderabad,mobile,premium,5243,music,30.5,PG-13,5806,interstitial,pre_roll,healthcare,1.86,2,0,0,0,26.7,3,5.84,1.06,0.0,0.01,2024-03-09 07:00:00,7,5,3,0.0,0.0,1.5,0.522096,2,0.0,mobile_healthcare,morning,1,262.9902859101002,0.0436612122181796,26.7
175035,55.0,F,AU,Sydney,console,premium,9790,kids,40.9,PG,5988,banner,in_feed,finance,4.76,8,0,0,0,23.6,2,12.27,0.83,0.04,0.1,2024-03-09 07:00:00,7,5,3,0.0,0.0,0.25,0.4357076666666666,8,0.0,console_finance,morning,1,262.9902859101002,0.0436612122181796,23.6
252821,17.0,F,DE,Munich,desktop,free,1703,sports,14.4,PG,5263,video,in_feed,tech,8.85,2,0,0,0,8.5,4,11.77,1.68,0.01,0.02,2024-03-09 07:00:00,7,5,3,0.0,0.0,2.0,0.3996396666666666,2,0.0,desktop_tech,morning,1,262.9902859101002,0.0436612122181796,4.5
420899,53.0,F,UK,Manchester,tablet,premium,2406,comedy,44.4,G,5764,audio,pre_roll,travel,1.64,1,0,0,0,33.2,4,5.13,0.06,0.0,0.01,2024-03-09 07:00:00,7,5,3,0.0,0.0,4.0,0.6239276666666667,1,0.0,tablet_travel,morning,1,262.9902859101002,0.0436612122181796,33.2
456096,48.0,F,US,Unknown,mobile,premium,1232,kids,43.0,PG-13,5157,video,sidebar,travel,5.14,11,1,0,1,16.9,3,12.71,0.89,0.59,0.27,2024-03-09 07:00:00,7,5,3,0.0909090909090909,0.0,0.3636363636363636,0.5403853333333333,11,0.0909090909090909,mobile_travel,morning,1,262.9902859101002,0.0436612122181796,16.9
366107,55.0,F,US,Seattle,mobile,free,7304,music,29.0,PG-13,5956,video,in_feed,tech,1.97,2,0,0,0,17.2,4,9.32,1.51,0.01,0.02,2024-03-09 08:00:00,8,5,3,0.0,0.0,2.0,0.4783383333333333,2,0.0,mobile_tech,morning,1,262.9902859101002,0.0436612122181796,17.2
761449,27.0,F,JP,Osaka,mobile,basic,2548,comedy,38.7,PG,5955,banner,post_roll,travel,2.25,6,0,0,0,14.3,2,11.21,1.01,0.03,0.07,2024-03-09 08:00:00,8,5,3,0.0,0.0,0.3333333333333333,0.3366703333333333,6,0.0,mobile_travel,morning,1,262.9902859101002,0.0436612122181796,14.3
671975,42.0,F,AU,Melbourne,smart_tv,basic,8256,news,24.4,PG-13,5630,interstitial,pre_roll,travel,5.89,5,0,0,0,22.2,5,17.19,0.77,0.03,0.09,2024-03-09 08:00:00,8,5,3,0.0,0.0,1.0,0.578001,5,0.0,smart_tv_travel,morning,1,262.9902859101002,0.0436612122181796,22.2
497803,17.0,F,FR,Paris,mobile,basic,4803,gaming,2.0,PG-13,5488,audio,mid_roll,tech,7.87,7,0,0,0,12.8,2,6.96,1.19,0.02,0.05,2024-03-09 08:00:00,8,5,3,0.0,0.0,0.2857142857142857,0.3230503333333333,7,0.0,mobile_tech,morning,1,262.9902859101002,0.0436612122181796,12.8
312877,49.0,Other,DE,Munich,desktop,family,9277,music,60.2,G,5937,video,post_roll,travel,3.2,6,0,0,0,43.7,3,7.97,0.05,0.02,0.05,2024-03-09 08:00:00,8,5,3,0.0,0.0,0.5,0.618992,6,0.0,desktop_travel,morning,1,262.9902859101002,0.0436612122181796,43.7
436692,39.0,M,BR,Sao Paulo,desktop,free,5213,comedy,25.0,G,5673,native,mid_roll,retail,9.0,4,0,0,0,8.0,6,13.98,0.65,0.02,0.06,2024-03-09 08:00:00,8,5,3,0.0,0.0,1.5,0.4627116666666667,4,0.0,desktop_retail,morning,1,262.9902859101002,0.0436612122181796,8.0
108006,17.0,M,DE,Berlin,console,premium,1793,documentary,6.8,PG-13,5057,audio,in_feed,finance,5.78,3,0,0,0,6.5,4,14.21,1.15,0.02,0.04,2024-03-09 08:00:00,8,5,3,0.0,0.0,1.3333333333333333,0.3841276666666666,3,0.0,console_finance,morning,1,262.9902859101002,0.0436612122181796,6.5
273364,23.0,M,UK,Manchester,desktop,premium,9474,drama,71.0,PG,5359,native,sidebar,retail,3.15,1,0,0,0,44.5,2,11.83,1.55,0.0,0.01,2024-03-09 08:00:00,8,5,3,0.0,0.0,2.0,0.5615876666666666,1,0.0,desktop_retail,morning,1,262.9902859101002,0.0436612122181796,44.5
856338,42.0,F,US,New York,mobile,premium,4318,gaming,40.6,G,5771,interstitial,in_feed,cpg,10.23,1,0,0,0,28.4,2,12.57,1.74,0.01,0.01,2024-03-09 08:00:00,8,5,3,0.0,0.0,2.0,0.475701,1,0.0,mobile_cpg,morning,1,262.9902859101002,0.0436612122181796,28.4
676109,36.0,M,UK,London,smart_tv,family,5162,drama,28.6,PG,5894,audio,mid_roll,gaming,2.61,4,0,0,0,6.9,4,5.45,1.05,0.01,0.02,2024-03-09 08:00:00,8,5,3,0.0,0.0,1.0,0.387109,4,0.0,smart_tv_gaming,morning,1,262.9902859101002,0.0436612122181796,6.9
956168,14.0,M,US,New York,mobile,family,9966,comedy,32.1,PG,5661,interstitial,sidebar,auto,4.85,11,0,0,0,28.2,5,5.06,1.34,0.02,0.06,2024-03-09 08:00:00,8,5,3,0.0,0.0,0.4545454545454545,0.6292369999999999,11,0.0,mobile_auto,morning,1,262.9902859101002,0.0436612122181796,28.2
604168,62.0,M,JP,Osaka,desktop,basic,9896,drama,57.1,PG-13,5750,video,post_roll,retail,2.35,3,0,0,0,30.5,4,5.48,1.23,0.01,0.02,2024-03-09 08:00:00,8,5,3,0.0,0.0,1.3333333333333333,0.605745,3,0.0,desktop_retail,morning,1,262.9902859101002,0.0436612122181796,30.5
778665,42.0,M,JP,Tokyo,desktop,premium,4399,news,2.0,PG,5364,video,pre_roll,retail,1.29,8,0,0,0,20.6,3,3.78,1.04,0.01,0.03,2024-03-09 08:00:00,8,5,3,0.0,0.0,0.375,0.4622653333333333,8,0.0,desktop_retail,morning,1,262.9902859101002,0.0436612122181796,20.6
427104,31.0,M,MX,Mexico City,mobile,premium,7746,drama,54.6,PG-13,5732,banner,post_roll,gaming,2.65,1,0,0,0,22.9,4,9.81,0.78,0.0,0.01,2024-03-09 09:00:00,9,5,3,0.0,0.0,4.0,0.543813,1,0.0,mobile_gaming,morning,1,262.9902859101002,0.0436612122181796,22.9
861019,73.0,Other,US,Austin,mobile,free,6090,documentary,4.9,PG-13,5289,audio,pre_roll,gaming,3.93,2,0,0,0,3.7,6,8.64,0.69,0.01,0.02,2024-03-09 09:00:00,9,5,3,0.0,0.0,3.0,0.432281,2,0.0,mobile_gaming,morning,1,262.9902859101002,0.0436612122181796,3.7
942262,39.0,F,US,Seattle,mobile,basic,6342,gaming,52.1,R,5705,audio,pre_roll,travel,8.73,4,1,0,1,35.1,8,16.04,1.28,0.79,0.26,2024-03-09 09:00:00,9,5,3,0.25,0.0,2.25,0.8970969999999999,4,0.25,mobile_travel,morning,1,262.9902859101002,0.0436612122181796,35.1
511944,42.0,F,BR,Sao Paulo,desktop,free,6647,news,59.1,G,5890,video,post_roll,retail,4.7,1,0,0,0,39.9,4,9.24,1.46,0.0,0.01,2024-03-09 09:00:00,9,5,3,0.0,0.0,4.0,0.6591343333333334,1,0.0,desktop_retail,morning,1,262.9902859101002,0.0436612122181796,39.9
445290,52.0,F,CA,Vancouver,mobile,premium,5710,comedy,64.1,PG,5759,native,pre_roll,retail,6.87,1,0,0,0,53.8,4,8.4,1.22,0.0,0.01,2024-03-09 09:00:00,9,5,3,0.0,0.0,4.0,0.6973889999999999,1,0.0,mobile_retail,morning,1,262.9902859101002,0.0436612122181796,53.8
279667,27.0,F,BR,Rio de Janeiro,mobile,basic,3000,drama,48.0,PG,5012,interstitial,sidebar,cpg,1.12,1,0,0,0,31.6,4,11.83,0.69,0.0,0.01,2024-03-09 09:00:00,9,5,3,0.0,0.0,4.0,0.613477,1,0.0,mobile_cpg,morning,1,262.9902859101002,0.0436612122181796,32.2
110463,38.0,M,AU,Sydney,mobile,free,8277,drama,74.7,PG,5103,banner,post_roll,finance,8.96,1,0,0,0,53.0,4,13.98,1.6,0.01,0.01,2024-03-09 09:00:00,9,5,3,0.0,0.0,4.0,0.6960956666666667,1,0.0,mobile_finance,morning,1,262.9902859101002,0.0436612122181796,53.0
690827,67.0,Unknown,IN,Bengaluru,desktop,free,2047,gaming,47.4,PG-13,5333,interstitial,mid_roll,tech,4.79,11,0,0,0,33.0,4,6.23,0.97,0.03,0.07,2024-03-09 09:00:00,9,5,3,0.0,0.0,0.3636363636363636,0.622661,11,0.0,desktop_tech,morning,1,262.9902859101002,0.0436612122181796,19.95
693509,45.0,M,UK,Manchester,mobile,family,7897,music,21.4,R,5124,audio,post_roll,retail,8.69,3,0,0,0,12.3,1,11.13,1.06,0.01,0.03,2024-03-09 09:00:00,9,5,3,0.0,0.0,0.3333333333333333,0.2679269999999999,3,0.0,mobile_retail,morning,1,262.9902859101002,0.0436612122181796,12.3
231827,71.0,M,UK,Manchester,mobile,family,6910,news,31.9,R,5917,audio,post_roll,retail,4.82,4,0,0,0,19.7,8,11.85,1.36,0.02,0.05,2024-03-09 09:00:00,9,5,3,0.0,0.0,2.0,0.5930506666666666,4,0.0,mobile_retail,morning,1,262.9902859101002,0.0436612122181796,19.7
978145,15.0,F,US,Seattle,mobile,free,4722,sports,43.5,PG,5951,banner,pre_roll,finance,3.43,8,2,0,1,29.1,3,11.07,0.65,0.82,0.28,2024-03-09 09:00:00,9,5,3,0.25,0.0,0.625,0.7120516666666666,8,0.25,mobile_finance,morning,1,262.9902859101002,0.0436612122181796,62.07525000000024
773838,27.0,F,UK,London,desktop,premium,5103,documentary,2.0,PG-13,5740,interstitial,in_feed,gaming,6.24,8,0,0,0,0.5,1,9.05,2.06,0.03,0.07,2024-03-09 09:00:00,9,5,3,0.0,0.0,0.125,0.1674656666666666,8,0.0,desktop_gaming,morning,1,262.9902859101002,0.0436612122181796,0.5
117621,30.0,F,DE,Berlin,smart_tv,free,7749,sports,6.4,PG,5518,audio,post_roll,retail,2.82,4,0,0,0,2.5,6,6.39,1.3,0.01,0.03,2024-03-09 09:00:00,9,5,3,0.0,0.0,1.5,0.4251783333333333,4,0.0,smart_tv_retail,morning,1,262.9902859101002,0.0436612122181796,2.5
635030,27.0,F,US,Chicago,mobile,premium,8732,music,59.0,PG-13,5478,audio,sidebar,tech,8.66,11,0,0,0,31.9,4,11.97,1.64,0.05,0.13,2024-03-09 09:00:00,9,5,3,0.0,0.0,0.3636363636363636,0.615601,11,0.0,mobile_tech,morning,1,262.9902859101002,0.0436612122181796,31.15
152155,15.0,F,FR,Paris,desktop,family,2116,news,33.1,PG,5182,audio,mid_roll,gaming,4.83,11,0,0,0,23.2,0,10.25,0.58,0.05,0.11,2024-03-09 09:00:00,9,5,3,0.0,0.0,0.0,0.3526753333333333,11,0.0,desktop_gaming,morning,1,262.9902859101002,0.0436612122181796,23.2
841910,43.0,M,US,New York,smart_tv,free,5643,gaming,38.3,R,5896,banner,sidebar,travel,5.91,5,0,0,0,15.2,2,11.03,1.12,0.02,0.06,2024-03-09 10:00:00,10,5,3,0.0,0.0,0.4,0.345153,5,0.0,smart_tv_travel,morning,1,262.9902859101002,0.0436612122181796,15.2
577949,66.0,Other,US,Seattle,tablet,free,7700,sports,12.3,PG,5279,native,sidebar,gaming,5.19,5,0,0,0,0.5,2,11.59,1.57,0.02,0.06,2024-03-09 10:00:00,10,5,3,0.0,0.0,0.4,0.2180356666666666,5,0.0,tablet_gaming,morning,1,262.9902859101002,0.0436612122181796,0.5
591545,22.0,M,US,Austin,mobile,premium,2407,music,55.2,PG,5805,banner,post_roll,retail,6.25,9,1,0,1,41.8,4,10.63,0.94,0.6,0.24,2024-03-09 10:00:00,10,5,3,0.1111111111111111,0.0,0.5555555555555556,0.8018050000000001,9,0.1111111111111111,mobile_retail,morning,1,262.9902859101002,0.0436612122181796,41.8
907708,60.0,F,US,Austin,mobile,free,4366,sports,5.7,R,5945,video,post_roll,finance,3.43,10,0,0,0,15.0,7,10.16,1.19,0.04,0.1,2024-03-09 10:00:00,10,5,3,0.0,0.0,0.7,0.5401933333333333,10,0.0,mobile_finance,morning,1,262.9902859101002,0.0436612122181796,15.0
278431,49.0,F,BR,Sao Paulo,mobile,premium,8496,comedy,13.9,PG,5692,video,pre_roll,healthcare,4.01,8,1,0,1,0.5,0,12.44,1.14,0.72,0.27,2024-03-09 10:00:00,10,5,3,0.125,0.0,0.125,0.2808736666666666,8,0.125,mobile_healthcare,morning,1,262.9902859101002,0.0436612122181796,0.5
555114,73.0,Other,BR,Sao Paulo,console,premium,5035,sports,45.4,R,5053,video,mid_roll,travel,2.11,10,0,0,0,31.3,7,8.94,0.96,0.04,0.09,2024-03-09 10:00:00,10,5,3,0.0,0.0,0.7,0.6939493333333333,10,0.0,console_travel,morning,1,262.9902859101002,0.0436612122181796,31.3
749446,58.0,F,FR,Paris,mobile,free,3925,gaming,8.0,G,5702,native,in_feed,cpg,5.08,11,0,0,0,0.5,1,13.05,1.14,0.06,0.14,2024-03-09 11:00:00,11,5,3,0.0,0.0,0.0909090909090909,0.1674656666666666,11,0.0,mobile_cpg,morning,1,262.9902859101002,0.0436612122181796,0.5
940125,52.0,M,JP,Osaka,smart_tv,premium,1718,comedy,32.7,R,5969,video,in_feed,healthcare,4.61,9,0,0,0,15.0,2,6.15,1.92,0.02,0.06,2024-03-09 11:00:00,11,5,3,0.0,0.0,0.2222222222222222,0.3432863333333333,9,0.0,smart_tv_healthcare,morning,1,262.9902859101002,0.0436612122181796,15.0
212722,46.0,M,IN,Mumbai,smart_tv,free,3074,sports,65.0,PG-13,5101,banner,post_roll,cpg,3.91,3,0,0,0,67.0,6,13.59,1.25,0.02,0.04,2024-03-09 11:00:00,11,5,3,0.0,0.0,2.0,0.7770596666666667,3,0.0,smart_tv_cpg,morning,1,262.9902859101002,0.0436612122181796,67.0
311283,52.0,M,DE,Berlin,tablet,family,9465,drama,2.0,PG,5986,interstitial,mid_roll,retail,6.68,5,0,0,0,8.5,3,8.94,1.65,0.02,0.04,2024-03-09 11:00:00,11,5,3,0.0,0.0,0.6,0.3451906666666666,5,0.0,tablet_retail,morning,1,262.9902859101002,0.0436612122181796,8.5
682628,37.0,F,MX,Guadalajara,desktop,free,4045,drama,28.7,R,5579,banner,mid_roll,tech,9.06,2,0,0,0,13.3,4,10.61,2.06,0.01,0.02,2024-03-09 11:00:00,11,5,3,0.0,0.0,2.0,0.441917,2,0.0,desktop_tech,morning,1,262.9902859101002,0.0436612122181796,13.3
596322,44.0,M,MX,Mexico City,tablet,free,3651,gaming,15.9,PG-13,5039,banner,in_feed,travel,3.19,10,0,0,0,4.3,0,7.6,1.43,0.03,0.08,2024-03-09 11:00:00,11,5,3,0.0,0.0,0.0,0.1749966666666666,10,0.0,tablet_travel,morning,1,262.9902859101002,0.0436612122181796,4.3
325555,69.0,F,US,New York,mobile,basic,3318,news,7.5,G,5251,video,mid_roll,cpg,2.9,5,0,0,0,22.2,5,9.87,0.39,0.02,0.05,2024-03-09 11:00:00,11,5,3,0.0,0.0,1.0,0.578001,5,0.0,mobile_cpg,morning,1,262.9902859101002,0.0436612122181796,22.2
188977,59.0,F,US,Austin,mobile,free,3277,drama,2.0,R,5099,banner,mid_roll,auto,8.52,7,0,0,0,3.9,4,14.8,1.09,0.04,0.1,2024-03-09 12:00:00,12,5,3,0.0,0.0,0.5714285714285714,0.366289,7,0.0,mobile_auto,afternoon,1,262.9902859101002,0.0436612122181796,3.9
484078,58.0,F,AU,Unknown,desktop,free,8543,news,46.0,R,5580,interstitial,post_roll,tech,6.59,4,0,0,0,29.1,2,12.71,0.36,0.02,0.05,2024-03-09 12:00:00,12,5,3,0.0,0.0,0.5,0.4810196666666667,4,0.0,desktop_tech,afternoon,1,262.9902859101002,0.0436612122181796,29.1
552226,26.0,M,US,Austin,smart_tv,free,9928,music,2.0,G,5900,video,mid_roll,finance,10.52,2,0,0,0,1.1,1,12.47,2.17,0.01,0.02,2024-03-09 12:00:00,12,5,3,0.0,0.0,0.5,0.185603,2,0.0,smart_tv_finance,afternoon,1,262.9902859101002,0.0436612122181796,1.1
649544,27.0,F,BR,Sao Paulo,mobile,free,1371,kids,33.5,PG-13,5329,interstitial,post_roll,finance,5.21,9,0,0,0,22.7,1,3.58,1.51,0.01,0.03,2024-03-09 12:00:00,12,5,3,0.0,0.0,0.1111111111111111,0.376963,9,0.0,mobile_finance,afternoon,1,262.9902859101002,0.0436612122181796,22.7
601607,41.0,F,US,Seattle,tablet,free,4014,news,25.1,PG-13,5905,banner,sidebar,travel,10.22,10,0,0,0,22.6,2,15.42,1.97,0.06,0.15,2024-03-09 12:00:00,12,5,3,0.0,0.0,0.2,0.4266436666666666,10,0.0,tablet_travel,afternoon,1,262.9902859101002,0.0436612122181796,22.6
223372,73.0,M,US,Chicago,mobile,free,3934,comedy,62.6,PG-13,5189,banner,sidebar,finance,4.81,10,0,0,0,49.8,3,7.35,1.31,0.03,0.07,2024-03-09 12:00:00,12,5,3,0.0,0.0,0.3,0.6356133333333334,10,0.0,mobile_finance,afternoon,1,262.9902859101002,0.0436612122181796,49.8
817479,49.0,M,UK,London,tablet,basic,9854,sports,51.7,PG,5298,banner,in_feed,healthcare,6.2,8,0,0,0,28.7,2,8.32,0.69,0.03,0.07,2024-03-09 12:00:00,12,5,3,0.0,0.0,0.25,0.477941,8,0.0,tablet_healthcare,afternoon,1,262.9902859101002,0.0436612122181796,28.7
621766,25.0,F,IN,Bengaluru,mobile,premium,6725,documentary,50.8,PG,5344,video,mid_roll,healthcare,6.64,3,0,0,0,38.3,1,10.43,0.66,0.01,0.03,2024-03-09 12:00:00,12,5,3,0.0,0.0,0.3333333333333333,0.4869216666666666,3,0.0,mobile_healthcare,afternoon,1,262.9902859101002,0.0436612122181796,38.3
673898,56.0,F,DE,Berlin,mobile,free,1552,kids,63.3,PG,5870,native,mid_roll,retail,6.59,1,0,0,0,36.2,1,13.68,1.32,0.01,0.01,2024-03-09 12:00:00,12,5,3,0.0,0.0,1.0,0.4765243333333333,1,0.0,mobile_retail,afternoon,1,262.9902859101002,0.0436612122181796,36.2
516112,57.0,M,US,Chicago,smart_tv,free,3985,news,19.0,PG,5939,audio,post_roll,retail,6.96,9,0,0,0,6.2,4,12.97,0.73,0.05,0.12,2024-03-09 12:00:00,12,5,3,0.0,0.0,0.4444444444444444,0.381889,9,0.0,smart_tv_retail,afternoon,1,262.9902859101002,0.0436612122181796,6.2
782723,21.0,F,DE,Munich,tablet,free,1355,drama,58.8,PG-13,5127,video,in_feed,retail,15.98,1,0,0,0,44.6,3,12.7,1.7,0.01,0.01,2024-03-09 12:00:00,12,5,3,0.0,0.0,3.0,0.6218133333333333,1,0.0,tablet_retail,afternoon,1,262.9902859101002,0.0436612122181796,44.6
261998,25.0,F,JP,Osaka,tablet,free,3164,news,26.5,PG,5760,video,sidebar,tech,6.5,10,0,0,0,11.4,2,8.5,1.04,0.03,0.08,2024-03-09 12:00:00,12,5,3,0.0,0.0,0.2,0.310269,10,0.0,tablet_tech,afternoon,1,262.9902859101002,0.0436612122181796,11.4
803552,50.0,M,US,Austin,mobile,free,9417,gaming,34.1,PG-13,5673,video,sidebar,healthcare,7.86,1,0,0,0,27.4,5,11.96,0.88,0.0,0.01,2024-03-09 13:00:00,13,5,3,0.0,0.0,5.0,0.622809,1,0.0,mobile_healthcare,afternoon,1,262.9902859101002,0.0436612122181796,27.4
120158,39.0,M,FR,Paris,mobile,basic,1321,music,48.2,PG-13,5688,native,post_roll,tech,2.5,1,0,0,0,29.4,1,8.44,0.95,0.0,0.01,2024-03-09 13:00:00,13,5,3,0.0,0.0,1.0,0.4327683333333333,1,0.0,mobile_tech,afternoon,1,262.9902859101002,0.0436612122181796,29.4
639972,47.0,M,FR,Paris,mobile,free,7237,kids,43.4,PG,5050,audio,in_feed,finance,4.41,5,0,0,0,21.3,2,8.7,0.5,0.02,0.04,2024-03-09 13:00:00,13,5,3,0.0,0.0,0.4,0.4148316666666666,5,0.0,mobile_finance,afternoon,1,262.9902859101002,0.0436612122181796,21.3
819767,51.0,Unknown,UK,Manchester,mobile,premium,3430,news,61.9,G,5697,audio,in_feed,healthcare,1.57,1,0,0,0,37.4,1,11.69,1.29,0.0,0.01,2024-03-09 13:00:00,13,5,3,0.0,0.0,1.0,0.482687,1,0.0,mobile_healthcare,afternoon,1,262.9902859101002,0.0436612122181796,37.4
732724,65.0,F,BR,Sao Paulo,mobile,family,3194,sports,2.0,PG,5765,video,mid_roll,auto,2.17,5,0,0,0,2.0,0,6.58,1.16,0.01,0.03,2024-03-09 13:00:00,13,5,3,0.0,0.0,0.0,0.1612926666666666,5,0.0,mobile_auto,afternoon,1,262.9902859101002,0.0436612122181796,2.0
251920,24.0,M,JP,Osaka,smart_tv,free,1945,news,51.5,PG-13,5417,audio,pre_roll,finance,6.24,4,0,0,0,25.1,0,9.43,1.58,0.02,0.04,2024-03-09 13:00:00,13,5,3,0.0,0.0,0.0,0.3694233333333333,4,0.0,smart_tv_finance,afternoon,1,262.9902859101002,0.0436612122181796,19.3
168170,63.0,M,IN,Bengaluru,desktop,free,5733,music,4.5,PG-13,5726,audio,mid_roll,finance,2.98,1,0,0,0,0.5,5,13.07,0.76,0.01,0.01,2024-03-09 13:00:00,13,5,3,0.0,0.0,5.0,0.3730956666666666,1,0.0,desktop_finance,afternoon,1,262.9902859101002,0.0436612122181796,0.5
868015,66.0,F,BR,Sao Paulo,mobile,basic,1547,kids,7.7,PG-13,5069,audio,post_roll,tech,5.14,3,1,0,1,12.9,2,6.69,1.19,0.72,0.2,2024-03-09 13:00:00,13,5,3,0.3333333333333333,0.0,1.0,0.5013223333333333,3,0.3333333333333333,mobile_tech,afternoon,1,262.9902859101002,0.0436612122181796,12.9
254099,66.0,M,US,New York,desktop,free,3760,kids,55.0,PG-13,5631,interstitial,post_roll,cpg,3.45,10,1,0,1,30.2,2,8.78,0.52,0.35,0.17,2024-03-09 13:00:00,13,5,3,0.1,0.0,0.3,0.616738,10,0.1,desktop_cpg,afternoon,1,262.9902859101002,0.0436612122181796,30.2
964165,33.0,F,AU,Melbourne,mobile,free,8348,kids,43.3,G,5362,interstitial,post_roll,healthcare,20.95,4,0,0,0,9.3,4,12.78,1.87,0.02,0.05,2024-03-09 13:00:00,13,5,3,0.0,0.0,1.0,0.4062449999999999,4,0.0,mobile_healthcare,afternoon,1,262.9902859101002,0.0436612122181796,9.3
116667,21.0,F,UK,London,mobile,basic,9453,kids,68.8,G,5429,banner,pre_roll,gaming,6.11,3,0,0,0,45.2,3,9.81,0.59,0.01,0.03,2024-03-09 13:00:00,13,5,3,0.0,0.0,1.0,0.623692,3,0.0,mobile_gaming,afternoon,1,262.9902859101002,0.0436612122181796,45.2
219643,74.0,F,DE,Berlin,mobile,free,7261,news,21.7,PG-13,5781,native,mid_roll,auto,9.49,6,0,0,0,22.9,2,11.03,1.89,0.03,0.07,2024-03-09 13:00:00,13,5,3,0.0,0.0,0.3333333333333333,0.429473,6,0.0,mobile_auto,afternoon,1,262.9902859101002,0.0436612122181796,23.1
474069,20.0,M,BR,Rio de Janeiro,mobile,premium,4788,sports,46.5,PG,5028,interstitial,sidebar,retail,12.21,5,0,0,0,42.7,5,12.57,1.05,0.03,0.06,2024-03-09 13:00:00,13,5,3,0.0,0.0,1.0,0.710749,5,0.0,mobile_retail,afternoon,1,262.9902859101002,0.0436612122181796,26.700000000000003
897698,49.0,M,IN,Bengaluru,mobile,premium,7858,drama,8.0,PG,5113,video,post_roll,cpg,9.95,11,0,0,0,19.1,7,13.33,1.64,0.06,0.15,2024-03-09 14:00:00,14,5,3,0.0,0.0,0.6363636363636364,0.5792426666666667,11,0.0,mobile_cpg,afternoon,1,262.9902859101002,0.0436612122181796,19.1
572617,56.0,M,US,Austin,desktop,premium,8375,comedy,49.5,R,5591,native,pre_roll,auto,6.62,6,0,0,0,23.0,5,11.26,0.78,0.03,0.07,2024-03-09 14:00:00,14,5,3,0.0,0.0,0.8333333333333334,0.585497,6,0.0,desktop_auto,afternoon,1,262.9902859101002,0.0436612122181796,23.0
959786,71.0,M,FR,Paris,tablet,premium,9100,kids,43.7,PG-13,5561,interstitial,post_roll,finance,10.05,8,0,0,0,14.7,2,11.96,1.59,0.04,0.1,2024-03-09 14:00:00,14,5,3,0.0,0.0,0.25,0.3404916666666667,8,0.0,tablet_finance,afternoon,1,262.9902859101002,0.0436612122181796,14.7
211353,47.0,F,BR,Unknown,mobile,premium,5300,news,22.1,R,5376,interstitial,mid_roll,tech,2.84,11,0,0,0,10.7,2,10.37,1.12,0.05,0.11,2024-03-09 14:00:00,14,5,3,0.0,0.0,0.1818181818181818,0.304021,11,0.0,mobile_tech,afternoon,1,262.9902859101002,0.0436612122181796,10.7
536159,73.0,F,BR,Rio de Janeiro,mobile,free,3344,kids,62.9,R,5994,audio,sidebar,gaming,9.96,3,0,0,0,37.2,7,11.49,1.19,0.01,0.03,2024-03-09 14:00:00,14,5,3,0.0,0.0,2.333333333333333,0.7292053333333334,3,0.0,mobile_gaming,afternoon,1,262.9902859101002,0.0436612122181796,37.2
424631,40.0,M,US,Seattle,mobile,family,5781,gaming,14.5,R,5162,audio,post_roll,finance,5.2,6,1,1,1,7.1,6,8.77,1.38,17.97,0.26,2024-03-09 14:00:00,14,5,3,0.1666666666666666,1.0,1.3333333333333333,0.61093,6,0.1666666666666666,mobile_finance,afternoon,1,262.9902859101002,0.0436612122181796,7.1
657120,26.0,F,DE,Munich,tablet,free,8237,gaming,34.6,PG,5178,banner,in_feed,auto,3.74,5,0,0,0,17.6,5,9.8,1.15,0.02,0.05,2024-03-09 14:00:00,14,5,3,0.0,0.0,1.0,0.5230116666666667,5,0.0,tablet_auto,afternoon,1,262.9902859101002,0.0436612122181796,17.6
779118,26.0,F,FR,Lyon,mobile,basic,8127,documentary,15.5,PG-13,5530,video,mid_roll,travel,3.59,1,0,0,0,13.4,3,11.49,0.75,0.0,0.01,2024-03-09 14:00:00,14,5,3,0.0,0.0,3.0,0.3883493333333333,1,0.0,mobile_travel,afternoon,1,262.9902859101002,0.0436612122181796,13.4
999358,36.0,M,BR,Rio de Janeiro,desktop,premium,1537,sports,20.3,G,5688,video,in_feed,travel,3.31,8,0,0,0,6.4,3,9.94,0.95,0.03,0.08,2024-03-09 14:00:00,14,5,3,0.0,0.0,0.375,0.3289506666666666,8,0.0,desktop_travel,afternoon,1,262.9902859101002,0.0436612122181796,6.4
388532,65.0,F,IN,Mumbai,tablet,free,5846,sports,30.5,PG-13,5969,banner,sidebar,tech,4.74,3,0,0,0,31.1,5,7.56,0.56,0.01,0.02,2024-03-09 14:00:00,14,5,3,0.0,0.0,1.6666666666666667,0.6506956666666667,3,0.0,tablet_tech,afternoon,1,262.9902859101002,0.0436612122181796,31.1
393494,48.0,M,DE,Berlin,mobile,free,8917,drama,27.4,PG,5224,banner,pre_roll,retail,13.26,6,0,0,0,0.5,1,12.63,1.3,0.03,0.08,2024-03-09 14:00:00,14,5,3,0.0,0.0,0.1666666666666666,0.1674656666666666,6,0.0,mobile_retail,afternoon,1,262.9902859101002,0.0436612122181796,0.5
512511,68.0,Unknown,FR,Lyon,tablet,family,7861,comedy,50.6,PG-13,5419,audio,mid_roll,cpg,7.28,4,0,0,0,40.1,7,15.81,1.05,0.03,0.06,2024-03-09 14:00:00,14,5,3,0.0,0.0,1.75,0.7425773333333333,4,0.0,tablet_cpg,afternoon,1,262.9902859101002,0.0436612122181796,40.1
606424,64.0,Other,IN,Mumbai,desktop,free,3226,music,24.2,PG,5129,banner,pre_roll,auto,1.45,3,1,0,1,21.1,4,5.16,0.77,0.47,0.13,2024-03-09 14:00:00,14,5,3,0.3333333333333333,0.0,1.6666666666666667,0.7046396666666666,3,0.3333333333333333,desktop_auto,afternoon,1,262.9902859101002,0.0436612122181796,21.1
825394,29.0,F,US,Chicago,mobile,free,5030,music,28.9,PG-13,5068,audio,sidebar,gaming,4.34,7,1,0,1,11.7,3,11.34,1.39,0.87,0.29,2024-03-09 15:00:00,15,5,3,0.1428571428571428,0.0,0.5714285714285714,0.5219083333333333,7,0.1428571428571428,mobile_gaming,afternoon,1,262.9902859101002,0.0436612122181796,12.05
227854,73.0,F,US,Seattle,mobile,free,3725,music,43.4,R,5196,video,post_roll,travel,5.22,3,0,0,0,38.0,3,10.01,0.88,0.01,0.03,2024-03-09 15:00:00,15,5,3,0.0,0.0,1.0,0.595928,3,0.0,mobile_travel,afternoon,1,262.9902859101002,0.0436612122181796,38.0
846077,18.0,M,IN,Hyderabad,desktop,free,8506,music,12.5,G,5700,video,in_feed,auto,3.01,8,0,0,0,3.4,3,7.59,0.57,0.02,0.06,2024-03-09 15:00:00,15,5,3,0.0,0.0,0.375,0.3087426666666666,8,0.0,desktop_auto,afternoon,1,262.9902859101002,0.0436612122181796,3.4
289455,19.0,F,UK,Manchester,mobile,basic,8181,comedy,31.9,R,5370,video,sidebar,retail,4.98,8,0,0,0,23.4,5,12.35,0.61,0.04,0.1,2024-03-09 15:00:00,15,5,3,0.0,0.0,0.625,0.588993,8,0.0,mobile_retail,afternoon,1,262.9902859101002,0.0436612122181796,23.4
202856,16.0,F,BR,Sao Paulo,tablet,free,4345,sports,28.3,PG-13,5508,interstitial,pre_roll,travel,12.37,2,0,0,0,12.7,3,6.75,1.7,0.01,0.01,2024-03-09 15:00:00,15,5,3,0.0,0.0,1.5,0.3819866666666666,2,0.0,tablet_travel,afternoon,1,262.9902859101002,0.0436612122181796,12.7
486499,67.0,M,FR,Paris,mobile,family,9575,documentary,37.7,R,5469,video,sidebar,finance,4.56,3,0,0,0,20.6,4,8.03,1.5,0.01,0.02,2024-03-09 15:00:00,15,5,3,0.0,0.0,1.3333333333333333,0.5167143333333333,3,0.0,mobile_finance,afternoon,1,262.9902859101002,0.0436612122181796,20.6
955636,44.0,M,UK,Manchester,desktop,free,6100,news,74.4,PG-13,5578,video,sidebar,tech,4.76,8,0,0,0,52.8,0,13.64,0.94,0.04,0.11,2024-03-09 15:00:00,15,5,3,0.0,0.0,0.0,0.5018966666666667,8,0.0,desktop_tech,afternoon,1,262.9902859101002,0.0436612122181796,42.35
181840,35.0,F,AU,Sydney,desktop,free,8867,drama,35.5,R,5101,video,post_roll,travel,3.17,5,1,0,1,12.2,2,12.72,1.18,0.73,0.24,2024-03-09 15:00:00,15,5,3,0.2,0.0,0.6,0.4811809999999999,5,0.2,desktop_travel,afternoon,1,262.9902859101002,0.0436612122181796,12.2
396123,48.0,Other,BR,Sao Paulo,mobile,free,8664,kids,2.0,PG-13,5967,video,mid_roll,healthcare,6.27,4,0,0,0,5.4,4,17.78,0.89,0.03,0.07,2024-03-09 15:00:00,15,5,3,0.0,0.0,1.0,0.3763943333333333,4,0.0,mobile_healthcare,afternoon,1,262.9902859101002,0.0436612122181796,5.4
100072,33.0,F,UK,London,mobile,free,4907,comedy,39.1,PG,5526,interstitial,in_feed,cpg,4.0,11,1,0,1,20.2,1,11.15,1.29,0.82,0.32,2024-03-09 15:00:00,15,5,3,0.0909090909090909,0.0,0.1818181818181818,0.4613803333333333,11,0.0909090909090909,mobile_cpg,afternoon,1,262.9902859101002,0.0436612122181796,20.2
241591,62.0,F,UK,London,desktop,basic,7091,sports,35.7,G,5109,interstitial,in_feed,gaming,6.29,7,0,0,0,31.2,4,8.53,1.06,0.02,0.06,2024-03-09 15:00:00,15,5,3,0.0,0.0,0.5714285714285714,0.6106996666666666,7,0.0,desktop_gaming,afternoon,1,262.9902859101002,0.0436612122181796,31.2
408359,21.0,M,US,Austin,mobile,premium,1579,news,18.1,PG-13,5365,banner,sidebar,travel,5.59,10,1,0,1,10.2,4,11.96,0.92,0.6,0.26,2024-03-09 15:00:00,15,5,3,0.1,0.0,0.5,0.5412859999999999,10,0.1,mobile_travel,afternoon,1,262.9902859101002,0.0436612122181796,10.2
825016,41.0,M,IN,Bengaluru,mobile,free,1593,kids,2.0,PG-13,5024,audio,post_roll,healthcare,10.36,10,0,0,0,20.6,0,13.6,1.72,0.05,0.14,2024-03-09 15:00:00,15,5,3,0.0,0.0,0.0,0.3228713333333333,10,0.0,mobile_healthcare,afternoon,1,262.9902859101002,0.0436612122181796,20.6
620593,45.0,F,US,New York,desktop,basic,3148,music,15.8,PG,5690,native,mid_roll,travel,2.85,7,0,0,0,20.6,2,14.25,0.68,0.04,0.1,2024-03-09 15:00:00,15,5,3,0.0,0.0,0.2857142857142857,0.4023743333333333,7,0.0,desktop_travel,afternoon,1,262.9902859101002,0.0436612122181796,20.6
742437,14.0,M,BR,Rio de Janeiro,desktop,free,3651,news,31.7,PG,5527,native,in_feed,retail,4.58,3,0,0,0,14.2,4,6.78,1.01,0.01,0.02,2024-03-09 16:00:00,16,5,3,0.0,0.0,1.3333333333333333,0.4500476666666666,3,0.0,desktop_retail,afternoon,1,262.9902859101002,0.0436612122181796,16.5
470260,36.0,Other,IN,Mumbai,mobile,free,6488,gaming,36.6,R,5891,native,pre_roll,travel,4.11,5,0,0,0,22.5,3,12.78,1.33,0.03,0.06,2024-03-09 16:00:00,16,5,3,0.0,0.0,0.6,0.485664,5,0.0,mobile_travel,afternoon,1,262.9902859101002,0.0436612122181796,22.5
545124,18.0,F,DE,Berlin,desktop,premium,8661,gaming,53.0,PG-13,5050,video,sidebar,retail,5.76,4,0,0,0,53.7,3,10.41,1.92,0.02,0.04,2024-03-09 16:00:00,16,5,3,0.0,0.0,0.75,0.6427733333333333,4,0.0,desktop_retail,afternoon,1,262.9902859101002,0.0436612122181796,53.7
547364,68.0,F,CA,Vancouver,mobile,free,9545,gaming,37.2,R,5774,interstitial,sidebar,gaming,2.11,9,1,1,1,21.9,2,4.62,1.68,9.25,0.29,2024-03-09 16:00:00,16,5,3,0.1111111111111111,1.0,0.4444444444444444,0.555425,9,0.1111111111111111,mobile_gaming,afternoon,1,262.9902859101002,0.0436612122181796,21.9
695144,67.0,F,US,Seattle,mobile,premium,5567,news,39.3,PG,5756,audio,post_roll,finance,9.08,4,0,0,0,5.0,1,17.02,1.68,0.03,0.07,2024-03-09 16:00:00,16,5,3,0.0,0.0,0.25,0.2086683333333333,4,0.0,mobile_finance,afternoon,1,262.9902859101002,0.0436612122181796,5.0
153919,51.0,F,DE,Berlin,desktop,family,7956,gaming,30.8,PG,5118,banner,mid_roll,tech,3.12,10,3,0,1,23.8,5,7.88,1.24,2.26,0.64,2024-03-09 16:00:00,16,5,3,0.3,0.0,0.8,0.7676376666666667,10,0.3,desktop_tech,afternoon,1,262.9902859101002,0.0436612122181796,23.8
376829,71.0,F,CA,Vancouver,mobile,free,3542,documentary,63.7,PG,5349,audio,sidebar,cpg,3.45,4,0,0,0,38.3,5,15.63,1.08,0.03,0.06,2024-03-09 16:00:00,16,5,3,0.0,0.0,1.25,0.6925516666666667,4,0.0,mobile_cpg,afternoon,1,262.9902859101002,0.0436612122181796,38.3
174341,46.0,F,US,Seattle,smart_tv,basic,7953,sports,36.7,PG-13,5750,video,pre_roll,travel,6.54,7,0,0,0,19.9,3,14.57,1.28,0.04,0.1,2024-03-09 16:00:00,16,5,3,0.0,0.0,0.4285714285714285,0.4497386666666666,7,0.0,smart_tv_travel,afternoon,1,262.9902859101002,0.0436612122181796,19.9
814327,59.0,F,BR,Rio de Janeiro,mobile,premium,1538,comedy,22.7,G,5704,audio,pre_roll,finance,6.79,7,0,0,0,12.1,3,12.18,1.28,0.03,0.09,2024-03-09 16:00:00,16,5,3,0.0,0.0,0.4285714285714285,0.3765533333333333,7,0.0,mobile_finance,afternoon,1,262.9902859101002,0.0436612122181796,12.1
743182,66.0,M,BR,Sao Paulo,desktop,basic,4297,gaming,16.8,PG,5165,video,pre_roll,healthcare,4.05,3,0,0,0,14.9,2,14.76,1.5,0.02,0.04,2024-03-09 16:00:00,16,5,3,0.0,0.0,0.6666666666666666,0.342365,3,0.0,desktop_healthcare,afternoon,1,262.9902859101002,0.0436612122181796,14.9
558667,27.0,F,CA,Toronto,desktop,premium,8502,gaming,16.7,PG-13,5945,audio,sidebar,tech,10.99,9,1,0,1,14.5,1,13.48,1.97,1.23,0.42,2024-03-09 16:00:00,16,5,3,0.1111111111111111,0.0,0.2222222222222222,0.4231749999999999,9,0.1111111111111111,desktop_tech,afternoon,1,262.9902859101002,0.0436612122181796,14.5
103109,44.0,M,DE,Berlin,mobile,free,2290,gaming,40.0,PG-13,5390,native,mid_roll,gaming,7.1,10,0,0,0,26.7,4,11.6,1.7,0.05,0.12,2024-03-09 16:00:00,16,5,3,0.0,0.0,0.4,0.576545,10,0.0,mobile_gaming,afternoon,1,262.9902859101002,0.0436612122181796,26.7
626921,37.0,M,US,New York,desktop,free,3196,music,23.4,R,5667,video,in_feed,travel,4.37,11,1,0,1,9.9,7,4.5,2.38,1.45,0.41,2024-03-09 17:00:00,17,5,3,0.0909090909090909,0.0,0.7272727272727273,0.6131813333333334,11,0.0909090909090909,desktop_travel,afternoon,1,262.9902859101002,0.0436612122181796,9.9
646694,54.0,F,US,Unknown,mobile,free,2717,sports,33.1,PG-13,5507,video,in_feed,healthcare,8.85,11,1,0,1,36.4,9,13.57,1.56,1.0,0.38,2024-03-09 17:00:00,17,5,3,0.0909090909090909,0.0,0.9090909090909092,0.8567413333333334,11,0.0909090909090909,mobile_healthcare,afternoon,1,262.9902859101002,0.0436612122181796,36.4
221992,25.0,M,US,Chicago,mobile,basic,4527,kids,60.5,PG,5114,native,in_feed,healthcare,5.3,4,1,0,1,46.6,4,11.41,1.25,0.77,0.23,2024-03-09 17:00:00,17,5,3,0.25,0.0,1.25,0.8532206666666667,4,0.25,mobile_healthcare,afternoon,1,262.9902859101002,0.0436612122181796,46.6
344646,30.0,F,AU,Sydney,mobile,premium,1810,documentary,28.3,PG-13,5168,banner,mid_roll,healthcare,14.28,4,0,0,0,18.8,5,10.36,1.71,0.02,0.04,2024-03-09 17:00:00,17,5,3,0.0,0.0,1.25,0.5345489999999999,4,0.0,mobile_healthcare,afternoon,1,262.9902859101002,0.0436612122181796,18.8
302151,55.0,M,CA,Toronto,desktop,premium,1185,news,52.4,R,5185,audio,post_roll,cpg,5.18,9,0,0,0,56.4,11,8.21,0.9,0.03,0.07,2024-03-09 17:00:00,17,5,3,0.0,0.0,1.2222222222222223,0.798752,9,0.0,desktop_cpg,afternoon,1,262.9902859101002,0.0436612122181796,56.4
922141,17.0,F,US,New York,desktop,family,5275,sports,66.2,R,5124,video,mid_roll,tech,6.03,2,0,0,0,59.7,1,11.5,1.14,0.01,0.02,2024-03-09 17:00:00,17,5,3,0.0,0.0,0.5,0.5397216666666667,2,0.0,desktop_tech,afternoon,1,262.9902859101002,0.0436612122181796,59.7
609442,70.0,F,US,Seattle,smart_tv,premium,7110,news,49.4,G,5749,interstitial,pre_roll,travel,4.57,3,0,0,0,43.5,5,9.2,1.63,0.01,0.03,2024-03-09 17:00:00,17,5,3,0.0,0.0,1.6666666666666667,0.7134796666666667,3,0.0,smart_tv_travel,afternoon,1,262.9902859101002,0.0436612122181796,43.5
649360,69.0,F,UK,London,desktop,basic,1095,kids,28.6,PG,5457,video,sidebar,tech,6.7,7,0,0,0,12.4,6,5.58,0.88,0.02,0.04,2024-03-09 17:00:00,17,5,3,0.0,0.0,0.8571428571428571,0.5009543333333333,7,0.0,desktop_tech,afternoon,1,262.9902859101002,0.0436612122181796,12.4
390925,41.0,F,BR,Rio de Janeiro,tablet,basic,4463,sports,40.3,PG,5397,video,mid_roll,cpg,5.95,8,0,0,0,24.2,2,13.13,1.3,0.04,0.11,2024-03-09 17:00:00,17,5,3,0.0,0.0,0.25,0.4411583333333333,8,0.0,tablet_cpg,afternoon,1,262.9902859101002,0.0436612122181796,24.2
497183,72.0,F,US,New York,mobile,premium,1909,comedy,37.5,PG,5388,audio,sidebar,gaming,3.47,1,0,0,0,32.1,5,4.15,1.39,0.0,0.0,2024-03-09 17:00:00,17,5,3,0.0,0.0,5.0,0.6575983333333333,1,0.0,mobile_gaming,afternoon,1,262.9902859101002,0.0436612122181796,32.1
257164,27.0,M,IN,Mumbai,mobile,basic,6344,documentary,7.9,PG,5451,audio,post_roll,cpg,7.36,11,0,0,0,8.1,1,8.98,1.07,0.04,0.1,2024-03-09 17:00:00,17,5,3,0.0,0.0,0.0909090909090909,0.2314203333333333,11,0.0,mobile_cpg,afternoon,1,262.9902859101002,0.0436612122181796,14.2
945242,59.0,F,IN,Bengaluru,desktop,free,3393,news,71.7,PG-13,5990,audio,in_feed,gaming,6.74,3,1,0,1,32.6,2,9.22,1.4,0.85,0.24,2024-03-09 17:00:00,17,5,3,0.3333333333333333,0.0,1.0,0.6832183333333333,3,0.3333333333333333,desktop_gaming,afternoon,1,262.9902859101002,0.0436612122181796,32.6
720719,31.0,F,US,Unknown,mobile,premium,5783,documentary,27.8,PG-13,5155,audio,mid_roll,tech,2.8,2,0,0,0,3.2,4,11.7,0.81,0.01,0.02,2024-03-09 17:00:00,17,5,3,0.0,0.0,2.0,0.3620063333333333,2,0.0,mobile_tech,afternoon,1,262.9902859101002,0.0436612122181796,3.2
987976,51.0,M,US,Seattle,desktop,basic,4474,comedy,49.7,PG-13,5025,audio,in_feed,finance,6.99,9,1,0,1,17.9,2,11.42,1.32,0.83,0.3,2024-03-09 17:00:00,17,5,3,0.1111111111111111,0.0,0.3333333333333333,0.506137,9,0.1111111111111111,desktop_finance,afternoon,1,262.9902859101002,0.0436612122181796,24.618622041759124
830207,68.0,M,US,New York,desktop,free,9421,news,41.8,R,5946,interstitial,sidebar,auto,7.0,7,0,0,0,34.0,5,10.31,1.89,0.03,0.07,2024-03-09 18:00:00,18,5,3,0.0,0.0,0.7142857142857143,0.669433,7,0.0,desktop_auto,evening,1,262.9902859101002,0.0436612122181796,34.0
935162,60.0,F,IN,Hyderabad,mobile,free,6590,documentary,59.9,PG-13,5740,interstitial,sidebar,travel,13.48,6,0,0,0,74.0,6,18.36,1.22,0.04,0.11,2024-03-09 18:00:00,18,5,3,0.0,0.0,1.0,0.779713,6,0.0,mobile_travel,evening,1,262.9902859101002,0.0436612122181796,74.0
220385,36.0,M,FR,Lyon,mobile,free,1974,drama,19.7,G,5720,banner,sidebar,healthcare,8.4,4,0,0,0,7.3,8,12.23,1.22,0.02,0.05,2024-03-09 18:00:00,18,5,3,0.0,0.0,2.0,0.4807973333333333,4,0.0,mobile_healthcare,evening,1,262.9902859101002,0.0436612122181796,7.3
575236,64.0,F,US,New York,mobile,free,5908,kids,71.9,G,5573,native,in_feed,auto,3.73,1,0,0,0,67.1,4,13.14,0.43,0.01,0.01,2024-03-09 18:00:00,18,5,3,0.0,0.0,4.0,0.7098863333333333,1,0.0,mobile_auto,evening,1,262.9902859101002,0.0436612122181796,67.1
324461,44.0,M,IN,Bengaluru,mobile,basic,8108,kids,44.9,PG-13,5206,interstitial,sidebar,healthcare,5.22,10,0,0,0,29.7,2,8.58,1.25,0.03,0.09,2024-03-09 18:00:00,18,5,3,0.0,0.0,0.2,0.4855236666666666,10,0.0,mobile_healthcare,evening,1,262.9902859101002,0.0436612122181796,31.35
990906,58.0,M,UK,London,mobile,premium,9898,comedy,2.0,R,5964,native,pre_roll,finance,4.77,9,2,1,1,0.5,4,8.32,0.43,28.33,0.2,2024-03-09 18:00:00,18,5,3,0.2222222222222222,0.5,0.7777777777777778,0.5001516666666666,9,0.2222222222222222,mobile_finance,evening,1,262.9902859101002,0.0436612122181796,0.5
598577,26.0,M,AU,Sydney,mobile,family,2973,gaming,40.0,PG,5274,video,sidebar,finance,4.83,5,1,0,1,28.8,2,10.38,1.04,0.64,0.21,2024-03-09 18:00:00,18,5,3,0.2,0.0,0.6,0.642289,5,0.2,mobile_finance,evening,1,262.9902859101002,0.0436612122181796,25.0
372869,69.0,M,AU,Melbourne,mobile,free,6516,news,39.4,PG-13,5177,video,sidebar,finance,4.0,1,0,0,0,32.6,5,12.16,1.5,0.0,0.01,2024-03-09 18:00:00,18,5,3,0.0,0.0,5.0,0.6609583333333333,1,0.0,mobile_finance,evening,1,262.9902859101002,0.0436612122181796,32.6
410295,17.0,M,US,New York,desktop,basic,8007,comedy,33.5,PG,5743,interstitial,mid_roll,gaming,10.12,4,0,0,0,18.5,0,9.94,1.6,0.02,0.04,2024-03-09 18:00:00,18,5,3,0.0,0.0,0.0,0.297126,4,0.0,desktop_gaming,evening,1,262.9902859101002,0.0436612122181796,18.5
395808,14.0,F,AU,Sydney,mobile,free,2659,comedy,45.8,PG-13,5848,banner,mid_roll,tech,7.92,9,0,0,0,23.9,1,10.04,1.01,0.04,0.09,2024-03-09 18:00:00,18,5,3,0.0,0.0,0.1111111111111111,0.387843,9,0.0,mobile_tech,evening,1,262.9902859101002,0.0436612122181796,22.25
803683,47.0,M,DE,Berlin,tablet,premium,7857,music,39.8,PG,5915,banner,mid_roll,retail,2.52,2,0,0,0,18.9,2,8.64,0.87,0.01,0.02,2024-03-09 18:00:00,18,5,3,0.0,0.0,1.0,0.3804076666666666,2,0.0,tablet_retail,evening,1,262.9902859101002,0.0436612122181796,9.7
709873,68.0,M,BR,Rio de Janeiro,mobile,basic,4542,music,15.3,G,5348,video,mid_roll,retail,9.4,4,1,0,1,20.0,7,11.35,0.95,0.59,0.19,2024-03-09 18:00:00,18,5,3,0.25,0.0,2.0,0.7588343333333333,4,0.25,mobile_retail,evening,1,262.9902859101002,0.0436612122181796,18.15
480137,26.0,F,UK,Manchester,mobile,premium,4893,music,45.2,PG-13,5352,native,pre_roll,auto,7.8,11,0,0,0,44.5,6,10.46,0.83,0.05,0.12,2024-03-09 19:00:00,19,5,3,0.0,0.0,0.5454545454545454,0.7431716666666667,11,0.0,mobile_auto,evening,1,262.9902859101002,0.0436612122181796,44.5
409433,71.0,M,UK,London,desktop,free,6503,gaming,37.1,PG-13,5132,interstitial,sidebar,healthcare,4.6,8,0,0,0,21.6,5,3.37,1.35,0.01,0.03,2024-03-09 19:00:00,19,5,3,0.0,0.0,0.625,0.572601,8,0.0,desktop_healthcare,evening,1,262.9902859101002,0.0436612122181796,21.6
674414,71.0,F,US,Chicago,desktop,basic,5700,news,40.3,PG,5905,banner,post_roll,healthcare,6.81,8,0,0,0,53.7,9,3.4,1.35,0.01,0.03,2024-03-09 19:00:00,19,5,3,0.0,0.0,1.125,0.7921693333333334,8,0.0,desktop_healthcare,evening,1,262.9902859101002,0.0436612122181796,53.7
252042,30.0,F,US,Chicago,mobile,basic,1787,music,2.0,PG-13,5030,audio,pre_roll,retail,4.64,11,0,0,0,0.5,4,7.91,0.78,0.03,0.09,2024-03-09 19:00:00,19,5,3,0.0,0.0,0.3636363636363636,0.3323756666666666,11,0.0,mobile_retail,evening,1,262.9902859101002,0.0436612122181796,0.5
367318,71.0,M,MX,Mexico City,mobile,basic,9840,kids,65.6,PG,5720,native,post_roll,retail,4.15,5,0,0,0,35.3,1,12.14,0.62,0.02,0.06,2024-03-09 19:00:00,19,5,3,0.0,0.0,0.2,0.4714029999999999,5,0.0,mobile_retail,evening,1,262.9902859101002,0.0436612122181796,35.3
692847,60.0,F,BR,Rio de Janeiro,mobile,premium,5013,comedy,51.1,PG-13,5034,native,in_feed,finance,2.35,8,1,0,1,29.6,4,9.28,1.61,1.0,0.32,2024-03-09 19:00:00,19,5,3,0.125,0.0,0.625,0.7414326666666666,8,0.125,mobile_finance,evening,1,262.9902859101002,0.0436612122181796,29.6
265641,23.0,F,FR,Lyon,mobile,basic,9053,sports,9.6,G,5631,interstitial,post_roll,healthcare,3.82,6,0,0,0,18.6,2,9.32,1.3,0.02,0.06,2024-03-09 19:00:00,19,5,3,0.0,0.0,0.3333333333333333,0.3775796666666666,6,0.0,mobile_healthcare,evening,1,262.9902859101002,0.0436612122181796,18.6
303387,27.0,F,US,Chicago,tablet,free,8258,gaming,50.4,R,5437,video,in_feed,tech,7.61,9,1,0,1,35.5,4,10.14,1.28,0.8,0.28,2024-03-09 19:00:00,19,5,3,0.1111111111111111,0.0,0.5555555555555556,0.7726010000000001,9,0.1111111111111111,tablet_tech,evening,1,262.9902859101002,0.0436612122181796,35.5
811877,37.0,F,MX,Mexico City,tablet,free,5630,drama,25.4,PG,5408,banner,mid_roll,healthcare,7.83,10,0,0,0,8.5,2,10.45,1.15,0.04,0.1,2024-03-09 20:00:00,20,5,3,0.0,0.0,0.2,0.2852996666666667,10,0.0,tablet_healthcare,evening,1,262.9902859101002,0.0436612122181796,8.5
154793,70.0,F,DE,Berlin,smart_tv,free,4412,gaming,34.0,PG,5577,interstitial,post_roll,retail,10.53,2,0,0,0,13.9,4,10.81,1.71,0.01,0.02,2024-03-09 20:00:00,20,5,3,0.0,0.0,2.0,0.4473089999999999,2,0.0,smart_tv_retail,evening,1,262.9902859101002,0.0436612122181796,13.9
240298,28.0,M,US,New York,mobile,basic,5154,comedy,90.0,R,5460,native,pre_roll,travel,10.03,10,0,0,0,86.7,2,12.3,1.01,0.05,0.12,2024-03-09 20:00:00,20,5,3,0.0,0.0,0.2,0.6001970000000001,10,0.0,mobile_travel,evening,1,262.9902859101002,0.0436612122181796,86.7
895416,59.0,M,CA,Toronto,mobile,premium,4695,kids,2.0,PG,5200,video,pre_roll,healthcare,2.43,3,0,0,0,0.5,3,11.6,0.45,0.3935669267104114,0.03,2024-03-09 20:00:00,20,5,3,0.0,0.0,1.0,0.2779266666666666,3,0.0,mobile_healthcare,evening,1,262.9902859101002,0.0436612122181796,0.5
235475,44.0,F,BR,Rio de Janeiro,mobile,free,5121,kids,34.9,PG,5496,banner,in_feed,finance,7.86,10,1,0,1,20.6,2,11.45,1.7,1.07,0.37,2024-03-09 20:00:00,20,5,3,0.1,0.0,0.3,0.5297713333333334,10,0.1,mobile_finance,evening,1,262.9902859101002,0.0436612122181796,20.6
676859,21.0,F,US,New York,smart_tv,premium,5862,drama,2.0,PG,5209,audio,post_roll,retail,5.59,3,0,0,0,1.8,6,12.71,1.67,0.02,0.04,2024-03-09 20:00:00,20,5,3,0.0,0.0,2.0,0.4213916666666666,3,0.0,smart_tv_retail,evening,1,262.9902859101002,0.0436612122181796,1.8
126320,34.0,F,AU,Melbourne,mobile,premium,1435,kids,60.6,R,5916,banner,pre_roll,cpg,6.33,7,0,0,0,70.6,2,11.09,1.17,0.03,0.08,2024-03-09 20:00:00,20,5,3,0.0,0.0,0.2857142857142857,0.5970463333333333,7,0.0,mobile_cpg,evening,1,262.9902859101002,0.0436612122181796,70.6
495462,53.0,Other,CA,Toronto,desktop,family,1112,drama,64.5,PG-13,5700,interstitial,in_feed,gaming,4.03,11,0,0,0,56.9,5,5.98,1.54,0.03,0.07,2024-03-09 20:00:00,20,5,3,0.0,0.0,0.4545454545454545,0.7423396666666666,11,0.0,desktop_gaming,evening,1,262.9902859101002,0.0436612122181796,56.9
884481,39.0,M,CA,Vancouver,mobile,free,8147,drama,23.6,G,5007,native,mid_roll,auto,4.15,3,0,0,0,9.0,2,8.34,2.14,0.01,0.03,2024-03-09 20:00:00,20,5,3,0.0,0.0,0.6666666666666666,0.2893943333333333,3,0.0,mobile_auto,evening,1,262.9902859101002,0.0436612122181796,9.0
250791,45.0,Other,US,Austin,mobile,family,9239,gaming,72.3,G,5675,video,post_roll,tech,1.55,7,1,0,1,57.2,3,6.71,1.1,0.68,0.21,2024-03-09 20:00:00,20,5,3,0.1428571428571428,0.0,0.5714285714285714,0.796499,7,0.1428571428571428,mobile_tech,evening,1,262.9902859101002,0.0436612122181796,57.2
395719,25.0,F,DE,Munich,desktop,free,9419,music,52.5,PG,5405,interstitial,post_roll,tech,5.09,11,0,0,0,45.5,3,11.97,1.56,0.05,0.13,2024-03-09 20:00:00,20,5,3,0.0,0.0,0.2727272727272727,0.624544,11,0.0,desktop_tech,evening,1,262.9902859101002,0.0436612122181796,45.5
194531,20.0,M,JP,Osaka,desktop,free,7685,sports,59.8,PG,5833,interstitial,in_feed,travel,1.64,5,0,0,0,79.2,3,8.57,1.46,0.02,0.04,2024-03-09 21:00:00,21,5,3,0.0,0.0,0.6,0.6591986666666667,5,0.0,desktop_travel,evening,1,262.9902859101002,0.0436612122181796,79.2
286712,47.0,M,US,New York,mobile,premium,9045,drama,6.8,R,5953,native,post_roll,travel,6.88,4,0,0,0,13.6,2,12.87,1.4,0.02,0.05,2024-03-09 21:00:00,21,5,3,0.0,0.0,0.5,0.3302383333333333,4,0.0,mobile_travel,evening,1,262.9902859101002,0.0436612122181796,7.05
186196,33.0,M,US,Unknown,mobile,premium,4301,music,11.0,PG,5540,banner,in_feed,retail,3.18,9,0,0,0,22.7,0,8.39,0.75,0.03,0.08,2024-03-09 21:00:00,21,5,3,0.0,0.0,0.0,0.34803,9,0.0,mobile_retail,evening,1,262.9902859101002,0.0436612122181796,19.25
211537,73.0,F,IN,Bengaluru,desktop,basic,3674,gaming,51.9,PG,5875,native,sidebar,travel,2.65,2,0,0,0,7.4,9,9.16,0.05,0.01,0.02,2024-03-09 21:00:00,21,5,3,0.0,0.0,4.5,0.4857519999999999,2,0.0,desktop_travel,evening,1,262.9902859101002,0.0436612122181796,7.4
664375,15.0,M,US,Austin,mobile,premium,6816,gaming,15.3,PG-13,5861,banner,in_feed,travel,2.99,3,0,0,0,20.6,5,12.26,0.05,0.01,0.04,2024-03-09 21:00:00,21,5,3,0.0,0.0,1.6666666666666667,0.5574343333333334,3,0.0,mobile_travel,evening,1,262.9902859101002,0.0436612122181796,20.6
606885,53.0,M,US,Chicago,mobile,premium,9576,sports,31.8,PG-13,5359,interstitial,mid_roll,gaming,8.81,3,0,0,0,14.8,5,10.85,1.25,0.01,0.03,2024-03-09 21:00:00,21,5,3,0.0,0.0,1.6666666666666667,0.4964849999999999,3,0.0,mobile_gaming,evening,1,262.9902859101002,0.0436612122181796,14.8
232461,35.0,Other,AU,Sydney,mobile,family,5315,comedy,38.4,R,5185,interstitial,pre_roll,cpg,12.11,3,0,0,0,35.5,3,17.62,1.25,0.02,0.05,2024-03-09 21:00:00,21,5,3,0.0,0.0,1.0,0.583032,3,0.0,mobile_cpg,evening,1,262.9902859101002,0.0436612122181796,35.5
247628,67.0,M,US,Chicago,desktop,free,2006,news,11.6,PG-13,5324,audio,post_roll,cpg,4.06,10,1,0,1,4.4,4,10.78,1.21,0.77,0.29,2024-03-09 21:00:00,21,5,3,0.1,0.0,0.5,0.4969406666666666,10,0.1,desktop_cpg,evening,1,262.9902859101002,0.0436612122181796,4.4
649121,59.0,M,MX,Mexico City,desktop,free,2818,drama,50.1,PG,5449,interstitial,sidebar,gaming,7.61,4,1,0,1,41.1,7,11.52,1.65,1.01,0.29,2024-03-09 21:00:00,21,5,3,0.25,0.0,2.0,0.9177356666666666,4,0.25,desktop_gaming,evening,1,262.9902859101002,0.0436612122181796,41.1
138400,13.0,M,BR,Sao Paulo,mobile,basic,3368,kids,20.9,G,5061,banner,sidebar,retail,10.08,9,1,0,1,4.1,4,8.35,0.99,0.62,0.22,2024-03-09 21:00:00,21,5,3,0.1111111111111111,0.0,0.5555555555555556,0.5026809999999999,9,0.1111111111111111,mobile_retail,evening,1,262.9902859101002,0.0436612122181796,4.1
572484,36.0,M,US,Seattle,tablet,basic,1475,sports,14.1,PG,5202,interstitial,post_roll,cpg,6.0,7,0,0,0,4.6,6,12.32,0.81,0.03,0.09,2024-03-09 21:00:00,21,5,3,0.0,0.0,0.8571428571428571,0.438201,7,0.0,tablet_cpg,evening,1,262.9902859101002,0.0436612122181796,4.6
273574,28.0,F,US,Seattle,mobile,premium,7227,drama,22.0,G,5155,audio,sidebar,auto,2.69,4,0,0,0,3.1,1,8.29,1.93,0.01,0.03,2024-03-09 21:00:00,21,5,3,0.0,0.0,0.25,0.1964949999999999,4,0.0,mobile_auto,evening,1,262.9902859101002,0.0436612122181796,3.1
375205,34.0,M,BR,Rio de Janeiro,mobile,premium,7081,music,23.5,PG,5489,audio,pre_roll,finance,2.59,6,0,0,0,6.6,7,13.49,0.88,0.03,0.08,2024-03-09 21:00:00,21,5,3,0.0,0.0,1.1666666666666667,0.4674293333333333,6,0.0,mobile_finance,evening,1,262.9902859101002,0.0436612122181796,6.6
562079,17.0,M,IN,Mumbai,desktop,basic,2517,news,56.5,PG,5038,interstitial,mid_roll,tech,5.71,7,0,0,0,49.0,2,4.62,1.43,0.01,0.03,2024-03-09 22:00:00,22,5,3,0.0,0.0,0.2857142857142857,0.5738863333333333,7,0.0,desktop_tech,night,1,262.9902859101002,0.0436612122181796,26.4
726597,33.0,F,US,New York,desktop,premium,7139,music,2.0,R,5791,banner,post_roll,auto,3.38,11,0,0,0,9.9,3,9.06,1.55,0.04,0.1,2024-03-09 22:00:00,22,5,3,0.0,0.0,0.2727272727272727,0.3568693333333333,11,0.0,desktop_auto,night,1,262.9902859101002,0.0436612122181796,9.9
956310,19.0,F,UK,Manchester,tablet,premium,8131,kids,65.9,PG,5464,video,post_roll,travel,2.02,2,1,0,1,48.0,2,7.56,0.05,0.04,0.02,2024-03-09 22:00:00,22,5,3,0.5,0.0,1.5,0.752918,2,0.5,tablet_travel,night,1,262.9902859101002,0.0436612122181796,48.0
265147,15.0,M,UK,Manchester,mobile,free,5218,news,28.6,PG,5036,banner,pre_roll,auto,5.06,7,2,1,1,17.2,4,8.56,1.29,4.57,0.45,2024-03-09 22:00:00,22,5,3,0.2857142857142857,0.5,1.0,0.6528563333333333,7,0.2857142857142857,mobile_auto,night,1,262.9902859101002,0.0436612122181796,17.2
769436,67.0,F,UK,Manchester,mobile,family,4737,kids,33.8,PG-13,5382,video,sidebar,travel,6.78,1,0,0,0,25.6,4,7.4,1.18,0.0,0.01,2024-03-09 22:00:00,22,5,3,0.0,0.0,4.0,0.5674836666666667,1,0.0,mobile_travel,night,1,262.9902859101002,0.0436612122181796,25.6
963258,19.0,F,IN,Mumbai,smart_tv,free,1670,news,21.7,PG,5966,banner,mid_roll,travel,5.31,1,0,0,0,1.7,1,12.01,1.24,0.0,0.01,2024-03-09 22:00:00,22,5,3,0.0,0.0,1.0,0.188751,1,0.0,smart_tv_travel,night,1,262.9902859101002,0.0436612122181796,1.7
581662,21.0,F,FR,Paris,mobile,free,4795,comedy,32.4,PG-13,5810,video,sidebar,travel,8.9,6,0,0,0,20.6,5,10.54,1.74,0.03,0.06,2024-03-09 22:00:00,22,5,3,0.0,0.0,0.8333333333333334,0.5574343333333334,6,0.0,mobile_travel,night,1,262.9902859101002,0.0436612122181796,20.6
928010,63.0,M,DE,Berlin,mobile,family,7771,music,75.2,PG-13,5684,native,sidebar,auto,6.91,2,0,0,0,83.0,3,9.28,1.02,0.01,0.02,2024-03-09 22:00:00,22,5,3,0.0,0.0,1.5,0.659732,2,0.0,mobile_auto,night,1,262.9902859101002,0.0436612122181796,83.0
571303,42.0,M,JP,Tokyo,mobile,premium,4265,drama,21.2,R,5548,audio,in_feed,auto,4.09,10,0,0,0,20.6,1,6.16,1.01,0.02,0.06,2024-03-09 22:00:00,22,5,3,0.0,0.0,0.1,0.3518043333333333,10,0.0,mobile_auto,night,1,262.9902859101002,0.0436612122181796,21.6
617978,21.0,M,CA,Vancouver,mobile,free,1459,documentary,13.6,PG,5590,audio,in_feed,finance,2.27,1,0,0,0,1.1,1,7.37,1.69,0.0,0.01,2024-03-09 22:00:00,22,5,3,0.0,0.0,1.0,0.185603,1,0.0,mobile_finance,night,1,262.9902859101002,0.0436612122181796,1.1
372904,66.0,M,IN,Bengaluru,mobile,free,7912,comedy,56.1,PG-13,5207,interstitial,in_feed,auto,8.17,9,1,0,1,42.5,5,8.58,1.22,0.76,0.26,2024-03-09 22:00:00,22,5,3,0.1111111111111111,0.0,0.6666666666666666,0.8451623333333333,9,0.1111111111111111,mobile_auto,night,1,262.9902859101002,0.0436612122181796,42.5
164101,44.0,M,US,Seattle,desktop,premium,5527,documentary,30.5,PG-13,5012,audio,mid_roll,travel,7.56,11,0,0,0,23.4,3,8.76,1.67,0.04,0.1,2024-03-09 23:00:00,23,5,3,0.0,0.0,0.2727272727272727,0.493824,11,0.0,desktop_travel,night,1,262.9902859101002,0.0436612122181796,15.8
165925,56.0,M,US,New York,desktop,free,5284,kids,39.1,PG-13,5367,native,post_roll,cpg,5.66,1,0,0,0,42.7,8,15.35,1.06,0.01,0.02,2024-03-09 23:00:00,23,5,3,0.0,0.0,8.0,0.7608,1,0.0,desktop_cpg,night,1,262.9902859101002,0.0436612122181796,42.7
718033,59.0,F,UK,Manchester,mobile,premium,7779,gaming,37.5,G,5512,banner,mid_roll,retail,5.25,2,0,0,0,24.4,11,9.29,1.24,0.01,0.02,2024-03-09 23:00:00,23,5,3,0.0,0.0,5.5,0.6548866666666667,2,0.0,mobile_retail,night,1,262.9902859101002,0.0436612122181796,24.4
340143,35.0,F,BR,Sao Paulo,tablet,basic,3436,gaming,26.2,PG,5903,audio,in_feed,travel,9.56,1,0,0,0,15.5,4,10.79,0.64,0.0,0.01,2024-03-09 23:00:00,23,5,3,0.0,0.0,4.0,0.4622729999999999,1,0.0,tablet_travel,night,1,262.9902859101002,0.0436612122181796,15.5
263698,44.0,M,US,Chicago,desktop,basic,1382,documentary,29.6,PG,5755,audio,pre_roll,auto,4.04,8,1,0,1,11.8,3,8.46,1.05,0.66,0.23,2024-03-09 23:00:00,23,5,3,0.125,0.0,0.5,0.5162303333333333,8,0.125,desktop_auto,night,1,262.9902859101002,0.0436612122181796,11.8
888297,39.0,M,IN,Bengaluru,mobile,free,8812,comedy,46.9,PG-13,5619,video,in_feed,travel,2.47,4,0,0,0,34.1,2,10.4,1.03,0.02,0.04,2024-03-09 23:00:00,23,5,3,0.0,0.0,0.5,0.514981,4,0.0,mobile_travel,night,1,262.9902859101002,0.0436612122181796,29.15
425799,46.0,M,BR,Sao Paulo,mobile,family,1716,sports,66.4,R,5165,video,sidebar,finance,7.14,5,0,0,0,67.0,4,9.59,0.84,0.02,0.05,2024-03-09 23:00:00,23,5,3,0.0,0.0,0.8,0.7098156666666667,5,0.0,mobile_finance,night,1,262.9902859101002,0.0436612122181796,67.0
544339,55.0,F,IN,Hyderabad,desktop,premium,8705,gaming,13.9,PG-13,5067,banner,sidebar,retail,2.02,4,0,0,0,9.6,4,4.97,1.14,0.01,0.02,2024-03-10 00:00:00,0,6,3,0.0,0.0,1.0,0.4087956666666666,4,0.0,desktop_retail,late_night,1,245.34658020274856,0.0437764537993122,5.25
120178,43.0,F,BR,Rio de Janeiro,mobile,premium,5843,drama,2.0,PG-13,5492,video,in_feed,cpg,5.5,6,1,0,1,5.3,3,9.4,0.57,0.36,0.14,2024-03-10 00:00:00,0,6,3,0.1666666666666666,0.0,0.6666666666666666,0.476353,6,0.1666666666666666,mobile_cpg,late_night,1,245.34658020274856,0.0437764537993122,5.3
900327,40.0,M,BR,Sao Paulo,mobile,basic,4589,sports,9.5,PG,5132,banner,post_roll,healthcare,5.71,5,0,0,0,9.5,4,13.13,1.58,0.03,0.07,2024-03-10 00:00:00,0,6,3,0.0,0.0,0.8,0.4079689999999999,5,0.0,mobile_healthcare,late_night,1,245.34658020274856,0.0437764537993122,9.5
162648,62.0,F,IN,Mumbai,desktop,free,2000,sports,20.5,R,5803,audio,pre_roll,gaming,3.68,3,0,0,0,3.2,2,10.17,0.99,0.01,0.03,2024-03-10 00:00:00,0,6,3,0.0,0.0,0.6666666666666666,0.2476663333333333,3,0.0,desktop_gaming,late_night,1,245.34658020274856,0.0437764537993122,3.2
406350,36.0,M,US,New York,mobile,free,1573,documentary,70.5,PG,5059,banner,in_feed,gaming,1.66,1,0,0,0,30.3,4,8.26,1.04,0.0,0.01,2024-03-10 00:00:00,0,6,3,0.0,0.0,4.0,0.604373,1,0.0,mobile_gaming,late_night,1,245.34658020274856,0.0437764537993122,30.3
122541,44.0,M,AU,Sydney,mobile,free,5119,documentary,42.2,R,5610,audio,sidebar,cpg,3.23,5,0,0,0,10.4,3,12.38,0.51,0.02,0.06,2024-03-10 00:00:00,0,6,3,0.0,0.0,0.6,0.361216,5,0.0,mobile_cpg,late_night,1,245.34658020274856,0.0437764537993122,36.55
339080,25.0,M,UK,London,desktop,free,7846,kids,31.7,PG,5817,native,mid_roll,finance,8.65,6,0,0,0,9.5,5,13.48,1.56,0.03,0.08,2024-03-10 00:00:00,0,6,3,0.0,0.0,0.8333333333333334,0.448689,6,0.0,desktop_finance,late_night,1,245.34658020274856,0.0437764537993122,9.5
166200,70.0,M,UK,Manchester,smart_tv,free,8304,gaming,7.6,PG-13,5748,native,pre_roll,auto,8.63,7,0,0,0,1.0,0,9.63,2.27,0.03,0.07,2024-03-10 00:00:00,0,6,3,0.0,0.0,0.0,0.1561686666666666,7,0.0,smart_tv_auto,late_night,1,245.34658020274856,0.0437764537993122,7.65
232755,53.0,F,US,Seattle,desktop,basic,5824,documentary,2.0,PG-13,5572,audio,sidebar,auto,3.42,9,1,0,1,0.5,2,5.31,0.92,0.57,0.19,2024-03-10 00:00:00,0,6,3,0.1111111111111111,0.0,0.3333333333333333,0.3531556666666666,9,0.1111111111111111,desktop_auto,late_night,1,245.34658020274856,0.0437764537993122,0.5
958319,46.0,M,UK,Manchester,desktop,free,4111,documentary,43.7,PG,5944,native,post_roll,auto,4.75,5,5,0,1,17.7,1,11.99,1.4,16.049944033350886,0.27,2024-03-10 00:00:00,0,6,3,1.0,0.0,1.2,0.5023979999999999,5,1.0,desktop_auto,late_night,1,245.34658020274856,0.0437764537993122,17.7
774838,49.0,M,DE,Munich,mobile,free,9343,sports,47.3,R,5232,audio,pre_roll,cpg,4.63,5,0,0,0,23.8,1,11.13,1.25,0.02,0.06,2024-03-10 00:00:00,0,6,3,0.0,0.0,0.2,0.3869016666666666,5,0.0,mobile_cpg,late_night,1,245.34658020274856,0.0437764537993122,23.8
826274,48.0,F,IN,Mumbai,tablet,free,5375,gaming,18.4,PG-13,5612,audio,mid_roll,retail,2.79,9,0,0,0,3.8,2,8.87,0.7,0.03,0.08,2024-03-10 00:00:00,0,6,3,0.0,0.0,0.2222222222222222,0.251309,9,0.0,tablet_retail,late_night,1,245.34658020274856,0.0437764537993122,3.8
765294,66.0,M,IN,Bengaluru,mobile,basic,6612,kids,43.0,PG-13,5721,video,post_roll,gaming,4.56,1,0,0,0,29.3,2,6.8,1.26,0.0,0.01,2024-03-10 00:00:00,0,6,3,0.0,0.0,2.0,0.482605,1,0.0,mobile_gaming,late_night,1,245.34658020274856,0.0437764537993122,29.3
120257,53.0,F,BR,Sao Paulo,mobile,premium,7254,gaming,22.2,PG,5698,video,sidebar,gaming,2.96,7,0,0,0,20.6,5,13.93,1.12,0.04,0.1,2024-03-10 00:00:00,0,6,3,0.0,0.0,0.7142857142857143,0.5574343333333334,7,0.0,mobile_gaming,late_night,1,245.34658020274856,0.0437764537993122,20.6
303077,61.0,F,JP,Tokyo,mobile,basic,2737,kids,50.7,PG,5835,audio,sidebar,auto,4.73,11,1,0,1,10.2,1,10.8,1.26,0.8,0.31,2024-03-10 00:00:00,0,6,3,0.0909090909090909,0.0,0.1818181818181818,0.368275,11,0.0909090909090909,mobile_auto,late_night,1,245.34658020274856,0.0437764537993122,10.2
979347,74.0,F,FR,Paris,desktop,basic,2040,drama,61.6,PG-13,5328,interstitial,mid_roll,cpg,1.31,6,0,0,0,41.1,4,10.2,0.54,0.02,0.06,2024-03-10 01:00:00,1,6,3,0.0,0.0,0.6666666666666666,0.6640276666666667,6,0.0,desktop_cpg,late_night,1,245.34658020274856,0.0437764537993122,41.1
875767,41.0,F,JP,Osaka,desktop,free,4487,music,61.4,PG,5519,audio,sidebar,healthcare,3.17,4,0,0,0,44.3,2,3.92,0.49,0.01,0.02,2024-03-10 01:00:00,1,6,3,0.0,0.0,0.5,0.560961,4,0.0,desktop_healthcare,late_night,1,245.34658020274856,0.0437764537993122,44.3
567686,53.0,Other,BR,Sao Paulo,mobile,free,5219,gaming,28.7,PG-13,5801,banner,in_feed,finance,6.69,5,0,0,0,27.6,6,10.26,2.27,0.02,0.05,2024-03-10 01:00:00,1,6,3,0.0,0.0,1.2,0.6509756666666667,5,0.0,mobile_finance,late_night,1,245.34658020274856,0.0437764537993122,27.6
236030,48.0,F,CA,Toronto,console,premium,4354,music,63.3,R,5633,video,pre_roll,gaming,2.3,9,1,0,1,45.6,3,10.52,1.09,0.69,0.26,2024-03-10 01:00:00,1,6,3,0.1111111111111111,0.0,0.4444444444444444,0.7599813333333332,9,0.1111111111111111,console_gaming,late_night,1,245.34658020274856,0.0437764537993122,45.6
499324,66.0,F,DE,Munich,mobile,free,9739,gaming,20.9,PG-13,5644,banner,in_feed,finance,7.73,2,0,0,0,9.4,4,10.91,0.68,0.01,0.02,2024-03-10 01:00:00,1,6,3,0.0,0.0,2.0,0.4071063333333333,2,0.0,mobile_finance,late_night,1,245.34658020274856,0.0437764537993122,9.4
440802,61.0,M,IN,Bengaluru,mobile,basic,6317,gaming,10.3,R,5706,video,pre_roll,tech,2.42,9,0,0,0,13.9,1,13.09,1.3,0.05,0.12,2024-03-10 01:00:00,1,6,3,0.0,0.0,0.1111111111111111,0.282399,9,0.0,mobile_tech,late_night,1,245.34658020274856,0.0437764537993122,13.9
369902,35.0,M,MX,Guadalajara,desktop,basic,5624,sports,17.9,PG-13,5100,audio,sidebar,cpg,5.15,1,0,0,0,11.4,4,11.56,1.48,0.0,0.01,2024-03-10 01:00:00,1,6,3,0.0,0.0,4.0,0.424609,1,0.0,desktop_cpg,late_night,1,245.34658020274856,0.0437764537993122,11.4
365230,44.0,F,BR,Sao Paulo,mobile,premium,3407,drama,24.0,PG,5662,banner,post_roll,finance,6.8,5,1,0,1,10.9,5,13.54,1.19,0.74,0.25,2024-03-10 01:00:00,1,6,3,0.2,0.0,1.2,0.6244143333333334,5,0.2,mobile_finance,late_night,1,245.34658020274856,0.0437764537993122,10.9
953610,57.0,M,MX,Mexico City,mobile,basic,2040,drama,50.4,PG,5615,video,post_roll,tech,2.95,10,0,0,0,37.2,2,6.2,0.64,0.02,0.06,2024-03-10 01:00:00,1,6,3,0.0,0.0,0.2,0.5322983333333333,10,0.0,mobile_tech,late_night,1,245.34658020274856,0.0437764537993122,37.7
789743,28.0,F,BR,Unknown,mobile,premium,3215,documentary,64.4,PG-13,5059,video,in_feed,gaming,5.54,6,0,0,0,45.2,2,8.23,1.72,0.02,0.05,2024-03-10 01:00:00,1,6,3,0.0,0.0,0.3333333333333333,0.563801,6,0.0,mobile_gaming,late_night,1,245.34658020274856,0.0437764537993122,45.2
576336,14.0,M,US,New York,mobile,free,2361,kids,44.8,PG-13,5721,interstitial,mid_roll,travel,4.68,4,0,0,0,22.5,6,13.9,1.36,0.02,0.06,2024-03-10 02:00:00,2,6,3,0.0,0.0,1.5,0.607357,4,0.0,mobile_travel,late_night,1,245.34658020274856,0.0437764537993122,22.5
323466,54.0,M,IN,Bengaluru,desktop,premium,1179,kids,13.5,PG-13,5810,banner,in_feed,tech,8.81,2,0,0,0,7.1,2,6.7,1.45,0.01,0.01,2024-03-10 02:00:00,2,6,3,0.0,0.0,1.0,0.274221,2,0.0,desktop_tech,late_night,1,245.34658020274856,0.0437764537993122,7.1
292081,33.0,F,US,Austin,mobile,free,8103,sports,14.3,PG-13,5573,native,mid_roll,healthcare,5.93,10,0,0,0,14.1,6,8.24,1.27,0.03,0.08,2024-03-10 02:00:00,2,6,3,0.0,0.0,0.6,0.5163876666666667,10,0.0,mobile_healthcare,late_night,1,245.34658020274856,0.0437764537993122,14.1
475730,56.0,M,FR,Lyon,desktop,premium,8208,documentary,75.6,PG-13,5433,native,sidebar,travel,2.71,6,0,0,0,67.1,4,7.07,0.59,0.02,0.04,2024-03-10 02:00:00,2,6,3,0.0,0.0,0.6666666666666666,0.7098863333333333,6,0.0,desktop_travel,late_night,1,245.34658020274856,0.0437764537993122,67.1
125824,29.0,M,US,Chicago,desktop,free,4816,gaming,18.2,R,5862,video,sidebar,retail,4.66,8,0,0,0,16.6,1,12.49,0.82,0.04,0.1,2024-03-10 02:00:00,2,6,3,0.0,0.0,0.125,0.307855,8,0.0,desktop_retail,late_night,1,245.34658020274856,0.0437764537993122,13.7
166598,18.0,M,US,Seattle,smart_tv,premium,3307,comedy,53.5,R,5077,audio,sidebar,healthcare,7.69,5,0,0,0,32.0,6,5.91,1.85,0.01,0.03,2024-03-10 02:00:00,2,6,3,0.0,0.0,1.2,0.6834903333333333,5,0.0,smart_tv_healthcare,late_night,1,245.34658020274856,0.0437764537993122,32.0
116352,17.0,F,IN,Bengaluru,mobile,free,5631,comedy,20.4,PG-13,5939,video,in_feed,travel,4.65,1,0,0,0,6.7,2,13.55,0.97,0.01,0.01,2024-03-10 02:00:00,2,6,3,0.0,0.0,2.0,0.271281,1,0.0,mobile_travel,late_night,1,245.34658020274856,0.0437764537993122,6.7
175252,38.0,M,UK,Manchester,mobile,free,1332,gaming,27.7,PG-13,5108,video,in_feed,travel,6.74,6,0,0,0,5.4,1,11.25,0.31,0.03,0.07,2024-03-10 02:00:00,2,6,3,0.0,0.0,0.1666666666666666,0.2114843333333333,6,0.0,mobile_travel,late_night,1,245.34658020274856,0.0437764537993122,5.4
986831,24.0,M,FR,Paris,desktop,free,1209,drama,55.6,R,5111,video,pre_roll,finance,7.7,8,1,0,1,40.5,3,13.95,1.75,1.09,0.37,2024-03-10 02:00:00,2,6,3,0.125,0.0,0.5,0.7495383333333334,8,0.125,desktop_finance,late_night,1,245.34658020274856,0.0437764537993122,40.5
285292,14.0,F,BR,Rio de Janeiro,mobile,free,7239,music,2.0,PG-13,5937,interstitial,in_feed,travel,7.35,9,0,0,0,0.5,2,10.79,1.39,0.04,0.1,2024-03-10 02:00:00,2,6,3,0.0,0.0,0.2222222222222222,0.2180356666666666,9,0.0,mobile_travel,late_night,1,245.34658020274856,0.0437764537993122,0.5
495037,47.0,F,BR,Sao Paulo,mobile,free,1823,news,62.9,R,5149,native,in_feed,cpg,3.26,10,0,0,0,36.1,3,9.38,1.39,0.04,0.09,2024-03-10 03:00:00,3,6,3,0.0,0.0,0.3,0.5864119999999999,10,0.0,mobile_cpg,late_night,1,245.34658020274856,0.0437764537993122,36.1
665266,58.0,M,US,Austin,mobile,free,4496,documentary,54.8,PG,5164,native,mid_roll,finance,7.09,8,1,0,1,38.6,3,12.5,1.4,0.88,0.31,2024-03-10 03:00:00,3,6,3,0.125,0.0,0.5,0.7411836666666667,8,0.125,mobile_finance,late_night,1,245.34658020274856,0.0437764537993122,38.6
669704,68.0,M,US,Unknown,mobile,premium,1373,news,48.3,PG-13,5397,video,mid_roll,healthcare,2.36,5,0,0,0,20.1,1,8.28,1.12,0.02,0.04,2024-03-10 03:00:00,3,6,3,0.0,0.0,0.2,0.3411403333333333,5,0.0,mobile_healthcare,late_night,1,245.34658020274856,0.0437764537993122,20.1
393233,28.0,M,IN,Bengaluru,desktop,premium,6266,news,44.0,PG-13,5864,audio,pre_roll,travel,7.0,4,0,0,0,20.6,5,14.91,1.48,0.02,0.06,2024-03-10 03:00:00,3,6,3,0.0,0.0,1.25,0.5574343333333334,4,0.0,desktop_travel,late_night,1,245.34658020274856,0.0437764537993122,20.6
429716,46.0,M,DE,Berlin,mobile,free,7825,kids,31.0,PG-13,5543,video,in_feed,healthcare,5.2,11,1,0,1,10.5,4,7.56,1.25,0.78,0.27,2024-03-10 03:00:00,3,6,3,0.0909090909090909,0.0,0.4545454545454545,0.5358356666666666,11,0.0909090909090909,mobile_healthcare,late_night,1,245.34658020274856,0.0437764537993122,10.5
765555,15.0,M,UK,Manchester,smart_tv,free,3857,gaming,33.0,G,5121,audio,post_roll,retail,3.06,5,0,0,0,20.6,3,6.96,0.45,0.01,0.03,2024-03-10 03:00:00,3,6,3,0.0,0.0,0.6,0.4622653333333333,5,0.0,smart_tv_retail,late_night,1,245.34658020274856,0.0437764537993122,20.6
690986,58.0,F,BR,Rio de Janeiro,desktop,basic,4047,sports,52.2,PG-13,5643,native,post_roll,retail,7.33,3,0,0,0,21.9,6,8.55,1.6,0.01,0.03,2024-03-10 03:00:00,3,6,3,0.0,0.0,2.0,0.601889,3,0.0,desktop_retail,late_night,1,245.34658020274856,0.0437764537993122,31.25
191431,44.0,F,IN,Bengaluru,smart_tv,free,9691,music,58.8,G,5705,video,sidebar,auto,9.31,5,1,0,1,37.3,4,5.61,1.89,1.15,0.31,2024-03-10 03:00:00,3,6,3,0.2,0.0,1.0,0.8107116666666667,5,0.2,smart_tv_auto,late_night,1,245.34658020274856,0.0437764537993122,37.3
380105,49.0,F,JP,Osaka,mobile,family,8046,drama,62.3,PG,5227,video,post_roll,retail,4.47,6,0,0,0,21.6,1,8.62,0.85,0.02,0.05,2024-03-10 03:00:00,3,6,3,0.0,0.0,0.1666666666666666,0.366971,6,0.0,mobile_retail,late_night,1,245.34658020274856,0.0437764537993122,21.6
411832,61.0,F,IN,Mumbai,mobile,basic,3412,comedy,2.0,PG,5749,interstitial,in_feed,travel,2.19,7,1,0,1,9.8,3,6.76,0.59,0.37,0.14,2024-03-10 03:00:00,3,6,3,0.1428571428571428,0.0,0.5714285714285714,0.5049776666666667,7,0.1428571428571428,mobile_travel,late_night,1,245.34658020274856,0.0437764537993122,9.8
780202,20.0,M,BR,Sao Paulo,tablet,basic,5323,documentary,13.1,PG,5181,banner,mid_roll,retail,9.83,10,0,0,0,12.3,3,16.74,1.37,0.07,0.17,2024-03-10 03:00:00,3,6,3,0.0,0.0,0.3,0.3783879999999999,10,0.0,tablet_retail,late_night,1,245.34658020274856,0.0437764537993122,12.3
543241,73.0,M,MX,Mexico City,tablet,free,8014,sports,42.7,PG,5392,interstitial,post_roll,finance,1.43,3,0,0,0,46.5,3,11.75,1.0,0.01,0.04,2024-03-10 03:00:00,3,6,3,0.0,0.0,1.0,0.62734,3,0.0,tablet_finance,late_night,1,245.34658020274856,0.0437764537993122,46.5
584582,27.0,F,AU,Melbourne,desktop,premium,1223,drama,11.5,R,5955,video,sidebar,cpg,5.82,2,0,0,0,9.6,4,8.54,0.88,0.01,0.02,2024-03-10 04:00:00,4,6,3,0.0,0.0,2.0,0.4087956666666666,2,0.0,desktop_cpg,late_night,1,245.34658020274856,0.0437764537993122,9.6
323887,30.0,F,CA,Vancouver,mobile,basic,2855,drama,28.5,PG,5790,video,sidebar,auto,6.55,3,0,0,0,28.8,2,8.41,1.01,0.01,0.03,2024-03-10 04:00:00,4,6,3,0.0,0.0,0.6666666666666666,0.478709,3,0.0,mobile_auto,late_night,1,245.34658020274856,0.0437764537993122,28.8
414979,40.0,M,US,Chicago,mobile,basic,3820,music,48.2,G,5701,native,post_roll,cpg,2.0,9,1,0,1,16.4,9,13.33,1.13,0.73,0.29,2024-03-10 04:00:00,4,6,3,0.1111111111111111,0.0,1.1111111111111112,0.7009853333333333,9,0.1111111111111111,mobile_cpg,late_night,1,245.34658020274856,0.0437764537993122,16.4
568766,17.0,F,JP,Tokyo,mobile,free,3441,music,35.0,PG,5018,banner,sidebar,cpg,6.78,4,0,0,0,42.4,4,8.44,1.36,0.01,0.03,2024-03-10 04:00:00,4,6,3,0.0,0.0,1.0,0.668949,4,0.0,mobile_cpg,late_night,1,245.34658020274856,0.0437764537993122,42.4
223289,68.0,F,MX,Guadalajara,mobile,basic,2289,music,40.0,PG-13,5167,banner,pre_roll,retail,5.59,11,0,0,0,29.4,7,9.39,1.48,0.04,0.1,2024-03-10 04:00:00,4,6,3,0.0,0.0,0.6363636363636364,0.6802453333333333,11,0.0,mobile_retail,late_night,1,245.34658020274856,0.0437764537993122,16.8
909166,35.0,M,IN,Mumbai,mobile,family,7709,news,29.1,PG-13,5640,native,mid_roll,tech,4.97,10,0,0,0,10.7,1,8.9,1.06,0.04,0.09,2024-03-10 04:00:00,4,6,3,0.0,0.0,0.1,0.253451,10,0.0,mobile_tech,late_night,1,245.34658020274856,0.0437764537993122,10.7
952726,50.0,F,JP,Osaka,mobile,free,1247,gaming,47.5,PG,5045,audio,mid_roll,travel,6.91,5,0,0,0,25.2,6,11.37,0.53,0.02,0.06,2024-03-10 04:00:00,4,6,3,0.0,0.0,1.2,0.6313663333333334,5,0.0,mobile_travel,late_night,1,245.34658020274856,0.0437764537993122,25.2
687091,67.0,M,AU,Sydney,smart_tv,basic,9984,music,53.1,PG,5617,interstitial,pre_roll,gaming,3.55,1,0,0,0,27.2,3,8.05,0.64,0.0,0.01,2024-03-10 04:00:00,4,6,3,0.0,0.0,3.0,0.5260413333333334,1,0.0,smart_tv_gaming,late_night,1,245.34658020274856,0.0437764537993122,27.2
106812,26.0,F,CA,Vancouver,tablet,free,8624,news,46.5,PG,5772,interstitial,mid_roll,cpg,3.38,7,0,0,0,21.4,1,11.56,0.93,0.03,0.08,2024-03-10 04:00:00,4,6,3,0.0,0.0,0.1428571428571428,0.365147,7,0.0,tablet_cpg,late_night,1,245.34658020274856,0.0437764537993122,21.4
631221,21.0,M,DE,Munich,tablet,basic,1203,kids,30.5,G,5487,interstitial,mid_roll,gaming,8.32,6,0,0,0,1.7,2,11.8,1.1,0.03,0.07,2024-03-10 04:00:00,4,6,3,0.0,0.0,0.3333333333333333,0.239321,6,0.0,tablet_gaming,late_night,1,245.34658020274856,0.0437764537993122,1.7
302869,54.0,M,AU,Unknown,mobile,family,4603,sports,67.0,PG-13,5808,interstitial,pre_roll,healthcare,1.12,1,0,0,0,49.5,12,4.37,0.8,0.0,0.0,2024-03-10 05:00:00,5,6,3,0.0,0.0,12.0,0.7873706666666666,1,0.0,mobile_healthcare,late_night,1,245.34658020274856,0.0437764537993122,49.5
167247,13.0,F,UK,London,desktop,premium,4190,comedy,60.0,PG,5762,audio,post_roll,gaming,7.19,7,0,0,0,51.4,5,16.94,1.05,0.05,0.12,2024-03-10 05:00:00,5,6,3,0.0,0.0,0.7142857142857143,0.7339223333333333,7,0.0,desktop_gaming,late_night,1,245.34658020274856,0.0437764537993122,51.4
251114,40.0,M,US,Seattle,tablet,premium,4529,news,28.7,G,5263,native,pre_roll,healthcare,2.51,6,1,0,1,16.2,4,9.91,0.86,0.54,0.19,2024-03-10 05:00:00,5,6,3,0.1666666666666666,0.0,0.8333333333333334,0.624082,6,0.1666666666666666,tablet_healthcare,late_night,1,245.34658020274856,0.0437764537993122,16.2
647540,44.0,F,IN,Bengaluru,tablet,premium,3421,music,43.8,PG,5172,native,in_feed,tech,8.38,10,0,0,0,27.7,5,11.91,1.38,0.05,0.12,2024-03-10 05:00:00,5,6,3,0.0,0.0,0.5,0.6252356666666666,10,0.0,tablet_tech,late_night,1,245.34658020274856,0.0437764537993122,27.7
735519,68.0,M,US,Chicago,mobile,basic,4581,documentary,63.3,G,5627,native,post_roll,auto,5.14,9,0,0,0,39.7,2,8.56,1.87,0.03,0.08,2024-03-10 05:00:00,5,6,3,0.0,0.0,0.2222222222222222,0.5439556666666667,9,0.0,mobile_auto,late_night,1,245.34658020274856,0.0437764537993122,47.13333333333333
666985,36.0,Other,FR,Lyon,mobile,premium,3528,documentary,45.1,PG-13,5614,video,mid_roll,tech,5.49,10,1,0,1,33.1,6,11.52,1.87,1.17,0.4,2024-03-10 05:00:00,5,6,3,0.1,0.0,0.7,0.8179166666666667,10,0.1,mobile_tech,late_night,1,245.34658020274856,0.0437764537993122,33.1
792943,61.0,M,UK,Unknown,mobile,premium,9556,drama,18.8,PG,5961,banner,in_feed,healthcare,1.81,6,0,0,0,20.6,3,11.15,0.99,0.03,0.07,2024-03-10 05:00:00,5,6,3,0.0,0.0,0.5,0.4622653333333333,6,0.0,mobile_healthcare,late_night,1,245.34658020274856,0.0437764537993122,20.6
550301,55.0,F,US,Chicago,mobile,free,8822,news,61.5,PG,5459,banner,pre_roll,cpg,7.33,8,0,0,0,49.7,2,12.05,1.65,0.04,0.1,2024-03-10 05:00:00,5,6,3,0.0,0.0,0.25,0.5754756666666667,8,0.0,mobile_cpg,late_night,1,245.34658020274856,0.0437764537993122,38.150000000000006
668583,70.0,Unknown,US,Seattle,mobile,premium,3069,drama,23.7,R,5353,video,in_feed,auto,5.1,2,0,0,0,13.8,2,8.39,1.35,0.01,0.02,2024-03-10 05:00:00,5,6,3,0.0,0.0,1.0,0.332081,2,0.0,mobile_auto,late_night,1,245.34658020274856,0.0437764537993122,13.8
635157,70.0,M,DE,Berlin,mobile,free,4627,sports,64.5,PG,5200,video,in_feed,retail,6.73,6,0,0,0,22.3,4,8.23,1.73,0.02,0.05,2024-03-10 05:00:00,5,6,3,0.0,0.0,0.6666666666666666,0.5382276666666667,6,0.0,mobile_retail,late_night,1,245.34658020274856,0.0437764537993122,23.3
680226,36.0,M,BR,Sao Paulo,mobile,premium,7362,comedy,59.0,R,5473,interstitial,mid_roll,auto,8.29,11,0,0,0,31.2,2,15.72,0.94,0.07,0.17,2024-03-10 06:00:00,6,6,3,0.0,0.0,0.1818181818181818,0.4963596666666666,11,0.0,mobile_auto,morning,1,245.34658020274856,0.0437764537993122,31.2
234258,26.0,F,IN,Mumbai,desktop,premium,3699,kids,39.5,PG,5069,video,sidebar,retail,5.01,4,0,0,0,33.7,0,9.56,0.78,0.02,0.04,2024-03-10 06:00:00,6,6,3,0.0,0.0,0.0,0.4331126666666667,4,0.0,desktop_retail,morning,1,245.34658020274856,0.0437764537993122,33.7
834226,21.0,M,MX,Guadalajara,desktop,premium,6768,kids,41.3,G,5276,interstitial,pre_roll,finance,4.91,4,1,0,1,19.4,4,12.26,1.77,1.08,0.31,2024-03-10 06:00:00,6,6,3,0.25,0.0,1.25,0.670642,4,0.25,desktop_finance,morning,1,245.34658020274856,0.0437764537993122,19.4
186672,60.0,F,DE,Munich,mobile,family,5523,sports,41.7,R,5959,video,post_roll,travel,7.12,2,0,0,0,23.3,4,12.46,1.21,0.01,0.02,2024-03-10 06:00:00,6,6,3,0.0,0.0,2.0,0.5473783333333333,2,0.2,mobile_travel,morning,1,245.34658020274856,0.0437764537993122,30.96666666666667
937623,68.0,M,IN,Hyderabad,mobile,free,8795,drama,43.1,PG-13,5342,banner,sidebar,auto,2.5,3,0,0,0,36.9,3,9.32,0.74,0.01,0.03,2024-03-10 06:00:00,6,6,3,0.0,0.0,1.0,0.5907013333333333,3,0.0,mobile_auto,morning,1,245.34658020274856,0.0437764537993122,36.9
910682,71.0,M,AU,Melbourne,desktop,free,5258,news,36.8,R,5439,native,pre_roll,finance,6.27,2,1,1,1,33.7,2,13.32,0.9,3.55,0.16,2024-03-10 06:00:00,6,6,3,0.5,1.0,2.0,0.6941366666666666,2,0.5,desktop_finance,morning,1,245.34658020274856,0.0437764537993122,33.7
454011,20.0,M,US,New York,mobile,premium,7477,comedy,42.1,PG,5259,native,post_roll,cpg,1.18,6,1,0,1,41.5,4,11.32,0.83,0.53,0.19,2024-03-10 06:00:00,6,6,3,0.1666666666666666,0.0,0.8333333333333334,0.8206246666666668,6,0.1666666666666666,mobile_cpg,morning,1,245.34658020274856,0.0437764537993122,41.5
979439,27.0,Other,DE,Berlin,tablet,basic,7099,music,62.9,PG,5975,native,post_roll,finance,5.66,9,1,0,1,40.6,5,13.85,1.15,0.74,0.3,2024-03-10 06:00:00,6,6,3,0.1111111111111111,0.0,0.6666666666666666,0.837949,9,0.1111111111111111,tablet_finance,morning,1,245.34658020274856,0.0437764537993122,40.6
764250,53.0,F,US,Austin,tablet,free,7095,sports,67.3,R,5998,audio,in_feed,travel,8.93,5,1,1,1,38.7,2,5.11,1.59,17.93,0.26,2024-03-10 06:00:00,6,6,3,0.2,1.0,0.8,0.703001,5,0.2,tablet_travel,morning,1,245.34658020274856,0.0437764537993122,38.7
560879,14.0,F,BR,Sao Paulo,tablet,premium,6309,music,35.2,PG,5869,audio,mid_roll,gaming,5.17,2,0,0,0,9.7,3,8.02,2.1,0.01,0.02,2024-03-10 06:00:00,6,6,3,0.0,0.0,1.5,0.3551653333333333,2,0.0,tablet_gaming,morning,1,245.34658020274856,0.0437764537993122,9.7
645965,62.0,F,DE,Berlin,tablet,basic,3400,kids,52.6,PG-13,5363,video,sidebar,retail,7.92,4,1,0,1,29.2,1,9.2,1.33,0.81,0.24,2024-03-10 07:00:00,7,6,3,0.25,0.0,0.5,0.6023893333333333,4,0.25,tablet_retail,morning,1,245.34658020274856,0.0437764537993122,29.2
969729,41.0,M,US,Unknown,tablet,basic,9331,kids,42.1,PG-13,5772,interstitial,pre_roll,finance,5.01,6,0,0,0,10.6,3,7.84,1.52,0.02,0.05,2024-03-10 07:00:00,7,6,3,0.0,0.0,0.5,0.363004,6,0.0,tablet_finance,morning,1,245.34658020274856,0.0437764537993122,8.6
203561,16.0,M,US,Chicago,mobile,basic,2952,drama,34.7,PG-13,5597,interstitial,pre_roll,gaming,6.06,1,0,0,0,19.3,4,11.36,1.66,0.0,0.01,2024-03-10 07:00:00,7,6,3,0.0,0.0,4.0,0.4985956666666666,1,0.0,mobile_gaming,morning,1,245.34658020274856,0.0437764537993122,19.3
418145,41.0,M,US,Seattle,desktop,free,5547,drama,66.9,PG-13,5846,native,mid_roll,cpg,7.21,9,2,0,1,71.4,10,12.5,1.41,1.74,0.54,2024-03-10 07:00:00,7,6,3,0.2222222222222222,0.0,1.3333333333333333,0.9763366666666666,9,0.2222222222222222,desktop_cpg,morning,1,245.34658020274856,0.0437764537993122,71.4
670885,64.0,M,UK,Manchester,mobile,basic,2043,gaming,31.5,PG-13,5996,audio,pre_roll,retail,7.56,7,1,0,1,18.9,1,11.17,1.18,0.74,0.26,2024-03-10 07:00:00,7,6,3,0.1428571428571428,0.0,0.2857142857142857,0.4788246666666666,7,0.1428571428571428,mobile_retail,morning,1,245.34658020274856,0.0437764537993122,9.7
123147,51.0,F,DE,Berlin,smart_tv,free,8157,music,55.4,R,5399,audio,pre_roll,tech,5.45,8,0,0,0,37.5,4,6.53,1.44,0.02,0.05,2024-03-10 07:00:00,7,6,3,0.0,0.0,0.5,0.6480383333333334,8,0.0,smart_tv_tech,morning,1,245.34658020274856,0.0437764537993122,37.5
464589,59.0,M,IN,Hyderabad,mobile,free,1319,gaming,54.8,PG,5079,video,post_roll,retail,2.49,10,0,0,0,19.2,5,3.63,1.11,0.01,0.04,2024-03-10 07:00:00,7,6,3,0.0,0.0,0.5,0.5383436666666667,10,0.0,mobile_retail,morning,1,245.34658020274856,0.0437764537993122,19.2
719680,32.0,M,US,Austin,desktop,basic,8874,comedy,47.3,PG-13,5937,banner,pre_roll,auto,1.93,5,0,0,0,23.4,7,4.59,1.1,0.01,0.02,2024-03-10 07:00:00,7,6,3,0.0,0.0,1.4,0.63084,5,0.0,desktop_auto,morning,1,245.34658020274856,0.0437764537993122,23.4
132051,14.0,F,US,New York,mobile,basic,7061,comedy,50.7,R,5195,banner,in_feed,finance,6.01,2,0,0,0,30.2,1,14.92,1.25,0.01,0.03,2024-03-10 07:00:00,7,6,3,0.0,0.0,0.5,0.4387709999999999,2,0.0,mobile_finance,morning,1,245.34658020274856,0.0437764537993122,48.2
210962,25.0,M,IN,Hyderabad,mobile,basic,3867,kids,40.2,PG-13,5225,video,sidebar,tech,10.56,10,2,1,1,17.6,3,10.99,1.3,26.04,0.5,2024-03-10 07:00:00,7,6,3,0.2,0.5,0.6,0.5914226666666667,10,0.2,mobile_tech,morning,1,245.34658020274856,0.0437764537993122,17.6
712325,71.0,M,IN,Bengaluru,mobile,basic,6292,music,33.0,PG,5182,video,sidebar,gaming,3.58,5,0,0,0,11.5,5,13.56,0.65,0.03,0.07,2024-03-10 07:00:00,7,6,3,0.0,0.0,1.0,0.4662556666666666,5,0.0,mobile_gaming,morning,1,245.34658020274856,0.0437764537993122,11.5
112457,65.0,F,CA,Vancouver,mobile,premium,7057,kids,47.8,PG-13,5574,audio,mid_roll,gaming,8.32,2,0,0,0,20.1,0,5.95,1.34,0.0,0.01,2024-03-10 07:00:00,7,6,3,0.0,0.0,0.0,0.3122073333333333,2,0.0,mobile_gaming,morning,1,245.34658020274856,0.0437764537993122,20.1
327536,32.0,Unknown,US,Chicago,mobile,free,6853,gaming,14.3,R,5980,native,mid_roll,auto,10.29,2,0,0,0,0.5,4,14.72,1.28,0.01,0.03,2024-03-10 07:00:00,7,6,3,0.0,0.0,2.0,0.3323756666666666,2,0.0,mobile_auto,morning,1,245.34658020274856,0.0437764537993122,0.5
365274,45.0,M,DE,Munich,mobile,free,9174,music,70.1,G,5606,audio,sidebar,healthcare,14.1,6,1,0,1,47.2,6,14.5,1.77,1.1,0.35,2024-03-10 08:00:00,8,6,3,0.1666666666666666,0.0,1.1666666666666667,0.9060646666666669,6,0.1666666666666666,mobile_healthcare,morning,1,245.34658020274856,0.0437764537993122,47.2
179747,34.0,M,AU,Melbourne,mobile,basic,5043,news,52.3,G,5099,audio,pre_roll,cpg,5.49,6,0,0,0,36.4,2,7.3,0.96,0.02,0.04,2024-03-10 08:00:00,8,6,3,0.0,0.0,0.3333333333333333,0.5281583333333333,6,0.0,mobile_cpg,morning,1,245.34658020274856,0.0437764537993122,36.4
623141,41.0,M,MX,Mexico City,mobile,basic,4961,comedy,84.0,PG,5129,banner,mid_roll,travel,5.12,10,0,0,0,20.6,2,5.9,1.77,0.02,0.06,2024-03-10 08:00:00,8,6,3,0.0,0.0,0.2,0.4023743333333333,10,0.0,mobile_travel,morning,1,245.34658020274856,0.0437764537993122,20.6
837032,20.0,M,US,Austin,mobile,premium,6148,gaming,13.3,PG,5852,native,pre_roll,cpg,3.34,1,0,0,0,3.6,3,10.13,1.77,0.0,0.01,2024-03-10 08:00:00,8,6,3,0.0,0.0,3.0,0.3099786666666666,1,0.0,mobile_cpg,morning,1,245.34658020274856,0.0437764537993122,32.25
316067,63.0,F,MX,Guadalajara,mobile,free,8804,kids,32.1,G,5672,audio,in_feed,cpg,3.97,4,0,0,0,27.7,5,6.42,1.94,0.01,0.03,2024-03-10 08:00:00,8,6,3,0.0,0.0,1.25,0.6252356666666666,4,0.0,mobile_cpg,morning,1,245.34658020274856,0.0437764537993122,27.7
689583,27.0,F,IN,Hyderabad,mobile,premium,1731,sports,32.9,PG-13,5558,video,mid_roll,retail,4.01,1,0,0,0,16.7,1,12.62,1.0,0.01,0.01,2024-03-10 08:00:00,8,6,3,0.0,0.0,1.0,0.3087923333333333,1,0.0,mobile_retail,morning,1,245.34658020274856,0.0437764537993122,16.7
384040,43.0,Other,UK,London,smart_tv,basic,1864,drama,43.1,G,5716,video,in_feed,healthcare,8.74,2,0,0,0,30.7,3,12.99,1.18,0.01,0.03,2024-03-10 08:00:00,8,6,3,0.0,0.0,1.5,0.5525666666666667,2,0.0,smart_tv_healthcare,morning,1,245.34658020274856,0.0437764537993122,30.7
809877,64.0,F,IN,Bengaluru,desktop,free,2836,drama,5.7,PG,5535,audio,post_roll,retail,7.0,3,0,0,0,0.5,5,10.44,1.08,0.01,0.03,2024-03-10 08:00:00,8,6,3,0.0,0.0,1.6666666666666667,0.3730956666666666,3,0.0,desktop_retail,morning,1,245.34658020274856,0.0437764537993122,0.5
826616,42.0,M,IN,Mumbai,mobile,premium,3126,comedy,28.6,PG-13,5870,video,post_roll,healthcare,2.02,6,0,0,0,8.9,3,11.09,1.25,0.03,0.07,2024-03-10 08:00:00,8,6,3,0.0,0.0,0.5,0.348468,6,0.0,mobile_healthcare,morning,1,245.34658020274856,0.0437764537993122,8.9
453255,52.0,F,JP,Osaka,mobile,free,4058,documentary,43.6,R,5292,video,sidebar,finance,7.38,9,0,0,0,15.9,3,9.7,1.23,0.03,0.09,2024-03-10 08:00:00,8,6,3,0.0,0.0,0.3333333333333333,0.4117613333333333,9,0.0,mobile_finance,morning,1,245.34658020274856,0.0437764537993122,15.9
229200,28.0,F,CA,Toronto,tablet,free,5967,kids,25.7,PG-13,5961,banner,post_roll,retail,7.09,10,0,0,0,11.3,3,11.63,1.29,0.05,0.12,2024-03-10 08:00:00,8,6,3,0.0,0.0,0.3,0.3692306666666666,10,0.0,tablet_retail,morning,1,245.34658020274856,0.0437764537993122,11.3
377596,23.0,M,BR,Rio de Janeiro,mobile,basic,5319,music,25.6,PG-13,5894,video,in_feed,travel,6.28,10,0,0,0,8.6,2,6.4,1.69,0.03,0.06,2024-03-10 08:00:00,8,6,3,0.0,0.0,0.2,0.286109,10,0.0,mobile_travel,morning,1,245.34658020274856,0.0437764537993122,8.6
888495,23.0,F,IN,Mumbai,tablet,family,4906,news,47.7,PG-13,5564,banner,mid_roll,healthcare,4.23,6,2,2,1,15.2,1,12.99,1.32,27.62,0.47,2024-03-10 08:00:00,8,6,3,0.3333333333333333,1.0,0.8333333333333334,0.4719029999999999,6,0.3333333333333333,tablet_healthcare,morning,1,245.34658020274856,0.0437764537993122,15.2
443427,44.0,F,IN,Hyderabad,tablet,premium,5160,sports,71.4,PG-13,5927,banner,pre_roll,healthcare,7.26,6,0,0,0,59.4,1,9.57,1.7,0.02,0.06,2024-03-10 08:00:00,8,6,3,0.0,0.0,0.1666666666666666,0.5394163333333333,6,0.0,tablet_healthcare,morning,1,245.34658020274856,0.0437764537993122,59.4
115096,39.0,F,AU,Melbourne,mobile,premium,2874,sports,35.7,PG,5464,video,pre_roll,travel,2.42,3,0,0,0,19.0,5,9.03,0.64,0.01,0.03,2024-03-10 09:00:00,9,6,3,0.0,0.0,1.6666666666666667,0.5364383333333334,3,0.0,mobile_travel,morning,1,245.34658020274856,0.0437764537993122,19.0
530451,55.0,F,IN,Bengaluru,mobile,free,2359,gaming,65.8,PG,5531,interstitial,mid_roll,travel,9.24,4,0,0,0,27.0,1,6.63,1.81,0.01,0.03,2024-03-10 09:00:00,9,6,3,0.0,0.0,0.25,0.4139656666666666,4,0.0,mobile_travel,morning,1,245.34658020274856,0.0437764537993122,27.0
846958,58.0,Other,US,Unknown,mobile,basic,9769,news,40.4,PG-13,5284,native,sidebar,gaming,4.05,3,0,0,0,28.2,3,10.45,1.26,0.01,0.03,2024-03-10 09:00:00,9,6,3,0.0,0.0,1.0,0.534068,3,0.0,mobile_gaming,morning,1,245.34658020274856,0.0437764537993122,28.2
461853,26.0,M,US,Chicago,desktop,free,2804,drama,20.4,PG,5910,native,mid_roll,healthcare,6.89,5,1,0,1,5.1,5,6.03,0.66,0.41,0.13,2024-03-10 09:00:00,9,6,3,0.2,0.0,1.2,0.578589,5,0.2,desktop_healthcare,morning,1,245.34658020274856,0.0437764537993122,5.1
304385,52.0,M,US,Chicago,desktop,free,1360,music,16.2,R,5796,audio,sidebar,travel,4.02,11,1,0,1,5.5,6,13.59,1.04,0.68,0.31,2024-03-10 09:00:00,9,6,3,0.0909090909090909,0.0,0.6363636363636364,0.563609,11,0.0909090909090909,desktop_travel,morning,1,245.34658020274856,0.0437764537993122,5.5
419610,44.0,M,IN,Bengaluru,mobile,free,8163,documentary,83.5,G,5311,native,in_feed,cpg,7.3,9,1,1,1,69.7,2,8.99,1.21,22.73,0.26,2024-03-10 09:00:00,9,6,3,0.1111111111111111,1.0,0.4444444444444444,0.731841,9,0.1111111111111111,mobile_cpg,morning,1,245.34658020274856,0.0437764537993122,69.7
849461,45.0,M,DE,Munich,desktop,basic,5687,gaming,71.4,PG-13,5839,native,pre_roll,cpg,2.25,9,0,0,0,54.3,3,6.02,0.6,0.02,0.05,2024-03-10 09:00:00,9,6,3,0.0,0.0,0.3333333333333333,0.6436906666666666,9,0.0,desktop_cpg,morning,1,245.34658020274856,0.0437764537993122,54.3
510948,45.0,F,US,Chicago,mobile,basic,1263,drama,24.4,PG,5435,audio,sidebar,finance,1.99,3,0,0,0,13.6,0,9.98,0.91,0.01,0.03,2024-03-10 09:00:00,9,6,3,0.0,0.0,0.0,0.2507353333333333,3,0.0,mobile_finance,morning,1,245.34658020274856,0.0437764537993122,14.7
611368,25.0,Other,BR,Rio de Janeiro,mobile,free,9310,gaming,7.1,R,5590,native,post_roll,tech,4.27,10,0,0,0,1.1,3,7.14,0.41,0.03,0.07,2024-03-10 09:00:00,9,6,3,0.0,0.0,0.3,0.296064,10,0.0,mobile_tech,morning,1,245.34658020274856,0.0437764537993122,1.1
686213,45.0,M,US,Austin,smart_tv,basic,8908,comedy,8.5,R,5476,audio,pre_roll,cpg,7.72,7,1,0,1,0.5,1,12.88,0.79,0.51,0.21,2024-03-10 09:00:00,9,6,3,0.1428571428571428,0.0,0.2857142857142857,0.3164526666666666,7,0.1428571428571428,smart_tv_cpg,morning,1,245.34658020274856,0.0437764537993122,30.366666666666664
661033,45.0,F,DE,Munich,smart_tv,free,5808,sports,40.8,PG,5863,native,mid_roll,retail,5.15,9,0,0,0,20.6,3,7.91,0.8,0.03,0.07,2024-03-10 09:00:00,9,6,3,0.0,0.0,0.3333333333333333,0.4622653333333333,9,0.0,smart_tv_retail,morning,1,245.34658020274856,0.0437764537993122,20.6
118732,30.0,M,MX,Mexico City,mobile,premium,4401,music,61.5,R,5873,interstitial,post_roll,tech,3.65,5,0,0,0,32.4,4,9.92,0.85,0.02,0.05,2024-03-10 09:00:00,9,6,3,0.0,0.0,0.8,0.618885,5,0.0,mobile_tech,morning,1,245.34658020274856,0.0437764537993122,32.4
500005,36.0,F,MX,Unknown,smart_tv,premium,2699,music,27.1,PG-13,5740,audio,mid_roll,travel,6.91,6,0,0,0,17.0,0,11.03,1.58,0.03,0.07,2024-03-10 09:00:00,9,6,3,0.0,0.0,0.0,0.2826486666666666,6,0.0,smart_tv_travel,morning,1,245.34658020274856,0.0437764537993122,18.05
540981,55.0,M,US,Chicago,smart_tv,free,7482,music,52.8,R,5220,interstitial,sidebar,finance,4.57,9,0,0,0,32.9,4,13.81,0.56,0.05,0.12,2024-03-10 09:00:00,9,6,3,0.0,0.0,0.4444444444444444,0.622029,9,0.0,smart_tv_finance,morning,1,245.34658020274856,0.0437764537993122,35.25
992034,27.0,F,AU,Melbourne,smart_tv,free,1008,comedy,2.7,PG,5190,audio,sidebar,tech,3.0,10,0,0,0,16.0,5,13.48,1.17,0.05,0.13,2024-03-10 09:00:00,9,6,3,0.0,0.0,0.5,0.5079156666666667,10,0.0,smart_tv_tech,morning,1,245.34658020274856,0.0437764537993122,16.0
420974,27.0,M,BR,Sao Paulo,mobile,free,7865,news,55.5,PG-13,5179,banner,in_feed,cpg,6.07,9,1,0,1,5.7,2,7.01,2.26,1.38,0.4,2024-03-10 09:00:00,9,6,3,0.1111111111111111,0.0,0.3333333333333333,0.3991929999999999,9,0.1111111111111111,mobile_cpg,morning,1,245.34658020274856,0.0437764537993122,5.7
290766,43.0,M,DE,Berlin,smart_tv,premium,6751,sports,2.0,PG-13,5812,audio,pre_roll,healthcare,10.92,9,0,0,0,3.7,5,10.89,1.62,0.04,0.1,2024-03-10 09:00:00,9,6,3,0.0,0.0,0.5555555555555556,0.405757,9,0.0,smart_tv_healthcare,morning,1,245.34658020274856,0.0437764537993122,12.15
940647,58.0,M,AU,Melbourne,mobile,free,5179,sports,24.0,R,5351,banner,sidebar,tech,2.88,9,0,0,0,11.3,5,8.75,1.59,0.03,0.08,2024-03-10 09:00:00,9,6,3,0.0,0.0,0.5555555555555556,0.4643996666666666,9,0.0,mobile_tech,morning,1,245.34658020274856,0.0437764537993122,11.3
286957,31.0,Unknown,US,Chicago,smart_tv,basic,8632,drama,51.3,PG-13,5118,native,mid_roll,healthcare,3.16,1,0,0,0,39.8,7,7.61,0.72,0.0,0.01,2024-03-10 10:00:00,10,6,3,0.0,0.0,7.0,0.7412786666666666,1,0.0,smart_tv_healthcare,morning,1,245.34658020274856,0.0437764537993122,28.1
806655,25.0,M,DE,Berlin,mobile,free,9785,gaming,83.0,R,5693,interstitial,pre_roll,auto,3.56,8,3,0,1,62.6,2,11.16,1.56,2.84,0.79,2024-03-10 10:00:00,10,6,3,0.375,0.0,0.625,0.7722786666666667,8,0.375,mobile_auto,morning,1,245.34658020274856,0.0437764537993122,62.6
592159,36.0,F,IN,Mumbai,mobile,premium,8795,comedy,64.6,G,5611,interstitial,mid_roll,auto,1.79,8,0,0,0,40.2,2,17.2,0.88,0.06,0.14,2024-03-10 10:00:00,10,6,3,0.0,0.0,0.25,0.5460623333333334,8,0.0,mobile_auto,morning,1,245.34658020274856,0.0437764537993122,40.2
484469,62.0,M,US,Austin,mobile,family,8017,kids,45.6,R,5972,banner,sidebar,finance,4.64,2,0,0,0,39.1,4,4.88,1.36,0.0,0.01,2024-03-10 10:00:00,10,6,3,0.0,0.0,2.0,0.655701,2,0.0,mobile_finance,morning,1,245.34658020274856,0.0437764537993122,39.1
453685,44.0,F,CA,Toronto,desktop,premium,9370,gaming,13.9,G,5793,video,sidebar,cpg,9.35,10,1,0,1,5.5,6,13.9,1.04,0.68,0.3,2024-03-10 10:00:00,10,6,3,0.1,0.0,0.7,0.5717099999999999,10,0.1,desktop_cpg,morning,1,245.34658020274856,0.0437764537993122,13.2
215983,26.0,F,IN,Hyderabad,smart_tv,basic,1266,sports,51.4,PG-13,5397,banner,post_roll,travel,5.15,1,0,0,0,22.4,0,13.62,1.07,0.01,0.01,2024-03-10 10:00:00,10,6,3,0.0,0.0,0.0,0.3453446666666666,1,0.0,smart_tv_travel,morning,1,245.34658020274856,0.0437764537993122,22.4
569496,20.0,M,US,Austin,desktop,premium,5742,sports,32.3,PG-13,5591,native,in_feed,healthcare,6.5,11,0,0,0,21.4,1,7.43,1.15,0.03,0.08,2024-03-10 10:00:00,10,6,3,0.0,0.0,0.0909090909090909,0.365147,11,0.0,desktop_healthcare,morning,1,245.34658020274856,0.0437764537993122,21.4
140053,36.0,M,UK,London,console,free,3018,drama,15.2,R,5358,audio,in_feed,retail,3.99,9,0,0,0,20.0,2,11.64,0.72,1.5342958663985764,0.1,2024-03-10 10:00:00,10,6,3,0.0,0.0,0.2222222222222222,0.3907863333333333,9,0.0,console_retail,morning,1,245.34658020274856,0.0437764537993122,20.0
115567,51.0,F,US,Seattle,mobile,free,6901,gaming,13.0,PG-13,5633,interstitial,pre_roll,cpg,4.8,11,1,0,1,17.8,3,12.69,0.95,0.63,0.28,2024-03-10 10:00:00,10,6,3,0.0909090909090909,0.0,0.3636363636363636,0.5492386666666667,11,0.0909090909090909,mobile_cpg,morning,1,245.34658020274856,0.0437764537993122,17.8
474238,69.0,M,IN,Mumbai,tablet,family,3391,gaming,55.9,R,5732,banner,post_roll,auto,2.58,11,0,0,0,36.7,3,14.44,0.35,0.06,0.16,2024-03-10 11:00:00,11,6,3,0.0,0.0,0.2727272727272727,0.5896213333333333,11,0.0,tablet_auto,morning,1,245.34658020274856,0.0437764537993122,36.7
679365,69.0,M,US,New York,mobile,premium,5437,kids,10.6,PG-13,5632,interstitial,sidebar,cpg,5.14,6,0,0,0,3.4,1,15.02,1.08,0.04,0.09,2024-03-10 11:00:00,11,6,3,0.0,0.0,0.1666666666666666,0.1982816666666666,6,0.0,mobile_cpg,morning,1,245.34658020274856,0.0437764537993122,3.4
689500,33.0,F,US,Austin,console,family,9606,drama,14.0,PG-13,5764,interstitial,sidebar,travel,8.1,8,0,0,0,15.0,1,8.98,1.5,0.03,0.07,2024-03-10 11:00:00,11,6,3,0.0,0.0,0.125,0.2927163333333333,8,0.0,console_travel,morning,1,245.34658020274856,0.0437764537993122,15.0
345411,69.0,F,US,Austin,desktop,premium,3829,kids,37.6,PG-13,5782,native,in_feed,travel,7.01,7,0,0,0,17.9,3,9.14,1.41,0.03,0.06,2024-03-10 11:00:00,11,6,3,0.0,0.0,0.4285714285714285,0.4309079999999999,7,0.0,desktop_travel,morning,1,245.34658020274856,0.0437764537993122,17.9
409850,21.0,F,US,New York,mobile,free,8415,music,26.2,PG,5355,native,pre_roll,retail,15.77,5,0,0,0,6.9,4,15.21,1.36,0.03,0.08,2024-03-10 11:00:00,11,6,3,0.0,0.0,0.8,0.387109,5,0.0,mobile_retail,morning,1,245.34658020274856,0.0437764537993122,9.45
148680,17.0,F,IN,Mumbai,desktop,premium,5760,gaming,52.6,PG-13,5618,audio,mid_roll,gaming,5.34,6,0,0,0,43.7,8,12.32,1.09,0.03,0.07,2024-03-10 11:00:00,11,6,3,0.0,0.0,1.3333333333333333,0.764212,6,0.0,desktop_gaming,morning,1,245.34658020274856,0.0437764537993122,43.7
911936,59.0,F,US,New York,desktop,basic,4410,gaming,68.7,R,5125,video,mid_roll,cpg,5.47,5,0,0,0,57.4,6,9.35,0.86,0.02,0.05,2024-03-10 11:00:00,11,6,3,0.0,0.0,1.2,0.7694036666666667,5,0.0,desktop_cpg,morning,1,245.34658020274856,0.0437764537993122,57.4
718428,58.0,M,UK,London,mobile,premium,7470,music,15.0,PG,5291,native,in_feed,healthcare,3.7,11,1,0,1,21.1,4,8.98,0.88,0.57,0.23,2024-03-10 11:00:00,11,6,3,0.0909090909090909,0.0,0.4545454545454545,0.6466156666666667,11,0.0909090909090909,mobile_healthcare,morning,1,245.34658020274856,0.0437764537993122,21.1
187421,48.0,M,US,Austin,tablet,basic,1010,music,2.0,PG-13,5635,audio,pre_roll,finance,4.63,6,1,1,1,0.5,6,7.86,0.94,11.26,0.19,2024-03-10 12:00:00,12,6,3,0.1666666666666666,1.0,1.3333333333333333,0.5547446666666667,6,0.1666666666666666,tablet_finance,afternoon,1,245.34658020274856,0.0437764537993122,0.5
988847,14.0,M,US,Chicago,mobile,free,8427,kids,34.7,PG-13,5655,native,sidebar,gaming,3.42,8,1,0,1,19.9,3,9.13,0.84,0.53,0.2,2024-03-10 12:00:00,12,6,3,0.125,0.0,0.5,0.5920796666666666,8,0.125,mobile_gaming,afternoon,1,245.34658020274856,0.0437764537993122,10.75
396204,52.0,M,CA,Vancouver,mobile,basic,7855,news,35.2,G,5029,video,mid_roll,healthcare,4.93,3,0,0,0,22.8,5,3.61,1.08,0.0,0.01,2024-03-10 12:00:00,12,6,3,0.0,0.0,1.6666666666666667,0.583541,3,0.0,mobile_healthcare,afternoon,1,245.34658020274856,0.0437764537993122,17.65
626627,62.0,M,US,Unknown,mobile,family,4543,music,33.7,PG-13,5859,interstitial,mid_roll,cpg,4.9,9,0,0,0,52.3,3,13.22,1.27,0.05,0.12,2024-03-10 12:00:00,12,6,3,0.0,0.0,0.3333333333333333,0.6404186666666667,9,0.0,mobile_cpg,afternoon,1,245.34658020274856,0.0437764537993122,39.45
720592,72.0,M,MX,Guadalajara,desktop,basic,4038,news,27.2,PG,5895,video,sidebar,auto,10.31,5,0,0,0,4.4,3,12.2,0.67,0.02,0.06,2024-03-10 12:00:00,12,6,3,0.0,0.0,0.6,0.3150946666666666,5,0.0,desktop_auto,afternoon,1,245.34658020274856,0.0437764537993122,4.4
605318,74.0,M,UK,Manchester,mobile,free,1805,news,68.7,PG-13,5604,banner,sidebar,tech,3.98,10,0,0,0,50.5,5,9.43,1.15,0.04,0.09,2024-03-10 12:00:00,12,6,3,0.0,0.0,0.5,0.7322343333333333,10,0.0,mobile_tech,afternoon,1,245.34658020274856,0.0437764537993122,32.5
696473,34.0,F,US,Seattle,mobile,premium,4340,comedy,60.6,R,5021,native,post_roll,gaming,4.54,1,0,0,0,29.1,4,11.77,0.75,0.0,0.01,2024-03-10 12:00:00,12,6,3,0.0,0.0,4.0,0.5953596666666667,1,0.0,mobile_gaming,afternoon,1,245.34658020274856,0.0437764537993122,29.1
107381,22.0,M,US,Chicago,desktop,free,4795,kids,38.0,G,5204,interstitial,pre_roll,tech,4.28,8,1,0,1,15.6,1,6.8,1.28,0.79,0.25,2024-03-10 12:00:00,12,6,3,0.125,0.0,0.25,0.4407306666666666,8,0.125,desktop_tech,afternoon,1,245.34658020274856,0.0437764537993122,15.6
579927,18.0,F,IN,Bengaluru,mobile,free,3024,sports,42.3,R,5562,video,sidebar,gaming,5.91,8,1,0,1,20.6,3,8.19,1.09,0.68,0.23,2024-03-10 12:00:00,12,6,3,0.125,0.0,0.5,0.6046063333333334,8,0.125,mobile_gaming,afternoon,1,245.34658020274856,0.0437764537993122,20.6
546698,14.0,M,MX,Mexico City,mobile,premium,5424,music,34.8,PG,5715,native,in_feed,gaming,4.12,8,0,0,0,19.0,3,11.25,1.86,0.04,0.09,2024-03-10 12:00:00,12,6,3,0.0,0.0,0.375,0.4412693333333333,8,0.0,mobile_gaming,afternoon,1,245.34658020274856,0.0437764537993122,19.0
315989,24.0,M,FR,Lyon,mobile,free,1959,drama,8.8,PG-13,5484,video,pre_roll,auto,4.01,11,1,0,1,5.7,3,14.58,1.23,0.8,0.34,2024-03-10 12:00:00,12,6,3,0.0909090909090909,0.0,0.3636363636363636,0.44326,11,0.0909090909090909,mobile_auto,afternoon,1,245.34658020274856,0.0437764537993122,5.7
724145,36.0,M,IN,Mumbai,mobile,free,5712,gaming,62.3,PG-13,5563,audio,post_roll,gaming,6.24,1,1,1,1,48.1,3,8.71,1.4,22.47,0.22,2024-03-10 12:00:00,12,6,3,1.0,1.0,5.0,0.815487,1,1.0,mobile_gaming,afternoon,1,245.34658020274856,0.0437764537993122,48.1
865307,41.0,F,JP,Tokyo,smart_tv,basic,8429,news,49.0,G,5683,interstitial,post_roll,retail,3.28,8,0,0,0,48.4,2,12.92,0.61,0.04,0.1,2024-03-10 12:00:00,12,6,3,0.0,0.0,0.25,0.5724263333333333,8,0.0,smart_tv_retail,afternoon,1,245.34658020274856,0.0437764537993122,48.4
142776,60.0,Other,DE,Berlin,mobile,free,3621,documentary,25.7,PG-13,5151,native,mid_roll,cpg,5.96,7,0,0,0,20.6,4,16.03,0.92,0.04,0.11,2024-03-10 12:00:00,12,6,3,0.0,0.0,0.5714285714285714,0.5167143333333333,7,0.0,mobile_cpg,afternoon,1,245.34658020274856,0.0437764537993122,20.6
198784,28.0,F,JP,Tokyo,desktop,free,2845,comedy,29.4,PG-13,5627,banner,in_feed,auto,5.9,5,3,0,1,38.2,6,14.79,1.12,2.05,0.58,2024-03-10 12:00:00,12,6,3,0.6,0.0,1.8,0.9014353333333334,5,0.6,desktop_auto,afternoon,1,245.34658020274856,0.0437764537993122,38.2
662554,63.0,F,CA,Vancouver,mobile,basic,4141,music,15.9,PG,5295,audio,post_roll,tech,9.63,2,0,0,0,16.5,6,7.9,1.23,0.01,0.02,2024-03-10 12:00:00,12,6,3,0.0,0.0,3.0,0.5391063333333334,2,0.0,mobile_tech,afternoon,1,245.34658020274856,0.0437764537993122,16.75
848558,60.0,F,IN,Mumbai,desktop,free,2369,kids,32.0,R,5377,interstitial,mid_roll,tech,3.37,4,0,0,0,13.0,2,9.92,1.31,0.02,0.04,2024-03-10 13:00:00,13,6,3,0.0,0.0,0.5,0.3249156666666666,4,0.0,desktop_tech,afternoon,1,245.34658020274856,0.0437764537993122,13.0
928289,15.0,M,US,New York,smart_tv,free,9467,comedy,45.2,G,5838,banner,mid_roll,cpg,4.96,8,0,0,0,14.5,6,11.3,0.96,0.04,0.09,2024-03-10 13:00:00,13,6,3,0.0,0.0,0.75,0.520209,8,0.0,smart_tv_cpg,afternoon,1,245.34658020274856,0.0437764537993122,14.5
664741,41.0,M,JP,Tokyo,mobile,free,4885,kids,36.3,PG-13,5857,audio,sidebar,auto,11.28,5,1,0,1,19.6,6,11.4,1.88,1.15,0.34,2024-03-10 13:00:00,13,6,3,0.2,0.0,1.4,0.7321876666666667,5,0.2,mobile_auto,afternoon,1,245.34658020274856,0.0437764537993122,19.6
344016,19.0,M,DE,Munich,mobile,free,5550,music,75.5,R,5212,native,sidebar,healthcare,17.35,2,0,0,0,81.1,4,14.02,0.79,0.01,0.03,2024-03-10 13:00:00,13,6,3,0.0,0.0,2.0,0.713917,2,0.0,mobile_healthcare,afternoon,1,245.34658020274856,0.0437764537993122,81.1
217665,61.0,M,CA,Vancouver,mobile,free,6375,news,57.7,PG-13,5095,native,post_roll,travel,4.63,2,0,0,0,28.3,1,7.89,1.71,0.01,0.02,2024-03-10 13:00:00,13,6,3,0.0,0.0,0.5,0.4243923333333333,2,0.0,mobile_travel,afternoon,1,245.34658020274856,0.0437764537993122,18.1
112073,56.0,M,CA,Vancouver,desktop,premium,9392,comedy,59.7,PG-13,5765,interstitial,pre_roll,healthcare,5.47,2,0,0,0,40.7,2,4.42,1.87,0.0,0.01,2024-03-10 13:00:00,13,6,3,0.0,0.0,1.0,0.548169,2,0.0,desktop_healthcare,afternoon,1,245.34658020274856,0.0437764537993122,40.7
633206,56.0,M,BR,Rio de Janeiro,tablet,family,6283,music,52.2,R,5479,interstitial,pre_roll,travel,9.44,8,0,0,0,26.3,4,13.22,1.42,0.04,0.11,2024-03-10 13:00:00,13,6,3,0.0,0.0,0.5,0.5731503333333333,8,0.0,tablet_travel,afternoon,1,245.34658020274856,0.0437764537993122,26.3
148881,15.0,F,DE,Berlin,mobile,family,3672,documentary,6.8,PG-13,5045,banner,pre_roll,travel,6.31,4,0,0,0,12.2,2,4.62,0.89,0.01,0.02,2024-03-10 13:00:00,13,6,3,0.0,0.0,0.5,0.3176009999999999,4,0.0,mobile_travel,afternoon,1,245.34658020274856,0.0437764537993122,12.2
818739,53.0,F,IN,Mumbai,mobile,free,4144,documentary,42.0,R,5127,video,mid_roll,cpg,1.21,4,0,0,0,31.9,2,11.42,0.98,0.02,0.05,2024-03-10 13:00:00,13,6,3,0.0,0.0,0.5,0.501261,4,0.0,mobile_cpg,afternoon,1,245.34658020274856,0.0437764537993122,31.9
354057,34.0,F,BR,Rio de Janeiro,tablet,basic,6048,sports,48.8,PG,5076,interstitial,mid_roll,finance,4.71,2,0,0,0,46.6,2,14.94,1.11,0.01,0.03,2024-03-10 13:00:00,13,6,3,0.0,0.0,1.0,0.5677396666666668,2,0.0,tablet_finance,afternoon,1,245.34658020274856,0.0437764537993122,46.6
515992,41.0,M,CA,Toronto,desktop,basic,6580,news,20.6,G,5317,interstitial,mid_roll,cpg,8.64,7,1,0,1,17.5,4,11.13,0.61,0.4,0.17,2024-03-10 14:00:00,14,6,3,0.1428571428571428,0.0,0.7142857142857143,0.6302893333333333,7,0.1428571428571428,desktop_cpg,afternoon,1,245.34658020274856,0.0437764537993122,17.5
385373,39.0,M,MX,Mexico City,mobile,premium,5506,sports,30.2,PG-13,5659,banner,post_roll,auto,5.34,7,1,1,1,27.2,5,14.01,1.65,18.11,0.35,2024-03-10 14:00:00,14,6,3,0.1428571428571428,1.0,1.0,0.7701973333333333,7,0.1428571428571428,mobile_auto,afternoon,1,245.34658020274856,0.0437764537993122,27.2
248225,23.0,F,BR,Rio de Janeiro,mobile,free,8285,music,9.0,PG,5137,video,post_roll,retail,2.99,3,0,0,0,12.6,3,13.93,1.18,0.02,0.04,2024-03-10 14:00:00,14,6,3,0.0,0.0,1.0,0.3810813333333332,3,0.0,mobile_retail,afternoon,1,245.34658020274856,0.0437764537993122,12.6
908838,38.0,F,US,New York,smart_tv,premium,8203,gaming,47.7,R,5203,interstitial,sidebar,finance,6.82,9,0,0,0,26.3,3,11.63,1.5,0.04,0.1,2024-03-10 14:00:00,14,6,3,0.0,0.0,0.3333333333333333,0.5187013333333333,9,0.0,smart_tv_finance,afternoon,1,245.34658020274856,0.0437764537993122,26.3
760299,16.0,M,IN,Mumbai,mobile,basic,6005,news,3.0,PG,5661,audio,mid_roll,gaming,7.05,3,0,0,0,0.5,2,10.5,0.59,0.01,0.03,2024-03-10 14:00:00,14,6,3,0.0,0.0,0.6666666666666666,0.2180356666666666,3,0.0,mobile_gaming,afternoon,1,245.34658020274856,0.0437764537993122,0.5
463535,63.0,M,AU,Sydney,desktop,premium,8292,sports,59.0,PG,5816,audio,sidebar,cpg,3.17,9,0,0,0,58.8,4,15.44,1.02,0.06,0.14,2024-03-10 14:00:00,14,6,3,0.0,0.0,0.4444444444444444,0.7036303333333334,9,0.0,desktop_cpg,afternoon,1,245.34658020274856,0.0437764537993122,58.8
297419,34.0,F,FR,Lyon,mobile,basic,9342,drama,26.3,R,5304,audio,mid_roll,tech,4.71,11,1,0,1,18.5,4,8.13,0.81,0.52,0.21,2024-03-10 14:00:00,14,6,3,0.0909090909090909,0.0,0.4545454545454545,0.6102650000000001,11,0.0909090909090909,mobile_tech,afternoon,1,245.34658020274856,0.0437764537993122,18.5
884534,40.0,F,US,Austin,desktop,basic,8924,comedy,33.4,PG-13,5618,native,sidebar,tech,2.22,4,0,0,0,13.7,2,12.44,0.97,0.02,0.05,2024-03-10 14:00:00,14,6,3,0.0,0.0,0.5,0.331173,4,0.0,desktop_tech,afternoon,1,245.34658020274856,0.0437764537993122,13.7
747876,34.0,M,US,Seattle,mobile,free,7708,music,50.4,PG-13,5880,interstitial,pre_roll,travel,3.74,9,0,0,0,47.1,7,10.97,1.32,0.04,0.1,2024-03-10 14:00:00,14,6,3,0.0,0.0,0.7777777777777778,0.766008,9,0.0,mobile_travel,afternoon,1,245.34658020274856,0.0437764537993122,25.0
191167,65.0,F,UK,London,tablet,free,3561,music,23.5,PG-13,5082,video,mid_roll,finance,4.02,5,1,0,1,11.5,3,4.91,1.18,0.72,0.2,2024-03-10 15:00:00,15,6,3,0.2,0.0,0.8,0.5346666666666666,5,0.2,tablet_finance,afternoon,1,245.34658020274856,0.0437764537993122,11.5
377509,72.0,F,AU,Sydney,desktop,free,9399,news,20.1,PG-13,5060,interstitial,sidebar,healthcare,9.55,4,1,0,1,8.0,2,8.29,1.22,0.75,0.22,2024-03-10 15:00:00,15,6,3,0.25,0.0,0.75,0.4522686666666666,4,0.25,desktop_healthcare,afternoon,1,245.34658020274856,0.0437764537993122,8.0
486801,67.0,M,FR,Lyon,mobile,premium,4357,drama,39.8,G,5297,video,sidebar,cpg,5.1,6,0,0,0,26.9,9,12.93,1.33,0.03,0.08,2024-03-10 15:00:00,15,6,3,0.0,0.0,1.5,0.6730586666666666,6,0.0,mobile_cpg,afternoon,1,245.34658020274856,0.0437764537993122,26.9
220645,61.0,M,IN,Bengaluru,desktop,free,1423,music,24.4,PG-13,5798,audio,mid_roll,healthcare,6.65,1,0,0,0,11.5,1,6.62,0.72,0.0,0.01,2024-03-10 15:00:00,15,6,3,0.0,0.0,1.0,0.2606256666666666,1,0.0,desktop_healthcare,afternoon,1,245.34658020274856,0.0437764537993122,11.5
712751,63.0,F,DE,Munich,desktop,family,5900,music,60.4,PG-13,5708,native,post_roll,healthcare,1.95,6,0,0,0,41.9,2,9.88,1.73,0.02,0.06,2024-03-10 15:00:00,15,6,3,0.0,0.0,0.3333333333333333,0.5527343333333333,6,0.0,desktop_healthcare,afternoon,1,245.34658020274856,0.0437764537993122,41.9
533104,48.0,F,FR,Lyon,desktop,family,8149,music,20.2,G,5751,interstitial,post_roll,finance,8.19,7,0,0,0,0.5,2,11.76,0.86,0.03,0.08,2024-03-10 15:00:00,15,6,3,0.0,0.0,0.2857142857142857,0.2180356666666666,7,0.0,desktop_finance,afternoon,1,245.34658020274856,0.0437764537993122,0.5
796143,33.0,F,US,New York,mobile,premium,5649,news,50.8,PG,5441,audio,post_roll,healthcare,8.13,9,1,0,1,34.9,1,12.55,1.4,0.89,0.32,2024-03-10 15:00:00,15,6,3,0.1111111111111111,0.0,0.2222222222222222,0.6042163333333332,9,0.1111111111111111,mobile_healthcare,afternoon,1,245.34658020274856,0.0437764537993122,34.9
501994,49.0,M,DE,Munich,mobile,free,3899,music,34.3,R,5060,banner,sidebar,cpg,6.64,7,0,0,0,22.4,5,8.9,1.58,0.02,0.06,2024-03-10 15:00:00,15,6,3,0.0,0.0,0.7142857142857143,0.5799076666666667,7,0.0,mobile_cpg,afternoon,1,245.34658020274856,0.0437764537993122,22.4
557250,48.0,M,DE,Munich,mobile,free,8207,comedy,42.3,PG-13,5259,banner,sidebar,finance,4.69,9,0,0,0,29.1,6,14.89,1.04,0.05,0.13,2024-03-10 15:00:00,15,6,3,0.0,0.0,0.6666666666666666,0.6626036666666667,9,0.0,mobile_finance,afternoon,1,245.34658020274856,0.0437764537993122,29.1
718349,18.0,M,JP,Tokyo,mobile,basic,9793,sports,46.9,PG-13,5587,interstitial,sidebar,healthcare,2.1,2,0,0,0,35.9,2,10.39,1.13,0.01,0.02,2024-03-10 15:00:00,15,6,3,0.0,0.0,1.0,0.525397,2,0.0,mobile_healthcare,afternoon,1,245.34658020274856,0.0437764537993122,35.9
784346,35.0,M,BR,Rio de Janeiro,mobile,free,8101,gaming,46.4,PG,5537,audio,pre_roll,gaming,6.97,6,0,0,0,24.6,4,15.82,1.38,0.04,0.09,2024-03-10 16:00:00,16,6,3,0.0,0.0,0.6666666666666666,0.558901,6,0.0,mobile_gaming,afternoon,1,245.34658020274856,0.0437764537993122,24.6
369275,53.0,F,BR,Rio de Janeiro,desktop,free,9248,documentary,10.1,R,5935,native,in_feed,healthcare,9.52,6,0,0,0,10.6,2,7.56,1.15,0.02,0.05,2024-03-10 16:00:00,16,6,3,0.0,0.0,0.3333333333333333,0.3031129999999999,6,0.0,desktop_healthcare,afternoon,1,245.34658020274856,0.0437764537993122,10.6
510654,31.0,Other,BR,Rio de Janeiro,mobile,basic,1088,news,21.2,PG,5222,audio,sidebar,healthcare,5.14,11,0,0,0,20.6,7,9.33,1.11,0.04,0.1,2024-03-10 16:00:00,16,6,3,0.0,0.0,0.6363636363636364,0.5992813333333333,11,0.0,mobile_healthcare,afternoon,1,245.34658020274856,0.0437764537993122,20.6
249965,29.0,M,FR,Lyon,desktop,premium,8059,kids,50.9,G,5078,native,sidebar,tech,5.53,6,2,0,1,20.6,2,4.8,1.05,1.27,0.34,2024-03-10 16:00:00,16,6,3,0.3333333333333333,0.0,0.6666666666666666,0.5796943333333333,6,0.3333333333333333,desktop_tech,afternoon,1,245.34658020274856,0.0437764537993122,20.6
872573,40.0,Other,IN,Mumbai,mobile,basic,8949,sports,39.1,PG,5807,interstitial,pre_roll,auto,4.94,3,0,0,0,30.8,0,11.89,0.86,0.01,0.04,2024-03-10 16:00:00,16,6,3,0.0,0.0,0.0,0.413906,3,0.0,mobile_auto,afternoon,1,245.34658020274856,0.0437764537993122,30.5
247091,30.0,F,MX,Mexico City,mobile,free,7519,news,27.8,G,5772,audio,sidebar,travel,7.36,9,0,0,0,22.5,4,9.23,1.59,0.03,0.08,2024-03-10 16:00:00,16,6,3,0.0,0.0,0.4444444444444444,0.5401130000000001,9,0.0,mobile_travel,afternoon,1,245.34658020274856,0.0437764537993122,22.5
185890,51.0,F,UK,Manchester,smart_tv,basic,2986,news,30.5,PG-13,5733,native,sidebar,gaming,7.56,7,0,0,0,12.5,1,6.99,1.48,0.02,0.05,2024-03-10 17:00:00,17,6,3,0.0,0.0,0.1428571428571428,0.2697176666666666,7,0.0,smart_tv_gaming,afternoon,1,245.34658020274856,0.0437764537993122,19.45
968001,14.0,M,JP,Osaka,tablet,free,5796,sports,4.9,PG,5069,interstitial,sidebar,tech,8.47,7,1,0,1,3.2,4,13.52,0.96,0.61,0.24,2024-03-10 17:00:00,17,6,3,0.1428571428571428,0.0,0.7142857142857143,0.5109933333333333,7,0.1428571428571428,tablet_tech,afternoon,1,245.34658020274856,0.0437764537993122,3.2
468245,62.0,M,US,New York,mobile,basic,9948,sports,36.6,PG,5617,banner,sidebar,cpg,5.76,7,0,0,0,32.0,4,9.73,1.56,0.03,0.07,2024-03-10 17:00:00,17,6,3,0.0,0.0,0.5714285714285714,0.6162463333333333,7,0.0,mobile_cpg,afternoon,1,245.34658020274856,0.0437764537993122,32.0
923179,32.0,M,DE,Unknown,mobile,free,8725,comedy,45.6,PG,5568,native,post_roll,auto,6.82,10,0,0,0,26.4,1,13.09,1.41,0.05,0.13,2024-03-10 17:00:00,17,6,3,0.0,0.0,0.1,0.409091,10,0.0,mobile_auto,afternoon,1,245.34658020274856,0.0437764537993122,26.4
924763,50.0,M,US,Chicago,mobile,family,9651,comedy,45.4,G,5803,interstitial,pre_roll,gaming,11.0,11,1,1,1,33.4,7,10.31,0.94,17.02,0.25,2024-03-10 17:00:00,17,6,3,0.0909090909090909,1.0,0.8181818181818182,0.8270866666666667,11,0.0909090909090909,mobile_gaming,afternoon,1,245.34658020274856,0.0437764537993122,33.4
268576,67.0,M,US,Seattle,mobile,basic,6337,documentary,25.5,G,5057,native,in_feed,retail,4.67,5,0,0,0,20.8,3,8.92,0.96,0.02,0.04,2024-03-10 17:00:00,17,6,3,0.0,0.0,0.6,0.470056,5,0.0,mobile_retail,afternoon,1,245.34658020274856,0.0437764537993122,20.700000000000003
970465,52.0,F,JP,Tokyo,mobile,family,5434,gaming,42.7,PG-13,5615,native,pre_roll,tech,8.06,4,0,0,0,28.2,2,8.51,1.84,0.01,0.03,2024-03-10 17:00:00,17,6,3,0.0,0.0,0.5,0.4741769999999999,4,0.0,mobile_tech,afternoon,1,245.34658020274856,0.0437764537993122,28.2
561580,45.0,M,BR,Rio de Janeiro,mobile,free,5400,gaming,39.8,PG,5427,interstitial,sidebar,healthcare,6.36,2,0,0,0,32.3,8,12.19,2.0,0.01,0.02,2024-03-10 17:00:00,17,6,3,0.0,0.0,4.0,0.70898,2,0.0,mobile_healthcare,afternoon,1,245.34658020274856,0.0437764537993122,32.3
262764,41.0,F,IN,Hyderabad,mobile,basic,7511,drama,32.1,PG-13,5684,audio,post_roll,healthcare,4.58,10,0,0,0,26.2,3,12.73,1.0,0.05,0.13,2024-03-10 17:00:00,17,6,3,0.0,0.0,0.3,0.5178453333333333,10,0.0,mobile_healthcare,afternoon,1,245.34658020274856,0.0437764537993122,26.2
131198,40.0,F,US,New York,tablet,free,2278,music,43.1,PG-13,5546,audio,post_roll,auto,5.5,11,2,0,1,40.3,9,12.97,1.02,1.28,0.45,2024-03-10 17:00:00,17,6,3,0.1818181818181818,0.0,1.0,0.9148096666666666,11,0.1818181818181818,tablet_auto,afternoon,1,245.34658020274856,0.0437764537993122,40.3
785853,67.0,F,US,Seattle,mobile,premium,9139,gaming,21.2,PG,5466,interstitial,pre_roll,finance,4.73,9,2,0,1,8.6,7,12.97,0.96,1.2,0.4,2024-03-10 17:00:00,17,6,3,0.2222222222222222,0.0,1.0,0.650792,9,0.2222222222222222,mobile_finance,afternoon,1,245.34658020274856,0.0437764537993122,8.6
684697,29.0,M,BR,Rio de Janeiro,mobile,basic,4251,sports,14.0,R,5267,interstitial,in_feed,cpg,7.38,9,0,0,0,0.5,1,4.29,1.44,0.02,0.04,2024-03-10 18:00:00,18,6,3,0.0,0.0,0.1111111111111111,0.1674656666666666,9,0.0,mobile_cpg,evening,1,245.34658020274856,0.0437764537993122,0.5
416783,26.0,M,UK,London,desktop,free,7693,comedy,12.4,G,5243,banner,pre_roll,finance,7.03,8,0,0,0,0.5,1,14.08,1.12,0.05,0.11,2024-03-10 18:00:00,18,6,3,0.0,0.0,0.125,0.1674656666666666,8,0.0,desktop_finance,evening,1,245.34658020274856,0.0437764537993122,11.05
374766,71.0,F,IN,Mumbai,smart_tv,free,2723,drama,17.6,PG-13,5491,banner,post_roll,auto,7.25,7,0,0,0,20.7,5,8.11,1.2,0.02,0.06,2024-03-10 18:00:00,18,6,3,0.0,0.0,0.7142857142857143,0.5643143333333334,7,0.0,smart_tv_auto,evening,1,245.34658020274856,0.0437764537993122,20.7
978288,40.0,F,AU,Sydney,mobile,premium,7152,drama,65.9,PG-13,5984,native,sidebar,gaming,2.52,11,1,0,1,57.6,5,4.0,1.26,0.77,0.23,2024-03-10 18:00:00,18,6,3,0.0909090909090909,0.0,0.5454545454545454,0.8623756666666667,11,0.0909090909090909,mobile_gaming,evening,1,245.34658020274856,0.0437764537993122,57.6
621038,18.0,F,US,Chicago,mobile,premium,3526,drama,33.1,R,5807,interstitial,sidebar,healthcare,5.35,8,1,0,1,44.7,4,7.67,0.86,0.54,0.19,2024-03-10 19:00:00,19,6,3,0.125,0.0,0.625,0.8189139999999999,8,0.125,mobile_healthcare,evening,1,245.34658020274856,0.0437764537993122,44.7
249248,47.0,F,US,New York,desktop,free,1589,comedy,69.3,PG-13,5309,video,pre_roll,finance,7.76,5,2,1,1,58.7,2,10.96,1.17,34.13005000000005,0.41,2024-03-10 19:00:00,19,6,3,0.4,0.5,1.0,0.7690106666666667,5,0.4,desktop_finance,evening,1,245.34658020274856,0.0437764537993122,58.7
289555,33.0,M,UK,Manchester,tablet,free,5583,drama,61.8,R,5867,video,mid_roll,finance,9.9,2,0,0,0,57.0,3,10.03,0.78,0.01,0.02,2024-03-10 19:00:00,19,6,3,0.0,0.0,1.5,0.6472773333333333,2,0.0,tablet_finance,evening,1,245.34658020274856,0.0437764537993122,57.0
543984,17.0,F,FR,Lyon,desktop,premium,2299,kids,60.4,G,5412,banner,post_roll,tech,2.65,7,0,0,0,50.1,2,10.21,0.7,0.03,0.07,2024-03-10 19:00:00,19,6,3,0.0,0.0,0.2857142857142857,0.5763876666666667,7,0.0,desktop_tech,evening,1,245.34658020274856,0.0437764537993122,50.1
783084,51.0,M,US,Chicago,smart_tv,premium,6268,sports,42.2,R,5348,interstitial,in_feed,travel,4.89,11,0,0,0,26.1,4,14.1,1.97,0.06,0.16,2024-03-10 19:00:00,19,6,3,0.0,0.0,0.3636363636363636,0.5714703333333333,11,0.0,smart_tv_travel,evening,1,245.34658020274856,0.0437764537993122,43.400000000000006
660800,66.0,F,IN,Bengaluru,console,basic,7020,comedy,27.5,R,5314,interstitial,in_feed,travel,6.65,1,0,0,0,30.8,6,14.44,1.48,0.01,0.01,2024-03-10 19:00:00,19,6,3,0.0,0.0,6.0,0.6749930000000001,1,0.0,console_travel,evening,1,245.34658020274856,0.0437764537993122,30.8
541413,64.0,M,IN,Bengaluru,desktop,premium,4977,music,52.5,PG,5324,banner,post_roll,cpg,4.76,10,1,0,1,63.4,10,6.66,1.07,0.67,0.23,2024-03-10 19:00:00,19,6,3,0.1,0.0,1.1,0.931975,10,0.1,desktop_cpg,evening,1,245.34658020274856,0.0437764537993122,63.4
214238,36.0,F,UK,Manchester,mobile,basic,2397,gaming,57.4,PG-13,5544,video,pre_roll,healthcare,5.26,6,0,0,0,53.1,3,8.85,0.92,0.02,0.05,2024-03-10 19:00:00,19,6,3,0.0,0.0,0.5,0.6418133333333333,6,0.0,mobile_healthcare,evening,1,245.34658020274856,0.0437764537993122,26.8
859835,25.0,M,US,New York,tablet,free,8195,documentary,45.9,R,5950,interstitial,post_roll,cpg,4.55,9,0,0,0,46.9,7,9.32,1.43,0.03,0.08,2024-03-10 19:00:00,19,6,3,0.0,0.0,0.7777777777777778,0.7654746666666666,9,0.0,tablet_cpg,evening,1,245.34658020274856,0.0437764537993122,46.9
155928,28.0,M,US,Seattle,desktop,free,7485,comedy,2.0,PG-13,5616,banner,mid_roll,auto,8.53,8,0,0,0,17.3,2,17.17,2.03,0.05,0.14,2024-03-10 19:00:00,19,6,3,0.0,0.0,0.25,0.364973,8,0.0,desktop_auto,evening,1,245.34658020274856,0.0437764537993122,17.3
108664,43.0,M,US,Seattle,tablet,free,5691,news,40.6,PG-13,5941,native,post_roll,gaming,7.85,1,0,0,0,15.8,0,13.29,1.74,0.01,0.01,2024-03-10 19:00:00,19,6,3,0.0,0.0,0.0,0.271402,1,0.0,tablet_gaming,evening,1,245.34658020274856,0.0437764537993122,15.8
278736,74.0,M,AU,Sydney,mobile,free,4347,sports,22.9,PG-13,5603,native,sidebar,gaming,9.2,9,1,0,1,17.3,3,12.32,1.42,0.9,0.32,2024-03-10 19:00:00,19,6,3,0.1111111111111111,0.0,0.4444444444444444,0.559984,9,0.1111111111111111,mobile_gaming,evening,1,245.34658020274856,0.0437764537993122,17.3
197350,42.0,F,IN,Bengaluru,mobile,free,7721,news,17.9,PG-13,5712,video,pre_roll,cpg,3.68,5,1,0,1,11.4,4,12.72,0.26,0.18,0.1,2024-03-10 19:00:00,19,6,3,0.2,0.0,1.0,0.5881890000000001,5,0.2,mobile_cpg,evening,1,245.34658020274856,0.0437764537993122,11.4
111382,38.0,F,IN,Hyderabad,mobile,premium,7759,news,47.0,G,5611,native,mid_roll,finance,4.27,4,0,0,0,40.1,7,3.57,1.14,0.01,0.01,2024-03-10 19:00:00,19,6,3,0.0,0.0,1.75,0.7425773333333333,4,0.0,mobile_finance,evening,1,245.34658020274856,0.0437764537993122,40.1
351016,18.0,F,US,Austin,desktop,free,4599,comedy,23.4,PG-13,5122,video,post_roll,auto,12.35,5,1,0,1,12.0,5,18.34,2.04,1.26,0.4,2024-03-10 19:00:00,19,6,3,0.2,0.0,1.2,0.634401,5,0.1,desktop_auto,evening,1,245.34658020274856,0.0437764537993122,6.95
128617,23.0,F,BR,Rio de Janeiro,mobile,basic,1824,documentary,77.5,PG-13,5349,audio,in_feed,travel,5.51,8,0,0,0,87.4,4,8.75,0.6,0.03,0.07,2024-03-10 19:00:00,19,6,3,0.0,0.0,0.5,0.714585,8,0.0,mobile_travel,evening,1,245.34658020274856,0.0437764537993122,87.4
601021,37.0,M,IN,Bengaluru,mobile,basic,1965,comedy,60.9,PG-13,5680,video,mid_roll,tech,4.14,7,0,0,0,52.8,3,11.67,1.25,0.03,0.08,2024-03-10 19:00:00,19,6,3,0.0,0.0,0.4285714285714285,0.6412906666666667,7,0.0,mobile_tech,evening,1,245.34658020274856,0.0437764537993122,52.8
494354,41.0,M,CA,Toronto,mobile,premium,7565,drama,31.9,PG-13,5418,native,in_feed,healthcare,2.81,6,2,0,1,40.2,5,10.31,0.33,0.42,0.16,2024-03-10 19:00:00,19,6,3,0.3333333333333333,0.0,1.1666666666666667,0.8784423333333333,6,0.3333333333333333,mobile_healthcare,evening,1,245.34658020274856,0.0437764537993122,40.2
496711,42.0,F,BR,Rio de Janeiro,tablet,free,8668,music,26.1,PG-13,5543,banner,in_feed,retail,4.15,3,0,0,0,19.9,6,10.77,1.14,0.01,0.03,2024-03-10 20:00:00,20,6,3,0.0,0.0,2.0,0.5714316666666667,3,0.0,tablet_retail,evening,1,245.34658020274856,0.0437764537993122,19.9
577970,37.0,F,AU,Melbourne,desktop,basic,3524,comedy,37.2,PG,5536,audio,in_feed,finance,4.58,9,1,0,1,37.1,10,12.15,1.31,0.83,0.31,2024-03-10 20:00:00,20,6,3,0.1111111111111111,0.0,1.2222222222222223,0.8781926666666666,9,0.1111111111111111,desktop_finance,evening,1,245.34658020274856,0.0437764537993122,37.1
838480,17.0,M,CA,Toronto,desktop,basic,6187,comedy,40.4,R,5379,audio,sidebar,healthcare,5.31,3,0,0,0,35.8,4,7.54,0.9,0.01,0.02,2024-03-10 20:00:00,20,6,3,0.0,0.0,1.3333333333333333,0.639201,3,0.0,desktop_healthcare,evening,1,245.34658020274856,0.0437764537993122,35.8
743985,55.0,F,BR,Rio de Janeiro,smart_tv,basic,3188,documentary,2.0,R,5337,video,mid_roll,gaming,9.98,7,0,0,0,0.5,1,10.89,1.27,0.03,0.08,2024-03-10 20:00:00,20,6,3,0.0,0.0,0.1428571428571428,0.1674656666666666,7,0.0,smart_tv_gaming,evening,1,245.34658020274856,0.0437764537993122,0.5
322675,47.0,F,UK,London,desktop,premium,6943,documentary,67.0,PG-13,5366,native,in_feed,gaming,6.25,2,1,0,1,66.1,7,9.26,1.01,0.61,0.17,2024-03-10 20:00:00,20,6,3,0.5,0.0,4.0,0.973457,2,0.5,desktop_gaming,evening,1,245.34658020274856,0.0437764537993122,66.1
867548,52.0,M,IN,Mumbai,desktop,premium,5917,comedy,21.2,PG,5729,interstitial,in_feed,auto,7.78,10,0,0,0,29.3,4,9.5,1.88,0.04,0.1,2024-03-10 20:00:00,20,6,3,0.0,0.0,0.4,0.5969450000000001,10,0.0,desktop_auto,evening,1,245.34658020274856,0.0437764537993122,29.3
308748,44.0,M,IN,Bengaluru,mobile,premium,1725,news,26.6,R,5082,audio,sidebar,tech,12.06,10,1,0,1,14.1,2,14.27,1.27,0.82,0.33,2024-03-10 20:00:00,20,6,3,0.1,0.0,0.3,0.4622006666666666,10,0.1,mobile_tech,evening,1,245.34658020274856,0.0437764537993122,14.1
253311,47.0,M,BR,Rio de Janeiro,mobile,free,2157,news,11.6,PG-13,5287,interstitial,in_feed,healthcare,1.47,3,0,0,0,8.0,3,14.56,0.75,0.02,0.04,2024-03-10 20:00:00,20,6,3,0.0,0.0,1.0,0.3410186666666666,3,0.0,mobile_healthcare,evening,1,245.34658020274856,0.0437764537993122,8.0
944797,22.0,F,US,Chicago,desktop,free,4375,drama,58.5,G,5585,interstitial,pre_roll,cpg,6.49,3,0,0,0,49.1,5,12.75,1.09,0.02,0.04,2024-03-10 20:00:00,20,6,3,0.0,0.0,1.6666666666666667,0.7291716666666667,3,0.0,desktop_cpg,evening,1,245.34658020274856,0.0437764537993122,49.1
112523,53.0,M,CA,Toronto,mobile,premium,4331,drama,41.6,PG,5241,audio,pre_roll,healthcare,10.49,2,0,0,0,26.7,6,11.33,2.3,0.01,0.02,2024-03-10 20:00:00,20,6,3,0.0,0.0,3.0,0.6437890000000001,2,0.0,mobile_healthcare,evening,1,245.34658020274856,0.0437764537993122,26.7
123513,44.0,M,CA,Toronto,mobile,premium,3321,sports,32.2,PG-13,5604,video,post_roll,healthcare,3.92,10,0,0,0,35.0,2,7.69,1.64,0.03,0.08,2024-03-10 20:00:00,20,6,3,0.0,0.0,0.2,0.5202610000000001,10,0.0,mobile_healthcare,evening,1,245.34658020274856,0.0437764537993122,35.0
365964,34.0,M,AU,Sydney,mobile,basic,5790,drama,35.2,PG-13,5146,interstitial,pre_roll,auto,9.16,1,0,0,0,23.6,5,14.37,1.76,0.01,0.01,2024-03-10 20:00:00,20,6,3,0.0,0.0,5.0,0.5907676666666667,1,0.0,mobile_auto,evening,1,245.34658020274856,0.0437764537993122,23.6
248327,44.0,M,US,New York,desktop,free,6005,drama,7.7,PG,5857,banner,post_roll,travel,8.37,7,0,0,0,9.8,4,6.21,1.35,0.02,0.04,2024-03-10 20:00:00,20,6,3,0.0,0.0,0.5714285714285714,0.4104396666666666,7,0.0,desktop_travel,evening,1,245.34658020274856,0.0437764537993122,9.8
403897,67.0,M,IN,Hyderabad,tablet,free,2404,comedy,38.1,PG,5835,native,in_feed,auto,4.87,4,0,0,0,47.8,5,7.58,1.32,0.01,0.03,2024-03-10 21:00:00,21,6,3,0.0,0.0,1.25,0.7259436666666667,4,0.0,tablet_auto,evening,1,245.34658020274856,0.0437764537993122,47.8
491869,34.0,M,UK,Manchester,mobile,free,5032,music,49.6,G,5484,native,pre_roll,finance,2.19,9,0,0,0,31.5,2,12.44,1.33,0.04,0.11,2024-03-10 21:00:00,21,6,3,0.0,0.0,0.2222222222222222,0.4984516666666666,9,0.0,mobile_finance,evening,1,245.34658020274856,0.0437764537993122,31.5
905471,33.0,M,CA,Vancouver,tablet,premium,5681,news,52.0,R,5189,audio,sidebar,retail,7.84,10,0,0,0,51.0,4,6.1,1.61,0.02,0.06,2024-03-10 21:00:00,21,6,3,0.0,0.0,0.4,0.6924596666666666,10,0.0,tablet_retail,evening,1,245.34658020274856,0.0437764537993122,51.0
566947,66.0,F,US,Austin,mobile,free,8782,kids,2.0,PG,5554,video,sidebar,tech,1.66,6,0,0,0,0.5,7,9.37,1.84,0.02,0.06,2024-03-10 21:00:00,21,6,3,0.0,0.0,1.1666666666666667,0.4149426666666666,6,0.0,mobile_tech,evening,1,245.34658020274856,0.0437764537993122,12.55
368502,23.0,Other,DE,Munich,mobile,family,4716,music,30.1,G,5548,interstitial,sidebar,gaming,9.85,8,1,0,1,26.7,3,6.17,1.38,0.85,0.26,2024-03-10 21:00:00,21,6,3,0.125,0.0,0.5,0.6644369999999999,8,0.125,mobile_gaming,evening,1,245.34658020274856,0.0437764537993122,26.7
606455,20.0,M,FR,Paris,mobile,basic,8373,news,9.5,G,5160,interstitial,in_feed,retail,5.61,8,0,0,0,1.8,1,10.53,1.27,0.03,0.08,2024-03-10 21:00:00,21,6,3,0.0,0.0,0.125,0.1892376666666666,8,0.0,mobile_retail,evening,1,245.34658020274856,0.0437764537993122,1.8
687601,44.0,M,IN,Mumbai,desktop,family,7433,music,40.6,PG,5572,interstitial,post_roll,gaming,7.91,6,0,0,0,53.4,7,8.43,2.16,0.02,0.05,2024-03-10 21:00:00,21,6,3,0.0,0.0,1.1666666666666667,0.779316,6,0.0,desktop_gaming,evening,1,245.34658020274856,0.0437764537993122,53.4
237553,25.0,M,BR,Sao Paulo,tablet,free,1422,drama,48.9,PG-13,5971,interstitial,in_feed,gaming,6.38,2,0,0,0,34.9,3,12.88,0.95,0.01,0.03,2024-03-10 21:00:00,21,6,3,0.0,0.0,1.5,0.5795573333333334,2,0.0,tablet_gaming,evening,1,245.34658020274856,0.0437764537993122,34.9
726704,21.0,F,DE,Munich,desktop,free,8964,comedy,38.8,R,5837,video,post_roll,cpg,7.67,1,0,0,0,13.2,4,9.49,1.59,0.0,0.01,2024-03-10 21:00:00,21,6,3,0.0,0.0,4.0,0.4410489999999999,1,0.0,desktop_cpg,evening,1,245.34658020274856,0.0437764537993122,13.2
506491,41.0,F,US,Unknown,mobile,basic,3834,documentary,36.5,PG,5246,banner,sidebar,finance,1.39,1,0,0,0,35.4,0,7.15,1.65,0.0,0.01,2024-03-10 21:00:00,21,6,3,0.0,0.0,0.0,0.4430753333333333,1,0.0,mobile_finance,evening,1,245.34658020274856,0.0437764537993122,35.4
776816,44.0,F,AU,Sydney,tablet,basic,7697,comedy,46.6,PG-13,5605,native,mid_roll,auto,3.61,1,0,0,0,34.9,4,12.93,1.24,0.01,0.01,2024-03-10 21:00:00,21,6,3,0.0,0.0,4.0,0.6340063333333333,1,0.0,tablet_auto,evening,1,245.34658020274856,0.0437764537993122,34.9
793059,57.0,M,BR,Rio de Janeiro,mobile,family,1522,gaming,26.6,PG-13,5051,video,sidebar,travel,2.57,9,0,0,0,11.4,7,8.94,0.75,0.03,0.08,2024-03-10 21:00:00,21,6,3,0.0,0.0,0.7777777777777778,0.507176,9,0.0,mobile_travel,evening,1,245.34658020274856,0.0437764537993122,11.4
404646,44.0,M,BR,Rio de Janeiro,mobile,free,9249,gaming,2.0,R,5249,interstitial,sidebar,finance,8.24,4,0,0,0,0.5,1,17.33,1.39,0.03,0.07,2024-03-10 21:00:00,21,6,3,0.0,0.0,0.25,0.1674656666666666,4,0.0,mobile_finance,evening,1,245.34658020274856,0.0437764537993122,0.5
415312,30.0,M,FR,Paris,tablet,free,1700,sports,33.8,R,5448,interstitial,post_roll,retail,5.63,3,0,0,0,24.3,5,11.36,1.09,0.01,0.03,2024-03-10 21:00:00,21,6,3,0.0,0.0,1.6666666666666667,0.5970610000000001,3,0.0,tablet_retail,evening,1,245.34658020274856,0.0437764537993122,24.3
647100,62.0,M,MX,Mexico City,desktop,free,4370,kids,66.0,PG-13,5613,video,sidebar,healthcare,6.62,5,0,0,0,64.7,2,10.61,1.46,0.02,0.05,2024-03-10 21:00:00,21,6,3,0.0,0.0,0.4,0.5942183333333333,5,0.0,desktop_healthcare,evening,1,245.34658020274856,0.0437764537993122,64.7
741786,48.0,M,JP,Tokyo,mobile,premium,2029,news,16.9,G,5103,native,mid_roll,cpg,6.79,5,0,0,0,24.0,3,14.84,0.75,0.03,0.07,2024-03-10 21:00:00,21,6,3,0.0,0.0,0.6,0.499204,5,0.0,mobile_cpg,evening,1,245.34658020274856,0.0437764537993122,21.05
851373,64.0,F,US,Chicago,mobile,free,7368,sports,66.9,PG,5324,interstitial,mid_roll,healthcare,8.8,7,1,0,1,42.4,7,13.83,1.31,0.82,0.29,2024-03-10 21:00:00,21,6,3,0.1428571428571428,0.0,1.1428571428571428,0.9005029999999999,7,0.1428571428571428,mobile_healthcare,evening,1,245.34658020274856,0.0437764537993122,42.4
173268,31.0,M,US,Austin,mobile,premium,6032,sports,38.1,R,5891,banner,sidebar,auto,3.83,11,1,0,1,21.2,4,2.97,0.89,0.55,0.17,2024-03-10 22:00:00,22,6,3,0.0909090909090909,0.0,0.4545454545454545,0.6475303333333333,11,0.0909090909090909,mobile_auto,night,1,245.34658020274856,0.0437764537993122,10.85
263689,18.0,M,IN,Hyderabad,mobile,free,9353,comedy,53.4,PG,5878,banner,mid_roll,auto,2.4,6,0,0,0,57.6,4,9.3,1.44,0.02,0.06,2024-03-10 22:00:00,22,6,3,0.0,0.0,0.6666666666666666,0.7023596666666666,6,0.0,mobile_auto,night,1,245.34658020274856,0.0437764537993122,57.6
616422,49.0,M,US,New York,mobile,free,8905,drama,50.9,PG-13,5212,banner,in_feed,finance,8.17,7,1,0,1,41.6,2,14.38,1.04,0.66,0.26,2024-03-10 22:00:00,22,6,3,0.1428571428571428,0.0,0.4285714285714285,0.700528,7,0.1428571428571428,mobile_finance,night,1,245.34658020274856,0.0437764537993122,41.6
485029,58.0,F,US,Austin,mobile,basic,4802,sports,65.1,G,5771,interstitial,pre_roll,gaming,4.18,9,0,0,0,73.5,6,7.03,0.91,0.03,0.06,2024-03-10 22:00:00,22,6,3,0.0,0.0,0.6666666666666666,0.7795543333333333,9,0.0,mobile_gaming,night,1,245.34658020274856,0.0437764537993122,73.5
774436,66.0,M,BR,Rio de Janeiro,tablet,free,7434,news,37.0,PG-13,5682,native,post_roll,cpg,2.38,8,0,0,0,37.4,2,4.24,1.08,0.01,0.03,2024-03-10 22:00:00,22,6,3,0.0,0.0,0.25,0.5332570000000001,8,0.0,tablet_cpg,night,1,245.34658020274856,0.0437764537993122,37.4
469309,60.0,F,JP,Tokyo,desktop,basic,9748,documentary,12.1,R,5093,banner,mid_roll,healthcare,2.35,4,0,0,0,2.2,3,10.86,0.07,0.02,0.04,2024-03-10 22:00:00,22,6,3,0.0,0.0,0.75,0.3017866666666666,4,0.0,desktop_healthcare,night,1,245.34658020274856,0.0437764537993122,2.2
345058,43.0,M,JP,Tokyo,mobile,basic,3041,drama,7.3,PG-13,5782,banner,pre_roll,travel,7.03,3,0,0,0,7.3,4,14.57,1.62,0.02,0.04,2024-03-10 22:00:00,22,6,3,0.0,0.0,1.3333333333333333,0.3900263333333333,3,0.0,mobile_travel,night,1,245.34658020274856,0.0437764537993122,17.166666666666668
327988,74.0,F,JP,Osaka,smart_tv,basic,6427,kids,54.4,G,5945,video,mid_roll,healthcare,5.36,5,0,0,0,33.9,6,10.73,0.56,0.02,0.05,2024-03-10 22:00:00,22,6,3,0.0,0.0,1.2,0.6953663333333334,5,0.0,smart_tv_healthcare,night,1,245.34658020274856,0.0437764537993122,33.9
736166,66.0,F,IN,Mumbai,mobile,premium,9945,gaming,5.0,PG,5884,interstitial,post_roll,cpg,4.14,5,0,0,0,0.5,10,10.2,1.06,0.02,0.05,2024-03-10 23:00:00,23,6,3,0.0,0.0,2.0,0.4292886666666666,5,0.0,mobile_cpg,night,1,245.34658020274856,0.0437764537993122,0.5
925895,65.0,F,MX,Mexico City,desktop,basic,5041,gaming,24.7,R,5470,audio,pre_roll,cpg,6.91,7,0,0,0,20.3,1,11.63,1.29,0.03,0.08,2024-03-10 23:00:00,23,6,3,0.0,0.0,0.1428571428571428,0.3430203333333333,7,0.0,desktop_cpg,night,1,245.34658020274856,0.0437764537993122,20.3
935081,23.0,F,US,Chicago,mobile,free,8475,drama,32.9,R,5005,audio,pre_roll,auto,2.89,9,0,0,0,19.1,3,10.38,0.73,0.04,0.09,2024-03-10 23:00:00,23,6,3,0.0,0.0,0.3333333333333333,0.4422266666666666,9,0.0,mobile_auto,night,1,245.34658020274856,0.0437764537993122,19.1
892743,48.0,F,US,Chicago,mobile,premium,3598,gaming,14.9,R,5131,video,in_feed,healthcare,7.94,5,0,0,0,0.5,1,7.23,0.86,0.01,0.04,2024-03-10 23:00:00,23,6,3,0.0,0.0,0.2,0.1674656666666666,5,0.0,mobile_healthcare,night,1,245.34658020274856,0.0437764537993122,0.5
731802,51.0,F,US,New York,mobile,family,5323,sports,53.7,PG-13,5478,video,mid_roll,auto,4.06,4,0,0,0,41.5,4,5.2,0.71,0.01,0.02,2024-03-10 23:00:00,23,6,3,0.0,0.0,1.0,0.6654996666666667,4,0.0,mobile_auto,night,1,245.34658020274856,0.0437764537993122,41.5
775911,31.0,F,DE,Munich,desktop,free,9141,kids,31.0,G,5459,video,pre_roll,auto,5.67,5,1,0,1,13.2,3,10.64,1.2,0.74,0.23,2024-03-10 23:00:00,23,6,3,0.2,0.0,0.8,0.5501799999999999,5,0.2,desktop_auto,night,1,245.34658020274856,0.0437764537993122,13.2
800494,71.0,F,AU,Melbourne,mobile,free,9628,news,38.1,PG,5990,banner,in_feed,retail,6.62,4,0,0,0,27.8,0,8.48,1.19,0.01,0.03,2024-03-10 23:00:00,23,6,3,0.0,0.0,0.0,0.3914539999999999,4,0.0,mobile_retail,night,1,245.34658020274856,0.0437764537993122,27.8
310486,16.0,M,IN,Mumbai,mobile,basic,8423,drama,61.6,G,5014,interstitial,mid_roll,cpg,2.74,5,0,0,0,44.9,3,9.59,1.05,0.02,0.05,2024-03-10 23:00:00,23,6,3,0.0,0.0,0.6,0.622748,5,0.0,mobile_cpg,night,1,245.34658020274856,0.0437764537993122,44.9
300575,36.0,F,BR,Sao Paulo,desktop,premium,7726,documentary,44.9,R,5768,interstitial,post_roll,auto,7.31,9,0,0,0,62.8,5,14.31,0.96,0.05,0.13,2024-03-10 23:00:00,23,6,3,0.0,0.0,0.5555555555555556,0.747957,9,0.0,desktop_auto,night,1,245.34658020274856,0.0437764537993122,62.8
601116,36.0,F,AU,Melbourne,smart_tv,premium,8408,documentary,50.8,PG-13,5897,banner,in_feed,tech,10.13,5,0,0,0,27.7,4,13.94,2.18,0.03,0.07,2024-03-11 00:00:00,0,0,3,0.0,0.0,0.8,0.5845156666666667,5,0.0,smart_tv_tech,late_night,0,244.6820412280824,0.0425632561378983,27.7
546649,29.0,M,US,Austin,tablet,free,4395,music,30.8,PG-13,5216,interstitial,pre_roll,healthcare,6.27,3,1,0,1,2.3,4,7.98,1.38,0.84,0.23,2024-03-11 00:00:00,0,0,3,0.3333333333333333,0.0,1.6666666666666667,0.5341303333333333,3,0.3333333333333333,tablet_healthcare,late_night,0,244.6820412280824,0.0425632561378983,2.3
112218,29.0,M,FR,Paris,mobile,free,3417,gaming,23.9,PG,5399,video,post_roll,tech,4.81,6,0,0,0,0.7,2,3.34,0.55,0.01,0.02,2024-03-11 00:00:00,0,0,3,0.0,0.0,0.3333333333333333,0.2342063333333333,6,0.0,mobile_tech,late_night,0,244.6820412280824,0.0425632561378983,0.7
414963,60.0,Unknown,FR,Paris,desktop,free,4146,music,49.2,G,5903,video,mid_roll,gaming,5.66,4,0,0,0,43.8,1,10.94,0.16,0.02,0.04,2024-03-11 00:00:00,0,0,3,0.0,0.0,0.25,0.5088550000000001,4,0.0,desktop_gaming,late_night,0,244.6820412280824,0.0425632561378983,43.8
899439,40.0,M,AU,Melbourne,mobile,free,4163,kids,34.1,R,5981,native,in_feed,auto,10.26,8,0,0,0,25.7,5,13.99,1.55,0.04,0.11,2024-03-11 00:00:00,0,0,3,0.0,0.0,0.625,0.6090223333333333,8,0.0,mobile_auto,late_night,0,244.6820412280824,0.0425632561378983,25.7
550249,25.0,M,CA,Vancouver,mobile,free,4427,comedy,42.6,PG-13,5336,interstitial,pre_roll,tech,3.11,11,0,0,0,12.0,1,5.9,1.11,0.03,0.06,2024-03-11 00:00:00,0,0,3,0.0,0.0,0.0909090909090909,0.2651909999999999,11,0.0,mobile_tech,late_night,0,244.6820412280824,0.0425632561378983,12.0
225095,63.0,M,US,New York,mobile,free,7403,news,54.0,PG-13,5028,native,sidebar,auto,3.61,6,1,0,1,36.5,3,12.64,0.82,0.52,0.2,2024-03-11 00:00:00,0,0,3,0.1666666666666666,0.0,0.6666666666666666,0.7436849999999999,6,0.1666666666666666,mobile_auto,late_night,0,244.6820412280824,0.0425632561378983,22.35
142082,49.0,F,MX,Guadalajara,smart_tv,family,7227,drama,26.0,PG-13,5018,interstitial,mid_roll,tech,4.7,11,0,0,0,12.3,2,10.27,1.93,0.05,0.11,2024-03-11 00:00:00,0,0,3,0.0,0.0,0.1818181818181818,0.318497,11,0.0,smart_tv_tech,late_night,0,244.6820412280824,0.0425632561378983,12.3
231102,18.0,F,JP,Osaka,mobile,free,6500,comedy,27.7,G,5969,audio,post_roll,tech,3.33,1,0,0,0,0.5,3,11.52,1.0,0.0,0.01,2024-03-11 00:00:00,0,0,3,0.0,0.0,3.0,0.2779266666666666,1,0.0,mobile_tech,late_night,0,244.6820412280824,0.0425632561378983,0.5
478430,47.0,F,BR,Rio de Janeiro,desktop,premium,5522,music,11.5,R,5201,audio,sidebar,cpg,2.53,10,0,0,0,16.0,4,9.03,1.84,0.04,0.09,2024-03-11 00:00:00,0,0,3,0.0,0.0,0.4,0.4671956666666667,10,0.0,desktop_cpg,late_night,0,244.6820412280824,0.0425632561378983,16.0
213625,67.0,M,UK,London,tablet,basic,1277,kids,39.6,R,5790,banner,in_feed,cpg,4.98,2,0,0,0,21.7,3,10.72,1.65,0.01,0.02,2024-03-11 00:00:00,0,0,3,0.0,0.0,1.5,0.4783373333333333,2,0.0,tablet_cpg,late_night,0,244.6820412280824,0.0425632561378983,21.7
720896,67.0,F,DE,Munich,smart_tv,premium,1903,music,30.3,R,5765,audio,sidebar,travel,2.8,2,0,0,0,26.3,4,8.32,1.28,0.01,0.02,2024-03-11 01:00:00,1,0,3,0.0,0.0,2.0,0.5731503333333333,2,0.0,smart_tv_travel,late_night,0,244.6820412280824,0.0425632561378983,26.3
445559,71.0,M,IN,Mumbai,desktop,free,8802,kids,44.4,PG,5428,native,sidebar,travel,11.25,11,1,0,1,11.4,1,13.07,1.49,0.95,0.37,2024-03-11 01:00:00,1,0,3,0.0909090909090909,0.0,0.1818181818181818,0.378995,11,0.0909090909090909,desktop_travel,late_night,0,244.6820412280824,0.0425632561378983,11.4
114660,19.0,M,IN,Bengaluru,mobile,premium,7021,comedy,64.2,PG-13,5117,interstitial,mid_roll,retail,5.04,11,0,0,0,44.5,1,2.94,1.42,0.01,0.03,2024-03-11 01:00:00,1,0,3,0.0,0.0,0.0909090909090909,0.5110176666666666,11,0.0,mobile_retail,late_night,0,244.6820412280824,0.0425632561378983,21.4
713864,59.0,M,BR,Rio de Janeiro,mobile,free,7890,news,24.8,R,5698,audio,post_roll,tech,1.22,8,0,0,0,11.0,2,9.85,0.69,0.03,0.08,2024-03-11 01:00:00,1,0,3,0.0,0.0,0.25,0.3066703333333333,8,0.0,mobile_tech,late_night,0,244.6820412280824,0.0425632561378983,11.0
492070,41.0,F,US,Chicago,mobile,free,8416,news,30.5,G,5642,audio,sidebar,auto,5.88,6,0,0,0,3.1,0,7.58,1.16,0.02,0.05,2024-03-11 01:00:00,1,0,3,0.0,0.0,0.0,0.167562,6,0.0,mobile_auto,late_night,0,244.6820412280824,0.0425632561378983,3.1
162355,64.0,M,BR,Sao Paulo,desktop,basic,9371,documentary,42.6,PG,5092,video,in_feed,travel,6.85,8,1,0,1,27.2,3,9.38,1.48,0.92,0.3,2024-03-11 01:00:00,1,0,3,0.125,0.0,0.5,0.6683823333333334,8,0.125,desktop_travel,late_night,0,244.6820412280824,0.0425632561378983,27.2
536934,36.0,M,US,Chicago,console,family,2334,comedy,32.7,PG-13,5774,audio,in_feed,travel,5.16,6,1,0,1,19.3,2,9.23,1.57,0.96,0.29,2024-03-11 01:00:00,1,0,3,0.1666666666666666,0.0,0.5,0.5393806666666667,6,0.1666666666666666,console_travel,late_night,0,244.6820412280824,0.0425632561378983,19.3
458439,63.0,F,AU,Sydney,mobile,basic,8450,kids,15.9,R,5516,interstitial,mid_roll,tech,5.3,1,0,0,0,10.9,4,14.95,1.7,0.01,0.01,2024-03-11 01:00:00,1,0,3,0.0,0.0,4.0,0.4201143333333333,1,0.0,mobile_tech,late_night,0,244.6820412280824,0.0425632561378983,10.9
442836,24.0,F,IN,Hyderabad,mobile,family,5663,comedy,54.8,PG,5725,video,mid_roll,gaming,2.49,2,0,0,0,15.1,5,4.5,0.67,0.0,0.01,2024-03-11 01:00:00,1,0,3,0.0,0.0,2.5,0.4992623333333333,2,0.0,mobile_gaming,late_night,0,244.6820412280824,0.0425632561378983,15.1
977031,74.0,M,DE,Berlin,desktop,basic,4443,sports,3.8,PG,5581,banner,mid_roll,auto,3.26,3,0,0,0,0.5,4,6.7,1.17,0.01,0.02,2024-03-11 01:00:00,1,0,3,0.0,0.0,1.3333333333333333,0.3323756666666666,3,0.0,desktop_auto,late_night,0,244.6820412280824,0.0425632561378983,0.5
577560,72.0,Unknown,DE,Munich,tablet,free,2475,gaming,27.8,PG,5967,audio,post_roll,travel,8.57,8,0,0,0,1.7,2,11.0,1.22,0.04,0.09,2024-03-11 01:00:00,1,0,3,0.0,0.0,0.25,0.239321,8,0.0,tablet_travel,late_night,0,244.6820412280824,0.0425632561378983,1.7
937777,19.0,F,BR,Sao Paulo,console,family,1692,kids,41.6,PG-13,5012,interstitial,sidebar,cpg,11.83,8,0,0,0,17.2,1,18.46,1.33,0.06,0.15,2024-03-11 01:00:00,1,0,3,0.0,0.0,0.125,0.3134283333333333,8,0.0,console_cpg,late_night,0,244.6820412280824,0.0425632561378983,17.2
149597,25.0,F,BR,Sao Paulo,mobile,free,4478,drama,44.2,PG-13,5624,audio,in_feed,auto,11.18,11,0,0,0,36.6,6,12.24,0.92,0.05,0.13,2024-03-11 01:00:00,1,0,3,0.0,0.0,0.5454545454545454,0.710773,11,0.0,mobile_auto,late_night,0,244.6820412280824,0.0425632561378983,36.6
511075,25.0,M,US,New York,tablet,premium,5365,comedy,2.0,R,5320,banner,mid_roll,retail,7.46,7,0,0,0,0.5,2,11.77,1.5,0.03,0.08,2024-03-11 01:00:00,1,0,3,0.0,0.0,0.2857142857142857,0.2180356666666666,7,0.0,tablet_retail,late_night,0,244.6820412280824,0.0425632561378983,0.5
593934,21.0,M,BR,Sao Paulo,desktop,free,3027,music,78.5,G,5721,video,pre_roll,finance,5.65,3,0,0,0,42.1,3,7.14,1.43,0.01,0.02,2024-03-11 02:00:00,2,0,3,0.0,0.0,1.0,0.6133746666666666,3,0.0,desktop_finance,late_night,0,244.6820412280824,0.0425632561378983,42.1
123517,68.0,M,AU,Sydney,smart_tv,free,5731,kids,25.5,PG,5750,native,post_roll,travel,14.16,8,0,0,0,15.3,2,14.17,1.7,0.05,0.11,2024-03-11 02:00:00,2,0,3,0.0,0.0,0.25,0.3460543333333333,8,0.0,smart_tv_travel,late_night,0,244.6820412280824,0.0425632561378983,28.6
415779,27.0,M,US,New York,desktop,premium,5481,drama,44.5,G,5850,native,mid_roll,finance,6.42,5,0,0,0,16.5,0,9.45,0.84,0.02,0.05,2024-03-11 02:00:00,2,0,3,0.0,0.0,0.0,0.2780193333333333,5,0.0,desktop_finance,late_night,0,244.6820412280824,0.0425632561378983,16.5
826656,70.0,F,UK,Manchester,smart_tv,free,6978,music,10.8,PG-13,5416,video,in_feed,retail,2.6,3,0,0,0,0.5,1,3.56,0.66,0.0,0.01,2024-03-11 02:00:00,2,0,3,0.0,0.0,0.3333333333333333,0.1674656666666666,3,0.0,smart_tv_retail,late_night,0,244.6820412280824,0.0425632561378983,0.5
130229,26.0,F,IN,Mumbai,mobile,free,4608,sports,21.0,R,5360,video,in_feed,gaming,4.77,5,0,0,0,8.7,5,13.22,1.27,0.03,0.07,2024-03-11 02:00:00,2,0,3,0.0,0.0,1.0,0.441969,5,0.0,mobile_gaming,late_night,0,244.6820412280824,0.0425632561378983,8.7
741940,34.0,F,US,Austin,mobile,family,6921,gaming,44.4,PG-13,5937,audio,mid_roll,finance,3.45,7,0,0,0,48.8,3,8.65,0.52,0.02,0.06,2024-03-11 02:00:00,2,0,3,0.0,0.0,0.4285714285714285,0.633304,7,0.0,mobile_finance,late_night,0,244.6820412280824,0.0425632561378983,48.8
427785,73.0,M,US,Seattle,desktop,free,9468,gaming,47.9,PG,5139,audio,sidebar,cpg,6.33,4,0,0,0,23.3,3,11.28,0.92,0.02,0.05,2024-03-11 02:00:00,2,0,3,0.0,0.0,0.75,0.4929293333333333,4,0.0,desktop_cpg,late_night,0,244.6820412280824,0.0425632561378983,23.3
231323,67.0,M,DE,Munich,mobile,family,8128,news,52.0,PG,5509,banner,in_feed,travel,12.53,5,0,0,0,17.6,1,14.1,1.77,0.03,0.07,2024-03-11 03:00:00,3,0,3,0.0,0.0,0.2,0.3173816666666667,5,0.0,mobile_travel,late_night,0,244.6820412280824,0.0425632561378983,17.6
195694,22.0,M,US,Seattle,tablet,basic,6021,comedy,33.1,PG,5166,interstitial,post_roll,finance,6.29,7,0,0,0,20.6,2,7.0,1.71,0.02,0.05,2024-03-11 03:00:00,3,0,3,0.0,0.0,0.2857142857142857,0.4023743333333333,7,0.0,tablet_finance,late_night,0,244.6820412280824,0.0425632561378983,20.6
555287,25.0,M,BR,Sao Paulo,mobile,basic,1562,comedy,30.4,G,5038,native,sidebar,healthcare,5.4,11,0,0,0,11.9,3,9.6,1.74,0.04,0.11,2024-03-11 03:00:00,3,0,3,0.0,0.0,0.2727272727272727,0.3747693333333333,11,0.0,mobile_healthcare,late_night,0,244.6820412280824,0.0425632561378983,11.9
285512,23.0,F,US,New York,mobile,family,2981,sports,22.4,PG-13,5099,banner,mid_roll,cpg,6.14,11,0,0,0,15.3,2,9.99,0.89,0.04,0.11,2024-03-11 03:00:00,3,0,3,0.0,0.0,0.1818181818181818,0.3460543333333333,11,0.0303030303030303,mobile_cpg,late_night,0,244.6820412280824,0.0425632561378983,26.125
370273,46.0,M,IN,Hyderabad,desktop,premium,5590,gaming,45.6,PG-13,5712,native,post_roll,auto,1.28,5,1,1,1,23.5,4,6.94,1.09,33.59,0.2,2024-03-11 03:00:00,3,0,3,0.2,1.0,1.2,0.712753,5,0.2,desktop_auto,late_night,0,244.6820412280824,0.0425632561378983,23.5
753679,63.0,M,BR,Rio de Janeiro,mobile,premium,4887,documentary,85.0,PG-13,5099,native,sidebar,tech,3.84,6,1,1,1,60.6,3,12.78,1.52,29.47,0.3,2024-03-11 03:00:00,3,0,3,0.1666666666666666,1.0,0.8333333333333334,0.806117,6,0.1666666666666666,mobile_tech,late_night,0,244.6820412280824,0.0425632561378983,60.6
317575,45.0,M,FR,Lyon,mobile,free,5723,gaming,56.1,PG-13,5117,audio,post_roll,finance,3.97,3,0,0,0,30.9,3,10.63,1.24,0.01,0.03,2024-03-11 03:00:00,3,0,3,0.0,0.0,1.0,0.5540346666666667,3,0.0,mobile_finance,late_night,0,244.6820412280824,0.0425632561378983,30.9
924372,26.0,F,US,Chicago,mobile,free,4047,gaming,51.7,R,5722,native,in_feed,healthcare,6.72,2,1,1,1,26.1,4,13.22,0.86,31.67,0.16,2024-03-11 03:00:00,3,0,3,0.5,1.0,3.0,0.7529913333333333,2,0.5,mobile_healthcare,late_night,0,244.6820412280824,0.0425632561378983,26.1
954280,72.0,M,IN,Mumbai,desktop,premium,2784,kids,2.0,PG-13,5187,audio,mid_roll,auto,4.25,11,0,0,0,0.5,2,9.03,1.66,0.04,0.1,2024-03-11 04:00:00,4,0,3,0.0,0.0,0.1818181818181818,0.2180356666666666,11,0.0,desktop_auto,late_night,0,244.6820412280824,0.0425632561378983,0.5
252979,46.0,M,JP,Tokyo,desktop,free,9736,drama,63.0,PG-13,5680,banner,mid_roll,healthcare,7.82,11,0,0,0,37.1,5,10.34,2.19,0.05,0.11,2024-03-11 04:00:00,4,0,3,0.0,0.0,0.4545454545454545,0.6868796666666667,11,0.0,desktop_healthcare,late_night,0,244.6820412280824,0.0425632561378983,33.1
872380,33.0,M,MX,Guadalajara,smart_tv,basic,9041,drama,16.8,R,5079,audio,pre_roll,finance,4.01,6,0,0,0,3.2,5,11.4,1.38,0.03,0.07,2024-03-11 04:00:00,4,0,3,0.0,0.0,0.8333333333333334,0.4027263333333333,6,0.0,smart_tv_finance,late_night,0,244.6820412280824,0.0425632561378983,3.2
821692,68.0,F,US,Chicago,mobile,free,4594,comedy,77.6,PG-13,5984,banner,mid_roll,healthcare,12.11,3,0,0,0,54.1,4,19.85,1.43,0.02,0.06,2024-03-11 04:00:00,4,0,3,0.0,0.0,1.3333333333333333,0.6978783333333333,3,0.0,mobile_healthcare,late_night,0,244.6820412280824,0.0425632561378983,54.1
263039,69.0,M,IN,Bengaluru,mobile,free,9637,comedy,37.9,PG,5817,native,sidebar,cpg,4.11,9,0,0,0,14.3,6,17.49,1.21,0.06,0.16,2024-03-11 04:00:00,4,0,3,0.0,0.0,0.6666666666666666,0.5182543333333334,9,0.0,mobile_cpg,late_night,0,244.6820412280824,0.0425632561378983,14.3
750718,40.0,M,US,Austin,tablet,premium,6721,gaming,4.5,R,5671,audio,mid_roll,auto,2.85,1,0,0,0,1.1,3,12.78,0.65,0.01,0.01,2024-03-11 04:00:00,4,0,3,0.0,0.0,3.0,0.296064,1,0.0,tablet_auto,late_night,0,244.6820412280824,0.0425632561378983,6.0
379773,69.0,M,US,New York,tablet,premium,9448,gaming,32.3,PG-13,5092,video,post_roll,healthcare,3.15,11,1,0,1,95.05050000000048,3,8.23,0.9,0.58,0.23,2024-03-11 04:00:00,4,0,3,0.0909090909090909,0.0,0.3636363636363636,0.7808186666666668,11,0.0909090909090909,tablet_healthcare,late_night,0,244.6820412280824,0.0425632561378983,95.05050000000048
219227,57.0,F,US,New York,tablet,premium,9407,gaming,39.7,PG-13,5676,audio,mid_roll,cpg,2.62,1,0,0,0,25.4,4,9.0,1.07,0.0,0.01,2024-03-11 04:00:00,4,0,3,0.0,0.0,4.0,0.5658583333333334,1,0.0,tablet_cpg,late_night,0,244.6820412280824,0.0425632561378983,23.7
642110,33.0,M,UK,Manchester,desktop,premium,2462,documentary,12.5,PG-13,5003,native,in_feed,tech,1.47,7,0,0,0,15.9,0,8.27,0.94,0.02,0.06,2024-03-11 04:00:00,4,0,3,0.0,0.0,0.0,0.2723673333333333,7,0.0,desktop_tech,late_night,0,244.6820412280824,0.0425632561378983,10.55
448609,54.0,F,UK,Manchester,desktop,basic,8315,music,29.6,PG-13,5941,native,pre_roll,gaming,3.27,6,0,0,0,6.4,1,9.58,1.74,0.02,0.06,2024-03-11 04:00:00,4,0,3,0.0,0.0,0.1666666666666666,0.2184896666666666,6,0.0,desktop_gaming,late_night,0,244.6820412280824,0.0425632561378983,6.4
959000,56.0,M,US,Austin,smart_tv,premium,1025,comedy,16.7,PG-13,5918,interstitial,pre_roll,healthcare,2.3,3,0,0,0,16.4,5,11.31,0.88,0.01,0.03,2024-03-11 04:00:00,4,0,3,0.0,0.0,1.6666666666666667,0.5116383333333333,3,0.0,smart_tv_healthcare,late_night,0,244.6820412280824,0.0425632561378983,16.4
886342,49.0,M,US,Chicago,desktop,premium,3309,kids,10.7,R,5390,audio,mid_roll,retail,3.32,3,1,0,1,0.6,1,8.98,1.22,0.74,0.21,2024-03-11 04:00:00,4,0,3,0.3333333333333333,0.0,0.6666666666666666,0.3604736666666666,3,0.3333333333333333,desktop_retail,late_night,0,244.6820412280824,0.0425632561378983,0.6
367104,17.0,M,IN,Hyderabad,desktop,free,3559,music,64.5,PG-13,5552,video,post_roll,travel,3.36,6,1,0,1,26.6,4,6.43,2.08,1.26,0.35,2024-03-11 04:00:00,4,0,3,0.1666666666666666,0.0,0.8333333333333334,0.7308699999999999,6,0.1666666666666666,desktop_travel,late_night,0,244.6820412280824,0.0425632561378983,26.6
148290,50.0,M,UK,Manchester,mobile,basic,5745,music,20.6,R,5827,native,in_feed,finance,5.42,3,0,0,0,8.1,3,16.53,1.06,0.02,0.05,2024-03-11 05:00:00,5,0,3,0.0,0.0,1.0,0.3418813333333333,3,0.0,mobile_finance,late_night,0,244.6820412280824,0.0425632561378983,8.1
213562,45.0,M,FR,Paris,smart_tv,free,5454,music,24.6,PG,5522,native,pre_roll,retail,5.83,4,0,0,0,16.5,5,14.42,1.11,0.02,0.06,2024-03-11 05:00:00,5,0,3,0.0,0.0,1.25,0.5125823333333334,4,0.0,smart_tv_retail,late_night,0,244.6820412280824,0.0425632561378983,16.5
988891,13.0,M,US,Seattle,smart_tv,basic,9151,comedy,49.0,PG-13,5284,interstitial,pre_roll,cpg,2.07,2,0,0,0,22.6,5,6.91,0.57,0.01,0.01,2024-03-11 05:00:00,5,0,3,0.0,0.0,2.5,0.5817036666666666,2,0.0,smart_tv_cpg,late_night,0,244.6820412280824,0.0425632561378983,22.6
989610,54.0,M,JP,Tokyo,desktop,free,6854,kids,7.3,G,5489,audio,post_roll,auto,8.17,11,1,0,1,0.5,2,5.43,1.6,0.98,0.3,2024-03-11 05:00:00,5,0,3,0.0909090909090909,0.0,0.2727272727272727,0.3373316666666667,11,0.0909090909090909,desktop_auto,late_night,0,244.6820412280824,0.0425632561378983,0.5
391248,31.0,F,UK,London,desktop,family,9605,music,38.2,PG,5389,interstitial,pre_roll,retail,3.53,1,0,0,0,20.6,3,10.91,0.84,0.0,0.01,2024-03-11 05:00:00,5,0,3,0.0,0.0,3.0,0.4622653333333333,1,0.0,desktop_retail,late_night,0,244.6820412280824,0.0425632561378983,20.6
174858,42.0,M,IN,Mumbai,mobile,basic,1021,kids,18.4,PG-13,5509,video,post_roll,finance,3.52,7,0,0,0,10.6,0,14.07,1.32,0.04,0.1,2024-03-11 05:00:00,5,0,3,0.0,0.0,0.0,0.2236099999999999,7,0.0,mobile_finance,late_night,0,244.6820412280824,0.0425632561378983,10.6
735744,73.0,F,US,Seattle,tablet,premium,3821,news,32.3,R,5322,banner,post_roll,cpg,5.75,7,0,0,0,20.6,3,12.66,0.7,0.04,0.09,2024-03-11 05:00:00,5,0,3,0.0,0.0,0.4285714285714285,0.4622653333333333,7,0.0,tablet_cpg,late_night,0,244.6820412280824,0.0425632561378983,20.6
572833,32.0,Other,IN,Hyderabad,desktop,free,9568,news,43.3,PG,5340,video,sidebar,tech,3.92,10,0,0,0,23.8,2,7.57,1.18,0.03,0.08,2024-03-11 05:00:00,5,0,3,0.0,0.0,0.2,0.4374716666666666,10,0.0,desktop_tech,late_night,0,244.6820412280824,0.0425632561378983,23.8
366838,55.0,F,JP,Osaka,tablet,free,3943,documentary,21.9,G,5227,banner,sidebar,retail,4.21,6,0,0,0,8.5,1,8.87,0.46,0.02,0.05,2024-03-11 05:00:00,5,0,3,0.0,0.0,0.1666666666666666,0.2347296666666666,6,0.0,tablet_retail,late_night,0,244.6820412280824,0.0425632561378983,8.5
106315,44.0,M,AU,Sydney,smart_tv,free,7768,sports,2.9,PG,5300,banner,sidebar,gaming,2.79,1,0,0,0,14.4,3,4.13,0.91,0.0,0.0,2024-03-11 05:00:00,5,0,3,0.0,0.0,3.0,0.39756,1,0.0,smart_tv_gaming,late_night,0,244.6820412280824,0.0425632561378983,14.4
115114,52.0,F,MX,Mexico City,desktop,free,7364,gaming,56.2,PG,5843,interstitial,pre_roll,finance,4.43,6,0,0,0,13.6,2,8.81,1.35,0.02,0.05,2024-03-11 05:00:00,5,0,3,0.0,0.0,0.3333333333333333,0.3302383333333333,6,0.0,desktop_finance,late_night,0,244.6820412280824,0.0425632561378983,13.6
454074,38.0,M,UK,Manchester,mobile,basic,7472,sports,2.0,PG-13,5833,native,post_roll,retail,4.24,2,0,0,0,1.3,3,12.69,1.26,0.01,0.03,2024-03-11 05:00:00,5,0,3,0.0,0.0,1.5,0.2970919999999999,2,0.0,mobile_retail,late_night,0,244.6820412280824,0.0425632561378983,23.45
725558,41.0,F,US,Seattle,desktop,free,4542,drama,59.1,G,5927,interstitial,post_roll,travel,3.58,1,0,0,0,39.2,3,8.69,0.98,0.0,0.01,2024-03-11 05:00:00,5,0,3,0.0,0.0,3.0,0.6016986666666666,1,0.0,desktop_travel,late_night,0,244.6820412280824,0.0425632561378983,39.2
854637,29.0,F,JP,Tokyo,desktop,free,3142,drama,79.8,R,5883,banner,post_roll,gaming,5.23,1,0,0,0,20.6,3,13.29,1.27,0.01,0.01,2024-03-11 06:00:00,6,0,3,0.0,0.0,3.0,0.4622653333333333,1,0.0,desktop_gaming,morning,0,244.6820412280824,0.0425632561378983,20.6
825158,19.0,M,JP,Tokyo,desktop,basic,6008,music,2.2,PG-13,5876,native,in_feed,healthcare,4.66,7,0,0,0,8.8,2,10.98,1.74,0.03,0.08,2024-03-11 06:00:00,6,0,3,0.0,0.0,0.2857142857142857,0.287757,7,0.0,desktop_healthcare,morning,0,244.6820412280824,0.0425632561378983,8.8
794937,14.0,M,IN,Bengaluru,mobile,family,9496,news,44.3,PG-13,5421,video,post_roll,gaming,3.69,2,0,0,0,13.6,1,10.22,1.28,0.01,0.02,2024-03-11 06:00:00,6,0,3,0.0,0.0,0.5,0.2796683333333333,2,0.0,mobile_gaming,morning,0,244.6820412280824,0.0425632561378983,13.6
568654,13.0,F,US,New York,desktop,premium,9459,kids,31.5,PG,5102,interstitial,pre_roll,tech,2.81,11,0,0,0,12.2,0,11.88,0.61,0.05,0.13,2024-03-11 06:00:00,6,0,3,0.0,0.0,0.0,0.2380979999999999,11,0.0,desktop_tech,morning,0,244.6820412280824,0.0425632561378983,12.2
651779,57.0,M,BR,Rio de Janeiro,mobile,family,9112,drama,31.3,G,5540,banner,pre_roll,healthcare,7.91,3,0,0,0,12.3,3,8.96,1.11,0.01,0.03,2024-03-11 06:00:00,6,0,3,0.0,0.0,1.0,0.3783879999999999,3,0.0,mobile_healthcare,morning,0,244.6820412280824,0.0425632561378983,12.3
631316,44.0,M,US,New York,mobile,basic,3515,music,27.1,R,5295,interstitial,sidebar,gaming,6.97,3,0,0,0,14.0,2,11.26,0.95,0.01,0.03,2024-03-11 06:00:00,6,0,3,0.0,0.0,0.6666666666666666,0.333885,3,0.0,mobile_gaming,morning,0,244.6820412280824,0.0425632561378983,14.0
300673,17.0,F,JP,Tokyo,mobile,basic,6288,gaming,44.4,PG,5795,banner,pre_roll,retail,4.49,2,0,0,0,29.9,2,18.87,1.82,0.02,0.04,2024-03-11 06:00:00,6,0,3,0.0,0.0,1.0,0.4871316666666666,2,0.0,mobile_retail,morning,0,244.6820412280824,0.0425632561378983,29.9
228141,52.0,M,DE,Berlin,console,free,5839,sports,2.0,PG-13,5996,audio,sidebar,retail,5.1,8,0,0,0,20.6,3,3.02,1.09,0.01,0.02,2024-03-11 06:00:00,6,0,3,0.0,0.0,0.375,0.4622653333333333,8,0.0,console_retail,morning,0,244.6820412280824,0.0425632561378983,16.55
598594,22.0,F,IN,Bengaluru,mobile,free,4336,gaming,49.8,R,5430,banner,pre_roll,tech,3.15,4,0,0,0,18.6,1,11.47,0.93,0.02,0.05,2024-03-11 06:00:00,6,0,3,0.0,0.0,0.25,0.3270096666666666,4,0.0,mobile_tech,morning,0,244.6820412280824,0.0425632561378983,18.6
267951,48.0,F,FR,Paris,smart_tv,premium,9210,sports,4.5,PG,5436,native,sidebar,cpg,5.53,6,1,0,1,0.5,4,10.53,1.05,0.66,0.22,2024-03-11 06:00:00,6,0,3,0.1666666666666666,0.0,0.8333333333333334,0.4875006666666666,6,0.1666666666666666,smart_tv_cpg,morning,0,244.6820412280824,0.0425632561378983,0.5
945430,24.0,M,MX,Guadalajara,mobile,basic,6212,kids,18.8,G,5887,interstitial,in_feed,gaming,1.86,4,0,0,0,6.0,1,7.84,1.18,0.01,0.03,2024-03-11 06:00:00,6,0,3,0.0,0.0,0.25,0.2156269999999999,4,0.0,mobile_gaming,morning,0,244.6820412280824,0.0425632561378983,6.0
316097,34.0,F,IN,Bengaluru,mobile,free,2582,sports,45.0,R,5462,banner,sidebar,retail,4.47,3,0,0,0,41.9,1,8.38,1.19,0.01,0.03,2024-03-11 06:00:00,6,0,3,0.0,0.0,0.3333333333333333,0.5021643333333333,3,0.0,mobile_retail,morning,0,244.6820412280824,0.0425632561378983,41.9
827962,55.0,F,AU,Sydney,mobile,free,1565,music,39.2,R,5153,audio,pre_roll,auto,2.15,6,0,0,0,19.0,1,7.4,1.2,0.02,0.04,2024-03-11 07:00:00,7,0,3,0.0,0.0,0.1666666666666666,0.3308083333333333,6,0.0,mobile_auto,morning,0,244.6820412280824,0.0425632561378983,19.0
597388,48.0,F,FR,Paris,smart_tv,basic,5855,comedy,47.9,R,5791,banner,pre_roll,retail,5.97,7,0,0,0,20.6,3,9.92,1.73,0.03,0.07,2024-03-11 07:00:00,7,0,3,0.0,0.0,0.4285714285714285,0.4622653333333333,7,0.0,smart_tv_retail,morning,0,244.6820412280824,0.0425632561378983,20.6
504692,68.0,M,US,Austin,smart_tv,premium,1630,kids,48.7,R,5983,native,mid_roll,retail,5.9,5,0,0,0,19.8,4,5.86,1.35,0.01,0.03,2024-03-11 07:00:00,7,0,3,0.0,0.0,0.8,0.5032196666666666,5,0.0,smart_tv_retail,morning,0,244.6820412280824,0.0425632561378983,19.8
385356,24.0,M,US,New York,mobile,basic,8248,sports,26.0,R,5778,native,pre_roll,tech,4.98,1,0,0,0,26.6,0,7.52,1.15,0.0,0.01,2024-03-11 07:00:00,7,0,3,0.0,0.0,0.0,0.3819019999999999,1,0.0,mobile_tech,morning,0,244.6820412280824,0.0425632561378983,26.6
181989,72.0,F,DE,Berlin,mobile,premium,5906,drama,10.9,PG,5122,native,mid_roll,finance,5.14,4,0,0,0,0.5,3,4.21,1.82,0.01,0.02,2024-03-11 07:00:00,7,0,3,0.0,0.0,0.75,0.2779266666666666,4,0.0,mobile_finance,morning,0,244.6820412280824,0.0425632561378983,0.5
164449,34.0,F,BR,Sao Paulo,tablet,free,7667,drama,49.6,PG-13,5050,interstitial,in_feed,auto,3.33,8,1,0,1,28.4,1,6.16,1.42,0.87,0.26,2024-03-11 07:00:00,7,0,3,0.125,0.0,0.25,0.567472,8,0.125,tablet_auto,morning,0,244.6820412280824,0.0425632561378983,28.4
740139,60.0,F,CA,Toronto,mobile,premium,7141,documentary,31.8,R,5126,audio,pre_roll,gaming,5.0,11,0,0,0,13.0,1,9.26,1.65,0.04,0.1,2024-03-11 08:00:00,8,0,3,0.0,0.0,0.0909090909090909,0.2743456666666666,11,0.0,mobile_gaming,morning,0,244.6820412280824,0.0425632561378983,38.6
242162,23.0,Other,US,Seattle,smart_tv,free,4790,gaming,43.8,PG-13,5618,banner,post_roll,auto,5.54,7,0,0,0,16.6,3,5.2,1.42,0.01,0.04,2024-03-11 08:00:00,8,0,3,0.0,0.0,0.4285714285714285,0.418316,7,0.0,smart_tv_auto,morning,0,244.6820412280824,0.0425632561378983,16.6
543071,59.0,F,US,Seattle,mobile,family,3470,news,46.7,PG,5106,interstitial,sidebar,auto,3.18,11,0,0,0,40.3,10,15.0,0.94,0.07,0.16,2024-03-11 08:00:00,8,0,3,0.0,0.0,0.9090909090909092,0.7576766666666667,11,0.0,mobile_auto,morning,0,244.6820412280824,0.0425632561378983,40.3
760170,32.0,M,DE,Munich,desktop,family,5397,drama,44.7,PG,5074,banner,in_feed,cpg,4.6,2,0,0,0,39.5,2,11.05,1.78,0.01,0.02,2024-03-11 08:00:00,8,0,3,0.0,0.0,1.0,0.5431143333333333,2,0.0,desktop_cpg,morning,0,244.6820412280824,0.0425632561378983,39.5
672649,22.0,M,JP,Tokyo,mobile,premium,1729,gaming,83.3,PG,5083,audio,mid_roll,finance,7.02,9,1,0,1,49.5,4,8.33,1.38,0.86,0.28,2024-03-11 08:00:00,8,0,3,0.1111111111111111,0.0,0.5555555555555556,0.8244556666666667,9,0.1111111111111111,mobile_finance,morning,0,244.6820412280824,0.0425632561378983,49.5
330694,30.0,F,US,New York,mobile,free,8090,documentary,33.5,R,5756,native,in_feed,healthcare,4.8,3,0,0,0,14.9,2,7.38,2.05,0.01,0.02,2024-03-11 08:00:00,8,0,3,0.0,0.0,0.6666666666666666,0.342365,3,0.0,mobile_healthcare,morning,0,244.6820412280824,0.0425632561378983,14.9
175997,55.0,M,FR,Lyon,smart_tv,premium,7398,sports,58.9,PG-13,5289,banner,sidebar,gaming,4.65,7,0,0,0,33.7,2,10.19,1.4,0.03,0.07,2024-03-11 08:00:00,8,0,3,0.0,0.0,0.2857142857142857,0.5126156666666667,7,0.0,smart_tv_gaming,morning,0,244.6820412280824,0.0425632561378983,33.7
268668,13.0,F,AU,Sydney,desktop,premium,3780,comedy,23.3,G,5873,audio,in_feed,tech,7.37,11,0,0,0,0.5,4,7.9,0.35,0.03,0.09,2024-03-11 08:00:00,8,0,3,0.0,0.0,0.3636363636363636,0.3323756666666666,11,0.0,desktop_tech,morning,0,244.6820412280824,0.0425632561378983,17.45
746598,20.0,M,AU,Melbourne,smart_tv,free,6674,gaming,36.2,R,5585,native,mid_roll,finance,4.68,6,0,0,0,20.6,3,9.92,0.9,0.02,0.06,2024-03-11 08:00:00,8,0,3,0.0,0.0,0.5,0.4622653333333333,6,0.0,smart_tv_finance,morning,0,244.6820412280824,0.0425632561378983,20.6
841198,74.0,M,AU,Melbourne,desktop,free,4670,documentary,24.0,PG,5700,banner,post_roll,retail,7.04,2,0,0,0,14.5,1,11.41,1.42,0.01,0.02,2024-03-11 08:00:00,8,0,3,0.0,0.0,0.5,0.288055,2,0.0,desktop_retail,morning,0,244.6820412280824,0.0425632561378983,14.5
372658,30.0,F,BR,Sao Paulo,mobile,family,5732,kids,59.9,PG-13,5339,banner,pre_roll,cpg,9.16,9,0,0,0,32.5,3,14.56,1.33,0.05,0.13,2024-03-11 08:00:00,8,0,3,0.0,0.0,0.3333333333333333,0.5651226666666667,9,0.0,mobile_cpg,morning,0,244.6820412280824,0.0425632561378983,32.5
492492,72.0,F,MX,Mexico City,mobile,basic,9113,kids,28.6,PG,5682,native,sidebar,finance,5.58,7,0,0,0,9.9,2,13.17,1.03,0.04,0.09,2024-03-11 09:00:00,9,0,3,0.0,0.0,0.2857142857142857,0.2969783333333333,7,0.0,mobile_finance,morning,0,244.6820412280824,0.0425632561378983,9.4
774660,69.0,M,DE,Berlin,smart_tv,basic,4543,music,35.9,PG,5295,banner,pre_roll,tech,4.82,9,0,0,0,0.6,2,6.98,1.03,0.03,0.06,2024-03-11 09:00:00,9,0,3,0.0,0.0,0.2222222222222222,0.2337236666666666,9,0.0,smart_tv_tech,morning,0,244.6820412280824,0.0425632561378983,0.6
617617,25.0,F,US,Seattle,mobile,free,8590,sports,43.2,PG,5533,native,pre_roll,travel,6.12,5,1,0,1,16.1,1,14.22,0.34,0.23,0.12,2024-03-11 09:00:00,9,0,3,0.2,0.0,0.4,0.4667656666666666,5,0.2,mobile_travel,morning,0,244.6820412280824,0.0425632561378983,16.1
141893,27.0,M,DE,Berlin,desktop,premium,5447,sports,2.5,PG-13,5818,video,post_roll,retail,3.02,4,1,0,1,10.2,5,8.25,0.53,0.33,0.11,2024-03-11 09:00:00,9,0,3,0.25,0.0,1.5,0.62575,4,0.25,desktop_retail,morning,0,244.6820412280824,0.0425632561378983,10.2
956174,20.0,F,US,Austin,desktop,family,3746,comedy,51.7,PG,5475,native,in_feed,cpg,3.11,11,1,0,1,44.5,2,13.46,1.13,0.74,0.32,2024-03-11 09:00:00,9,0,3,0.0909090909090909,0.0,0.2727272727272727,0.6808836666666667,11,0.0909090909090909,desktop_cpg,morning,0,244.6820412280824,0.0425632561378983,44.5
917640,37.0,M,US,Austin,tablet,basic,9320,gaming,62.5,PG-13,5075,video,post_roll,gaming,1.18,5,1,0,1,30.1,3,7.01,1.51,0.92,0.26,2024-03-11 09:00:00,9,0,3,0.2,0.0,0.8,0.712072,5,0.2,tablet_gaming,morning,0,244.6820412280824,0.0425632561378983,30.1
878969,50.0,F,IN,Mumbai,smart_tv,basic,6608,sports,55.6,PG-13,5975,banner,in_feed,auto,2.61,1,0,0,0,39.0,3,10.3,1.34,0.0,0.01,2024-03-11 09:00:00,9,0,3,0.0,0.0,3.0,0.600808,1,0.0,smart_tv_auto,morning,0,244.6820412280824,0.0425632561378983,39.0
791329,40.0,F,AU,Melbourne,desktop,basic,5599,comedy,38.8,R,5773,banner,post_roll,cpg,3.17,1,0,0,0,29.0,3,12.42,0.4,0.0,0.01,2024-03-11 10:00:00,10,0,3,0.0,0.0,3.0,0.540152,1,0.0,desktop_cpg,morning,0,244.6820412280824,0.0425632561378983,29.0
687962,41.0,F,IN,Bengaluru,smart_tv,free,2235,drama,33.9,PG-13,5625,audio,sidebar,finance,1.36,11,0,0,0,6.7,2,5.65,1.31,0.02,0.06,2024-03-11 10:00:00,10,0,3,0.0,0.0,0.1818181818181818,0.271281,11,0.0,smart_tv_finance,morning,0,244.6820412280824,0.0425632561378983,6.7
114663,58.0,M,FR,Lyon,desktop,free,9966,documentary,44.7,R,5665,video,in_feed,auto,3.47,10,0,0,0,28.0,0,11.83,0.76,0.05,0.12,2024-03-11 10:00:00,10,0,3,0.0,0.0,0.0,0.39307,10,0.0,desktop_auto,morning,0,244.6820412280824,0.0425632561378983,28.0
193358,61.0,M,BR,Rio de Janeiro,desktop,free,7532,music,58.1,R,5700,audio,pre_roll,travel,2.33,6,0,0,0,24.4,2,8.17,0.65,0.02,0.05,2024-03-11 10:00:00,10,0,3,0.0,0.0,0.3333333333333333,0.4428196666666666,6,0.0,desktop_travel,morning,0,244.6820412280824,0.0425632561378983,24.4
617772,59.0,Unknown,IN,Hyderabad,mobile,premium,5399,gaming,51.9,PG,5654,video,post_roll,cpg,3.1,8,0,0,0,40.4,3,8.38,1.07,0.03,0.07,2024-03-11 10:00:00,10,0,3,0.0,0.0,0.375,0.6067306666666666,8,0.0,mobile_cpg,morning,0,244.6820412280824,0.0425632561378983,40.4
390121,48.0,F,IN,Bengaluru,desktop,free,8755,gaming,26.8,PG-13,5926,banner,post_roll,gaming,5.82,11,2,0,1,18.9,1,11.13,1.18,1.46,0.48,2024-03-11 10:00:00,10,0,3,0.1818181818181818,0.0,0.2727272727272727,0.4889366666666666,11,0.1818181818181818,desktop_gaming,morning,0,244.6820412280824,0.0425632561378983,18.9
840347,36.0,F,JP,Osaka,mobile,basic,1372,news,27.0,PG,5282,video,pre_roll,cpg,4.78,11,1,0,1,12.9,2,14.03,1.18,0.77,0.33,2024-03-11 11:00:00,11,0,3,0.0909090909090909,0.0,0.2727272727272727,0.4432983333333333,11,0.0454545454545454,mobile_cpg,morning,0,244.6820412280824,0.0425632561378983,47.45
481216,55.0,M,UK,London,mobile,free,9337,kids,6.3,PG,5419,audio,mid_roll,healthcare,5.78,3,0,0,0,0.5,1,7.79,0.69,0.01,0.02,2024-03-11 11:00:00,11,0,3,0.0,0.0,0.3333333333333333,0.1674656666666666,3,0.0,mobile_healthcare,morning,0,244.6820412280824,0.0425632561378983,0.5
478681,61.0,F,JP,Osaka,mobile,premium,1679,drama,25.5,PG-13,5741,video,mid_roll,healthcare,6.34,4,0,0,0,10.3,4,9.38,2.07,0.02,0.04,2024-03-11 11:00:00,11,0,3,0.0,0.0,1.0,0.4147903333333333,4,0.0,mobile_healthcare,morning,0,244.6820412280824,0.0425632561378983,10.3
170290,43.0,M,MX,Guadalajara,mobile,basic,9519,kids,42.0,PG-13,5275,interstitial,pre_roll,finance,6.45,6,0,0,0,21.3,3,10.42,1.02,0.03,0.06,2024-03-11 11:00:00,11,0,3,0.0,0.0,0.5,0.4747226666666666,6,0.0,mobile_finance,morning,0,244.6820412280824,0.0425632561378983,21.3
628455,33.0,M,UK,Unknown,console,premium,2354,comedy,37.2,PG,5216,audio,pre_roll,healthcare,2.88,9,0,0,0,13.6,1,10.7,0.87,0.04,0.1,2024-03-11 11:00:00,11,0,3,0.0,0.0,0.1111111111111111,0.2796683333333333,9,0.0,console_healthcare,morning,0,244.6820412280824,0.0425632561378983,13.6
552989,68.0,M,IN,Hyderabad,desktop,premium,9424,kids,2.0,G,5227,video,pre_roll,retail,1.63,4,0,0,0,15.3,1,9.99,1.31,0.02,0.04,2024-03-11 11:00:00,11,0,3,0.0,0.0,0.25,0.2954843333333333,4,0.0,desktop_retail,morning,0,244.6820412280824,0.0425632561378983,15.3
682704,19.0,F,AU,Melbourne,desktop,family,5214,sports,43.1,PG,5534,video,post_roll,gaming,2.0,1,0,0,0,22.0,2,7.54,0.77,0.0,0.01,2024-03-11 11:00:00,11,0,3,0.0,0.0,2.0,0.4211663333333333,1,0.0,desktop_gaming,morning,0,244.6820412280824,0.0425632561378983,22.0
128458,55.0,F,US,Austin,mobile,free,2661,gaming,22.4,PG,5027,interstitial,post_roll,auto,3.41,10,0,0,0,15.6,3,6.34,1.32,0.03,0.06,2024-03-11 12:00:00,12,0,3,0.0,0.0,0.3,0.4088506666666666,10,0.0,mobile_auto,afternoon,0,244.6820412280824,0.0425632561378983,15.6
107849,36.0,F,US,Seattle,mobile,free,8629,music,18.7,PG,5836,banner,sidebar,gaming,4.55,5,0,0,0,13.9,2,7.06,1.73,0.01,0.04,2024-03-11 12:00:00,12,0,3,0.0,0.0,0.4,0.332969,5,0.0,mobile_gaming,afternoon,0,244.6820412280824,0.0425632561378983,13.9
912231,25.0,M,US,Austin,desktop,free,9097,documentary,19.0,PG-13,5943,banner,mid_roll,healthcare,4.33,4,0,0,0,11.4,0,9.24,0.42,0.01,0.04,2024-03-11 12:00:00,12,0,3,0.0,0.0,0.0,0.230766,4,0.0,desktop_healthcare,afternoon,0,244.6820412280824,0.0425632561378983,11.4
389615,49.0,F,FR,Paris,console,free,3448,drama,49.8,PG-13,5922,audio,post_roll,healthcare,3.77,11,1,0,1,9.0,0,9.05,1.11,0.71,0.27,2024-03-11 12:00:00,12,0,3,0.0909090909090909,0.0,0.0909090909090909,0.3291873333333333,11,0.0909090909090909,console_healthcare,afternoon,0,244.6820412280824,0.0425632561378983,12.2
435512,36.0,F,IN,Mumbai,desktop,free,4811,drama,25.8,PG-13,5293,native,pre_roll,retail,7.78,7,0,0,0,19.1,4,9.55,1.41,0.03,0.07,2024-03-11 12:00:00,12,0,3,0.0,0.0,0.5714285714285714,0.4966756666666666,7,0.0,desktop_retail,afternoon,0,244.6820412280824,0.0425632561378983,19.1
755067,40.0,M,BR,Sao Paulo,desktop,free,7050,comedy,23.1,R,5392,video,post_roll,retail,7.25,4,0,0,0,25.4,1,4.4,1.27,0.01,0.02,2024-03-11 12:00:00,12,0,3,0.0,0.0,0.25,0.4009483333333333,4,0.0,desktop_retail,afternoon,0,244.6820412280824,0.0425632561378983,25.4
614466,50.0,Other,JP,Osaka,desktop,free,2405,comedy,28.7,PG,5398,interstitial,in_feed,retail,1.46,1,0,0,0,4.4,0,7.55,1.66,0.0,0.01,2024-03-11 12:00:00,12,0,3,0.0,0.0,0.0,0.1757006666666666,1,0.0,desktop_retail,afternoon,0,244.6820412280824,0.0425632561378983,4.4
209382,64.0,F,IN,Bengaluru,mobile,premium,4627,sports,52.7,PG-13,5495,interstitial,mid_roll,gaming,8.91,4,0,0,0,46.1,5,10.34,1.79,0.02,0.04,2024-03-11 12:00:00,12,0,3,0.0,0.0,1.25,0.7214316666666667,4,0.0,mobile_gaming,afternoon,0,244.6820412280824,0.0425632561378983,48.2
184676,39.0,F,IN,Bengaluru,mobile,premium,4134,music,41.0,PG,5664,interstitial,pre_roll,travel,9.81,11,0,0,0,12.1,1,5.61,1.44,0.02,0.06,2024-03-11 12:00:00,12,0,3,0.0,0.0,0.0909090909090909,0.2660923333333333,11,0.0,mobile_travel,afternoon,0,244.6820412280824,0.0425632561378983,12.1
666289,32.0,Other,US,Austin,tablet,family,9365,comedy,60.0,G,5178,native,sidebar,retail,4.73,6,0,0,0,23.1,2,10.14,0.81,0.02,0.06,2024-03-11 12:00:00,12,0,3,0.0,0.0,0.3333333333333333,0.4313329999999999,6,0.0,tablet_retail,afternoon,0,244.6820412280824,0.0425632561378983,23.1
611050,42.0,F,DE,Berlin,mobile,free,9247,comedy,12.4,R,5740,banner,pre_roll,healthcare,6.29,6,0,0,0,7.7,2,9.05,0.66,0.02,0.05,2024-03-11 12:00:00,12,0,3,0.0,0.0,0.3333333333333333,0.278773,6,0.0,mobile_healthcare,afternoon,0,244.6820412280824,0.0425632561378983,7.7
350126,17.0,M,US,Seattle,mobile,family,5549,music,32.1,PG-13,5191,interstitial,pre_roll,finance,13.09,1,0,0,0,22.4,3,15.52,1.54,0.01,0.02,2024-03-11 12:00:00,12,0,3,0.0,0.0,3.0,0.4847386666666666,1,0.0,mobile_finance,afternoon,0,244.6820412280824,0.0425632561378983,22.4
225646,14.0,M,CA,Vancouver,mobile,free,1139,news,59.4,R,5984,banner,mid_roll,healthcare,8.27,11,1,0,1,35.6,5,9.98,0.97,0.63,0.26,2024-03-11 13:00:00,13,0,3,0.0909090909090909,0.0,0.5454545454545454,0.798081,11,0.0909090909090909,mobile_healthcare,afternoon,0,244.6820412280824,0.0425632561378983,35.6
716627,64.0,F,JP,Osaka,smart_tv,basic,4501,comedy,88.4,G,5949,audio,in_feed,gaming,9.28,8,0,0,0,78.2,5,9.66,1.14,0.03,0.08,2024-03-11 13:00:00,13,0,3,0.0,0.0,0.625,0.7541743333333333,8,0.0,smart_tv_gaming,afternoon,0,244.6820412280824,0.0425632561378983,78.2
401012,71.0,F,AU,Sydney,desktop,premium,1267,music,27.5,G,5875,interstitial,mid_roll,healthcare,7.97,7,1,0,1,14.6,5,7.98,1.61,0.99,0.3,2024-03-11 13:00:00,13,0,3,0.1428571428571428,0.0,0.8571428571428571,0.6435973333333334,7,0.1428571428571428,desktop_healthcare,afternoon,0,244.6820412280824,0.0425632561378983,14.6
836547,63.0,F,US,Seattle,mobile,free,6362,documentary,34.4,PG-13,5782,native,mid_roll,tech,6.13,2,0,0,0,12.8,2,6.92,1.09,0.01,0.01,2024-03-11 13:00:00,13,0,3,0.0,0.0,1.0,0.3230503333333333,2,0.0,mobile_tech,afternoon,0,244.6820412280824,0.0425632561378983,12.8
577715,48.0,M,AU,Sydney,tablet,free,3746,drama,24.1,PG-13,5190,audio,sidebar,gaming,4.12,9,1,0,1,23.5,1,8.79,0.83,0.53,0.2,2024-03-11 13:00:00,13,0,3,0.1111111111111111,0.0,0.2222222222222222,0.5193829999999999,9,0.1111111111111111,tablet_gaming,afternoon,0,244.6820412280824,0.0425632561378983,23.5
799239,20.0,M,JP,Tokyo,tablet,free,9882,drama,42.8,R,5535,native,post_roll,gaming,8.69,5,0,0,0,37.2,5,16.91,1.03,0.03,0.08,2024-03-11 13:00:00,13,0,3,0.0,0.0,1.0,0.6873583333333333,5,0.0,tablet_gaming,afternoon,0,244.6820412280824,0.0425632561378983,37.2
684337,40.0,F,FR,Lyon,mobile,free,9983,music,19.6,G,5754,audio,post_roll,auto,5.53,3,0,0,0,16.8,4,9.01,0.75,0.01,0.03,2024-03-11 13:00:00,13,0,3,0.0,0.0,1.3333333333333333,0.4746289999999999,3,0.0,mobile_auto,afternoon,0,244.6820412280824,0.0425632561378983,16.8
552801,51.0,M,DE,Munich,desktop,free,1259,drama,3.7,R,5774,audio,in_feed,healthcare,3.59,5,0,0,0,0.5,1,8.83,1.62,0.02,0.04,2024-03-11 13:00:00,13,0,3,0.0,0.0,0.2,0.1674656666666666,5,0.0,desktop_healthcare,afternoon,0,244.6820412280824,0.0425632561378983,0.5
838427,70.0,M,US,Austin,mobile,premium,9957,sports,27.5,R,5516,native,pre_roll,retail,4.92,5,1,0,1,10.1,3,6.69,1.37,0.84,0.24,2024-03-11 14:00:00,14,0,3,0.2,0.0,0.8,0.5221533333333332,5,0.2,mobile_retail,afternoon,0,244.6820412280824,0.0425632561378983,10.1
410983,17.0,Unknown,US,New York,mobile,free,1784,documentary,32.7,PG,5737,interstitial,pre_roll,retail,0.98,9,0,0,0,9.4,2,12.52,0.77,0.05,0.11,2024-03-11 14:00:00,14,0,3,0.0,0.0,0.2222222222222222,0.2927663333333333,9,0.0,mobile_retail,afternoon,0,244.6820412280824,0.0425632561378983,6.550000000000001
447959,57.0,F,US,Austin,tablet,free,1280,documentary,24.8,PG,5119,native,mid_roll,auto,2.91,7,1,0,1,0.5,1,7.79,1.03,0.64,0.21,2024-03-11 14:00:00,14,0,3,0.1428571428571428,0.0,0.2857142857142857,0.3164526666666666,7,0.1428571428571428,tablet_auto,afternoon,0,244.6820412280824,0.0425632561378983,7.3
916131,64.0,F,US,Chicago,desktop,basic,9260,sports,23.7,G,5216,audio,post_roll,gaming,3.5,10,1,0,1,23.9,2,11.35,1.46,0.92,0.33,2024-03-11 14:00:00,14,0,3,0.1,0.0,0.3,0.5658099999999999,10,0.1,desktop_gaming,afternoon,0,244.6820412280824,0.0425632561378983,23.9
483572,14.0,M,US,Seattle,desktop,premium,1311,comedy,24.4,R,5355,video,mid_roll,travel,6.0,3,0,0,0,20.6,3,14.0,1.39,0.02,0.04,2024-03-11 14:00:00,14,0,3,0.0,0.0,1.0,0.4622653333333333,3,0.0,desktop_travel,afternoon,0,244.6820412280824,0.0425632561378983,20.6
793181,22.0,M,IN,Bengaluru,console,premium,1083,kids,76.6,PG-13,5672,interstitial,mid_roll,tech,4.04,3,0,0,0,38.7,6,6.03,1.33,0.01,0.02,2024-03-11 14:00:00,14,0,3,0.0,0.0,2.0,0.721005,3,0.0,console_tech,afternoon,0,244.6820412280824,0.0425632561378983,38.7
801373,24.0,M,US,Chicago,mobile,premium,5660,comedy,57.9,R,5391,banner,pre_roll,tech,7.53,1,0,0,0,62.8,3,16.37,1.1,0.01,0.02,2024-03-11 14:00:00,14,0,3,0.0,0.0,3.0,0.652788,1,0.0,mobile_tech,afternoon,0,244.6820412280824,0.0425632561378983,62.8
831112,34.0,M,CA,Toronto,mobile,basic,5542,news,58.7,PG,5249,native,pre_roll,auto,11.9,8,0,0,0,31.0,1,10.65,1.89,0.03,0.09,2024-03-11 15:00:00,15,0,3,0.0,0.0,0.125,0.4443083333333333,8,0.0,mobile_auto,afternoon,0,244.6820412280824,0.0425632561378983,33.2
683785,48.0,F,UK,Unknown,desktop,free,8573,sports,47.0,R,5574,banner,post_roll,healthcare,9.06,7,0,0,0,30.7,1,11.15,1.62,0.03,0.08,2024-03-11 15:00:00,15,0,3,0.0,0.0,0.1428571428571428,0.4421056666666666,7,0.0,desktop_healthcare,afternoon,0,244.6820412280824,0.0425632561378983,30.7
475955,20.0,M,JP,Osaka,desktop,family,1791,documentary,17.8,G,5198,interstitial,sidebar,travel,3.77,4,0,0,0,5.5,1,12.38,1.15,0.02,0.05,2024-03-11 15:00:00,15,0,3,0.0,0.0,0.25,0.212159,4,0.0,desktop_travel,afternoon,0,244.6820412280824,0.0425632561378983,5.5
957427,42.0,Unknown,US,Austin,mobile,family,5754,music,59.2,PG-13,5285,audio,sidebar,auto,11.86,1,0,0,0,37.8,5,9.35,1.27,0.0,0.01,2024-03-11 15:00:00,15,0,3,0.0,0.0,5.0,0.690145,1,0.0,mobile_auto,afternoon,0,244.6820412280824,0.0425632561378983,37.8
344434,72.0,M,IN,Mumbai,mobile,basic,3092,kids,2.0,PG,5648,native,sidebar,gaming,8.04,6,0,0,0,0.5,0,14.65,1.28,0.04,0.09,2024-03-11 15:00:00,15,0,3,0.0,0.0,0.0,0.1385326666666666,6,0.0,mobile_gaming,afternoon,0,244.6820412280824,0.0425632561378983,0.5
889719,20.0,F,IN,Bengaluru,mobile,premium,2295,sports,11.3,PG-13,5114,native,post_roll,finance,4.93,6,0,0,0,20.6,1,2.82,0.88,0.01,0.02,2024-03-11 15:00:00,15,0,3,0.0,0.0,0.1666666666666666,0.3518043333333333,6,0.0,mobile_finance,afternoon,0,244.6820412280824,0.0425632561378983,20.6
907340,48.0,F,IN,Mumbai,mobile,free,9740,sports,19.1,R,5528,audio,in_feed,travel,7.72,3,0,0,0,0.9,1,10.65,1.44,0.01,0.03,2024-03-11 15:00:00,15,0,3,0.0,0.0,0.3333333333333333,0.184607,3,0.0,mobile_travel,afternoon,0,244.6820412280824,0.0425632561378983,0.9
193339,18.0,M,DE,Berlin,desktop,basic,5198,comedy,33.5,G,5970,audio,post_roll,auto,4.44,9,0,0,0,25.7,0,8.74,0.96,0.03,0.08,2024-03-11 15:00:00,15,0,3,0.0,0.0,0.0,0.3744593333333333,9,0.0,desktop_auto,afternoon,0,244.6820412280824,0.0425632561378983,25.7
738187,68.0,F,US,New York,desktop,free,2246,sports,51.1,G,5305,audio,in_feed,travel,3.4,10,0,0,0,38.3,6,10.37,0.87,0.04,0.1,2024-03-11 15:00:00,15,0,3,0.0,0.0,0.6,0.7190756666666667,10,0.0,desktop_travel,afternoon,0,244.6820412280824,0.0425632561378983,38.3
759200,36.0,F,US,New York,desktop,free,1335,news,27.5,PG-13,5383,banner,mid_roll,gaming,5.52,6,1,1,1,24.8,3,11.32,1.03,21.19,0.22,2024-03-11 15:00:00,15,0,3,0.1666666666666666,1.0,0.8333333333333334,0.6613156666666666,6,0.1666666666666666,desktop_gaming,afternoon,0,244.6820412280824,0.0425632561378983,25.4
904163,39.0,M,DE,Munich,tablet,free,5680,drama,21.4,PG,5784,interstitial,in_feed,tech,4.69,2,0,0,0,14.6,3,13.23,0.75,0.01,0.03,2024-03-11 15:00:00,15,0,3,0.0,0.0,1.5,0.3994413333333333,2,0.0,tablet_tech,afternoon,0,244.6820412280824,0.0425632561378983,14.6
144980,46.0,F,UK,Manchester,tablet,premium,4103,documentary,49.8,PG,5487,native,in_feed,healthcare,10.54,3,0,0,0,37.9,2,10.18,1.82,0.01,0.03,2024-03-11 15:00:00,15,0,3,0.0,0.0,0.6666666666666666,0.5355890000000001,3,0.0,tablet_healthcare,afternoon,0,244.6820412280824,0.0425632561378983,37.9
935701,19.0,M,US,Chicago,mobile,free,7294,documentary,7.2,PG,5446,banner,sidebar,cpg,7.23,6,0,0,0,9.0,4,10.31,1.73,0.02,0.06,2024-03-11 16:00:00,16,0,3,0.0,0.0,0.6666666666666666,0.4037343333333333,6,0.0,mobile_cpg,afternoon,0,244.6820412280824,0.0425632561378983,25.825
927592,73.0,F,CA,Toronto,mobile,premium,8875,comedy,40.4,R,5464,video,sidebar,tech,5.83,4,0,0,0,23.3,1,12.8,1.06,0.02,0.05,2024-03-11 16:00:00,16,0,3,0.0,0.0,0.25,0.3824683333333333,4,0.0,mobile_tech,afternoon,0,244.6820412280824,0.0425632561378983,17.55
248969,49.0,F,BR,Sao Paulo,desktop,free,9350,news,58.7,G,5346,video,post_roll,finance,5.3,10,1,1,1,26.0,4,14.94,0.78,21.25,0.27,2024-03-11 16:00:00,16,0,3,0.1,1.0,0.6,0.6980793333333333,10,0.1214285714285714,desktop_finance,afternoon,0,244.6820412280824,0.0425632561378983,24.5
188627,54.0,F,IN,Hyderabad,mobile,free,1648,music,64.9,PG-13,5711,interstitial,in_feed,retail,3.9,8,0,0,0,40.3,1,12.55,1.45,0.04,0.1,2024-03-11 16:00:00,16,0,3,0.0,0.0,0.125,0.4958536666666666,8,0.0,mobile_retail,afternoon,0,244.6820412280824,0.0425632561378983,40.3
208258,74.0,M,UK,London,mobile,free,5850,music,26.0,PG,5122,native,sidebar,retail,4.6,4,0,0,0,9.6,4,12.15,1.12,0.02,0.05,2024-03-11 16:00:00,16,0,3,0.0,0.0,1.0,0.4087956666666666,4,0.0,mobile_retail,afternoon,0,244.6820412280824,0.0425632561378983,7.65
187136,26.0,M,IN,Bengaluru,tablet,free,2110,news,49.7,PG,5613,native,post_roll,finance,2.56,5,1,0,1,35.1,5,11.67,0.82,0.52,0.18,2024-03-11 16:00:00,16,0,3,0.2,0.0,1.2,0.839485,5,0.2,tablet_finance,afternoon,0,244.6820412280824,0.0425632561378983,35.1
363208,36.0,Other,DE,Munich,mobile,free,8234,kids,13.6,PG-13,5820,banner,pre_roll,retail,4.81,3,0,0,0,14.6,2,10.18,1.61,0.01,0.03,2024-03-11 16:00:00,16,0,3,0.0,0.0,0.6666666666666666,0.3395503333333333,3,0.0,mobile_retail,afternoon,0,244.6820412280824,0.0425632561378983,14.6
854531,47.0,F,IN,Hyderabad,mobile,family,2125,drama,53.8,PG-13,5129,banner,in_feed,retail,4.31,1,0,0,0,35.6,4,7.53,1.05,0.0,0.01,2024-03-11 16:00:00,16,0,3,0.0,0.0,4.0,0.638065,1,0.0,mobile_retail,afternoon,0,244.6820412280824,0.0425632561378983,35.6
376516,16.0,F,JP,Osaka,tablet,free,4230,gaming,44.5,PG-13,5339,banner,in_feed,travel,6.5,6,1,0,1,34.3,10,9.44,0.7,0.44,0.16,2024-03-11 17:00:00,17,0,3,0.1666666666666666,0.0,1.8333333333333333,0.8825590000000001,6,0.1666666666666666,tablet_travel,afternoon,0,244.6820412280824,0.0425632561378983,34.3
773178,25.0,M,BR,Sao Paulo,desktop,premium,6538,gaming,46.0,PG,5259,native,mid_roll,auto,9.57,6,0,0,0,33.1,5,10.46,1.63,0.03,0.06,2024-03-11 17:00:00,17,0,3,0.0,0.0,0.8333333333333334,0.6639956666666667,6,0.0,desktop_auto,afternoon,0,244.6820412280824,0.0425632561378983,39.95
300875,42.0,Unknown,US,New York,mobile,basic,9763,sports,36.4,PG-13,5660,interstitial,in_feed,finance,6.05,4,0,0,0,22.6,1,12.89,0.9,0.02,0.05,2024-03-11 17:00:00,17,0,3,0.0,0.0,0.25,0.3760736666666666,4,0.0,mobile_finance,afternoon,0,244.6820412280824,0.0425632561378983,22.6
680754,37.0,M,IN,Mumbai,desktop,premium,6760,news,31.5,G,5389,native,post_roll,travel,3.44,11,1,1,1,27.6,4,10.83,1.21,19.4,0.3,2024-03-11 17:00:00,17,0,3,0.0909090909090909,1.0,0.5454545454545454,0.7030276666666666,11,0.0909090909090909,desktop_travel,afternoon,0,244.6820412280824,0.0425632561378983,24.1
889039,56.0,F,US,Chicago,mobile,family,5877,documentary,38.9,PG-13,5469,video,pre_roll,cpg,5.31,1,0,0,0,21.8,1,7.87,0.33,0.0,0.01,2024-03-11 17:00:00,17,0,3,0.0,0.0,1.0,0.368811,1,0.05,mobile_cpg,afternoon,0,244.6820412280824,0.0425632561378983,21.700000000000003
110832,24.0,F,UK,London,mobile,free,1025,sports,2.0,PG,5680,interstitial,in_feed,retail,8.52,7,0,0,0,0.5,6,14.05,0.79,0.04,0.1,2024-03-11 17:00:00,17,0,3,0.0,0.0,0.8571428571428571,0.3996196666666666,7,0.0,mobile_retail,afternoon,0,244.6820412280824,0.0425632561378983,0.5
642208,16.0,M,US,Austin,smart_tv,premium,1953,documentary,2.0,R,5706,video,in_feed,auto,4.34,7,1,0,1,0.5,6,9.53,0.61,0.39,0.16,2024-03-11 17:00:00,17,0,3,0.1428571428571428,0.0,1.0,0.5486066666666667,7,0.1428571428571428,smart_tv_auto,afternoon,0,244.6820412280824,0.0425632561378983,0.5
876809,64.0,F,US,Seattle,desktop,basic,6302,sports,24.7,PG-13,5870,interstitial,post_roll,gaming,5.3,6,1,0,1,6.8,2,12.59,1.77,1.09,0.34,2024-03-11 17:00:00,17,0,3,0.1666666666666666,0.0,0.5,0.4271606666666667,6,0.1666666666666666,desktop_gaming,afternoon,0,244.6820412280824,0.0425632561378983,6.8
430007,15.0,F,CA,Toronto,desktop,free,3156,drama,2.0,PG,5456,native,pre_roll,finance,4.09,7,1,0,1,8.7,2,5.0,1.23,0.75,0.22,2024-03-11 18:00:00,18,0,3,0.1428571428571428,0.0,0.4285714285714285,0.4358959999999999,7,0.1428571428571428,desktop_finance,evening,0,244.6820412280824,0.0425632561378983,8.7
748364,35.0,F,US,Seattle,mobile,free,5739,music,36.0,G,5567,video,post_roll,finance,2.35,9,0,0,0,31.8,2,11.65,0.78,0.04,0.1,2024-03-11 18:00:00,18,0,3,0.0,0.0,0.2222222222222222,0.500577,9,0.0,mobile_finance,evening,0,244.6820412280824,0.0425632561378983,31.8
796101,71.0,F,US,Seattle,desktop,free,2175,music,24.2,PG,5135,banner,post_roll,finance,4.7,4,1,0,1,14.1,0,10.53,0.66,0.41,0.14,2024-03-11 18:00:00,18,0,3,0.25,0.0,0.25,0.4264416666666666,4,0.25,desktop_finance,evening,0,244.6820412280824,0.0425632561378983,14.1
216670,15.0,M,CA,Vancouver,mobile,free,7043,gaming,53.7,PG-13,5248,native,sidebar,tech,2.29,8,1,0,1,42.6,1,8.34,0.91,0.57,0.2,2024-03-11 18:00:00,18,0,3,0.125,0.0,0.25,0.6471226666666666,8,0.125,mobile_tech,evening,0,244.6820412280824,0.0425632561378983,42.6
311359,29.0,M,UK,Manchester,smart_tv,basic,9876,kids,22.2,PG-13,5852,interstitial,in_feed,tech,2.47,3,0,0,0,4.2,1,3.29,0.84,0.0,0.01,2024-03-11 18:00:00,18,0,3,0.0,0.0,0.3333333333333333,0.2032563333333333,3,0.0,smart_tv_tech,evening,0,244.6820412280824,0.0425632561378983,4.2
507529,70.0,M,DE,Berlin,mobile,basic,7360,news,41.1,PG,5456,video,pre_roll,auto,8.73,8,0,0,0,36.1,2,17.2,1.26,0.06,0.14,2024-03-11 18:00:00,18,0,3,0.0,0.0,0.25,0.526521,8,0.0,mobile_auto,evening,0,244.6820412280824,0.0425632561378983,36.1
315120,44.0,F,AU,Sydney,mobile,free,6256,music,39.4,PG-13,5147,audio,in_feed,tech,3.47,7,0,0,0,20.4,0,10.48,0.43,0.03,0.07,2024-03-11 18:00:00,18,0,3,0.0,0.0,0.0,0.3150206666666666,7,0.0,mobile_tech,evening,0,244.6820412280824,0.0425632561378983,20.566666666666663
137489,24.0,F,IN,Mumbai,tablet,family,9409,news,26.7,PG-13,5180,banner,post_roll,gaming,16.2,7,0,0,0,15.4,1,12.29,1.7,0.03,0.09,2024-03-11 18:00:00,18,0,3,0.0,0.0,0.1428571428571428,0.2963896666666666,7,0.0,tablet_gaming,evening,0,244.6820412280824,0.0425632561378983,15.4
264665,39.0,M,US,New York,desktop,basic,1744,drama,71.6,R,5593,native,in_feed,cpg,3.72,4,0,0,0,49.5,4,8.19,1.04,0.01,0.03,2024-03-11 18:00:00,18,0,3,0.0,0.0,1.0,0.6893356666666667,4,0.0,desktop_cpg,evening,0,244.6820412280824,0.0425632561378983,49.5
755139,38.0,F,UK,Manchester,mobile,free,7671,comedy,34.1,G,5529,interstitial,in_feed,finance,4.74,4,0,0,0,17.3,1,14.05,1.19,0.02,0.06,2024-03-11 18:00:00,18,0,3,0.0,0.0,0.25,0.314403,4,0.0,mobile_finance,evening,0,244.6820412280824,0.0425632561378983,17.3
271408,38.0,F,UK,Manchester,mobile,free,7308,drama,33.6,PG,5084,interstitial,pre_roll,tech,2.89,9,0,0,0,9.0,3,11.94,1.13,0.04,0.11,2024-03-11 18:00:00,18,0,3,0.0,0.0,0.3333333333333333,0.3492853333333333,9,0.0,mobile_tech,evening,0,244.6820412280824,0.0425632561378983,19.15
422794,29.0,M,IN,Hyderabad,smart_tv,basic,7352,gaming,34.6,PG-13,5734,video,in_feed,finance,10.17,6,0,0,0,28.5,7,11.05,0.6,0.03,0.07,2024-03-11 18:00:00,18,0,3,0.0,0.0,1.1666666666666667,0.6733173333333333,6,0.0,smart_tv_finance,evening,0,244.6820412280824,0.0425632561378983,28.5
432407,59.0,F,UK,London,mobile,free,4787,comedy,18.0,R,5384,banner,post_roll,travel,6.33,11,1,0,1,0.5,2,13.8,0.45,0.33,0.22,2024-03-11 18:00:00,18,0,3,0.0909090909090909,0.0,0.2727272727272727,0.3373316666666667,11,0.0909090909090909,mobile_travel,evening,0,244.6820412280824,0.0425632561378983,4.75
859908,28.0,M,JP,Osaka,desktop,basic,3233,news,62.0,G,5900,video,pre_roll,auto,14.93,10,0,0,0,52.4,4,12.45,0.96,0.05,0.12,2024-03-11 18:00:00,18,0,3,0.0,0.0,0.4,0.6950623333333333,10,0.0,desktop_auto,evening,0,244.6820412280824,0.0425632561378983,52.4
793680,56.0,F,US,Austin,mobile,free,7499,music,48.2,PG-13,5053,video,mid_roll,retail,8.45,8,0,0,0,35.8,2,10.81,1.07,0.03,0.09,2024-03-11 18:00:00,18,0,3,0.0,0.0,0.25,0.524861,8,0.0,mobile_retail,evening,0,244.6820412280824,0.0425632561378983,24.35
408545,68.0,F,DE,Berlin,desktop,free,3730,news,53.7,PG,5481,native,sidebar,travel,3.69,6,0,0,0,33.4,1,10.36,1.4,0.02,0.06,2024-03-11 18:00:00,18,0,3,0.0,0.0,0.1666666666666666,0.4603136666666667,6,0.0,desktop_travel,evening,0,244.6820412280824,0.0425632561378983,33.4
496423,67.0,F,UK,Manchester,mobile,family,5111,gaming,66.7,PG-13,5349,audio,in_feed,finance,12.34,10,0,0,0,53.2,3,15.97,1.53,0.06,0.16,2024-03-11 18:00:00,18,0,3,0.0,0.0,0.3,0.641984,10,0.0,mobile_finance,evening,0,244.6820412280824,0.0425632561378983,53.2
594763,74.0,F,BR,Sao Paulo,desktop,family,9519,music,86.3,PG-13,5109,native,post_roll,cpg,7.25,11,1,0,1,70.3,3,10.25,1.82,1.14,0.39,2024-03-11 19:00:00,19,0,3,0.0909090909090909,0.0,0.3636363636363636,0.7761226666666667,11,0.0909090909090909,desktop_cpg,evening,0,244.6820412280824,0.0425632561378983,70.3
695382,68.0,M,CA,Vancouver,mobile,free,6135,sports,30.0,PG-13,5840,video,mid_roll,tech,1.43,8,0,0,0,12.4,2,4.9,0.62,0.02,0.04,2024-03-11 19:00:00,19,0,3,0.0,0.0,0.25,0.3193703333333333,8,0.0,mobile_tech,evening,0,244.6820412280824,0.0425632561378983,12.4
827900,64.0,M,IN,Mumbai,smart_tv,free,9986,kids,47.0,PG-13,5779,banner,pre_roll,travel,4.67,8,0,0,0,33.0,3,16.62,0.9,0.05,0.13,2024-03-11 19:00:00,19,0,3,0.0,0.0,0.375,0.5682119999999999,8,0.0,smart_tv_travel,evening,0,244.6820412280824,0.0425632561378983,33.0
557120,27.0,F,AU,Melbourne,mobile,premium,2920,kids,34.1,PG,5840,interstitial,post_roll,tech,2.85,11,1,1,1,28.1,4,2.5,0.81,12.33,0.15,2024-03-11 19:00:00,19,0,3,0.0909090909090909,1.0,0.5454545454545454,0.7070063333333334,11,0.0909090909090909,mobile_tech,evening,0,244.6820412280824,0.0425632561378983,28.1
808698,27.0,M,US,New York,desktop,premium,5140,gaming,23.8,PG,5951,banner,post_roll,travel,8.07,10,0,0,0,27.5,3,10.28,1.0,0.04,0.1,2024-03-11 19:00:00,19,0,3,0.0,0.0,0.3,0.528472,10,0.0,desktop_travel,evening,0,244.6820412280824,0.0425632561378983,36.35
577814,32.0,F,US,Austin,desktop,basic,2151,gaming,56.0,R,5665,native,sidebar,healthcare,3.79,6,0,0,0,45.1,5,9.61,0.89,0.02,0.06,2024-03-11 19:00:00,19,0,3,0.0,0.0,0.8333333333333334,0.7185543333333333,6,0.0,desktop_healthcare,evening,0,244.6820412280824,0.0425632561378983,45.1
972329,53.0,F,UK,Manchester,mobile,free,7016,music,23.1,G,5659,video,pre_roll,tech,1.2,2,0,0,0,3.5,2,9.43,1.24,0.01,0.02,2024-03-11 19:00:00,19,0,3,0.0,0.0,1.0,0.249461,2,0.0,mobile_tech,evening,0,244.6820412280824,0.0425632561378983,3.5
930750,39.0,F,MX,Mexico City,mobile,free,1664,sports,43.0,PG-13,5300,banner,pre_roll,finance,4.92,7,0,0,0,13.9,2,10.08,0.83,0.03,0.07,2024-03-11 19:00:00,19,0,3,0.0,0.0,0.2857142857142857,0.332969,7,0.0,mobile_finance,evening,0,244.6820412280824,0.0425632561378983,13.9
786080,44.0,F,BR,Rio de Janeiro,mobile,premium,6944,sports,43.3,PG,5755,audio,mid_roll,finance,2.94,4,0,0,0,25.6,6,11.17,1.18,0.02,0.04,2024-03-11 19:00:00,19,0,3,0.0,0.0,1.5,0.6347276666666667,4,0.0,mobile_finance,evening,0,244.6820412280824,0.0425632561378983,32.75
741426,46.0,M,AU,Melbourne,desktop,premium,5677,news,16.7,PG-13,5481,native,post_roll,healthcare,4.49,8,1,1,1,0.5,4,7.51,0.78,19.47,0.18,2024-03-11 19:00:00,19,0,3,0.125,1.0,0.75,0.4747166666666666,8,0.125,desktop_healthcare,evening,0,244.6820412280824,0.0425632561378983,0.5
751116,69.0,M,AU,Melbourne,tablet,basic,2505,kids,42.0,PG-13,5698,native,mid_roll,healthcare,3.79,9,1,0,1,37.0,2,10.02,0.27,0.2,0.13,2024-03-11 19:00:00,19,0,3,0.1111111111111111,0.0,0.3333333333333333,0.6664543333333333,9,0.1111111111111111,tablet_healthcare,evening,0,244.6820412280824,0.0425632561378983,22.15
246786,62.0,M,US,Seattle,smart_tv,basic,4086,gaming,22.4,PG,5510,video,pre_roll,tech,5.38,8,0,0,0,30.9,3,4.51,2.2,0.01,0.04,2024-03-11 20:00:00,20,0,3,0.0,0.0,0.375,0.5540346666666667,8,0.0,smart_tv_tech,evening,0,244.6820412280824,0.0425632561378983,30.9
664912,16.0,F,FR,Lyon,mobile,free,3229,sports,2.0,G,5202,video,mid_roll,cpg,7.67,10,0,0,0,0.5,4,10.13,2.03,0.04,0.1,2024-03-11 20:00:00,20,0,3,0.0,0.0,0.4,0.3323756666666666,10,0.0,mobile_cpg,evening,0,244.6820412280824,0.0425632561378983,0.5
467837,32.0,Other,US,New York,desktop,basic,8783,kids,29.6,PG-13,5106,banner,in_feed,auto,6.35,10,0,0,0,26.3,2,9.81,0.99,0.04,0.1,2024-03-11 20:00:00,20,0,3,0.0,0.0,0.2,0.4588103333333333,10,0.0,desktop_auto,evening,0,244.6820412280824,0.0425632561378983,26.3
713021,66.0,M,US,Austin,mobile,family,7793,kids,17.3,PG,5848,banner,pre_roll,retail,3.07,1,0,0,0,17.7,4,5.94,0.61,0.0,0.01,2024-03-11 20:00:00,20,0,3,0.0,0.0,4.0,0.4833449999999999,1,0.0,mobile_retail,evening,0,244.6820412280824,0.0425632561378983,17.7
483068,26.0,Other,FR,Paris,mobile,basic,8940,drama,24.9,PG,5756,audio,post_roll,travel,4.75,10,0,0,0,14.7,3,8.8,1.55,0.04,0.09,2024-03-11 20:00:00,20,0,3,0.0,0.0,0.3,0.4003826666666666,10,0.0,mobile_travel,evening,0,244.6820412280824,0.0425632561378983,14.7
726325,33.0,F,FR,Paris,desktop,free,6570,comedy,35.6,PG,5342,audio,sidebar,auto,4.46,4,0,0,0,27.8,2,9.13,1.23,0.01,0.04,2024-03-11 20:00:00,20,0,3,0.0,0.0,0.5,0.4709569999999999,4,0.0,desktop_auto,evening,0,244.6820412280824,0.0425632561378983,15.566666666666668
753580,71.0,F,UK,Manchester,mobile,free,8686,gaming,47.7,PG,5608,interstitial,in_feed,finance,3.66,2,0,0,0,42.7,6,15.08,0.62,0.01,0.03,2024-03-11 21:00:00,21,0,3,0.0,0.0,3.0,0.737273,2,0.0,mobile_finance,evening,0,244.6820412280824,0.0425632561378983,42.7
784713,34.0,Unknown,US,Seattle,mobile,family,4899,gaming,67.4,PG-13,5505,interstitial,in_feed,cpg,6.81,2,1,0,1,37.0,7,7.42,1.54,0.93,0.25,2024-03-11 21:00:00,21,0,3,0.5,0.0,4.0,0.9097623333333332,2,0.5,mobile_cpg,evening,0,244.6820412280824,0.0425632561378983,37.0
948311,72.0,F,AU,Sydney,mobile,basic,9559,news,63.4,PG-13,5403,banner,pre_roll,finance,5.39,5,0,0,0,35.9,4,11.94,1.3,0.02,0.06,2024-03-11 21:00:00,21,0,3,0.0,0.0,0.8,0.639737,5,0.0,mobile_finance,evening,0,244.6820412280824,0.0425632561378983,35.9
404467,29.0,M,US,Chicago,mobile,free,3317,drama,101.9,PG,5715,native,mid_roll,healthcare,8.35,9,0,0,0,95.05050000000048,2,11.45,1.85,0.04,0.1,2024-03-11 21:00:00,21,0,3,0.0,0.0,0.2222222222222222,0.6016316666666667,9,0.0,mobile_healthcare,evening,0,244.6820412280824,0.0425632561378983,95.05050000000048
773824,33.0,F,US,Chicago,mobile,premium,7678,music,2.0,PG,5600,interstitial,pre_roll,finance,8.24,5,1,0,1,0.5,1,12.32,1.01,0.63,0.21,2024-03-11 21:00:00,21,0,3,0.2,0.0,0.4,0.3310456666666667,5,0.2,mobile_finance,evening,0,244.6820412280824,0.0425632561378983,0.5
760352,55.0,F,AU,Sydney,tablet,premium,2606,drama,45.6,R,5282,interstitial,sidebar,finance,10.33,3,0,0,0,39.1,5,14.65,0.81,0.02,0.04,2024-03-11 21:00:00,21,0,3,0.0,0.0,1.6666666666666667,0.696421,3,0.0,tablet_finance,evening,0,244.6820412280824,0.0425632561378983,38.05
290651,14.0,M,BR,Rio de Janeiro,tablet,basic,9154,sports,22.6,R,5776,interstitial,mid_roll,auto,7.92,11,0,0,0,8.4,3,10.48,1.48,0.05,0.12,2024-03-11 21:00:00,21,0,3,0.0,0.0,0.2727272727272727,0.3443666666666666,11,0.0,tablet_auto,evening,0,244.6820412280824,0.0425632561378983,16.55
446168,38.0,Unknown,BR,Sao Paulo,desktop,family,7907,news,53.3,G,5234,audio,in_feed,travel,7.16,8,0,0,0,32.3,3,17.34,1.95,0.06,0.14,2024-03-11 21:00:00,21,0,3,0.0,0.0,0.375,0.56376,8,0.0,desktop_travel,evening,0,244.6820412280824,0.0425632561378983,32.3
292985,29.0,F,IN,Hyderabad,desktop,family,4460,documentary,12.2,PG-13,5784,audio,in_feed,retail,3.61,7,1,0,1,0.5,1,10.23,0.91,0.57,0.21,2024-03-11 21:00:00,21,0,3,0.1428571428571428,0.0,0.2857142857142857,0.3164526666666666,7,0.1428571428571428,desktop_retail,evening,0,244.6820412280824,0.0425632561378983,0.5
213322,67.0,M,AU,Sydney,desktop,basic,9312,drama,42.8,PG-13,5686,banner,in_feed,finance,11.37,6,0,0,0,25.7,1,8.77,2.03,0.02,0.05,2024-03-11 21:00:00,21,0,3,0.0,0.0,0.1666666666666666,0.4033923333333333,6,0.0,desktop_finance,evening,0,244.6820412280824,0.0425632561378983,25.7
862516,16.0,M,US,Austin,console,free,6397,documentary,29.6,PG,5490,native,in_feed,retail,6.16,10,0,0,0,8.0,5,7.22,0.98,0.03,0.07,2024-03-11 21:00:00,21,0,3,0.0,0.0,0.5,0.4361876666666666,10,0.0,console_retail,evening,0,244.6820412280824,0.0425632561378983,8.0
587135,15.0,M,JP,Osaka,desktop,basic,1183,comedy,14.9,PG-13,5627,video,mid_roll,gaming,3.18,7,0,0,0,20.6,1,11.01,0.72,0.03,0.08,2024-03-11 21:00:00,21,0,3,0.0,0.0,0.1428571428571428,0.3518043333333333,7,0.0,desktop_gaming,evening,0,244.6820412280824,0.0425632561378983,20.6
569028,17.0,M,US,Chicago,desktop,free,3364,kids,54.7,R,5212,native,mid_roll,finance,8.8,6,1,0,1,29.0,1,19.8,0.55,0.38,0.2,2024-03-11 22:00:00,22,0,3,0.1666666666666666,0.0,0.3333333333333333,0.584816,6,0.1666666666666666,desktop_finance,night,0,244.6820412280824,0.0425632561378983,29.0
688136,51.0,F,CA,Toronto,desktop,premium,4150,news,33.9,G,5261,interstitial,in_feed,auto,2.85,1,0,0,0,13.3,2,16.13,0.35,0.01,0.02,2024-03-11 22:00:00,22,0,3,0.0,0.0,2.0,0.327577,1,0.0,desktop_auto,night,0,244.6820412280824,0.0425632561378983,13.3
633525,24.0,M,FR,Paris,desktop,free,9449,news,25.4,R,5891,banner,mid_roll,retail,3.92,5,0,0,0,24.8,2,6.05,0.87,0.01,0.03,2024-03-11 22:00:00,22,0,3,0.0,0.0,0.4,0.4462996666666667,5,0.0,desktop_retail,night,0,244.6820412280824,0.0425632561378983,24.8
544891,19.0,M,IN,Hyderabad,desktop,basic,8482,sports,26.4,G,5448,video,pre_roll,healthcare,5.25,10,0,0,0,30.2,5,9.92,1.29,0.04,0.1,2024-03-11 22:00:00,22,0,3,0.0,0.0,0.5,0.644401,10,0.0,desktop_healthcare,night,0,244.6820412280824,0.0425632561378983,30.2
640843,15.0,F,BR,Rio de Janeiro,desktop,premium,1804,kids,30.4,PG,5193,interstitial,sidebar,travel,8.15,6,0,0,0,16.4,4,15.79,1.44,0.04,0.09,2024-03-11 22:00:00,22,0,3,0.0,0.0,0.6666666666666666,0.4709183333333333,6,0.0,desktop_travel,night,0,244.6820412280824,0.0425632561378983,16.4
883960,60.0,M,IN,Bengaluru,mobile,free,8308,music,32.7,R,5958,interstitial,in_feed,auto,3.64,7,0,0,0,6.4,2,10.41,1.19,0.03,0.07,2024-03-11 22:00:00,22,0,3,0.0,0.0,0.2857142857142857,0.2690596666666666,7,0.0,mobile_auto,night,0,244.6820412280824,0.0425632561378983,6.4
504674,28.0,M,MX,Guadalajara,mobile,basic,9391,drama,62.3,PG-13,5818,video,sidebar,travel,6.03,5,0,0,0,53.1,7,7.17,1.56,0.01,0.04,2024-03-11 22:00:00,22,0,3,0.0,0.0,1.4,0.7788293333333334,5,0.0,mobile_travel,night,0,244.6820412280824,0.0425632561378983,53.1
176119,72.0,F,BR,Sao Paulo,desktop,free,3238,documentary,42.5,PG,5052,audio,mid_roll,finance,5.3,10,1,0,1,38.4,1,9.04,0.98,0.62,0.24,2024-03-11 22:00:00,22,0,3,0.1,0.0,0.2,0.6148039999999999,10,0.1,desktop_finance,night,0,244.6820412280824,0.0425632561378983,38.4
132532,17.0,F,US,Austin,tablet,free,9020,music,47.9,PG-13,5570,banner,post_roll,healthcare,3.89,2,0,0,0,95.05050000000048,5,12.62,1.53,0.01,0.03,2024-03-11 22:00:00,22,0,3,0.0,0.0,2.5,0.7566916666666667,2,0.0,tablet_healthcare,night,0,244.6820412280824,0.0425632561378983,95.05050000000048
300940,38.0,M,DE,Munich,desktop,free,9647,comedy,39.7,PG-13,5655,banner,mid_roll,travel,5.01,10,1,0,1,17.1,2,12.07,1.03,0.67,0.28,2024-03-11 22:00:00,22,0,3,0.1,0.0,0.3,0.4904846666666666,10,0.1,desktop_travel,night,0,244.6820412280824,0.0425632561378983,17.35
263119,51.0,M,BR,Rio de Janeiro,mobile,free,2016,comedy,3.4,PG-13,5150,interstitial,sidebar,healthcare,5.72,4,0,0,0,13.8,2,4.36,1.42,0.01,0.02,2024-03-11 22:00:00,22,0,3,0.0,0.0,0.5,0.332081,4,0.0,mobile_healthcare,night,0,244.6820412280824,0.0425632561378983,13.8
952007,30.0,F,UK,Manchester,mobile,free,4066,music,38.2,G,5762,native,sidebar,healthcare,6.51,6,1,0,1,39.2,4,8.93,0.66,0.42,0.15,2024-03-11 23:00:00,23,0,3,0.1666666666666666,0.0,0.8333333333333334,0.8112726666666668,6,0.1666666666666666,mobile_healthcare,night,0,244.6820412280824,0.0425632561378983,39.2
319001,48.0,F,MX,Mexico City,desktop,free,4762,sports,2.0,PG,5213,audio,in_feed,finance,2.1,3,0,0,0,11.6,1,11.49,1.54,0.01,0.03,2024-03-11 23:00:00,23,0,3,0.0,0.0,0.3333333333333333,0.2615096666666666,3,0.0,desktop_finance,night,0,244.6820412280824,0.0425632561378983,11.6
469289,66.0,M,US,Seattle,tablet,basic,4123,documentary,96.3,PG,5716,video,mid_roll,healthcare,3.33,1,0,0,0,71.0,2,13.03,0.65,0.01,0.01,2024-03-11 23:00:00,23,0,3,0.0,0.0,2.0,0.5971836666666667,1,0.0,tablet_healthcare,night,0,244.6820412280824,0.0425632561378983,71.0
589128,30.0,F,MX,Guadalajara,desktop,premium,2120,kids,32.4,G,5658,native,pre_roll,tech,3.22,8,0,0,0,26.4,6,12.02,0.73,0.04,0.1,2024-03-11 23:00:00,23,0,3,0.0,0.0,0.75,0.641245,8,0.0,desktop_tech,night,0,244.6820412280824,0.0425632561378983,26.4
133275,41.0,M,JP,Tokyo,desktop,free,6022,news,15.6,R,5560,video,in_feed,gaming,4.37,5,0,0,0,15.9,4,8.14,1.35,0.02,0.04,2024-03-11 23:00:00,23,0,3,0.0,0.0,0.8,0.4662103333333333,5,0.0,desktop_gaming,night,0,244.6820412280824,0.0425632561378983,15.9
459274,49.0,M,US,Seattle,desktop,free,6627,comedy,52.4,G,5884,banner,pre_roll,gaming,6.48,4,1,0,1,36.9,5,10.59,1.57,0.96,0.28,2024-03-11 23:00:00,23,0,3,0.25,0.0,1.5,0.8570113333333333,4,0.25,desktop_gaming,night,0,244.6820412280824,0.0425632561378983,36.9
638557,20.0,F,CA,Vancouver,smart_tv,premium,6108,kids,52.8,PG-13,5642,native,in_feed,healthcare,2.81,6,0,0,0,31.6,7,4.75,1.27,0.01,0.03,2024-03-11 23:00:00,23,0,3,0.0,0.0,1.1666666666666667,0.696044,6,0.0,smart_tv_healthcare,night,0,244.6820412280824,0.0425632561378983,30.450000000000003
436034,28.0,F,MX,Mexico City,desktop,basic,8204,drama,23.3,PG,5388,audio,post_roll,auto,3.58,7,0,0,0,19.6,1,8.24,0.86,0.02,0.06,2024-03-11 23:00:00,23,0,3,0.0,0.0,0.1428571428571428,0.3364536666666666,7,0.0,desktop_auto,night,0,244.6820412280824,0.0425632561378983,19.6
379040,44.0,M,DE,Berlin,mobile,basic,8627,news,49.5,PG-13,5735,video,in_feed,finance,3.9,9,1,0,1,27.6,2,14.46,0.38,0.28,0.19,2024-03-12 00:00:00,0,1,3,0.1111111111111111,0.0,0.3333333333333333,0.6045116666666666,9,0.1111111111111111,mobile_finance,late_night,0,260.59541348643904,0.0438077941857455,27.6
610693,59.0,F,DE,Berlin,mobile,free,7371,comedy,55.7,PG,5302,interstitial,mid_roll,tech,2.63,6,0,0,0,18.5,2,11.66,1.57,0.03,0.07,2024-03-12 00:00:00,0,1,3,0.0,0.0,0.3333333333333333,0.376629,6,0.0,mobile_tech,late_night,0,260.59541348643904,0.0438077941857455,18.5
694969,46.0,M,JP,Tokyo,desktop,basic,1605,gaming,51.7,PG,5782,audio,sidebar,tech,5.85,7,0,0,0,19.1,1,7.52,0.74,0.02,0.05,2024-03-12 00:00:00,0,1,3,0.0,0.0,0.1428571428571428,0.3317656666666667,7,0.0,desktop_tech,late_night,0,260.59541348643904,0.0438077941857455,19.1
197601,66.0,F,US,Chicago,desktop,basic,3174,music,80.5,PG-13,5703,audio,in_feed,finance,5.12,5,0,0,0,59.3,8,8.05,0.93,0.02,0.04,2024-03-12 00:00:00,0,1,3,0.0,0.0,1.6,0.7949706666666666,5,0.0,desktop_finance,late_night,0,260.59541348643904,0.0438077941857455,59.3
136155,58.0,M,MX,Guadalajara,mobile,basic,8910,news,51.2,PG-13,5639,video,pre_roll,travel,4.25,3,0,0,0,55.7,5,6.27,1.49,0.01,0.02,2024-03-12 00:00:00,0,1,3,0.0,0.0,1.6666666666666667,0.7408743333333333,3,0.0,mobile_travel,late_night,0,260.59541348643904,0.0438077941857455,42.3
357554,73.0,F,IN,Bengaluru,tablet,basic,6094,drama,26.4,R,5685,interstitial,post_roll,healthcare,8.3,2,0,0,0,10.7,2,8.98,2.19,0.01,0.02,2024-03-12 00:00:00,0,1,3,0.0,0.0,1.0,0.304021,2,0.0,tablet_healthcare,late_night,0,260.59541348643904,0.0438077941857455,10.7
369249,32.0,F,IN,Hyderabad,mobile,basic,9586,music,62.7,PG,5204,banner,sidebar,gaming,3.04,9,0,0,0,44.1,3,4.7,0.99,0.02,0.04,2024-03-12 00:00:00,0,1,3,0.0,0.0,0.3333333333333333,0.6202466666666666,9,0.0,mobile_gaming,late_night,0,260.59541348643904,0.0438077941857455,44.1
886051,58.0,M,IN,Hyderabad,mobile,basic,8129,news,89.8,PG-13,5680,banner,post_roll,healthcare,5.56,5,0,0,0,54.7,4,16.94,1.32,0.03,0.08,2024-03-12 00:00:00,0,1,3,0.0,0.0,0.8,0.698729,5,0.0,mobile_healthcare,late_night,0,260.59541348643904,0.0438077941857455,52.95
309493,30.0,M,IN,Bengaluru,mobile,free,3545,music,62.2,PG-13,5469,audio,mid_roll,cpg,9.09,1,0,0,0,30.8,4,8.9,1.34,0.0,0.01,2024-03-12 00:00:00,0,1,3,0.0,0.0,4.0,0.607749,1,0.0,mobile_cpg,late_night,0,260.59541348643904,0.0438077941857455,30.8
997344,33.0,M,MX,Mexico City,mobile,basic,4914,documentary,44.1,PG,5805,banner,sidebar,cpg,4.48,10,0,0,0,30.4,8,13.52,1.12,0.05,0.14,2024-03-12 00:00:00,0,1,3,0.0,0.0,0.8,0.6958293333333333,10,0.0,mobile_cpg,late_night,0,260.59541348643904,0.0438077941857455,26.5
392057,44.0,M,FR,Lyon,desktop,basic,4722,kids,19.2,PG,5187,video,pre_roll,auto,4.51,4,0,0,0,0.5,1,7.72,1.18,0.01,0.03,2024-03-12 00:00:00,0,1,3,0.0,0.0,0.25,0.1674656666666666,4,0.0,desktop_auto,late_night,0,260.59541348643904,0.0438077941857455,0.5
251234,64.0,M,UK,London,mobile,free,8640,news,6.4,PG,5229,audio,in_feed,cpg,4.86,4,0,0,0,0.5,2,17.44,0.84,0.03,0.07,2024-03-12 00:00:00,0,1,3,0.0,0.0,0.5,0.2180356666666666,4,0.0,mobile_cpg,late_night,0,260.59541348643904,0.0438077941857455,0.5
342386,35.0,F,DE,Munich,mobile,basic,3152,comedy,28.2,R,5271,video,pre_roll,travel,8.25,8,0,0,0,12.7,4,18.0,0.86,0.06,0.14,2024-03-12 01:00:00,1,1,3,0.0,0.0,0.5,0.4364356666666666,8,0.0,mobile_travel,late_night,0,260.59541348643904,0.0438077941857455,27.9
404115,72.0,F,US,Chicago,mobile,premium,6072,sports,13.5,PG,5336,audio,in_feed,healthcare,5.2,1,0,0,0,6.3,4,2.64,0.91,0.0,0.0,2024-03-12 01:00:00,1,1,3,0.0,0.0,4.0,0.3826383333333333,1,0.0,mobile_healthcare,late_night,0,260.59541348643904,0.0438077941857455,6.3
456304,26.0,M,BR,Rio de Janeiro,mobile,premium,8526,drama,39.0,G,5102,banner,pre_roll,finance,5.48,3,1,0,1,26.7,1,7.76,1.17,0.71,0.2,2024-03-12 01:00:00,1,1,3,0.3333333333333333,0.0,0.6666666666666666,0.5889549999999999,3,0.3333333333333333,mobile_finance,late_night,0,260.59541348643904,0.0438077941857455,26.7
797279,56.0,M,IN,Bengaluru,desktop,free,2833,documentary,36.7,PG-13,5969,banner,pre_roll,cpg,5.31,4,1,0,1,23.2,2,11.14,1.13,0.7,0.21,2024-03-12 01:00:00,1,1,3,0.25,0.0,0.75,0.6033193333333333,4,0.25,desktop_cpg,late_night,0,260.59541348643904,0.0438077941857455,23.2
161148,72.0,F,UK,London,mobile,free,8899,news,43.4,PG,5510,interstitial,pre_roll,healthcare,2.91,9,1,0,1,28.4,3,4.55,0.42,0.27,0.1,2024-03-12 01:00:00,1,1,3,0.1111111111111111,0.0,0.4444444444444444,0.670712,9,0.1111111111111111,mobile_healthcare,late_night,0,260.59541348643904,0.0438077941857455,28.4
851072,48.0,M,MX,Mexico City,mobile,family,7736,kids,2.0,PG-13,5484,video,in_feed,healthcare,2.81,9,1,0,1,8.5,3,11.61,1.51,0.95,0.33,2024-03-12 01:00:00,1,1,3,0.1111111111111111,0.0,0.4444444444444444,0.4803106666666666,9,0.1111111111111111,mobile_healthcare,late_night,0,260.59541348643904,0.0438077941857455,18.5
579192,33.0,M,IN,Mumbai,tablet,free,8749,comedy,43.5,PG-13,5081,audio,sidebar,healthcare,1.31,4,0,0,0,9.3,5,12.82,0.82,0.02,0.05,2024-03-12 01:00:00,1,1,3,0.0,0.0,1.25,0.4469649999999999,4,0.0,tablet_healthcare,late_night,0,260.59541348643904,0.0438077941857455,9.3
876546,74.0,F,DE,Munich,desktop,free,1124,comedy,2.0,PG,5886,interstitial,mid_roll,finance,2.13,2,0,0,0,7.2,4,11.01,0.28,0.01,0.02,2024-03-12 01:00:00,1,1,3,0.0,0.0,2.0,0.389269,2,0.0,desktop_finance,late_night,0,260.59541348643904,0.0438077941857455,7.2
427828,42.0,M,JP,Tokyo,mobile,basic,9628,drama,54.2,PG,5948,native,mid_roll,tech,8.67,5,0,0,0,33.4,4,5.37,2.44,0.01,0.03,2024-03-12 02:00:00,2,1,3,0.0,0.0,0.8,0.6252236666666667,5,0.0,mobile_tech,late_night,0,260.59541348643904,0.0438077941857455,33.4
161917,61.0,F,DE,Berlin,mobile,basic,5522,sports,33.4,PG,5048,audio,pre_roll,cpg,9.23,5,0,0,0,25.2,2,6.3,1.1,0.01,0.03,2024-03-12 02:00:00,2,1,3,0.0,0.0,0.4,0.4497823333333333,5,0.0,mobile_cpg,late_night,0,260.59541348643904,0.0438077941857455,25.2
334368,63.0,F,CA,Vancouver,desktop,basic,7710,drama,60.3,PG,5311,video,sidebar,gaming,2.47,6,0,0,0,24.2,6,8.08,1.02,0.02,0.05,2024-03-12 02:00:00,2,1,3,0.0,0.0,1.0,0.6227423333333334,6,0.0,desktop_gaming,late_night,0,260.59541348643904,0.0438077941857455,24.2
128359,44.0,M,US,Chicago,mobile,premium,8453,gaming,19.5,PG-13,5168,banner,post_roll,retail,6.34,6,1,1,1,3.2,3,6.75,1.91,18.91,0.33,2024-03-12 02:00:00,2,1,3,0.1666666666666666,1.0,0.8333333333333334,0.4626823333333333,6,0.1666666666666666,mobile_retail,late_night,0,260.59541348643904,0.0438077941857455,3.2
556142,52.0,M,FR,Lyon,desktop,free,7615,documentary,26.4,PG,5155,banner,post_roll,cpg,2.38,11,0,0,0,4.9,2,12.21,1.45,0.05,0.13,2024-03-12 02:00:00,2,1,3,0.0,0.0,0.1818181818181818,0.258573,11,0.0,desktop_cpg,late_night,0,260.59541348643904,0.0438077941857455,4.9
474127,54.0,M,BR,Sao Paulo,mobile,free,6924,sports,42.1,PG-13,5540,audio,sidebar,travel,2.57,2,0,0,0,20.6,2,6.39,0.5,0.01,0.01,2024-03-12 02:00:00,2,1,3,0.0,0.0,1.0,0.4023743333333333,2,0.0,mobile_travel,late_night,0,260.59541348643904,0.0438077941857455,27.766666666666666
952455,71.0,M,UK,Manchester,smart_tv,free,9559,news,93.9,R,5088,native,sidebar,finance,4.62,9,1,0,1,56.4,3,7.5,0.78,0.5,0.18,2024-03-12 02:00:00,2,1,3,0.1111111111111111,0.0,0.4444444444444444,0.781696,9,0.1111111111111111,smart_tv_finance,late_night,0,260.59541348643904,0.0438077941857455,56.4
424454,32.0,F,AU,Melbourne,mobile,free,3880,gaming,65.4,PG,5659,video,in_feed,finance,4.52,2,1,1,1,39.4,4,15.05,0.81,12.74,0.15,2024-03-12 02:00:00,2,1,3,0.5,1.0,3.0,0.8385326666666666,2,0.5,mobile_finance,late_night,0,260.59541348643904,0.0438077941857455,39.4
473979,37.0,M,US,Chicago,desktop,free,8334,music,33.8,R,5333,audio,pre_roll,finance,5.11,10,0,0,0,95.05050000000048,1,7.42,1.49,0.03,0.07,2024-03-12 02:00:00,2,1,3,0.0,0.0,0.1,0.5510616666666667,10,0.0,desktop_finance,late_night,0,260.59541348643904,0.0438077941857455,95.05050000000048
401253,38.0,M,UK,London,desktop,premium,5960,sports,16.8,R,5737,audio,sidebar,tech,2.47,4,1,0,1,23.7,1,4.74,0.85,0.52,0.15,2024-03-12 02:00:00,2,1,3,0.25,0.0,0.5,0.557124,4,0.25,desktop_tech,late_night,0,260.59541348643904,0.0438077941857455,57.15016666666683
318297,63.0,M,UK,London,tablet,basic,6590,documentary,5.6,PG-13,5236,video,post_roll,finance,7.66,6,2,1,1,0.5,1,12.9,1.76,20.84,0.61,2024-03-12 02:00:00,2,1,3,0.3333333333333333,0.5,0.6666666666666666,0.3447856666666666,6,0.3333333333333333,tablet_finance,late_night,0,260.59541348643904,0.0438077941857455,0.5
357387,18.0,F,JP,Tokyo,mobile,free,8517,news,22.7,G,5815,banner,mid_roll,finance,3.41,7,0,0,0,17.6,4,12.03,1.19,0.03,0.08,2024-03-12 02:00:00,2,1,3,0.0,0.0,0.5714285714285714,0.4822916666666667,7,0.0,mobile_finance,late_night,0,260.59541348643904,0.0438077941857455,17.6
645537,52.0,F,IN,Hyderabad,mobile,basic,7305,drama,66.7,PG,5512,banner,pre_roll,auto,10.52,6,0,0,0,44.4,2,7.82,1.39,0.02,0.05,2024-03-12 02:00:00,2,1,3,0.0,0.0,0.3333333333333333,0.5612503333333334,6,0.0,mobile_auto,late_night,0,260.59541348643904,0.0438077941857455,44.4
175603,71.0,M,AU,Melbourne,mobile,family,1206,kids,62.2,PG-13,5339,native,pre_roll,gaming,1.18,10,0,0,0,17.4,0,13.94,1.22,0.06,0.14,2024-03-12 02:00:00,2,1,3,0.0,0.0,0.0,0.286474,10,0.0,mobile_gaming,late_night,0,260.59541348643904,0.0438077941857455,17.4
782840,66.0,M,IN,Mumbai,mobile,basic,9855,comedy,73.5,G,5718,banner,mid_roll,gaming,2.61,4,0,0,0,56.5,5,11.54,0.64,0.02,0.05,2024-03-12 02:00:00,2,1,3,0.0,0.0,1.25,0.7418756666666667,4,0.0,mobile_gaming,late_night,0,260.59541348643904,0.0438077941857455,56.5
825568,54.0,M,BR,Rio de Janeiro,mobile,free,5124,drama,26.5,PG-13,5073,audio,mid_roll,gaming,6.96,8,0,0,0,22.5,5,8.37,0.8,0.03,0.07,2024-03-12 02:00:00,2,1,3,0.0,0.0,0.625,0.580833,8,0.0,mobile_gaming,late_night,0,260.59541348643904,0.0438077941857455,22.5
391833,45.0,M,IN,Mumbai,desktop,free,8953,documentary,12.5,G,5479,video,in_feed,cpg,0.94,2,1,0,1,0.5,1,7.02,1.18,0.71,0.19,2024-03-12 02:00:00,2,1,3,0.5,0.0,1.0,0.3489866666666666,2,0.5,desktop_cpg,late_night,0,260.59541348643904,0.0438077941857455,0.5
837264,18.0,M,UK,Manchester,mobile,free,7937,documentary,55.6,PG-13,5503,native,pre_roll,retail,1.0,6,0,0,0,49.0,4,2.33,1.09,0.01,0.01,2024-03-12 02:00:00,2,1,3,0.0,0.0,0.6666666666666666,0.6882263333333333,6,0.0,mobile_retail,late_night,0,260.59541348643904,0.0438077941857455,49.0
389563,33.0,F,US,Austin,mobile,basic,6278,comedy,2.0,R,5554,native,post_roll,retail,10.43,11,1,0,1,14.8,1,13.25,1.22,0.79,0.33,2024-03-12 03:00:00,3,1,3,0.0909090909090909,0.0,0.1818181818181818,0.410151,11,0.0909090909090909,mobile_retail,late_night,0,260.59541348643904,0.0438077941857455,14.8
802987,20.0,F,DE,Berlin,desktop,free,7516,comedy,29.9,PG-13,5492,banner,sidebar,retail,7.2,4,0,0,0,0.5,4,12.41,1.59,0.02,0.05,2024-03-12 03:00:00,3,1,3,0.0,0.0,1.0,0.3323756666666666,4,0.0,desktop_retail,late_night,0,260.59541348643904,0.0438077941857455,0.5
589832,25.0,M,UK,London,desktop,free,3095,music,29.0,PG-13,5687,audio,mid_roll,healthcare,1.34,4,0,0,0,9.1,4,14.14,0.62,0.02,0.06,2024-03-12 03:00:00,3,1,3,0.0,0.0,1.0,0.4045743333333333,4,0.0,desktop_healthcare,late_night,0,260.59541348643904,0.0438077941857455,8.2
894441,48.0,F,JP,Tokyo,smart_tv,premium,6102,gaming,33.6,PG-13,5662,interstitial,sidebar,retail,1.55,4,0,0,0,20.6,1,9.07,0.95,0.01,0.04,2024-03-12 03:00:00,3,1,3,0.0,0.0,0.25,0.3518043333333333,4,0.0,smart_tv_retail,late_night,0,260.59541348643904,0.0438077941857455,20.6
202153,32.0,M,IN,Bengaluru,tablet,basic,8859,comedy,37.6,PG,5860,interstitial,pre_roll,auto,5.61,11,0,0,0,18.9,3,8.79,1.95,0.04,0.1,2024-03-12 03:00:00,3,1,3,0.0,0.0,0.2727272727272727,0.4402986666666666,11,0.0,tablet_auto,late_night,0,260.59541348643904,0.0438077941857455,18.9
401447,73.0,M,US,Austin,smart_tv,basic,1847,drama,31.4,R,5499,interstitial,mid_roll,cpg,5.85,2,0,0,0,17.2,4,13.14,1.55,0.01,0.03,2024-03-12 03:00:00,3,1,3,0.0,0.0,2.0,0.4783383333333333,2,0.0,smart_tv_cpg,late_night,0,260.59541348643904,0.0438077941857455,17.2
118512,65.0,M,IN,Bengaluru,mobile,free,2427,documentary,26.1,PG-13,5848,audio,pre_roll,auto,10.61,1,0,0,0,9.2,0,5.6,1.55,0.0,0.01,2024-03-12 03:00:00,3,1,3,0.0,0.0,0.0,0.2115726666666666,1,0.0,mobile_auto,late_night,0,260.59541348643904,0.0438077941857455,9.2
299358,53.0,F,US,Seattle,mobile,free,8168,music,35.7,G,5141,video,post_roll,retail,8.81,6,1,0,1,11.5,9,11.64,1.57,0.97,0.31,2024-03-12 03:00:00,3,1,3,0.1666666666666666,0.0,1.6666666666666667,0.6756076666666666,6,0.1666666666666666,mobile_retail,late_night,0,260.59541348643904,0.0438077941857455,27.95
864761,58.0,M,IN,Hyderabad,desktop,free,9400,music,47.6,PG-13,5548,banner,pre_roll,finance,2.92,4,0,0,0,19.3,3,12.98,1.08,0.02,0.05,2024-03-12 03:00:00,3,1,3,0.0,0.0,0.75,0.4441466666666667,4,0.0,desktop_finance,late_night,0,260.59541348643904,0.0438077941857455,27.05
491029,51.0,Other,US,Seattle,smart_tv,family,4069,sports,24.2,PG,5327,native,mid_roll,retail,2.38,10,0,0,0,4.8,0,7.54,1.06,0.03,0.08,2024-03-12 03:00:00,3,1,3,0.0,0.0,0.0,0.1784259999999999,10,0.0,smart_tv_retail,late_night,0,260.59541348643904,0.0438077941857455,4.8
273935,67.0,M,DE,Berlin,desktop,free,5840,comedy,2.0,PG,5369,interstitial,post_roll,tech,4.95,6,0,0,0,1.9,1,9.99,1.38,0.02,0.06,2024-03-12 03:00:00,3,1,3,0.0,0.0,0.1666666666666666,0.1897083333333333,6,0.0,desktop_tech,late_night,0,260.59541348643904,0.0438077941857455,1.9
172398,50.0,F,US,New York,mobile,basic,4153,gaming,45.1,R,5336,audio,mid_roll,finance,3.54,9,0,0,0,36.7,3,14.31,1.79,0.05,0.13,2024-03-12 03:00:00,3,1,3,0.0,0.0,0.3333333333333333,0.5896213333333333,9,0.0,mobile_finance,late_night,0,260.59541348643904,0.0438077941857455,36.7
587723,67.0,M,FR,Paris,mobile,free,2624,comedy,39.6,PG,5185,banner,mid_roll,retail,2.97,10,0,0,0,13.4,3,10.1,0.87,0.04,0.1,2024-03-12 04:00:00,4,1,3,0.0,0.0,0.3,0.3883493333333333,10,0.0,mobile_retail,late_night,0,260.59541348643904,0.0438077941857455,13.4
599420,14.0,F,UK,London,desktop,family,9997,gaming,51.0,G,5716,video,sidebar,cpg,5.9,5,0,0,0,32.9,2,10.47,1.88,0.02,0.05,2024-03-12 04:00:00,4,1,3,0.0,0.0,0.4,0.5076890000000001,5,0.0,desktop_cpg,late_night,0,260.59541348643904,0.0438077941857455,32.9
725939,49.0,Other,US,Chicago,mobile,free,2061,music,2.0,PG,5020,native,sidebar,retail,4.44,7,1,0,1,14.3,3,7.25,1.07,0.66,0.21,2024-03-12 04:00:00,4,1,3,0.1428571428571428,0.0,0.5714285714285714,0.5455483333333333,7,0.0714285714285714,mobile_retail,late_night,0,260.59541348643904,0.0438077941857455,12.8
481416,57.0,F,US,Chicago,mobile,basic,6949,sports,42.8,PG,5264,banner,sidebar,finance,3.8,6,0,0,0,16.0,2,1.42,1.16,0.0,0.01,2024-03-12 04:00:00,4,1,3,0.0,0.0,0.3333333333333333,0.3528556666666667,6,0.0,mobile_finance,late_night,0,260.59541348643904,0.0438077941857455,16.0
207421,41.0,M,US,Chicago,tablet,premium,5427,comedy,38.0,R,5887,video,mid_roll,healthcare,0.91,4,0,0,0,34.3,2,12.25,0.42,0.02,0.05,2024-03-12 04:00:00,4,1,3,0.0,0.0,0.5,0.516181,4,0.0,tablet_healthcare,late_night,0,260.59541348643904,0.0438077941857455,34.3
836395,69.0,F,CA,Toronto,console,free,2106,sports,59.2,R,5069,interstitial,post_roll,cpg,7.23,7,1,0,1,50.5,2,9.51,0.81,0.51,0.19,2024-03-12 04:00:00,4,1,3,0.1428571428571428,0.0,0.4285714285714285,0.7261613333333333,7,0.1428571428571428,console_cpg,late_night,0,260.59541348643904,0.0438077941857455,50.5
625559,68.0,F,US,New York,tablet,basic,5630,comedy,60.2,PG,5423,video,post_roll,gaming,6.27,3,0,0,0,42.8,6,12.02,1.48,0.01,0.04,2024-03-12 04:00:00,4,1,3,0.0,0.0,2.0,0.7375783333333333,3,0.0,tablet_gaming,late_night,0,260.59541348643904,0.0438077941857455,42.8
271084,43.0,M,IN,Bengaluru,mobile,basic,8462,news,39.1,G,5417,banner,pre_roll,finance,5.41,5,1,0,1,24.4,2,11.14,0.76,0.48,0.17,2024-03-12 04:00:00,4,1,3,0.2,0.0,0.6,0.6063996666666667,5,0.2,mobile_finance,late_night,0,260.59541348643904,0.0438077941857455,31.25
554393,47.0,F,FR,Paris,mobile,free,7308,drama,16.1,R,5450,interstitial,pre_roll,gaming,15.1,7,1,0,1,0.5,3,11.08,1.02,0.64,0.23,2024-03-12 04:00:00,4,1,3,0.1428571428571428,0.0,0.5714285714285714,0.4269136666666666,7,0.1428571428571428,mobile_gaming,late_night,0,260.59541348643904,0.0438077941857455,0.5
