user_id,age,gender,country,city,device_type,subscription_type,content_id,content_genre,content_duration,content_rating,campaign_id,ad_type,ad_placement,advertiser_category,bid_amount,impressions,clicks,conversions,clicked,session_duration,pages_viewed,cpm,cpc,revenue,cost,timestamp,hour,day_of_week,month
278081,60.0,M,US,Chicago,desktop,basic,8883,drama,27.6,PG-13,5893,interstitial,pre_roll,cpg,3.73,1,0,0,0,20.7,2,9.5,1.37,0.0,0.01,2024-04-18 04:00:00,4,3,4
990984,44.0,M,IN,Hyderabad,desktop,premium,6863,comedy,51.2,G,5467,video,sidebar,tech,2.52,1,0,0,0,25.3,6,12.4,1.24,0.0,0.01,2025-04-22 22:00:00,22,1,4
137269,27.0,F,BR,Sao Paulo,desktop,family,2281,news,37.7,PG-13,5896,native,mid_roll,retail,5.8,7,2,1,1,34.8,2,9.19,1.02,14.45,0.37,2025-02-17 11:00:00,11,0,2
366667,50.0,F,US,New York,mobile,basic,3348,news,27.9,PG,5877,video,in_feed,tech,2.35,5,0,0,0,1.6,3,16.96,1.44,0.03,0.08,2024-10-23 23:00:00,23,2,10
609676,74.0,M,MX,Mexico City,desktop,premium,2808,drama,23.2,PG,5174,native,sidebar,travel,3.49,3,0,0,0,20.6,2,7.69,0.97,0.01,0.02,2024-10-20 19:00:00,19,6,10
920347,58.0,F,BR,Sao Paulo,desktop,family,5244,drama,50.4,PG,5312,native,in_feed,retail,7.49,7,0,0,0,32.8,2,14.23,1.31,0.04,0.1,2025-06-07 15:00:00,15,5,6
760937,28.0,F,JP,Tokyo,mobile,family,6914,comedy,35.6,PG,5746,native,post_roll,auto,3.0,1,0,0,0,20.5,4,14.53,0.91,0.01,0.01,2024-04-16 09:00:00,9,1,4
908888,31.0,M,US,Austin,desktop,basic,1340,kids,22.3,R,5186,native,sidebar,tech,5.6,9,0,0,0,4.3,3,12.76,0.81,0.05,0.11,2025-03-12 13:00:00,13,2,3
498089,72.0,M,JP,Osaka,mobile,basic,9914,gaming,73.6,G,5116,video,mid_roll,gaming,4.88,2,0,0,0,49.1,4,15.17,1.36,0.01,0.03,2024-06-17 19:00:00,19,0,6
869547,21.0,F,US,Seattle,tablet,free,3009,drama,57.0,PG,5295,video,pre_roll,auto,3.13,3,1,0,1,45.6,6,6.03,1.16,0.7,0.19,2024-04-20 20:00:00,20,5,4
385493,25.0,M,US,Austin,desktop,free,6934,news,11.0,PG,5300,banner,in_feed,auto,2.79,6,0,0,0,2.6,3,9.41,0.34,0.02,0.06,2024-12-10 07:00:00,7,1,12
242704,23.0,M,US,Chicago,tablet,basic,1097,comedy,37.9,PG,5961,video,mid_roll,auto,12.56,7,0,0,0,29.9,6,12.8,1.18,0.04,0.09,2025-08-09 20:00:00,20,5,8
905553,51.0,F,UK,London,console,free,9565,music,50.5,PG-13,5007,video,mid_roll,tech,8.42,2,0,0,0,25.8,3,15.01,1.78,0.01,0.03,2025-04-02 07:00:00,7,2,4
693774,36.0,M,AU,Sydney,smart_tv,free,1588,documentary,26.9,PG-13,5764,banner,post_roll,healthcare,2.62,4,0,0,0,4.7,2,3.4,0.79,0.01,0.01,2025-04-16 00:00:00,0,2,4
159798,61.0,F,IN,Mumbai,desktop,free,4617,kids,40.1,PG-13,5875,native,in_feed,auto,9.14,3,0,0,0,34.1,1,10.98,0.89,0.01,0.03,2025-03-23 10:00:00,10,6,3
441904,14.0,F,IN,Unknown,tablet,basic,5968,gaming,54.7,PG-13,5766,video,sidebar,retail,1.73,10,0,0,0,50.7,0,4.9,1.41,0.02,0.05,2025-04-29 11:00:00,11,1,4
269053,56.0,F,FR,Lyon,desktop,basic,2758,documentary,28.0,R,5005,video,in_feed,cpg,6.39,1,0,0,0,17.5,4,10.37,0.54,0.0,0.01,2024-12-03 03:00:00,3,1,12
525532,66.0,F,US,Chicago,mobile,free,9620,documentary,64.6,PG-13,5240,banner,post_roll,auto,3.49,11,0,0,0,37.8,5,6.12,0.35,0.03,0.07,2024-05-09 04:00:00,4,3,5
702488,57.0,M,JP,Unknown,mobile,free,4512,news,29.8,PG-13,5514,banner,sidebar,cpg,4.19,11,1,1,1,9.9,3,12.03,1.33,15.37,0.33,2025-05-28 11:00:00,11,2,5
238721,54.0,F,AU,Melbourne,mobile,premium,4834,comedy,36.4,PG,5453,banner,in_feed,finance,4.61,1,0,0,0,14.4,5,10.69,0.79,0.0,0.01,2024-10-30 05:00:00,5,2,10
922071,69.0,M,AU,Sydney,desktop,free,2856,comedy,40.7,PG-13,5217,audio,mid_roll,travel,5.59,10,1,0,1,17.2,0,4.86,1.59,0.97,0.29,2024-11-26 04:00:00,4,1,11
979499,35.0,M,DE,Munich,desktop,family,7934,gaming,31.3,PG-13,5980,banner,in_feed,healthcare,8.11,7,2,0,1,8.8,1,12.03,1.49,1.82,0.53,2024-09-17 05:00:00,5,1,9
696648,32.0,M,FR,Lyon,mobile,free,8598,music,30.3,G,5689,banner,sidebar,gaming,4.33,8,0,0,0,34.7,2,12.6,1.71,0.04,0.1,2024-06-07 13:00:00,13,4,6
339030,34.0,M,JP,Osaka,mobile,family,1411,sports,31.2,PG-13,5469,banner,post_roll,travel,3.11,5,0,0,0,20.6,3,10.32,0.94,0.02,0.05,2025-07-14 10:00:00,10,0,7
301716,30.0,F,IN,Bengaluru,desktop,basic,4288,documentary,32.7,PG,5493,video,sidebar,auto,3.68,10,0,0,0,38.4,6,4.09,1.65,0.02,0.04,2025-04-27 01:00:00,1,6,4
872665,39.0,F,US,Chicago,mobile,basic,2798,drama,43.2,R,5600,banner,mid_roll,healthcare,3.91,9,0,0,0,17.0,3,14.29,1.21,0.05,0.13,2025-02-11 16:00:00,16,1,2
491634,44.0,M,UK,London,desktop,free,7889,drama,56.2,R,5749,native,in_feed,healthcare,2.97,4,0,0,0,23.1,1,9.79,1.08,0.02,0.04,2024-10-04 07:00:00,7,4,10
154213,43.0,F,US,Seattle,mobile,basic,2329,kids,45.0,R,5353,interstitial,in_feed,retail,4.74,11,1,1,1,29.1,2,7.47,1.26,34.13005000000005,0.27,2025-05-19 06:00:00,6,0,5
465376,52.0,F,CA,Vancouver,smart_tv,family,6865,kids,34.5,PG,5855,banner,pre_roll,healthcare,4.12,7,1,0,1,34.0,4,7.87,0.77,0.48,0.17,2024-12-20 12:00:00,12,4,12
813087,36.0,F,US,Austin,desktop,family,6590,kids,24.0,PG,5380,audio,in_feed,retail,2.08,8,0,0,0,17.2,4,7.81,0.5,0.02,0.06,2024-10-26 10:00:00,10,5,10
675006,41.0,M,JP,Tokyo,smart_tv,basic,7041,drama,42.7,PG,5050,video,pre_roll,finance,5.3,8,0,0,0,18.6,2,16.45,0.24,0.05,0.13,2024-10-30 05:00:00,5,2,10
817140,73.0,F,BR,Rio de Janeiro,mobile,basic,9395,documentary,40.4,PG-13,5688,native,in_feed,travel,8.62,6,1,0,1,19.8,3,11.04,1.67,1.03,0.32,2024-07-01 17:00:00,17,0,7
700186,37.0,M,US,Seattle,smart_tv,free,8068,comedy,12.7,G,5794,native,pre_roll,retail,4.58,8,0,0,0,1.2,2,7.2,2.08,0.02,0.06,2024-04-19 18:00:00,18,4,4
334847,15.0,Other,JP,Tokyo,desktop,free,7872,documentary,35.2,PG,5898,interstitial,post_roll,travel,4.51,7,0,0,0,29.4,6,11.06,1.64,0.03,0.08,2024-12-25 11:00:00,11,2,12
608147,15.0,M,US,Chicago,tablet,premium,3627,documentary,7.4,PG-13,5396,audio,pre_roll,tech,5.86,1,0,0,0,0.5,1,7.76,0.31,0.0,0.01,2025-06-23 11:00:00,11,0,6
610703,55.0,M,UK,Unknown,desktop,basic,1356,music,62.6,R,5297,native,pre_roll,finance,6.57,8,0,0,0,32.8,7,12.11,0.46,0.04,0.1,2024-04-04 11:00:00,11,3,4
984797,59.0,Unknown,US,Seattle,desktop,family,3600,drama,46.0,R,5702,audio,sidebar,gaming,2.36,2,0,0,0,48.3,3,6.79,1.0,0.01,0.01,2025-06-07 11:00:00,11,5,6
367905,49.0,F,US,Austin,mobile,free,5734,kids,43.5,R,5195,interstitial,post_roll,retail,1.84,8,0,0,0,20.6,3,11.17,1.42,0.04,0.09,2025-05-21 22:00:00,22,2,5
393329,40.0,Other,MX,Mexico City,mobile,basic,5335,kids,42.4,PG-13,5724,native,pre_roll,tech,5.7,6,0,0,0,32.0,4,10.68,0.51,0.03,0.06,2024-07-28 10:00:00,10,6,7
289557,37.0,M,US,Chicago,tablet,premium,1637,documentary,51.2,PG-13,5653,video,post_roll,cpg,6.34,6,0,0,0,31.4,0,14.22,1.03,0.03,0.09,2025-02-05 02:00:00,2,2,2
444624,16.0,M,CA,Toronto,desktop,free,2062,kids,57.9,PG-13,5922,audio,post_roll,cpg,5.09,1,0,0,0,31.0,5,9.27,1.27,0.0,0.01,2024-05-29 05:00:00,5,2,5
656410,14.0,M,CA,Toronto,desktop,free,3325,drama,9.0,PG-13,5703,video,pre_roll,gaming,5.13,9,0,0,0,1.4,1,11.43,1.07,0.04,0.1,2025-04-14 08:00:00,8,0,4
489574,47.0,M,UK,London,desktop,basic,2684,documentary,18.5,PG,5789,native,mid_roll,travel,5.07,6,0,0,0,0.5,0,11.68,1.36,0.03,0.07,2025-03-14 06:00:00,6,4,3
752801,58.0,F,US,New York,mobile,premium,4310,sports,30.1,PG-13,5053,banner,in_feed,gaming,7.23,4,0,0,0,32.6,7,14.44,0.7,0.02,0.06,2024-09-08 10:00:00,10,6,9
154900,32.0,M,JP,Tokyo,desktop,family,3642,gaming,37.6,R,5270,audio,mid_roll,retail,4.16,4,0,0,0,37.9,2,10.38,1.09,0.02,0.04,2024-04-06 16:00:00,16,5,4
741348,14.0,M,UK,London,desktop,free,9662,news,39.3,R,5393,audio,sidebar,healthcare,3.96,8,1,0,1,13.8,5,13.3,1.26,0.8,0.3,2025-08-07 04:00:00,4,3,8
912066,64.0,F,UK,Manchester,desktop,premium,1425,music,23.6,PG,5640,video,mid_roll,gaming,4.61,4,0,0,0,21.0,6,12.63,0.99,0.02,0.05,2024-10-27 16:00:00,16,6,10
854627,57.0,M,IN,Bengaluru,desktop,free,8202,drama,34.1,PG-13,5564,video,sidebar,travel,6.29,4,0,0,0,13.5,1,9.35,1.06,0.01,0.04,2025-06-26 06:00:00,6,3,6
512894,27.0,Other,FR,Lyon,desktop,free,2748,music,42.2,PG,5734,banner,mid_roll,tech,3.01,3,0,0,0,19.0,3,15.42,1.32,0.02,0.05,2025-03-02 01:00:00,1,6,3
743716,53.0,Other,BR,Sao Paulo,smart_tv,free,6105,sports,16.6,PG-13,5150,video,post_roll,tech,12.35,7,0,0,0,11.4,9,12.29,0.46,0.03,0.09,2025-04-25 07:00:00,7,4,4
798320,45.0,M,DE,Munich,mobile,free,9561,music,36.7,R,5608,banner,post_roll,healthcare,5.39,7,0,0,0,27.0,3,10.77,1.18,0.03,0.08,2025-04-15 08:00:00,8,1,4
444202,30.0,M,IN,Bengaluru,desktop,free,7687,sports,46.7,PG,5943,video,in_feed,healthcare,5.51,3,0,0,0,40.0,2,11.13,1.47,0.01,0.03,2024-06-14 02:00:00,2,4,6
439708,52.0,M,US,Seattle,mobile,free,2850,drama,48.7,R,5176,video,sidebar,healthcare,5.89,5,1,0,1,31.7,4,12.58,0.3,0.21,0.11,2024-09-13 12:00:00,12,4,9
981279,24.0,F,US,Austin,mobile,free,4811,documentary,50.0,PG,5456,audio,post_roll,healthcare,5.53,9,0,0,0,14.3,1,12.34,1.69,0.04,0.11,2024-11-08 00:00:00,0,4,11
840485,63.0,M,UK,London,desktop,premium,1034,news,38.8,PG-13,5008,video,mid_roll,tech,7.98,9,1,0,1,27.4,4,8.67,1.0,0.63,0.23,2024-11-24 19:00:00,19,6,11
960251,46.0,M,UK,Manchester,desktop,free,7030,comedy,41.7,PG-13,5582,banner,post_roll,cpg,5.83,11,1,0,1,20.2,1,10.15,1.14,0.73,0.28,2024-03-24 15:00:00,15,6,3
881016,61.0,M,CA,Toronto,mobile,basic,3109,gaming,42.8,R,5618,audio,post_roll,gaming,5.14,9,0,0,0,35.3,1,11.94,1.5,0.04,0.11,2024-12-21 03:00:00,3,5,12
506734,31.0,F,US,Chicago,mobile,family,1560,news,40.0,G,5734,native,in_feed,retail,7.29,6,0,0,0,8.9,4,9.78,0.45,0.02,0.06,2024-05-23 07:00:00,7,3,5
459417,35.0,F,US,Chicago,tablet,family,9022,documentary,34.3,PG-13,5798,interstitial,sidebar,healthcare,4.45,10,0,0,0,32.4,3,9.03,1.58,0.04,0.09,2025-04-06 10:00:00,10,6,4
974036,62.0,Other,FR,Paris,tablet,premium,7150,sports,34.5,PG,5194,banner,sidebar,travel,3.57,2,0,0,0,18.2,2,7.13,0.87,0.01,0.01,2025-03-04 20:00:00,20,1,3
547014,61.0,M,MX,Mexico City,console,free,9284,news,36.3,R,5660,video,mid_roll,healthcare,5.14,7,0,0,0,24.6,2,10.16,0.05,0.03,0.07,2025-07-12 03:00:00,3,5,7
984814,27.0,M,BR,Sao Paulo,mobile,free,5839,music,27.1,G,5764,interstitial,post_roll,healthcare,4.36,2,0,0,0,13.9,2,7.7,1.11,0.01,0.02,2025-04-07 04:00:00,4,0,4
660410,19.0,M,US,Austin,smart_tv,family,9765,gaming,29.7,R,5991,video,in_feed,tech,1.54,8,0,0,0,17.7,3,14.61,0.78,0.05,0.12,2024-09-14 23:00:00,23,5,9
769187,71.0,M,IN,Hyderabad,desktop,basic,1800,gaming,21.2,G,5403,video,mid_roll,healthcare,2.03,10,1,0,1,20.6,7,4.26,1.18,0.73,0.22,2025-08-05 10:00:00,10,1,8
740137,42.0,Other,US,Chicago,desktop,free,5871,music,65.5,PG-13,5929,video,pre_roll,cpg,2.52,10,0,0,0,76.4,7,10.3,1.27,0.04,0.1,2024-10-08 20:00:00,20,1,10
826792,18.0,F,BR,Rio de Janeiro,desktop,free,2014,documentary,42.8,PG,5851,video,in_feed,auto,5.14,1,0,0,0,30.0,2,5.47,0.71,0.0,0.01,2024-08-23 22:00:00,22,4,8
231239,46.0,M,UK,London,desktop,free,2839,documentary,8.8,PG-13,5216,banner,pre_roll,auto,5.78,11,1,0,1,11.1,3,12.09,1.22,0.79,0.32,2025-07-02 23:00:00,23,2,7
202720,28.0,F,JP,Osaka,desktop,premium,4682,documentary,35.7,R,5075,banner,in_feed,tech,7.02,3,0,0,0,36.4,3,5.39,1.32,0.01,0.02,2024-09-17 01:00:00,1,1,9
365198,45.0,M,IN,Bengaluru,mobile,free,3233,sports,31.8,PG,5175,native,post_roll,auto,1.79,8,0,0,0,26.6,2,11.37,1.15,0.04,0.09,2024-04-11 05:00:00,5,3,4
343252,43.0,F,IN,Mumbai,desktop,basic,5986,kids,23.2,PG-13,5376,audio,pre_roll,retail,7.47,3,0,0,0,15.0,3,4.02,1.52,0.0,0.01,2024-11-09 13:00:00,13,5,11
544586,53.0,F,US,Chicago,smart_tv,premium,6477,drama,12.5,PG-13,5622,native,in_feed,healthcare,2.65,5,0,0,0,0.5,5,4.66,1.39,0.01,0.02,2025-05-04 16:00:00,16,6,5
210186,41.0,F,US,Seattle,mobile,basic,6924,comedy,38.9,G,5448,banner,post_roll,gaming,3.19,6,0,0,0,26.9,3,6.85,0.88,0.02,0.04,2024-06-11 07:00:00,7,1,6
582962,22.0,F,UK,London,desktop,basic,6068,documentary,15.1,PG-13,5648,audio,in_feed,auto,6.85,2,0,0,0,22.7,5,8.41,0.96,0.01,0.02,2024-11-05 23:00:00,23,1,11
237899,67.0,Other,US,Chicago,smart_tv,premium,7727,music,18.7,G,5365,interstitial,sidebar,gaming,3.02,8,1,0,1,15.3,5,3.61,1.88,1.14,0.31,2024-05-10 03:00:00,3,4,5
757413,60.0,F,MX,Guadalajara,mobile,basic,2710,kids,40.9,PG-13,5004,interstitial,mid_roll,finance,7.07,10,0,0,0,40.7,6,9.29,1.01,0.04,0.09,2025-03-06 16:00:00,16,3,3
799496,14.0,F,BR,Rio de Janeiro,desktop,basic,4758,sports,40.2,R,5236,native,sidebar,finance,4.17,8,1,0,1,31.1,4,10.84,0.55,0.36,0.17,2024-11-12 21:00:00,21,1,11
973472,71.0,M,DE,Berlin,mobile,premium,3528,sports,11.3,PG,5439,native,post_roll,gaming,4.04,1,0,0,0,7.9,7,8.45,2.31,0.0,0.01,2024-08-26 07:00:00,7,0,8
284232,62.0,F,US,New York,mobile,basic,8764,documentary,9.5,R,5541,interstitial,pre_roll,travel,2.19,4,0,0,0,11.6,2,7.35,1.04,0.01,0.03,2024-07-01 12:00:00,12,0,7
174047,56.0,M,DE,Berlin,mobile,family,8638,gaming,44.8,R,5072,audio,in_feed,cpg,9.63,6,0,0,0,40.8,5,14.79,1.48,0.04,0.09,2024-12-30 19:00:00,19,0,12
440191,22.0,M,FR,Lyon,tablet,free,4905,sports,49.6,PG,5208,video,pre_roll,travel,6.87,11,0,0,0,38.8,3,12.2,1.38,0.05,0.13,2025-02-25 16:00:00,16,1,2
755574,45.0,M,IN,Hyderabad,mobile,premium,6257,documentary,27.9,R,5802,native,post_roll,gaming,3.25,9,0,0,0,26.9,4,7.99,1.27,0.03,0.07,2025-07-21 18:00:00,18,0,7
492820,26.0,F,US,Austin,tablet,free,1813,gaming,46.4,G,5588,video,mid_roll,travel,7.72,2,0,0,0,34.1,4,10.24,1.78,0.01,0.02,2024-10-23 01:00:00,1,2,10
286743,55.0,M,AU,Sydney,tablet,free,7876,kids,18.0,PG-13,5849,audio,in_feed,retail,4.74,1,0,0,0,16.4,5,9.96,0.41,0.0,0.01,2024-05-26 18:00:00,18,6,5
161542,17.0,F,IN,Hyderabad,desktop,family,2571,kids,40.5,PG-13,5260,banner,pre_roll,gaming,6.57,5,0,0,0,20.6,3,10.29,0.81,0.02,0.05,2025-05-24 15:00:00,15,5,5
245985,60.0,M,US,Austin,desktop,basic,5257,documentary,41.4,PG,5407,banner,mid_roll,auto,4.49,5,0,0,0,23.7,4,7.83,1.59,0.02,0.04,2025-02-04 01:00:00,1,1,2
875173,53.0,M,US,Chicago,mobile,basic,5834,comedy,2.0,PG-13,5291,video,pre_roll,finance,8.86,7,0,0,0,0.5,0,12.86,1.11,0.04,0.09,2025-03-14 03:00:00,3,4,3
838201,68.0,F,FR,Lyon,mobile,free,2840,gaming,8.6,PG,5446,interstitial,mid_roll,gaming,2.97,7,0,0,0,22.5,4,7.0,0.97,0.02,0.05,2024-04-22 12:00:00,12,0,4
861136,38.0,F,CA,Vancouver,mobile,family,8040,documentary,59.7,PG,5068,audio,in_feed,tech,5.78,7,0,0,0,37.5,4,9.62,1.18,0.03,0.07,2024-08-16 16:00:00,16,4,8
561332,28.0,M,MX,Mexico City,desktop,free,7446,gaming,24.4,PG-13,5702,interstitial,pre_roll,gaming,14.18,4,0,0,0,20.6,2,10.56,1.35,0.02,0.04,2025-04-19 15:00:00,15,5,4
117238,28.0,M,CA,Toronto,desktop,premium,9102,comedy,47.1,R,5232,video,pre_roll,healthcare,4.65,1,0,0,0,49.7,3,9.97,1.07,0.0,0.01,2025-05-24 10:00:00,10,5,5
707779,59.0,M,US,Seattle,desktop,basic,8146,gaming,30.9,PG-13,5843,audio,pre_roll,tech,6.5,3,0,0,0,27.6,0,9.92,1.15,0.01,0.03,2024-10-22 00:00:00,0,1,10
632958,64.0,F,CA,Vancouver,mobile,free,3256,gaming,56.9,PG,5852,interstitial,pre_roll,retail,5.37,11,1,0,1,33.5,0,13.27,1.44,0.92,0.36,2025-05-09 13:00:00,13,4,5
670728,57.0,M,BR,Rio de Janeiro,desktop,free,5448,news,33.2,R,5651,interstitial,in_feed,tech,5.14,5,0,0,0,7.3,2,2.1,0.95,0.0,0.01,2025-05-29 12:00:00,12,3,5
638663,71.0,F,BR,Sao Paulo,desktop,family,6133,sports,57.3,G,5257,native,post_roll,finance,5.32,11,0,0,0,52.6,3,10.55,0.92,0.05,0.12,2024-09-26 05:00:00,5,3,9
322221,17.0,F,IN,Mumbai,desktop,free,9892,news,2.0,PG-13,5716,native,in_feed,travel,8.34,10,0,0,0,7.5,4,11.48,1.0,0.05,0.11,2025-06-28 23:00:00,23,5,6
662594,45.0,F,MX,Guadalajara,console,free,4695,news,45.8,PG-13,5641,interstitial,post_roll,auto,6.96,6,0,0,0,45.6,2,12.72,1.18,0.03,0.08,2024-08-03 16:00:00,16,5,8
956878,73.0,F,US,New York,tablet,free,4132,drama,12.6,R,5085,interstitial,mid_roll,travel,2.67,11,1,1,1,0.5,3,3.86,0.42,34.13005000000005,0.11,2024-07-08 08:00:00,8,0,7
332822,62.0,F,IN,Bengaluru,desktop,basic,4441,comedy,39.4,PG-13,5210,native,post_roll,tech,6.99,4,0,0,0,16.9,4,11.51,1.63,0.02,0.05,2025-03-04 13:00:00,13,1,3
325974,17.0,M,AU,Melbourne,desktop,basic,2783,comedy,44.3,PG-13,5489,banner,sidebar,retail,7.41,5,0,0,0,31.2,2,5.73,2.05,0.01,0.03,2025-02-07 20:00:00,20,4,2
252225,17.0,Other,US,New York,tablet,premium,4212,music,53.8,PG-13,5690,video,in_feed,cpg,4.14,11,1,0,1,10.5,2,10.99,1.29,0.82,0.31,2024-05-15 11:00:00,11,2,5
672991,45.0,F,DE,Munich,mobile,premium,7598,music,4.4,PG,5290,audio,mid_roll,healthcare,4.59,11,0,0,0,0.5,5,13.64,0.63,0.06,0.15,2025-05-24 16:00:00,16,5,5
177942,55.0,F,US,New York,desktop,basic,8556,news,27.3,R,5464,audio,sidebar,cpg,5.14,9,0,0,0,27.7,1,11.4,1.03,0.04,0.1,2024-06-16 22:00:00,22,6,6
640706,61.0,M,IN,Hyderabad,tablet,premium,2478,drama,57.0,G,5465,native,pre_roll,finance,5.82,8,0,0,0,43.2,8,14.08,1.21,0.05,0.11,2025-05-09 15:00:00,15,4,5
749136,41.0,M,IN,Hyderabad,tablet,premium,5128,gaming,30.0,G,5288,audio,in_feed,tech,3.83,2,0,0,0,19.9,3,12.18,0.4,0.01,0.02,2024-03-04 23:00:00,23,0,3
368163,64.0,F,FR,Paris,mobile,premium,5447,comedy,45.7,PG,5861,video,in_feed,cpg,7.95,10,0,0,0,30.3,7,12.22,1.01,0.05,0.12,2025-05-05 07:00:00,7,0,5
543106,58.0,F,JP,Tokyo,mobile,family,7043,music,7.2,PG-13,5410,video,in_feed,tech,5.19,8,0,0,0,8.2,0,15.67,1.55,0.05,0.13,2025-04-29 22:00:00,22,1,4
320941,48.0,F,US,New York,desktop,basic,8343,drama,22.3,PG-13,5731,interstitial,sidebar,healthcare,4.32,3,0,0,0,3.2,2,12.39,0.97,0.01,0.04,2025-04-26 09:00:00,9,5,4
651494,21.0,F,US,Seattle,desktop,free,4638,kids,52.8,R,5444,audio,post_roll,finance,4.36,2,0,0,0,39.0,4,12.11,1.11,0.01,0.02,2025-02-23 00:00:00,0,6,2
263613,25.0,M,US,Seattle,desktop,premium,2858,news,54.3,G,5854,video,mid_roll,retail,7.09,9,0,0,0,47.6,2,11.36,1.55,0.04,0.1,2024-11-10 15:00:00,15,6,11
601891,70.0,F,IN,Bengaluru,tablet,premium,9414,gaming,27.0,PG,5355,banner,post_roll,auto,3.71,10,0,0,0,26.1,9,8.61,0.05,0.03,0.09,2025-03-16 18:00:00,18,6,3
611607,72.0,M,CA,Vancouver,mobile,free,5958,gaming,28.4,PG,5995,interstitial,post_roll,tech,4.22,1,0,0,0,13.6,5,10.61,1.57,0.0,0.01,2024-07-28 15:00:00,15,6,7
692112,67.0,Other,FR,Lyon,desktop,free,3812,comedy,32.0,PG,5675,interstitial,sidebar,tech,5.45,7,0,0,0,2.1,2,6.17,0.96,0.02,0.04,2025-04-26 14:00:00,14,5,4
912184,26.0,M,US,Seattle,desktop,basic,9167,documentary,45.6,PG-13,5098,video,sidebar,travel,4.11,1,0,0,0,10.2,3,8.56,0.73,0.0,0.01,2024-12-26 01:00:00,1,3,12
734925,36.0,F,AU,Melbourne,mobile,free,7716,sports,76.2,R,5344,video,post_roll,retail,9.93,9,1,0,1,20.6,8,14.4,1.6,1.01,0.37,2024-11-03 19:00:00,19,6,11
346983,62.0,M,IN,Hyderabad,desktop,free,3999,comedy,38.1,PG-13,5110,interstitial,sidebar,cpg,9.28,6,1,0,1,18.1,6,12.12,1.16,0.73,0.25,2024-11-29 00:00:00,0,4,11
290479,20.0,F,US,New York,mobile,premium,9279,drama,66.7,PG,5971,audio,sidebar,healthcare,7.81,3,0,0,0,20.6,2,13.3,1.57,0.02,0.04,2025-01-02 02:00:00,2,3,1
489268,33.0,M,DE,Berlin,mobile,free,3045,kids,31.5,PG,5280,interstitial,mid_roll,finance,3.42,9,0,0,0,10.5,1,7.57,1.03,0.03,0.07,2024-03-21 02:00:00,2,3,3
719173,32.0,M,US,Austin,desktop,premium,4430,drama,26.8,PG-13,5361,video,pre_roll,healthcare,12.22,10,0,0,0,10.8,4,16.69,1.79,0.07,0.17,2024-05-15 11:00:00,11,2,5
454089,66.0,M,FR,Lyon,mobile,free,6592,drama,28.0,PG,5187,audio,sidebar,healthcare,2.73,5,0,0,0,24.2,7,8.97,0.92,0.02,0.04,2024-07-11 13:00:00,13,3,7
348424,62.0,Other,UK,Manchester,mobile,basic,6913,comedy,49.9,R,5757,audio,post_roll,auto,5.84,9,0,0,0,41.2,6,7.84,0.78,0.03,0.07,2024-05-01 20:00:00,20,2,5
728661,34.0,M,IN,Bengaluru,mobile,family,2394,sports,16.3,PG-13,5427,video,sidebar,finance,6.62,5,0,0,0,0.5,1,8.91,1.4,0.02,0.04,2024-10-24 09:00:00,9,3,10
124924,17.0,M,US,New York,mobile,basic,9059,drama,40.1,R,5057,audio,sidebar,finance,8.22,2,0,0,0,12.4,3,8.5,1.39,0.01,0.02,2025-02-24 22:00:00,22,0,2
853382,67.0,M,US,New York,mobile,premium,8754,sports,73.3,G,5055,video,mid_roll,tech,1.53,9,0,0,0,31.5,2,9.68,0.91,0.03,0.09,2025-02-17 09:00:00,9,0,2
837014,42.0,M,US,Seattle,desktop,premium,4666,comedy,49.7,PG,5110,native,post_roll,healthcare,1.58,3,0,0,0,41.7,1,10.64,1.37,0.01,0.03,2024-11-10 09:00:00,9,6,11
180728,33.0,F,IN,Mumbai,tablet,free,8941,drama,31.3,PG-13,5509,native,in_feed,healthcare,6.58,9,1,0,1,24.9,4,7.3,1.82,1.12,0.34,2025-06-05 17:00:00,17,3,6
776456,16.0,M,CA,Toronto,desktop,family,1852,comedy,63.9,PG-13,5305,native,in_feed,retail,7.03,11,0,0,0,64.7,3,12.18,1.28,0.05,0.13,2024-12-31 05:00:00,5,1,12
594633,57.0,F,IN,Bengaluru,mobile,free,4922,kids,46.4,PG-13,5990,audio,pre_roll,healthcare,2.95,9,0,0,0,18.3,1,5.76,1.54,0.02,0.05,2024-04-12 18:00:00,18,4,4
777277,62.0,M,US,Seattle,mobile,premium,3575,news,2.0,R,5753,banner,in_feed,auto,3.09,3,0,0,0,0.6,4,5.83,0.19,0.01,0.02,2025-04-18 02:00:00,2,4,4
788403,64.0,M,IN,Bengaluru,mobile,free,8314,music,10.5,G,5252,video,post_roll,cpg,7.27,9,1,0,1,6.5,4,12.17,0.88,0.57,0.24,2025-01-05 06:00:00,6,6,1
438146,15.0,M,US,Seattle,desktop,free,5458,news,57.9,PG-13,5602,interstitial,post_roll,finance,5.35,9,0,0,0,20.6,4,11.83,1.03,0.04,0.11,2025-02-06 17:00:00,17,3,2
834422,58.0,M,US,Seattle,mobile,basic,6295,drama,22.9,G,5108,video,post_roll,tech,4.47,11,0,0,0,25.6,7,6.89,1.87,0.03,0.08,2024-12-31 07:00:00,7,1,12
796202,54.0,M,US,Chicago,desktop,free,8132,documentary,41.0,R,5892,native,post_roll,auto,5.18,11,2,0,1,39.8,6,3.69,1.04,1.26,0.35,2024-12-24 22:00:00,22,1,12
728771,24.0,M,MX,Guadalajara,mobile,free,2920,documentary,11.7,R,5594,interstitial,mid_roll,retail,5.74,9,0,0,0,5.7,3,6.08,1.47,0.4869049325901411,0.05,2024-04-18 21:00:00,21,3,4
360913,33.0,M,IN,Hyderabad,desktop,basic,3703,comedy,64.0,PG-13,5756,native,in_feed,retail,4.49,8,0,0,0,59.6,4,7.93,1.15,0.03,0.06,2024-12-27 23:00:00,23,4,12
300116,34.0,M,AU,Sydney,smart_tv,premium,5823,documentary,21.1,R,5176,native,sidebar,auto,4.47,8,0,0,0,17.3,3,9.35,1.66,0.03,0.07,2025-05-04 06:00:00,6,6,5
368217,70.0,F,AU,Sydney,mobile,premium,3157,news,19.9,R,5743,banner,pre_roll,cpg,7.27,11,1,0,1,20.6,2,12.16,0.98,0.64,0.28,2024-08-12 03:00:00,3,0,8
386310,60.0,M,DE,Berlin,mobile,basic,7247,documentary,32.6,R,5804,audio,mid_roll,tech,7.69,9,1,1,1,8.7,1,6.86,1.4,23.98,0.27,2025-01-20 12:00:00,12,0,1
429331,30.0,F,DE,Berlin,mobile,premium,8949,gaming,14.6,PG,5560,native,pre_roll,travel,2.78,11,0,0,0,20.6,2,7.85,0.05,0.03,0.09,2024-03-17 15:00:00,15,6,3
790842,35.0,F,DE,Berlin,tablet,basic,6849,sports,58.7,PG,5258,native,in_feed,healthcare,5.72,10,0,0,0,52.1,5,5.78,1.3,0.02,0.06,2024-09-04 15:00:00,15,2,9
751176,45.0,M,DE,Berlin,desktop,basic,7300,news,26.8,PG,5294,interstitial,in_feed,cpg,3.5,9,1,0,1,5.2,2,12.89,1.35,0.86,0.32,2024-10-22 19:00:00,19,1,10
405037,32.0,F,JP,Osaka,mobile,premium,4894,kids,85.6,PG-13,5678,video,sidebar,retail,5.16,1,0,0,0,44.8,2,12.35,1.35,0.0,0.01,2025-08-13 16:00:00,16,2,8
323464,49.0,F,US,Seattle,mobile,free,9969,comedy,58.1,R,5936,banner,sidebar,auto,6.3,5,0,0,0,27.4,5,8.23,1.97,0.02,0.04,2024-06-24 21:00:00,21,0,6
757222,63.0,Unknown,US,Chicago,desktop,family,5906,documentary,57.2,R,5354,audio,in_feed,auto,4.98,3,0,0,0,41.0,1,0.5,1.26,0.0,0.0,2024-07-28 08:00:00,8,6,7
166905,64.0,M,BR,Sao Paulo,mobile,free,9779,gaming,25.8,PG-13,5979,audio,pre_roll,gaming,5.14,3,0,0,0,13.5,5,7.5,1.06,0.01,0.02,2024-10-07 14:00:00,14,0,10
609706,14.0,M,UK,London,mobile,premium,9220,documentary,28.5,G,5195,banner,mid_roll,tech,6.42,1,0,0,0,9.6,2,19.71,1.31,0.01,0.02,2025-08-19 00:00:00,0,1,8
333315,63.0,F,UK,London,mobile,free,5115,comedy,25.7,R,5979,interstitial,pre_roll,healthcare,4.64,7,0,0,0,0.5,3,9.8,1.5,0.03,0.07,2025-06-04 20:00:00,20,2,6
633318,42.0,M,US,Chicago,desktop,basic,6557,gaming,44.1,PG-13,5672,native,in_feed,travel,4.0,6,1,1,1,32.3,2,6.27,0.87,32.95,0.17,2024-03-19 17:00:00,17,1,3
513297,35.0,F,US,Austin,tablet,premium,5306,news,18.3,PG-13,5771,native,mid_roll,retail,4.76,6,0,0,0,12.6,3,12.69,0.97,0.03,0.08,2024-07-05 07:00:00,7,4,7
163317,13.0,M,US,Chicago,mobile,family,5033,gaming,13.3,PG-13,5162,banner,post_roll,gaming,4.66,2,0,0,0,0.5,5,12.51,1.44,0.01,0.03,2025-05-18 16:00:00,16,6,5
387010,15.0,F,IN,Bengaluru,smart_tv,free,1821,news,78.9,PG-13,5847,native,pre_roll,cpg,3.74,3,1,0,1,21.0,0,12.16,1.16,0.71,0.21,2024-04-01 11:00:00,11,0,4
552745,34.0,M,JP,Tokyo,desktop,basic,3035,news,58.9,R,5610,native,pre_roll,healthcare,1.54,11,0,0,0,29.2,3,4.97,1.57,0.02,0.05,2025-06-06 01:00:00,1,4,6
747750,59.0,M,US,Chicago,smart_tv,free,6984,comedy,26.2,PG-13,5257,interstitial,mid_roll,auto,6.47,5,0,0,0,15.5,6,13.62,0.93,0.03,0.07,2024-07-30 22:00:00,22,1,7
929220,74.0,F,UK,Manchester,smart_tv,free,8426,gaming,21.7,PG-13,5960,video,in_feed,finance,4.83,3,0,0,0,22.0,6,11.69,0.98,0.01,0.04,2025-07-09 12:00:00,12,2,7
169658,63.0,Other,US,Seattle,desktop,free,8488,sports,2.0,PG-13,5550,interstitial,in_feed,tech,6.33,6,1,0,1,7.3,3,14.26,1.43,0.89,0.3,2024-08-06 12:00:00,12,1,8
729439,66.0,Unknown,UK,Manchester,desktop,basic,8283,drama,24.0,R,5875,banner,in_feed,healthcare,4.96,6,0,0,0,5.1,1,8.81,1.81,0.02,0.05,2024-10-21 12:00:00,12,0,10
690349,55.0,F,IN,Bengaluru,tablet,free,1430,drama,27.9,PG-13,5548,banner,pre_roll,retail,5.61,6,0,0,0,4.8,2,6.84,0.45,0.02,0.04,2025-02-21 10:00:00,10,4,2
105739,27.0,F,US,Chicago,mobile,free,3552,drama,28.3,PG-13,5310,banner,in_feed,healthcare,1.98,2,0,0,0,7.5,3,3.57,0.27,0.0,0.01,2024-05-08 04:00:00,4,2,5
382425,34.0,M,US,Chicago,mobile,free,3386,kids,59.5,PG,5565,video,pre_roll,finance,8.75,10,1,0,1,45.3,5,16.8,2.18,1.38,0.5,2024-12-26 19:00:00,19,3,12
225181,15.0,F,CA,Vancouver,mobile,free,2610,drama,62.9,G,5221,native,post_roll,auto,5.1,9,0,0,0,47.2,0,9.87,1.45,0.04,0.09,2024-11-28 17:00:00,17,3,11
265455,66.0,M,FR,Lyon,mobile,basic,3408,comedy,22.4,G,5094,interstitial,pre_roll,tech,7.71,11,0,0,0,15.1,1,13.02,0.68,0.06,0.14,2025-04-28 07:00:00,7,0,4
398111,40.0,M,US,Seattle,console,free,6673,music,38.8,PG-13,5670,video,pre_roll,gaming,2.45,10,1,0,1,31.0,1,4.48,1.25,0.77,0.23,2025-08-20 21:00:00,21,2,8
309916,74.0,M,BR,Rio de Janeiro,smart_tv,free,6040,kids,2.0,PG,5837,interstitial,sidebar,retail,7.01,4,0,0,0,0.5,8,12.09,0.53,0.02,0.05,2025-02-22 17:00:00,17,5,2
648356,37.0,F,US,Austin,desktop,premium,5062,kids,61.7,PG,5098,banner,post_roll,auto,11.22,11,1,0,1,35.3,7,11.72,1.44,0.92,0.34,2024-10-07 23:00:00,23,0,10
278703,35.0,M,UK,London,desktop,premium,6950,documentary,53.1,PG,5789,audio,in_feed,finance,3.19,3,0,0,0,32.3,2,10.21,0.51,0.01,0.03,2024-10-06 10:00:00,10,6,10
232269,58.0,F,CA,Toronto,desktop,free,2173,comedy,58.8,PG,5357,audio,post_roll,healthcare,4.96,6,0,0,0,40.9,3,12.65,1.3,0.03,0.08,2024-10-12 16:00:00,16,5,10
874847,56.0,F,UK,London,desktop,free,4256,drama,66.9,R,5011,video,mid_roll,auto,8.8,4,1,0,1,43.6,2,12.18,1.11,0.69,0.22,2025-05-14 13:00:00,13,2,5
571696,31.0,M,US,Seattle,mobile,free,6883,sports,5.7,PG-13,5788,video,sidebar,auto,3.15,3,2,0,1,15.3,5,8.37,0.63,0.77,0.21,2024-08-21 10:00:00,10,2,8
365906,55.0,F,BR,Rio de Janeiro,tablet,free,8773,sports,29.2,PG-13,5385,interstitial,mid_roll,tech,5.6,10,1,0,1,20.6,4,8.52,0.57,0.38,0.17,2024-05-30 03:00:00,3,3,5
840358,64.0,M,US,Seattle,mobile,premium,5861,gaming,52.2,PG-13,5935,banner,post_roll,retail,11.27,2,1,0,1,41.6,4,18.53,0.72,0.45,0.15,2024-08-28 12:00:00,12,2,8
831530,28.0,F,AU,Sydney,tablet,free,3134,documentary,45.4,PG-13,5565,banner,sidebar,finance,1.74,5,1,0,1,19.3,1,12.13,0.46,0.3,0.13,2024-03-13 06:00:00,6,2,3
108228,28.0,M,BR,Rio de Janeiro,mobile,basic,8364,sports,12.2,PG,5993,native,mid_roll,tech,11.08,9,0,0,0,3.2,0,12.59,1.73,0.05,0.11,2024-04-27 07:00:00,7,5,4
361127,35.0,M,AU,Sydney,mobile,basic,1037,kids,37.2,PG,5443,audio,mid_roll,finance,6.58,6,1,0,1,25.7,2,13.36,1.17,0.73,0.26,2024-04-18 15:00:00,15,3,4
585854,56.0,Other,AU,Melbourne,desktop,free,7442,sports,33.2,PG,5325,audio,in_feed,gaming,3.69,9,0,0,0,16.4,4,9.43,1.28,0.03,0.08,2025-04-21 15:00:00,15,0,4
103374,64.0,F,AU,Melbourne,tablet,premium,1185,music,18.5,G,5931,native,mid_roll,retail,5.61,2,0,0,0,16.1,3,10.0,1.1,0.01,0.02,2025-03-26 01:00:00,1,2,3
707945,53.0,F,AU,Sydney,desktop,basic,2217,kids,26.4,G,5429,audio,post_roll,gaming,5.84,3,0,0,0,17.9,4,6.26,1.31,0.01,0.02,2025-03-12 06:00:00,6,2,3
106153,56.0,F,US,Seattle,mobile,family,2250,sports,65.4,PG-13,5860,video,mid_roll,tech,2.02,8,1,0,1,50.7,3,2.76,0.73,0.45,0.13,2024-11-05 09:00:00,9,1,11
985839,65.0,F,DE,Berlin,mobile,free,6701,gaming,78.7,PG-13,5872,audio,mid_roll,healthcare,6.95,4,0,0,0,29.1,4,5.5,1.79,0.01,0.02,2025-03-23 05:00:00,5,6,3
430960,67.0,F,IN,Hyderabad,tablet,free,6196,gaming,20.0,R,5504,native,mid_roll,retail,6.46,9,1,0,1,11.3,5,12.92,1.17,0.75,0.29,2024-05-27 02:00:00,2,0,5
580752,34.0,F,IN,Hyderabad,tablet,free,7946,sports,42.2,G,5034,audio,pre_roll,healthcare,3.22,11,0,0,0,21.6,3,5.28,1.29,0.02,0.06,2025-06-30 08:00:00,8,0,6
868776,73.0,M,BR,Rio de Janeiro,desktop,free,2047,news,41.3,PG-13,5411,video,post_roll,retail,11.47,1,0,0,0,19.0,5,13.08,1.97,0.01,0.01,2024-11-26 13:00:00,13,1,11
597417,57.0,M,UK,London,mobile,premium,2061,drama,32.1,G,5008,native,sidebar,cpg,6.62,1,0,0,0,32.0,2,14.82,1.21,0.01,0.01,2025-07-20 13:00:00,13,6,7
632545,38.0,M,IN,Mumbai,mobile,free,8915,comedy,62.2,PG-13,5658,audio,pre_roll,cpg,6.42,10,0,0,0,29.1,3,9.84,1.54,0.04,0.1,2024-05-22 05:00:00,5,2,5
961260,33.0,M,FR,Lyon,desktop,basic,3890,music,26.1,R,5583,interstitial,mid_roll,gaming,5.76,1,1,0,1,20.6,3,8.42,1.28,0.77,0.2,2024-11-24 13:00:00,13,6,11
711554,57.0,M,US,New York,mobile,free,9772,music,18.1,G,5661,native,sidebar,gaming,4.19,1,0,0,0,15.3,1,9.97,1.0,0.0,0.01,2025-03-12 00:00:00,0,2,3
467064,31.0,M,US,New York,mobile,family,3089,kids,15.9,G,5351,banner,pre_roll,retail,11.27,5,0,0,0,1.1,3,13.19,1.29,0.03,0.07,2024-11-23 15:00:00,15,5,11
473208,68.0,M,US,Austin,desktop,basic,3678,sports,48.6,G,5966,interstitial,sidebar,retail,6.99,3,0,0,0,38.7,3,12.64,0.84,0.02,0.04,2024-10-27 22:00:00,22,6,10
683431,19.0,F,JP,Tokyo,desktop,free,4203,drama,48.3,R,5916,video,in_feed,healthcare,5.67,11,0,0,0,39.8,3,16.18,1.08,0.07,0.18,2024-05-29 18:00:00,18,2,5
347782,67.0,M,US,New York,tablet,free,1606,gaming,22.4,PG-13,5885,native,sidebar,cpg,7.13,8,0,0,0,8.3,2,6.77,1.42,0.02,0.05,2024-09-22 18:00:00,18,6,9
101565,42.0,M,US,Chicago,desktop,family,9050,drama,35.6,PG-13,5081,audio,in_feed,retail,5.14,1,0,0,0,4.1,1,12.18,1.21,0.0,0.01,2024-07-07 22:00:00,22,6,7
678642,44.0,M,DE,Berlin,mobile,family,9011,kids,85.1,PG-13,5734,banner,mid_roll,tech,5.6,5,0,0,0,84.5,8,11.13,1.09,0.02,0.06,2024-08-10 19:00:00,19,5,8
695339,44.0,F,AU,Sydney,mobile,free,4188,news,18.2,PG-13,5325,interstitial,mid_roll,travel,5.41,9,0,0,0,3.6,1,11.29,1.46,0.04,0.1,2025-03-05 04:00:00,4,2,3
621506,36.0,M,DE,Berlin,mobile,free,2453,news,2.0,PG-13,5569,banner,mid_roll,tech,7.31,5,0,0,0,0.5,0,11.6,1.01,0.02,0.06,2025-02-04 08:00:00,8,1,2
379307,39.0,M,US,Chicago,smart_tv,free,2047,comedy,2.0,R,5907,banner,pre_roll,retail,5.02,10,0,0,0,20.6,3,5.95,0.65,0.02,0.06,2025-01-22 21:00:00,21,2,1
131347,69.0,M,FR,Paris,smart_tv,basic,1630,documentary,34.8,R,5609,audio,post_roll,auto,10.7,9,0,0,0,0.5,0,19.13,1.47,0.07,0.17,2024-09-12 09:00:00,9,3,9
272133,52.0,F,US,Chicago,mobile,family,2830,music,66.2,PG-13,5485,video,pre_roll,tech,9.54,1,1,0,1,44.4,4,13.93,1.2,0.73,0.19,2025-08-01 05:00:00,5,4,8
597785,70.0,Other,US,Austin,mobile,free,8406,news,35.7,R,5491,video,in_feed,finance,3.69,10,0,0,0,12.0,2,9.77,1.67,0.04,0.1,2024-04-17 07:00:00,7,2,4
129024,21.0,M,FR,Lyon,mobile,free,4923,comedy,27.0,PG-13,5243,audio,post_roll,retail,2.64,5,0,0,0,40.1,11,12.83,0.42,0.03,0.06,2024-09-01 23:00:00,23,6,9
667662,68.0,M,CA,Toronto,mobile,premium,2086,documentary,23.2,G,5207,video,pre_roll,retail,2.14,8,0,0,0,4.2,1,9.33,0.67,0.03,0.07,2024-05-03 17:00:00,17,4,5
267269,60.0,M,MX,Guadalajara,mobile,basic,2977,news,15.7,R,5079,video,post_roll,healthcare,11.14,11,0,0,0,2.3,3,10.82,1.19,0.05,0.12,2024-08-31 00:00:00,0,5,8
431578,50.0,F,FR,Lyon,mobile,free,6437,music,12.1,PG,5465,interstitial,post_roll,gaming,3.67,3,0,0,0,9.5,3,9.94,0.62,0.01,0.03,2025-08-02 10:00:00,10,5,8
988194,44.0,M,BR,Rio de Janeiro,tablet,premium,9842,kids,3.7,PG,5187,interstitial,mid_roll,tech,5.23,1,0,0,0,5.7,6,8.88,1.07,0.0,0.01,2024-09-14 18:00:00,18,5,9
407757,41.0,M,UK,Manchester,mobile,premium,8012,documentary,12.6,R,5578,interstitial,in_feed,retail,3.94,4,0,0,0,21.3,4,11.9,2.16,0.02,0.05,2025-07-04 15:00:00,15,4,7
462721,57.0,F,CA,Toronto,mobile,basic,3939,news,19.3,PG,5853,audio,pre_roll,gaming,2.89,3,0,0,0,21.1,1,11.35,0.66,0.01,0.03,2024-11-23 08:00:00,8,5,11
808679,58.0,M,CA,Toronto,mobile,basic,4134,kids,11.9,R,5404,banner,post_roll,auto,2.49,10,0,0,0,8.5,3,10.61,0.55,0.04,0.11,2025-03-13 20:00:00,20,3,3
160329,36.0,M,US,New York,desktop,free,2285,gaming,2.0,G,5659,video,post_roll,gaming,6.69,9,0,0,0,3.5,5,6.74,0.88,0.02,0.06,2024-11-03 00:00:00,0,6,11
433789,45.0,M,US,Austin,desktop,free,8424,sports,52.5,R,5944,interstitial,pre_roll,finance,7.87,7,1,1,1,32.1,3,12.63,1.57,28.8,0.32,2024-07-22 13:00:00,13,0,7
535808,14.0,F,UK,London,mobile,family,9587,gaming,52.1,PG-13,5651,video,pre_roll,healthcare,10.39,1,0,0,0,42.4,4,11.96,1.21,0.0,0.01,2025-04-17 16:00:00,16,3,4
357802,36.0,M,JP,Osaka,mobile,free,7491,comedy,41.2,R,5738,banner,sidebar,healthcare,6.76,1,0,0,0,6.3,0,15.54,1.09,0.01,0.02,2025-08-06 08:00:00,8,2,8
985031,26.0,F,DE,Berlin,mobile,family,2517,drama,2.0,R,5628,video,sidebar,healthcare,2.96,4,0,0,0,0.5,0,7.49,0.65,0.01,0.03,2024-07-21 07:00:00,7,6,7
806234,43.0,M,US,Chicago,mobile,family,2018,sports,50.1,G,5938,banner,in_feed,auto,5.4,4,1,0,1,27.3,3,10.44,1.68,1.02,0.29,2025-04-25 12:00:00,12,4,4
151836,45.0,Other,US,Austin,mobile,free,1066,sports,22.9,PG-13,5361,interstitial,pre_roll,finance,1.57,8,0,0,0,35.3,5,10.07,0.71,0.03,0.08,2024-07-20 00:00:00,0,5,7
986357,49.0,M,IN,Unknown,desktop,basic,8887,music,50.9,PG,5359,banner,in_feed,travel,4.95,11,1,0,1,33.0,1,11.95,1.56,0.99,0.37,2025-03-23 02:00:00,2,6,3
280300,25.0,F,US,New York,mobile,free,2571,kids,15.9,PG,5199,native,mid_roll,retail,3.66,8,0,0,0,5.2,1,14.62,1.55,0.05,0.12,2025-05-01 01:00:00,1,3,5
266307,34.0,M,IN,Hyderabad,desktop,family,8379,news,36.7,PG-13,5230,interstitial,in_feed,tech,6.3,5,0,0,0,16.0,1,12.87,2.01,0.03,0.06,2024-10-29 15:00:00,15,1,10
773678,33.0,F,US,Austin,tablet,free,5548,documentary,55.7,PG-13,5564,audio,post_roll,cpg,4.46,8,0,0,0,23.8,2,8.19,1.53,0.03,0.07,2025-04-02 22:00:00,22,2,4
440586,15.0,M,AU,Melbourne,desktop,free,1422,documentary,29.0,PG-13,5389,video,pre_roll,retail,5.26,8,0,0,0,7.3,1,13.6,0.92,0.04,0.11,2024-07-26 00:00:00,0,4,7
135128,48.0,M,FR,Lyon,desktop,premium,6571,documentary,26.2,PG-13,5565,banner,post_roll,retail,4.13,10,0,0,0,19.9,4,8.87,0.91,0.04,0.09,2024-04-12 19:00:00,19,4,4
102361,60.0,M,IN,Hyderabad,mobile,free,3342,comedy,30.2,PG,5479,audio,mid_roll,tech,1.84,2,0,0,0,17.3,1,8.15,0.94,0.01,0.02,2024-04-22 01:00:00,1,0,4
730343,46.0,F,FR,Lyon,mobile,basic,7714,music,39.5,PG,5315,native,mid_roll,auto,4.3,9,2,0,1,33.4,3,9.24,0.19,0.26,0.14,2024-10-28 09:00:00,9,0,10
537159,46.0,M,US,Seattle,mobile,free,4901,comedy,60.1,PG-13,5373,audio,sidebar,cpg,7.86,4,1,0,1,35.3,1,14.58,1.98,31.67968357309107,0.36,2025-07-01 09:00:00,9,1,7
523073,70.0,F,BR,Sao Paulo,smart_tv,basic,6911,music,67.8,PG-13,5006,audio,sidebar,cpg,4.74,5,0,0,0,47.1,6,8.98,1.02,0.02,0.04,2024-05-08 21:00:00,21,2,5
354550,16.0,M,BR,Rio de Janeiro,mobile,free,7105,kids,20.2,PG-13,5605,video,pre_roll,auto,1.87,7,0,0,0,19.1,5,11.89,1.08,0.03,0.08,2024-11-02 02:00:00,2,5,11
292906,44.0,F,UK,London,mobile,family,7687,kids,51.1,G,5800,audio,mid_roll,cpg,5.86,6,0,0,0,36.2,5,7.21,1.73,0.02,0.04,2025-03-16 04:00:00,4,6,3
843060,44.0,M,AU,Melbourne,mobile,premium,8288,comedy,31.0,R,5085,native,pre_roll,gaming,3.15,9,0,0,0,15.8,1,10.92,1.31,0.04,0.1,2024-06-18 06:00:00,6,1,6
490452,68.0,F,UK,Manchester,mobile,premium,9766,sports,34.4,PG-13,5188,video,sidebar,cpg,3.87,1,0,0,0,37.6,1,11.62,1.15,0.0,0.01,2025-03-25 16:00:00,16,1,3
924193,35.0,F,UK,London,desktop,premium,9556,gaming,20.7,R,5919,interstitial,post_roll,travel,6.35,5,1,0,1,22.4,5,8.57,0.89,0.55,0.18,2024-08-13 05:00:00,5,1,8
624109,29.0,M,JP,Unknown,smart_tv,family,3077,documentary,51.9,G,5038,interstitial,sidebar,gaming,6.62,10,0,0,0,38.5,3,11.76,1.05,0.05,0.12,2025-05-11 16:00:00,16,6,5
204553,42.0,F,US,Austin,desktop,premium,5607,news,8.3,PG-13,5029,banner,mid_roll,travel,2.8,8,0,0,0,4.0,1,8.46,1.01,0.03,0.07,2025-01-07 18:00:00,18,1,1
483822,60.0,M,IN,Mumbai,tablet,free,5786,documentary,72.1,PG,5672,native,in_feed,retail,5.98,6,1,1,1,86.3,8,6.15,1.78,24.32,0.3,2024-12-21 07:00:00,7,5,12
877421,43.0,M,JP,Osaka,smart_tv,premium,5217,comedy,18.9,PG-13,5475,audio,post_roll,gaming,6.69,9,0,0,0,11.0,4,10.57,0.3,0.04,0.1,2024-06-04 10:00:00,10,1,6
166726,36.0,F,US,New York,mobile,premium,9000,comedy,3.3,PG,5093,video,post_roll,travel,5.39,3,1,0,1,0.5,2,10.69,0.54,0.34,0.11,2024-11-06 03:00:00,3,2,11
293486,74.0,M,DE,Berlin,smart_tv,free,1513,comedy,40.4,PG,5947,interstitial,mid_roll,travel,5.92,9,0,0,0,21.7,5,10.3,1.57,0.04,0.09,2025-06-06 13:00:00,13,4,6
552801,51.0,M,DE,Munich,desktop,free,1259,drama,3.7,R,5774,audio,in_feed,healthcare,3.59,5,0,0,0,0.5,1,8.83,1.62,0.02,0.04,2024-03-11 13:00:00,13,0,3
377164,34.0,M,BR,Rio de Janeiro,mobile,basic,5400,gaming,19.1,PG-13,5848,interstitial,sidebar,travel,0.9,5,0,0,0,6.3,3,8.97,0.96,0.02,0.04,2025-04-14 14:00:00,14,0,4
650242,22.0,F,DE,Munich,desktop,premium,6864,music,31.2,PG,5188,audio,sidebar,healthcare,4.31,8,1,0,1,20.6,5,11.7,0.85,0.55,0.22,2024-11-22 02:00:00,2,4,11
897167,15.0,F,FR,Paris,desktop,basic,3269,music,12.2,G,5101,audio,sidebar,tech,4.34,4,0,0,0,18.1,2,13.06,0.83,0.02,0.05,2025-03-24 12:00:00,12,0,3
735109,57.0,M,US,New York,tablet,basic,6649,gaming,31.4,PG-13,5698,native,sidebar,finance,6.01,2,0,0,0,20.6,1,11.73,1.43,0.01,0.02,2025-02-22 04:00:00,4,5,2
428720,49.0,M,AU,Melbourne,mobile,free,4093,sports,2.0,PG,5241,video,mid_roll,tech,5.03,1,0,0,0,1.7,1,15.16,1.14,0.01,0.02,2024-10-20 07:00:00,7,6,10
836955,13.0,Other,JP,Tokyo,desktop,free,3974,music,25.3,R,5336,interstitial,sidebar,gaming,9.6,5,0,0,0,9.5,3,4.57,1.89,0.01,0.02,2024-08-14 16:00:00,16,2,8
115178,31.0,M,US,Seattle,desktop,basic,1959,music,12.9,PG,5889,audio,pre_roll,travel,4.7,2,0,0,0,7.3,0,3.9,1.17,0.0,0.01,2025-02-02 17:00:00,17,6,2
776317,29.0,F,DE,Berlin,tablet,family,6144,sports,56.4,PG,5419,audio,sidebar,tech,10.76,9,1,0,1,36.5,4,13.02,1.32,0.84,0.32,2024-05-15 17:00:00,17,2,5
146625,59.0,Other,DE,Berlin,mobile,premium,7332,gaming,21.3,PG,5020,audio,in_feed,healthcare,5.91,6,0,0,0,11.3,2,11.13,1.21,0.03,0.07,2025-01-10 09:00:00,9,4,1
263926,71.0,M,US,Chicago,desktop,family,7007,comedy,35.3,G,5970,native,in_feed,finance,3.36,2,1,1,1,26.9,4,14.03,1.58,19.04,0.27,2024-04-21 03:00:00,3,6,4
403906,65.0,F,UK,Manchester,smart_tv,free,2322,kids,6.5,PG,5365,audio,in_feed,retail,8.36,11,0,0,0,0.7,2,6.92,1.43,0.03,0.08,2025-02-14 22:00:00,22,4,2
221603,21.0,F,IN,Hyderabad,mobile,free,2164,kids,34.5,PG-13,5445,native,sidebar,cpg,9.09,4,0,0,0,20.4,1,11.96,1.03,0.02,0.05,2025-02-03 12:00:00,12,0,2
895976,40.0,M,UK,Manchester,mobile,free,7314,news,10.0,PG-13,5714,video,post_roll,gaming,5.97,1,0,0,0,8.6,3,9.99,1.56,0.0,0.01,2024-04-15 14:00:00,14,0,4
675319,69.0,F,BR,Rio de Janeiro,desktop,basic,9365,kids,34.2,R,5119,banner,mid_roll,retail,6.19,3,0,0,0,12.7,1,9.05,1.55,0.01,0.03,2025-04-14 01:00:00,1,0,4
179806,58.0,M,IN,Mumbai,mobile,free,3577,sports,43.3,PG,5320,video,in_feed,travel,6.07,5,0,0,0,11.7,3,12.98,1.71,0.03,0.06,2024-10-11 12:00:00,12,4,10
741024,45.0,F,BR,Rio de Janeiro,desktop,premium,5064,music,28.3,R,5694,interstitial,post_roll,auto,2.39,9,1,0,1,7.4,3,8.9,1.77,1.09,0.35,2025-04-29 22:00:00,22,1,4
276016,68.0,M,US,New York,mobile,premium,1311,sports,21.3,G,5565,audio,in_feed,tech,10.44,4,0,0,0,17.2,3,7.29,1.3,0.01,0.03,2024-03-23 11:00:00,11,5,3
769592,18.0,M,UK,Manchester,desktop,basic,2351,music,2.0,R,5406,interstitial,post_roll,cpg,2.44,7,1,0,1,0.5,1,3.29,0.76,0.47,0.14,2024-06-05 21:00:00,21,2,6
970604,74.0,F,IN,Hyderabad,mobile,premium,9300,kids,52.0,PG-13,5361,video,pre_roll,tech,0.71,7,1,0,1,29.6,3,6.86,0.63,0.4,0.14,2024-11-22 18:00:00,18,4,11
156449,68.0,M,US,New York,mobile,free,5816,documentary,46.9,PG-13,5420,native,post_roll,auto,4.7,1,0,0,0,19.2,5,11.3,1.25,0.0,0.01,2024-06-10 15:00:00,15,0,6
470324,53.0,M,JP,Tokyo,mobile,free,7163,comedy,54.4,PG,5050,banner,post_roll,tech,4.5,5,0,0,0,38.0,5,8.79,1.06,0.02,0.04,2024-08-26 03:00:00,3,0,8
670752,71.0,M,CA,Vancouver,console,free,5031,news,14.4,PG,5048,video,mid_roll,retail,7.66,11,0,0,0,20.6,0,16.31,1.41,0.07,0.18,2025-02-20 17:00:00,17,3,2
885380,69.0,F,BR,Sao Paulo,desktop,free,1574,music,28.9,G,5170,interstitial,sidebar,auto,3.74,7,0,0,0,8.2,5,13.08,1.89,0.04,0.09,2024-05-18 01:00:00,1,5,5
690078,54.0,F,JP,Tokyo,tablet,free,1051,drama,26.5,R,5844,banner,post_roll,cpg,6.75,10,0,0,0,13.7,8,9.87,1.38,0.04,0.1,2025-03-01 23:00:00,23,5,3
445044,25.0,M,IN,Hyderabad,smart_tv,premium,6849,sports,28.1,PG-13,5054,native,in_feed,finance,2.71,11,1,0,1,18.8,5,13.43,1.11,0.73,0.31,2024-04-25 20:00:00,20,3,4
144936,30.0,M,DE,Munich,console,premium,2001,news,90.1,G,5287,audio,sidebar,travel,5.19,4,0,0,0,81.4,7,8.34,1.03,0.01,0.03,2024-06-03 14:00:00,14,0,6
566475,30.0,M,BR,Rio de Janeiro,desktop,free,5162,gaming,15.2,R,5325,interstitial,in_feed,tech,10.85,7,0,0,0,9.0,3,13.21,1.6,0.04,0.09,2025-01-12 07:00:00,7,6,1
497600,32.0,M,US,Seattle,tablet,free,4972,comedy,39.7,R,5281,interstitial,in_feed,travel,2.66,7,0,0,0,7.3,3,6.79,1.13,0.02,0.05,2025-05-03 11:00:00,11,5,5
952242,25.0,M,IN,Mumbai,mobile,premium,4957,documentary,29.9,R,5892,banner,mid_roll,cpg,2.37,4,0,0,0,14.0,0,7.09,0.97,0.01,0.03,2024-06-01 02:00:00,2,5,6
552648,40.0,F,US,Seattle,desktop,premium,7341,gaming,14.8,PG-13,5051,interstitial,mid_roll,travel,5.89,7,1,0,1,15.0,4,9.79,1.56,0.96,0.3,2024-08-09 23:00:00,23,4,8
960740,54.0,Unknown,BR,Sao Paulo,mobile,free,7635,documentary,54.7,PG-13,5840,banner,sidebar,cpg,4.76,4,0,0,0,49.8,2,6.92,1.41,0.01,0.03,2025-07-13 13:00:00,13,6,7
606359,42.0,M,BR,Sao Paulo,tablet,family,1923,drama,52.3,PG-13,5551,interstitial,post_roll,gaming,4.7,4,0,0,0,29.1,4,12.91,0.73,0.02,0.05,2025-08-17 10:00:00,10,6,8
248981,57.0,F,UK,London,desktop,family,2890,gaming,33.9,PG,5831,video,pre_roll,travel,3.2,6,0,0,0,23.5,5,3.88,0.45,0.01,0.02,2025-01-08 18:00:00,18,2,1
174463,66.0,M,UK,Manchester,tablet,free,5249,comedy,25.7,PG,5184,audio,post_roll,tech,5.52,6,0,0,0,6.0,2,7.91,1.57,0.02,0.05,2024-10-28 09:00:00,9,0,10
709079,70.0,M,FR,Lyon,mobile,free,2181,gaming,2.0,G,5767,video,in_feed,healthcare,7.02,7,0,0,0,3.3,7,9.7,1.02,0.03,0.07,2024-09-04 07:00:00,7,2,9
269386,70.0,Unknown,AU,Sydney,desktop,free,7181,documentary,28.4,PG,5400,banner,in_feed,auto,7.1,1,0,0,0,20.6,5,4.36,1.13,0.0,0.0,2025-01-25 17:00:00,17,5,1
481794,55.0,M,BR,Rio de Janeiro,mobile,free,7980,gaming,34.3,G,5588,audio,pre_roll,travel,12.99,9,0,0,0,9.5,2,14.39,1.74,0.05,0.13,2025-01-14 02:00:00,2,1,1
721752,31.0,F,CA,Vancouver,desktop,free,8493,gaming,22.8,PG,5628,video,pre_roll,healthcare,4.14,11,1,0,1,15.1,1,11.07,1.25,0.8,0.31,2024-08-07 03:00:00,3,2,8
234786,17.0,M,IN,Mumbai,mobile,free,8240,music,17.2,PG-13,5680,audio,mid_roll,tech,9.5,8,1,0,1,4.7,6,6.5,1.54,0.94,0.28,2024-03-13 07:00:00,7,2,3
202933,15.0,M,US,Seattle,mobile,basic,1159,music,6.1,PG-13,5491,banner,mid_roll,finance,8.94,9,1,0,1,12.2,2,5.98,2.31,1.41,0.4,2024-05-21 19:00:00,19,1,5
123196,64.0,M,US,Austin,desktop,basic,9082,gaming,25.5,PG-13,5834,video,post_roll,retail,3.96,4,0,0,0,0.5,3,6.93,0.87,0.01,0.03,2025-07-31 14:00:00,14,3,7
386996,44.0,M,DE,Munich,desktop,family,2541,comedy,2.0,G,5848,native,sidebar,retail,4.37,1,0,0,0,18.3,2,9.45,0.88,0.0,0.01,2024-10-12 19:00:00,19,5,10
557016,26.0,F,UK,Manchester,desktop,free,7963,documentary,43.4,PG-13,5410,native,in_feed,healthcare,10.78,3,0,0,0,20.3,2,9.51,1.02,0.01,0.03,2024-11-16 10:00:00,10,5,11
461029,33.0,F,CA,Vancouver,mobile,basic,3092,gaming,41.6,PG-13,5037,interstitial,sidebar,finance,10.46,10,0,0,0,16.7,3,14.08,2.11,0.06,0.14,2024-11-08 05:00:00,5,4,11
184361,52.0,F,UK,Unknown,desktop,basic,3814,kids,43.6,PG-13,5526,native,in_feed,travel,9.04,7,0,0,0,27.0,4,10.01,0.95,0.03,0.07,2025-04-27 16:00:00,16,6,4
606380,50.0,F,CA,Vancouver,smart_tv,basic,6389,documentary,4.6,G,5950,native,sidebar,finance,7.38,3,0,0,0,0.5,2,9.09,0.63,0.01,0.03,2024-04-05 01:00:00,1,4,4
944531,70.0,F,US,Austin,mobile,basic,3273,sports,24.5,PG-13,5304,video,pre_roll,cpg,9.12,11,2,0,1,21.3,1,11.6,2.14,2.62,0.77,2024-04-14 16:00:00,16,6,4
306154,18.0,M,AU,Melbourne,desktop,basic,6260,comedy,33.8,PG,5138,native,mid_roll,travel,3.66,2,0,0,0,19.8,5,5.13,0.18,0.0,0.01,2024-07-27 22:00:00,22,5,7
324946,55.0,M,US,Seattle,mobile,premium,1700,comedy,49.8,G,5892,banner,pre_roll,cpg,6.75,6,0,0,0,30.0,6,8.51,1.11,0.02,0.05,2024-11-18 19:00:00,19,0,11
142388,72.0,F,US,Austin,mobile,basic,9547,music,28.6,R,5608,banner,post_roll,finance,7.68,5,0,0,0,9.7,1,10.15,1.69,0.02,0.05,2025-02-26 09:00:00,9,2,2
495837,39.0,F,US,Austin,tablet,free,7848,sports,8.8,PG,5986,video,post_roll,gaming,2.3,4,0,0,0,16.0,6,11.08,0.85,0.02,0.04,2024-11-20 23:00:00,23,2,11
241140,43.0,F,IN,Mumbai,mobile,basic,1741,kids,57.0,PG,5449,audio,post_roll,gaming,3.19,6,2,0,1,30.4,3,9.7,0.68,0.84,0.26,2024-10-25 05:00:00,5,4,10
753738,37.0,F,US,Austin,mobile,premium,6477,drama,28.4,PG,5295,video,pre_roll,auto,3.69,10,0,0,0,34.5,6,10.7,0.71,0.04,0.11,2025-07-20 10:00:00,10,6,7
615909,23.0,F,IN,Hyderabad,desktop,basic,2116,gaming,46.5,G,5367,video,pre_roll,tech,2.64,9,0,0,0,47.4,8,7.54,1.44,0.03,0.07,2024-05-26 22:00:00,22,6,5
556903,14.0,M,IN,Hyderabad,desktop,free,4168,gaming,23.0,PG,5454,native,pre_roll,finance,4.33,2,0,0,0,29.4,3,12.05,1.52,0.01,0.02,2025-01-03 17:00:00,17,4,1
179781,50.0,F,US,Austin,desktop,premium,6992,news,59.3,PG-13,5045,video,sidebar,cpg,2.65,9,0,0,0,74.4,9,10.4,0.86,0.04,0.09,2024-12-18 19:00:00,19,2,12
439621,60.0,F,US,Chicago,desktop,family,5264,news,28.6,PG-13,5071,audio,sidebar,tech,5.39,1,0,0,0,1.3,1,9.99,0.91,0.0,0.01,2024-11-11 16:00:00,16,0,11
603811,70.0,M,FR,Lyon,smart_tv,free,7551,kids,37.2,G,5769,audio,in_feed,tech,7.94,4,0,0,0,31.1,6,8.83,0.88,0.01,0.04,2025-05-11 02:00:00,2,6,5
666641,14.0,F,UK,London,desktop,free,4030,documentary,16.1,R,5696,interstitial,in_feed,travel,6.74,7,0,0,0,0.5,2,9.03,1.35,0.03,0.06,2024-07-23 04:00:00,4,1,7
974116,58.0,F,UK,London,desktop,family,1815,news,28.1,PG,5875,native,mid_roll,finance,8.91,8,1,0,1,14.3,1,10.05,1.83,1.13,0.35,2025-07-29 00:00:00,0,1,7
277917,69.0,M,UK,London,desktop,family,2388,drama,77.0,PG,5412,interstitial,sidebar,travel,6.04,6,1,0,1,45.8,3,16.66,1.23,0.78,0.28,2024-08-27 01:00:00,1,1,8
907341,68.0,M,FR,Paris,desktop,free,7917,kids,23.3,G,5201,audio,pre_roll,auto,2.24,2,0,0,0,0.5,1,12.21,0.6,0.01,0.02,2024-12-20 07:00:00,7,4,12
541674,42.0,M,DE,Munich,mobile,basic,4524,music,60.1,PG-13,5078,native,pre_roll,auto,8.97,6,0,0,0,49.5,6,12.87,1.4,0.03,0.08,2024-12-07 03:00:00,3,5,12
494364,14.0,F,US,Seattle,mobile,basic,2044,music,28.9,PG,5152,interstitial,pre_roll,tech,2.62,1,0,0,0,30.3,4,13.16,0.35,0.01,0.01,2025-06-02 21:00:00,21,0,6
966841,13.0,M,BR,Rio de Janeiro,smart_tv,free,2895,sports,71.7,PG-13,5207,native,pre_roll,retail,3.64,2,0,0,0,56.9,3,8.15,0.96,0.01,0.02,2024-10-24 00:00:00,0,3,10
352629,25.0,F,US,New York,desktop,premium,8357,news,63.3,PG-13,5298,native,in_feed,healthcare,3.91,9,2,1,1,37.3,6,17.2,1.71,34.13005000000005,0.67,2024-08-01 15:00:00,15,3,8
806280,47.0,F,US,New York,tablet,free,5180,documentary,25.2,PG-13,5364,interstitial,sidebar,healthcare,3.93,9,1,0,1,30.9,6,10.22,1.3,0.82,0.29,2024-03-12 16:00:00,16,1,3
601354,63.0,M,US,New York,mobile,free,4907,comedy,33.9,PG-13,5982,native,mid_roll,finance,2.08,5,0,0,0,11.3,2,5.98,0.53,0.01,0.03,2024-09-13 09:00:00,9,4,9
401229,36.0,M,CA,Vancouver,mobile,basic,5008,gaming,35.8,R,5826,interstitial,in_feed,retail,6.36,1,0,0,0,38.9,4,16.9,1.34,0.01,0.02,2025-05-21 04:00:00,4,2,5
327326,19.0,M,US,Chicago,tablet,premium,5079,sports,3.6,PG,5421,interstitial,mid_roll,healthcare,6.06,2,0,0,0,0.5,4,12.08,0.66,0.01,0.02,2024-03-06 08:00:00,8,2,3
921375,48.0,F,CA,Toronto,mobile,free,4771,comedy,26.2,PG,5348,banner,mid_roll,retail,3.08,8,0,0,0,4.1,2,7.91,1.4,0.03,0.06,2025-06-27 22:00:00,22,4,6
805262,32.0,F,CA,Toronto,desktop,basic,5938,music,46.0,G,5554,banner,mid_roll,healthcare,7.2,9,1,0,1,26.2,4,13.2,0.64,0.43,0.21,2024-12-19 03:00:00,3,3,12
887385,14.0,M,BR,Rio de Janeiro,mobile,premium,6219,comedy,66.5,PG-13,5614,banner,post_roll,auto,3.58,10,2,0,1,51.3,6,14.01,1.19,1.48,0.5,2024-05-15 17:00:00,17,2,5
789719,42.0,M,BR,Rio de Janeiro,desktop,free,7339,documentary,68.2,PG-13,5795,video,in_feed,gaming,9.68,6,0,0,0,51.2,4,11.63,1.25,0.03,0.07,2024-08-11 04:00:00,4,6,8
344319,53.0,M,IN,Bengaluru,desktop,premium,7433,kids,6.1,R,5933,banner,in_feed,healthcare,1.64,1,0,0,0,0.5,1,5.71,1.25,0.0,0.01,2024-12-25 04:00:00,4,2,12
902970,18.0,M,IN,Hyderabad,desktop,free,4156,news,27.1,PG-13,5970,audio,post_roll,retail,15.9,6,0,0,0,19.4,3,15.89,1.51,0.04,0.1,2024-08-18 11:00:00,11,6,8
940778,43.0,F,US,Seattle,mobile,premium,3029,documentary,40.2,PG,5706,video,in_feed,auto,9.54,4,0,0,0,14.3,2,9.76,1.79,0.02,0.04,2024-04-28 15:00:00,15,6,4
797077,45.0,F,IN,Bengaluru,tablet,free,5961,drama,46.4,PG,5410,interstitial,post_roll,healthcare,6.24,2,0,0,0,31.1,2,15.59,1.81,0.01,0.03,2025-02-23 15:00:00,15,6,2
536815,55.0,M,MX,Mexico City,smart_tv,premium,5849,documentary,22.9,G,5050,audio,in_feed,finance,6.62,6,2,0,1,11.9,2,13.12,0.13,0.19,0.12,2025-02-27 00:00:00,0,3,2
565144,43.0,F,FR,Lyon,desktop,free,1159,comedy,37.3,PG,5888,video,pre_roll,auto,6.16,2,0,0,0,0.5,1,10.78,1.03,0.01,0.02,2024-05-04 04:00:00,4,5,5
939540,19.0,F,IN,Unknown,tablet,free,2184,news,14.9,R,5402,banner,mid_roll,cpg,9.5,10,1,0,1,3.9,1,10.77,1.31,0.83,0.3,2024-07-30 20:00:00,20,1,7
403856,35.0,F,AU,Sydney,smart_tv,free,9286,kids,31.7,PG,5817,banner,mid_roll,tech,6.78,4,0,0,0,24.5,2,11.01,1.78,0.02,0.04,2024-07-10 16:00:00,16,2,7
594704,73.0,M,IN,Mumbai,mobile,free,7158,gaming,14.7,PG-13,5905,video,sidebar,healthcare,6.47,10,0,0,0,13.4,3,11.19,1.48,0.04,0.11,2025-02-20 02:00:00,2,3,2
918502,69.0,M,IN,Mumbai,mobile,free,8228,comedy,30.1,R,5091,banner,pre_roll,tech,4.58,9,0,0,0,10.9,4,8.49,1.06,0.03,0.08,2025-03-30 08:00:00,8,6,3
187065,37.0,Other,UK,Manchester,smart_tv,free,8769,documentary,49.5,R,5686,native,mid_roll,tech,2.55,5,0,0,0,32.9,3,10.04,1.65,0.02,0.05,2025-03-28 13:00:00,13,4,3
613996,54.0,M,JP,Osaka,mobile,premium,9413,kids,2.0,PG-13,5494,banner,pre_roll,travel,1.94,2,0,0,0,11.1,3,11.99,1.25,0.01,0.02,2025-07-20 22:00:00,22,6,7
225253,54.0,M,CA,Vancouver,mobile,premium,5129,comedy,20.1,PG,5537,video,mid_roll,healthcare,3.19,2,0,0,0,9.7,2,6.35,1.96,0.01,0.01,2025-04-20 01:00:00,1,6,4
865976,54.0,M,IN,Mumbai,tablet,premium,6991,drama,40.6,R,5568,banner,post_roll,retail,6.59,5,1,0,1,16.9,2,11.57,1.59,0.98,0.3,2024-08-21 04:00:00,4,2,8
548070,17.0,F,US,Chicago,mobile,basic,5993,news,32.0,R,5886,interstitial,in_feed,retail,3.99,9,0,0,0,27.9,4,13.7,1.28,0.05,0.12,2024-04-28 04:00:00,4,6,4
602866,30.0,F,JP,Osaka,mobile,premium,2782,gaming,26.3,PG-13,5789,native,mid_roll,tech,10.47,9,1,0,1,26.2,5,10.46,1.61,1.0,0.34,2025-01-26 21:00:00,21,6,1
122350,45.0,M,DE,Munich,mobile,basic,6465,kids,40.8,PG-13,5602,native,post_roll,auto,2.04,9,0,0,0,28.2,0,9.39,0.84,0.03,0.08,2025-07-08 15:00:00,15,1,7
127577,38.0,M,UK,Manchester,mobile,basic,5494,drama,47.6,PG,5667,banner,in_feed,auto,10.51,3,1,1,1,22.1,2,12.82,1.29,21.38,0.23,2025-08-09 14:00:00,14,5,8
791565,15.0,F,FR,Lyon,mobile,free,8693,drama,63.5,R,5295,interstitial,mid_roll,tech,4.7,2,1,0,1,53.2,4,10.57,1.76,1.06,0.29,2024-07-03 07:00:00,7,2,7
964394,47.0,F,US,Austin,desktop,basic,5011,drama,20.1,R,5341,video,post_roll,healthcare,4.95,9,2,0,1,17.1,5,14.79,1.49,1.84,0.58,2024-07-06 16:00:00,16,5,7
376907,44.0,M,UK,London,desktop,basic,9906,music,24.6,PG-13,5755,banner,pre_roll,retail,4.7,1,0,0,0,12.5,0,10.52,1.49,0.0,0.01,2024-03-21 04:00:00,4,3,3
642283,42.0,M,DE,Berlin,mobile,basic,1428,news,67.2,PG-13,5646,video,mid_roll,gaming,6.27,1,0,0,0,25.3,2,10.64,1.21,0.0,0.01,2024-05-16 06:00:00,6,3,5
128176,49.0,M,US,Chicago,mobile,premium,2562,gaming,2.0,PG,5090,video,post_roll,retail,0.75,3,0,0,0,0.5,2,12.08,1.91,0.3644323888727281,0.04,2024-12-25 14:00:00,14,2,12
200930,72.0,F,BR,Sao Paulo,desktop,free,7405,sports,77.2,PG-13,5346,native,pre_roll,travel,16.06,2,0,0,0,65.7,3,13.11,1.35,0.01,0.03,2024-12-21 06:00:00,6,5,12
683787,67.0,M,JP,Osaka,desktop,free,3742,documentary,27.4,R,5103,video,post_roll,retail,11.21,5,0,0,0,22.0,2,10.07,1.4,0.02,0.05,2024-09-17 07:00:00,7,1,9
316583,70.0,M,BR,Rio de Janeiro,mobile,free,6310,music,46.4,PG,5303,native,sidebar,retail,4.41,9,0,0,0,28.7,1,8.95,1.41,0.03,0.08,2024-08-15 09:00:00,9,3,8
645097,53.0,M,UK,London,mobile,premium,6191,sports,69.3,PG-13,5663,native,mid_roll,travel,4.82,11,1,0,1,57.3,3,12.35,1.27,0.82,0.33,2025-05-23 02:00:00,2,4,5
747085,15.0,Other,UK,Manchester,mobile,basic,2660,kids,2.0,PG,5924,interstitial,sidebar,healthcare,3.74,8,1,0,1,1.5,0,11.54,1.94,1.2,0.38,2024-11-04 10:00:00,10,0,11
213919,36.0,M,IN,Hyderabad,desktop,basic,4025,music,24.9,R,5301,banner,pre_roll,tech,4.44,10,1,0,1,21.3,4,10.68,0.69,0.46,0.21,2025-05-11 10:00:00,10,6,5
711869,50.0,F,IN,Hyderabad,smart_tv,premium,3484,news,18.8,PG,5215,video,sidebar,finance,4.07,10,2,1,1,4.0,4,9.43,1.54,12.42,0.56,2025-08-03 03:00:00,3,6,8
263137,64.0,M,US,Chicago,tablet,family,7368,news,32.7,PG,5548,banner,sidebar,tech,4.5,7,0,0,0,0.5,2,10.62,1.64,0.03,0.07,2024-08-19 06:00:00,6,0,8
489790,23.0,M,US,Chicago,smart_tv,basic,3579,drama,40.7,PG,5547,native,sidebar,tech,4.68,3,0,0,0,20.9,6,8.25,1.67,0.01,0.02,2024-06-18 11:00:00,11,1,6
769081,40.0,F,MX,Mexico City,mobile,premium,5558,comedy,49.1,PG,5641,native,in_feed,tech,7.9,10,0,0,0,33.2,5,10.17,1.11,0.04,0.1,2025-07-28 13:00:00,13,0,7
520025,57.0,F,BR,Sao Paulo,tablet,free,8290,kids,31.0,PG-13,5366,interstitial,mid_roll,cpg,8.76,11,1,1,1,21.7,3,13.76,1.4,34.13005000000005,0.36,2025-02-06 19:00:00,19,3,2
235989,44.0,Other,DE,Munich,tablet,premium,8112,sports,36.3,G,5615,video,sidebar,healthcare,1.37,7,0,0,0,16.6,1,13.13,1.32,0.04,0.09,2024-08-05 02:00:00,2,0,8
768879,61.0,M,DE,Munich,mobile,free,2751,comedy,61.3,PG-13,5153,interstitial,in_feed,retail,6.91,4,0,0,0,44.0,5,10.42,1.29,0.02,0.04,2025-01-30 19:00:00,19,3,1
105802,30.0,M,UK,London,tablet,free,1369,sports,61.9,PG,5806,audio,post_roll,finance,2.27,4,0,0,0,27.7,2,12.43,1.32,0.02,0.05,2024-12-04 03:00:00,3,2,12
986150,13.0,M,US,Seattle,smart_tv,premium,9344,comedy,47.0,PG-13,5538,banner,pre_roll,cpg,5.14,8,0,0,0,28.5,3,17.46,1.4,0.06,0.14,2025-07-02 23:00:00,23,2,7
999740,45.0,F,DE,Berlin,desktop,family,4879,comedy,28.0,PG-13,5996,banner,in_feed,cpg,2.41,1,0,0,0,0.9,0,9.01,1.03,0.0,0.01,2024-07-17 05:00:00,5,2,7
878211,63.0,F,CA,Vancouver,desktop,family,3327,music,10.9,G,5576,audio,mid_roll,tech,9.99,11,0,0,0,20.6,3,11.93,1.3,0.05,0.13,2025-08-18 08:00:00,8,0,8
361156,56.0,F,IN,Mumbai,mobile,family,4142,comedy,29.8,G,5695,audio,pre_roll,healthcare,8.77,1,0,0,0,13.8,2,10.22,1.9,0.0,0.01,2025-07-19 11:00:00,11,5,7
136971,63.0,M,FR,Paris,tablet,family,3622,kids,26.8,PG,5051,audio,post_roll,tech,2.96,9,0,0,0,7.7,1,6.44,1.2,0.02,0.06,2024-06-06 13:00:00,13,3,6
901945,37.0,M,UK,Manchester,desktop,basic,6828,kids,2.5,PG-13,5545,banner,sidebar,gaming,10.15,6,0,0,0,0.8,1,10.32,1.12,0.02,0.06,2024-05-28 21:00:00,21,1,5
733753,56.0,F,BR,Sao Paulo,mobile,free,4315,music,36.3,PG-13,5162,video,post_roll,cpg,11.94,11,1,0,1,16.4,0,7.64,0.98,0.62,0.23,2024-12-13 21:00:00,21,4,12
472668,18.0,M,US,Seattle,mobile,family,5927,music,66.3,G,5596,audio,mid_roll,finance,5.81,9,0,0,0,27.9,1,11.34,0.45,0.04,0.1,2024-03-25 06:00:00,6,0,3
308791,20.0,F,US,New York,tablet,free,2580,documentary,36.3,PG,5867,audio,in_feed,travel,4.56,2,0,0,0,95.05050000000048,4,7.73,0.65,0.01,0.02,2024-08-09 08:00:00,8,4,8
966498,66.0,F,UK,Manchester,tablet,family,3331,drama,64.1,PG-13,5336,video,pre_roll,gaming,1.82,2,0,0,0,46.8,3,8.27,1.36,0.01,0.02,2024-10-21 22:00:00,22,0,10
458977,66.0,F,US,Seattle,tablet,basic,2830,documentary,41.8,PG,5069,audio,mid_roll,healthcare,15.17,8,0,0,0,27.2,1,16.02,2.52,0.05,0.13,2025-08-06 11:00:00,11,2,8
486894,59.0,F,UK,Manchester,smart_tv,free,4849,news,41.8,PG,5531,interstitial,sidebar,cpg,8.02,5,0,0,0,21.5,3,14.92,0.83,0.03,0.07,2025-08-18 21:00:00,21,0,8
815481,63.0,M,UK,London,mobile,free,6785,music,46.0,R,5438,banner,pre_roll,healthcare,4.46,6,0,0,0,35.8,2,8.86,0.77,0.02,0.05,2024-05-21 19:00:00,19,1,5
774371,26.0,M,JP,Tokyo,tablet,basic,8341,drama,31.2,PG,5483,native,in_feed,auto,5.91,10,0,0,0,10.3,5,10.22,1.09,0.04,0.1,2025-06-25 12:00:00,12,2,6
459340,26.0,F,DE,Munich,smart_tv,free,5278,gaming,26.1,G,5773,banner,pre_roll,retail,8.88,1,0,0,0,21.5,2,7.62,0.93,0.0,0.01,2024-04-19 02:00:00,2,4,4
969078,41.0,F,IN,Mumbai,desktop,basic,1267,news,18.8,PG-13,5261,interstitial,in_feed,travel,6.86,9,3,0,1,10.6,3,5.84,0.06,0.13,0.08,2025-04-09 05:00:00,5,2,4
519125,40.0,F,IN,Bengaluru,mobile,free,3431,kids,80.4,PG-13,5555,video,mid_roll,healthcare,7.66,2,0,0,0,95.05050000000048,9,6.86,0.85,0.01,0.01,2025-05-31 15:00:00,15,5,5
354082,57.0,F,UK,London,desktop,basic,4783,sports,56.2,PG-13,5730,native,in_feed,tech,10.16,1,0,0,0,28.9,2,10.54,1.59,0.0,0.01,2025-06-25 00:00:00,0,2,6
275707,68.0,M,UK,London,mobile,basic,8533,gaming,21.6,PG-13,5810,video,mid_roll,cpg,4.39,1,0,0,0,14.6,1,5.36,0.65,0.0,0.01,2024-06-29 15:00:00,15,5,6
126730,52.0,M,BR,Rio de Janeiro,mobile,basic,7584,gaming,10.7,R,5756,video,post_roll,cpg,8.85,8,0,0,0,0.5,3,7.28,1.16,0.02,0.06,2025-06-26 11:00:00,11,3,6
171426,29.0,F,DE,Berlin,mobile,free,7291,documentary,30.6,G,5040,video,pre_roll,retail,6.04,8,0,0,0,10.9,2,11.01,0.75,0.04,0.09,2024-05-02 15:00:00,15,3,5
503775,44.0,M,US,Seattle,mobile,free,4750,kids,13.7,PG-13,5363,video,pre_roll,cpg,6.86,2,0,0,0,0.5,2,2.94,0.82,0.0,0.01,2024-12-06 04:00:00,4,4,12
981519,40.0,Other,IN,Hyderabad,mobile,basic,8043,documentary,13.5,PG-13,5990,native,in_feed,finance,4.82,6,1,0,1,1.8,5,11.31,0.96,0.6,0.21,2024-11-09 13:00:00,13,5,11
785159,14.0,M,US,Chicago,mobile,premium,6840,gaming,44.5,PG-13,5215,native,pre_roll,auto,7.41,7,1,0,1,25.6,5,10.53,1.34,0.83,0.27,2024-08-18 14:00:00,14,6,8
262682,61.0,M,IN,Hyderabad,desktop,premium,8422,sports,63.1,G,5782,interstitial,in_feed,travel,5.14,10,0,0,0,54.5,3,8.91,0.18,0.04,0.09,2024-03-12 22:00:00,22,1,3
607602,71.0,M,IN,Bengaluru,desktop,basic,7816,documentary,50.5,R,5902,native,in_feed,travel,4.48,2,0,0,0,47.9,4,13.0,0.21,0.2051620334123003,0.03,2025-04-21 21:00:00,21,0,4
458923,24.0,F,DE,Munich,desktop,free,1634,drama,2.0,G,5500,interstitial,sidebar,tech,4.26,11,1,0,1,0.5,2,3.99,1.32,0.81,0.24,2024-08-29 05:00:00,5,3,8
851728,56.0,Other,BR,Sao Paulo,desktop,free,7910,gaming,35.6,PG,5867,banner,post_roll,auto,1.87,5,0,0,0,6.3,1,11.72,1.21,0.02,0.06,2025-02-21 07:00:00,7,4,2
328934,23.0,Other,CA,Vancouver,desktop,family,4613,gaming,47.7,PG-13,5089,video,post_roll,tech,7.15,6,0,0,0,17.4,2,8.54,1.44,0.02,0.05,2024-10-08 12:00:00,12,1,10
340033,62.0,F,IN,Mumbai,mobile,free,5382,sports,27.8,PG-13,5663,audio,sidebar,auto,6.88,10,0,0,0,3.3,3,9.97,1.55,0.04,0.1,2024-09-18 18:00:00,18,2,9
720322,73.0,M,BR,Unknown,desktop,basic,3024,gaming,82.0,PG,5130,video,post_roll,cpg,3.05,3,0,0,0,66.6,4,9.97,1.85,0.01,0.03,2025-06-22 14:00:00,14,6,6
161141,44.0,F,BR,Sao Paulo,desktop,free,3192,drama,38.2,R,5704,native,in_feed,retail,0.79,6,1,0,1,8.4,2,10.62,1.13,0.7,0.23,2024-04-21 00:00:00,0,6,4
352833,38.0,F,IN,Hyderabad,desktop,premium,3122,documentary,32.2,PG-13,5624,interstitial,post_roll,cpg,5.45,5,0,0,0,26.0,4,11.78,1.3,0.02,0.06,2025-04-02 18:00:00,18,2,4
298826,31.0,M,AU,Sydney,mobile,free,1123,comedy,8.4,PG,5295,interstitial,sidebar,tech,3.03,1,0,0,0,2.5,1,9.04,0.76,0.0,0.01,2025-04-08 06:00:00,6,1,4
483652,56.0,M,BR,Sao Paulo,desktop,premium,9130,documentary,27.9,PG-13,5839,video,post_roll,travel,2.36,10,1,0,1,11.7,6,5.38,1.19,0.74,0.23,2024-09-22 04:00:00,4,6,9
305868,14.0,M,BR,Sao Paulo,mobile,free,9478,comedy,22.3,PG,5234,interstitial,in_feed,finance,9.07,9,0,0,0,12.0,4,12.47,2.05,0.04,0.11,2024-07-20 17:00:00,17,5,7
848721,47.0,M,IN,Bengaluru,mobile,free,5720,gaming,28.7,R,5509,native,post_roll,travel,8.76,4,1,1,1,31.3,3,8.72,1.85,34.13005000000005,0.31,2024-03-03 20:00:00,20,6,3
401734,16.0,F,BR,Sao Paulo,desktop,premium,8953,documentary,84.4,PG,5315,video,in_feed,tech,1.99,3,0,0,0,91.9,3,6.77,0.7,0.01,0.02,2025-07-19 21:00:00,21,5,7
421045,51.0,M,UK,Manchester,mobile,free,1410,gaming,20.8,PG-13,5496,video,post_roll,cpg,3.51,8,0,0,0,3.6,3,11.24,1.09,0.04,0.09,2025-07-25 18:00:00,18,4,7
380604,51.0,Other,CA,Toronto,desktop,free,6855,music,12.8,R,5658,audio,post_roll,auto,1.52,4,0,0,0,17.4,1,8.2,1.1,0.01,0.03,2024-07-09 02:00:00,2,1,7
482206,72.0,M,US,Chicago,desktop,family,1880,news,51.0,PG-13,5687,audio,post_roll,finance,6.45,2,0,0,0,5.7,1,8.2,1.68,0.01,0.02,2024-03-18 05:00:00,5,0,3
310797,44.0,Unknown,MX,Guadalajara,mobile,basic,5992,gaming,3.2,PG,5557,audio,in_feed,auto,1.29,3,0,0,0,1.6,3,13.05,0.47,0.02,0.04,2024-05-06 06:00:00,6,0,5
759859,32.0,F,CA,Toronto,mobile,premium,9356,drama,76.1,PG-13,5289,interstitial,mid_roll,tech,3.68,10,0,0,0,79.9,3,8.63,1.68,0.03,0.09,2024-04-06 12:00:00,12,5,4
209646,29.0,F,FR,Paris,tablet,premium,7930,news,42.8,PG,5106,video,in_feed,healthcare,4.39,2,0,0,0,24.6,0,12.86,0.69,0.01,0.03,2025-05-23 19:00:00,19,4,5
177586,74.0,F,IN,Hyderabad,desktop,free,5394,drama,23.2,PG,5567,banner,in_feed,cpg,1.93,8,0,0,0,13.7,3,10.88,0.05,0.03,0.09,2025-06-25 15:00:00,15,2,6
569648,15.0,F,US,Austin,mobile,basic,5297,kids,30.5,R,5102,audio,post_roll,cpg,5.14,6,0,0,0,17.6,4,12.22,1.34,0.03,0.07,2024-05-22 18:00:00,18,2,5
537017,38.0,F,CA,Vancouver,smart_tv,free,9670,drama,2.7,PG-13,5798,interstitial,pre_roll,retail,6.33,5,0,0,0,0.5,2,11.36,2.13,0.02,0.06,2025-04-08 05:00:00,5,1,4
740258,68.0,F,BR,Rio de Janeiro,mobile,basic,3102,gaming,27.4,G,5324,native,pre_roll,retail,5.65,3,0,0,0,17.3,4,8.38,0.3,0.01,0.03,2024-06-05 19:00:00,19,2,6
185944,65.0,F,US,New York,desktop,basic,4384,gaming,13.7,PG-13,5910,banner,post_roll,retail,6.68,2,0,0,0,0.5,6,12.1,1.7,0.01,0.02,2024-09-15 07:00:00,7,6,9
917493,66.0,M,MX,Mexico City,mobile,basic,2043,drama,41.0,R,5969,video,in_feed,cpg,3.17,6,0,0,0,26.2,5,10.28,1.31,0.02,0.06,2025-01-18 16:00:00,16,5,1
626168,65.0,F,IN,Mumbai,mobile,free,1689,drama,24.6,R,5613,banner,mid_roll,gaming,3.26,2,0,0,0,17.8,4,13.56,1.52,0.01,0.03,2025-03-24 18:00:00,18,0,3
348191,32.0,F,JP,Tokyo,desktop,family,2607,documentary,57.0,R,5497,video,sidebar,retail,6.83,6,0,0,0,19.6,1,11.14,0.82,0.03,0.07,2025-06-16 06:00:00,6,0,6
787949,42.0,F,DE,Berlin,desktop,premium,3549,kids,15.0,G,5825,interstitial,post_roll,auto,7.67,6,1,0,1,0.5,1,6.98,1.3,0.8,0.24,2024-03-25 04:00:00,4,0,3
694483,50.0,M,US,Unknown,desktop,free,3251,kids,26.8,PG-13,5303,audio,mid_roll,travel,5.35,4,0,0,0,17.5,1,12.5,1.62,0.02,0.05,2024-06-15 01:00:00,1,5,6
918504,19.0,M,US,Seattle,mobile,basic,2518,music,77.5,PG-13,5913,banner,sidebar,healthcare,8.1,9,0,0,0,46.8,6,10.92,1.64,0.04,0.1,2024-07-30 11:00:00,11,1,7
574803,14.0,F,DE,Berlin,mobile,family,9299,documentary,26.3,R,5667,banner,sidebar,tech,3.5,4,0,0,0,20.1,3,11.29,1.57,0.02,0.05,2024-08-15 13:00:00,13,3,8
721604,52.0,F,US,New York,mobile,basic,6407,comedy,29.4,G,5838,native,post_roll,finance,9.53,4,0,0,0,24.1,1,10.82,0.78,0.02,0.04,2025-08-21 22:00:00,22,3,8
895494,25.0,F,JP,Osaka,tablet,family,3484,sports,33.3,G,5114,audio,mid_roll,cpg,7.23,10,0,0,0,16.5,3,6.07,0.97,0.02,0.06,2025-04-24 19:00:00,19,3,4
843318,72.0,F,BR,Rio de Janeiro,mobile,premium,6509,documentary,75.0,PG,5173,banner,pre_roll,cpg,7.23,9,1,0,1,23.8,2,10.76,1.1,0.7,0.26,2024-08-21 00:00:00,0,2,8
725555,63.0,F,UK,Manchester,desktop,free,5494,comedy,22.7,PG,5995,banner,pre_roll,gaming,2.7,2,0,0,0,1.2,2,13.68,0.9,0.01,0.03,2025-08-07 18:00:00,18,3,8
441889,38.0,M,UK,Manchester,tablet,premium,1714,drama,43.9,PG,5215,interstitial,mid_roll,auto,5.51,11,0,0,0,12.7,2,13.41,0.79,0.06,0.15,2024-11-25 15:00:00,15,0,11
264657,33.0,F,US,Seattle,mobile,premium,5684,gaming,36.7,PG,5622,banner,in_feed,tech,10.08,8,0,0,0,27.4,4,11.15,1.6,0.04,0.09,2024-11-26 09:00:00,9,1,11
128813,37.0,F,AU,Melbourne,smart_tv,free,3773,drama,17.3,PG,5827,native,post_roll,healthcare,3.09,4,0,0,0,13.8,4,11.63,1.47,0.02,0.05,2024-10-21 04:00:00,4,0,10
339696,61.0,M,UK,Manchester,tablet,free,6469,news,27.3,PG,5237,interstitial,post_roll,cpg,5.4,11,0,0,0,17.4,1,8.51,0.19,0.04,0.09,2024-05-17 16:00:00,16,4,5
523196,19.0,Other,US,New York,smart_tv,basic,7815,comedy,25.6,PG,5996,interstitial,mid_roll,finance,5.14,6,3,1,1,0.5,3,9.02,1.06,19.48,0.53,2025-07-18 13:00:00,13,4,7
662034,62.0,M,US,Seattle,desktop,family,1141,drama,51.7,PG-13,5464,banner,pre_roll,travel,9.73,4,0,0,0,13.0,4,8.54,0.05,0.01,0.03,2024-03-08 12:00:00,12,4,3
272414,13.0,M,UK,London,smart_tv,free,5561,sports,56.8,R,5042,banner,sidebar,gaming,2.95,8,0,0,0,25.3,1,14.36,1.09,0.05,0.11,2024-06-03 02:00:00,2,0,6
776063,18.0,F,CA,Toronto,mobile,premium,1658,kids,56.4,PG,5318,native,in_feed,travel,3.86,10,0,0,0,26.4,2,16.04,0.87,0.06,0.16,2024-07-03 00:00:00,0,2,7
880761,16.0,F,MX,Guadalajara,mobile,premium,8736,documentary,62.8,PG-13,5079,native,in_feed,tech,11.41,10,0,0,0,20.6,5,5.7,1.39,0.02,0.06,2024-07-29 19:00:00,19,0,7
170829,35.0,F,UK,London,desktop,free,2624,gaming,27.3,PG,5937,interstitial,pre_roll,retail,1.97,9,1,1,1,1.4,8,11.74,1.09,30.57,0.27,2024-05-11 04:00:00,4,5,5
872573,40.0,Other,IN,Mumbai,mobile,basic,8949,sports,39.1,PG,5807,interstitial,pre_roll,auto,4.94,3,0,0,0,30.8,0,11.89,0.86,0.01,0.04,2024-03-10 16:00:00,16,6,3
681737,32.0,M,US,Austin,mobile,free,6030,gaming,56.1,PG,5537,banner,post_roll,tech,7.85,3,0,0,0,40.0,6,15.61,1.11,0.02,0.05,2025-03-01 22:00:00,22,5,3
164091,74.0,M,CA,Toronto,mobile,free,7134,news,14.9,G,5310,native,pre_roll,finance,2.49,3,1,0,1,0.5,1,9.48,0.73,0.45,0.14,2025-08-06 10:00:00,10,2,8
253376,32.0,M,AU,Melbourne,mobile,free,7532,news,41.1,PG-13,5277,native,post_roll,retail,2.26,5,0,0,0,34.2,2,9.42,1.68,0.7371804056604304,0.05,2024-05-05 18:00:00,18,6,5
772924,48.0,M,US,Austin,smart_tv,free,1250,music,60.0,PG,5210,interstitial,mid_roll,tech,4.07,8,1,1,1,39.9,3,7.58,0.95,28.87,0.2,2024-08-08 03:00:00,3,3,8
948642,51.0,M,US,Seattle,desktop,free,3873,drama,25.1,R,5033,native,post_roll,travel,9.05,3,0,0,0,19.7,5,13.17,0.9,0.02,0.04,2024-11-29 10:00:00,10,4,11
766258,30.0,F,BR,Sao Paulo,mobile,free,8364,kids,54.3,PG,5760,video,sidebar,travel,12.65,6,0,0,0,34.3,2,12.85,1.58,0.03,0.08,2025-07-14 20:00:00,20,0,7
967379,32.0,F,IN,Mumbai,mobile,free,7976,drama,28.5,PG,5420,banner,mid_roll,travel,6.71,8,1,1,1,22.3,7,14.27,0.99,10.81,0.26,2025-03-10 21:00:00,21,0,3
427470,30.0,M,US,Austin,mobile,premium,4755,gaming,56.4,PG-13,5100,audio,sidebar,finance,12.03,7,0,0,0,70.3,9,13.86,1.46,0.04,0.1,2025-04-18 17:00:00,17,4,4
873280,37.0,M,CA,Vancouver,mobile,free,4369,sports,33.4,G,5699,native,in_feed,auto,9.21,2,1,0,1,30.4,5,11.5,1.53,0.93,0.25,2025-01-08 19:00:00,19,2,1
874725,45.0,M,UK,London,mobile,basic,1840,kids,45.6,R,5880,video,pre_roll,cpg,8.03,10,0,0,0,9.4,3,10.47,0.81,0.04,0.1,2024-10-12 04:00:00,4,5,10
874480,64.0,F,DE,Munich,desktop,premium,5788,news,49.4,PG,5816,video,post_roll,retail,12.47,5,0,0,0,39.8,4,12.71,1.72,0.03,0.06,2024-06-16 21:00:00,21,6,6
113487,36.0,M,FR,Lyon,mobile,free,7451,kids,26.3,G,5609,native,mid_roll,gaming,2.92,10,0,0,0,24.3,3,5.97,1.15,0.02,0.06,2025-06-10 17:00:00,17,1,6
965024,44.0,Other,DE,Munich,smart_tv,premium,4560,drama,24.7,PG-13,5576,audio,pre_roll,healthcare,6.7,1,0,0,0,17.0,5,13.72,0.98,0.01,0.01,2025-05-09 05:00:00,5,4,5
570098,54.0,F,IN,Mumbai,desktop,basic,7637,drama,61.2,PG-13,5280,video,pre_roll,travel,9.89,5,1,1,1,26.0,3,12.23,1.62,26.95,0.3,2024-03-14 13:00:00,13,3,3
357460,52.0,F,FR,Paris,mobile,premium,7690,kids,54.4,PG-13,5806,video,sidebar,retail,3.18,8,0,0,0,30.3,5,14.43,1.04,0.05,0.12,2025-03-22 07:00:00,7,5,3
777849,19.0,F,BR,Sao Paulo,tablet,free,2100,documentary,55.0,PG,5651,interstitial,in_feed,retail,3.76,4,0,0,0,38.0,6,12.49,0.86,0.02,0.05,2024-04-15 13:00:00,13,0,4
570352,36.0,M,BR,Rio de Janeiro,mobile,free,6420,gaming,45.8,PG,5492,video,post_roll,cpg,6.83,3,0,0,0,23.0,2,10.94,1.34,0.01,0.03,2025-04-04 01:00:00,1,4,4
441307,61.0,M,IN,Bengaluru,smart_tv,free,4732,comedy,43.1,G,5967,video,pre_roll,finance,4.98,10,0,0,0,13.7,1,13.95,1.45,0.06,0.14,2025-05-21 00:00:00,0,2,5
220513,15.0,Other,UK,Manchester,tablet,premium,5399,news,39.6,R,5661,banner,pre_roll,auto,6.59,5,0,0,0,34.2,2,12.41,1.53,0.02,0.06,2024-05-10 18:00:00,18,4,5
824051,43.0,M,IN,Hyderabad,desktop,family,1983,news,35.9,PG,5867,audio,mid_roll,travel,6.36,9,1,0,1,21.4,4,10.07,1.12,0.71,0.26,2024-10-21 06:00:00,6,0,10
510561,19.0,M,IN,Bengaluru,desktop,free,9038,gaming,53.4,PG,5564,interstitial,sidebar,tech,10.67,6,0,0,0,37.3,5,18.75,1.51,0.05,0.11,2024-05-06 19:00:00,19,0,5
650917,41.0,F,DE,Berlin,mobile,free,1923,documentary,2.0,R,5642,interstitial,mid_roll,cpg,2.2,4,0,0,0,3.3,2,7.08,0.81,0.01,0.03,2025-01-01 07:00:00,7,2,1
194189,66.0,M,US,Seattle,mobile,premium,7263,kids,21.8,PG-13,5359,banner,mid_roll,healthcare,3.8,11,0,0,0,10.2,3,10.37,0.76,0.05,0.11,2025-07-14 21:00:00,21,0,7
344032,23.0,M,MX,Mexico City,desktop,basic,5667,gaming,19.0,G,5787,banner,mid_roll,healthcare,8.36,11,1,0,1,15.3,0,6.94,1.4,0.87,0.29,2024-04-13 16:00:00,16,5,4
722497,35.0,M,IN,Mumbai,desktop,premium,3327,gaming,33.2,PG-13,5036,audio,mid_roll,retail,8.97,6,1,1,1,23.9,2,14.6,2.15,18.26,0.41,2024-10-01 16:00:00,16,1,10
364260,35.0,F,CA,Toronto,mobile,family,1169,drama,22.9,PG-13,5902,banner,post_roll,auto,6.59,9,0,0,0,12.4,7,10.25,0.47,0.04,0.09,2025-08-08 11:00:00,11,4,8
168098,68.0,F,JP,Osaka,smart_tv,free,6018,drama,50.2,PG-13,5923,audio,in_feed,gaming,4.38,9,0,0,0,27.5,1,12.3,1.44,0.04,0.11,2024-08-10 12:00:00,12,5,8
358617,65.0,M,US,New York,mobile,premium,5922,kids,24.3,PG-13,5673,interstitial,sidebar,tech,6.56,10,0,0,0,14.4,5,11.5,1.65,0.05,0.12,2024-05-11 09:00:00,9,5,5
873610,53.0,M,CA,Toronto,desktop,premium,9122,music,27.5,PG-13,5300,native,mid_roll,auto,9.66,1,0,0,0,23.9,3,10.62,1.07,0.0,0.01,2024-11-19 20:00:00,20,1,11
962234,69.0,F,AU,Melbourne,mobile,family,5658,news,29.3,PG-13,5426,audio,in_feed,auto,3.62,1,0,0,0,15.0,4,0.58,0.73,0.0,0.0,2024-11-30 12:00:00,12,5,11
866413,28.0,M,CA,Vancouver,mobile,free,7846,drama,48.6,PG-13,5399,video,post_roll,retail,2.21,9,0,0,0,37.9,7,8.92,1.53,0.03,0.08,2025-02-21 22:00:00,22,4,2
436984,16.0,Unknown,US,Austin,desktop,free,7823,gaming,55.9,PG,5569,audio,in_feed,healthcare,7.6,3,0,0,0,23.4,0,8.71,1.92,0.01,0.03,2024-08-17 10:00:00,10,5,8
969056,72.0,M,UK,London,desktop,free,6565,sports,39.8,G,5661,banner,post_roll,cpg,10.74,8,1,0,1,20.0,4,13.08,1.95,1.21,0.4,2025-07-30 00:00:00,0,2,7
855623,21.0,F,US,Seattle,desktop,free,1229,comedy,60.8,PG,5547,native,in_feed,cpg,6.52,7,0,0,0,36.4,6,12.55,2.23,0.04,0.09,2024-12-07 08:00:00,8,5,12
124507,58.0,M,IN,Bengaluru,desktop,premium,4791,documentary,13.7,PG,5821,interstitial,in_feed,cpg,3.84,1,0,0,0,11.6,3,6.65,1.51,0.0,0.01,2024-08-02 16:00:00,16,4,8
420540,32.0,M,US,New York,mobile,basic,2418,documentary,26.0,G,5204,interstitial,pre_roll,tech,2.1,10,0,0,0,17.2,2,10.15,0.3,0.04,0.1,2025-08-01 13:00:00,13,4,8
836751,69.0,M,US,Chicago,mobile,basic,7552,comedy,29.4,PG-13,5030,interstitial,pre_roll,retail,3.58,4,0,0,0,17.3,1,6.14,0.97,0.01,0.02,2025-07-13 09:00:00,9,6,7
263034,67.0,M,AU,Melbourne,desktop,free,6790,music,11.4,PG,5102,video,post_roll,finance,2.62,10,1,0,1,0.5,4,7.3,0.78,0.5,0.19,2024-11-25 13:00:00,13,0,11
363560,69.0,F,AU,Sydney,mobile,premium,8842,comedy,23.8,PG-13,5591,interstitial,in_feed,healthcare,3.84,4,0,0,0,4.0,1,10.84,1.28,0.02,0.04,2024-03-14 10:00:00,10,3,3
971071,68.0,M,BR,Rio de Janeiro,mobile,free,6859,documentary,28.0,PG-13,5588,banner,pre_roll,finance,7.09,6,2,0,1,3.6,1,5.0,1.49,1.8,0.48,2025-01-17 08:00:00,8,4,1
276291,47.0,F,US,Chicago,mobile,free,3407,drama,16.6,R,5235,audio,post_roll,finance,4.27,7,0,0,0,0.5,3,11.99,0.81,0.03,0.08,2024-12-25 19:00:00,19,2,12
761704,35.0,F,US,New York,mobile,premium,5197,drama,50.5,PG-13,5373,interstitial,pre_roll,finance,6.65,3,0,0,0,14.0,3,10.58,1.32,0.01,0.03,2024-05-20 00:00:00,0,0,5
775498,65.0,M,UK,London,desktop,premium,3238,gaming,36.0,PG-13,5862,video,mid_roll,travel,12.25,7,1,1,1,16.6,3,8.26,0.94,34.13005000000005,0.2,2025-02-06 08:00:00,8,3,2
339688,24.0,F,BR,Sao Paulo,mobile,basic,7691,documentary,37.4,PG,5639,interstitial,in_feed,cpg,8.29,8,0,0,0,22.0,1,9.89,2.08,0.03,0.08,2025-05-29 00:00:00,0,3,5
208058,36.0,F,IN,Bengaluru,mobile,basic,6875,documentary,36.9,PG-13,5984,native,pre_roll,finance,3.14,6,0,0,0,26.2,5,9.18,0.84,0.02,0.06,2024-04-27 04:00:00,4,5,4
193029,44.0,M,UK,London,mobile,family,6116,music,2.0,PG,5200,native,pre_roll,healthcare,3.01,3,1,0,1,0.5,2,10.82,0.16,0.11,0.06,2025-03-26 14:00:00,14,2,3
888215,64.0,Other,IN,Bengaluru,desktop,free,8595,drama,22.0,G,5723,interstitial,in_feed,retail,3.97,8,0,0,0,0.5,7,13.75,1.01,0.04,0.11,2024-05-15 18:00:00,18,2,5
315672,49.0,F,BR,Sao Paulo,mobile,basic,7791,kids,38.0,PG,5917,video,post_roll,gaming,4.32,1,0,0,0,5.3,2,13.86,1.2,0.01,0.01,2025-04-09 08:00:00,8,2,4
887796,64.0,F,UK,London,desktop,basic,8692,sports,38.5,PG,5230,native,in_feed,cpg,3.81,4,0,0,0,22.0,1,9.04,1.18,0.01,0.04,2024-10-13 07:00:00,7,6,10
554231,13.0,F,MX,Mexico City,mobile,basic,2929,documentary,2.0,PG,5732,native,sidebar,gaming,8.91,3,0,0,0,18.5,1,12.78,1.05,0.02,0.04,2024-03-04 12:00:00,12,0,3
600364,35.0,M,US,Austin,mobile,basic,9202,kids,26.3,PG-13,5398,native,post_roll,finance,6.03,5,0,0,0,3.2,3,10.19,1.09,0.02,0.05,2025-08-04 18:00:00,18,0,8
696042,47.0,F,IN,Bengaluru,desktop,premium,7021,gaming,12.8,PG-13,5608,native,sidebar,travel,10.14,6,0,0,0,17.3,5,14.98,1.74,0.04,0.09,2024-05-29 14:00:00,14,2,5
480458,72.0,F,FR,Lyon,mobile,free,4318,kids,52.8,PG,5150,video,sidebar,retail,5.97,1,0,0,0,38.2,3,9.22,1.12,0.0,0.01,2025-01-16 20:00:00,20,3,1
955817,44.0,F,CA,Toronto,smart_tv,premium,1678,news,38.4,PG-13,5441,native,mid_roll,healthcare,7.83,5,0,0,0,9.2,2,7.38,1.17,0.01,0.04,2024-06-06 23:00:00,23,3,6
900531,41.0,M,BR,Sao Paulo,desktop,basic,2265,gaming,2.0,PG,5554,banner,pre_roll,finance,3.33,5,0,0,0,0.5,5,7.38,0.84,0.01,0.04,2025-07-17 19:00:00,19,3,7
696684,31.0,M,DE,Berlin,desktop,premium,9505,news,64.7,G,5397,interstitial,pre_roll,auto,3.21,3,0,0,0,47.3,2,8.25,1.29,0.01,0.02,2025-04-03 16:00:00,16,3,4
741134,40.0,M,BR,Sao Paulo,mobile,free,3159,news,63.4,PG,5654,video,sidebar,cpg,5.37,7,0,0,0,42.8,2,13.09,1.15,0.04,0.09,2025-05-09 08:00:00,8,4,5
744662,46.0,F,DE,Berlin,desktop,free,4695,sports,31.5,PG,5388,video,post_roll,travel,2.45,2,0,0,0,8.9,2,9.81,1.25,0.01,0.02,2024-10-20 07:00:00,7,6,10
128968,52.0,F,US,Austin,mobile,basic,3596,sports,45.6,PG,5592,native,in_feed,tech,6.99,4,2,1,1,17.3,4,4.78,0.46,3.56,0.16,2024-11-08 09:00:00,9,4,11
346248,44.0,M,MX,Guadalajara,desktop,free,3660,drama,36.1,PG,5472,audio,in_feed,travel,5.3,5,1,0,1,8.6,1,15.52,1.01,0.64,0.23,2025-02-06 12:00:00,12,3,2
470817,72.0,F,US,Seattle,desktop,basic,9977,news,43.3,PG,5277,native,mid_roll,cpg,4.14,10,0,0,0,38.0,6,7.31,1.34,0.03,0.07,2025-04-28 18:00:00,18,0,4
224449,15.0,M,IN,Bengaluru,smart_tv,free,6023,comedy,20.5,PG-13,5798,video,in_feed,cpg,3.23,5,0,0,0,6.4,1,10.75,0.95,0.02,0.05,2025-06-01 08:00:00,8,6,6
486801,67.0,M,FR,Lyon,mobile,premium,4357,drama,39.8,G,5297,video,sidebar,cpg,5.1,6,0,0,0,26.9,9,12.93,1.33,0.03,0.08,2024-03-10 15:00:00,15,6,3
686239,40.0,F,DE,Munich,tablet,basic,4643,music,30.2,R,5779,banner,in_feed,tech,7.58,6,1,0,1,17.4,2,15.83,1.06,0.67,0.25,2025-02-22 07:00:00,7,5,2
870527,66.0,F,MX,Mexico City,tablet,basic,7025,drama,29.2,PG,5469,native,pre_roll,cpg,7.94,9,0,0,0,19.6,4,8.24,1.08,0.03,0.07,2024-04-28 22:00:00,22,6,4
774575,45.0,F,US,New York,desktop,free,8164,music,45.2,PG-13,5082,native,post_roll,tech,4.09,1,0,0,0,31.5,2,14.8,0.91,0.01,0.01,2024-08-03 11:00:00,11,5,8
894474,60.0,F,IN,Hyderabad,smart_tv,free,9515,kids,43.4,R,5622,interstitial,in_feed,retail,9.1,7,0,0,0,42.0,4,14.34,2.51,0.04,0.1,2025-05-22 21:00:00,21,3,5
705196,50.0,M,DE,Munich,mobile,free,4484,sports,65.8,G,5048,banner,pre_roll,cpg,2.8,1,0,0,0,40.4,3,12.69,0.81,0.01,0.01,2024-07-14 06:00:00,6,6,7
589206,51.0,F,FR,Lyon,desktop,free,2204,news,38.2,PG-13,5442,native,sidebar,auto,5.64,5,0,0,0,16.0,4,4.63,1.27,0.01,0.02,2025-05-05 06:00:00,6,0,5
643438,64.0,F,UK,Manchester,mobile,premium,2635,comedy,54.6,R,5688,audio,sidebar,travel,6.68,8,0,0,0,36.9,2,11.95,1.45,0.04,0.1,2024-11-06 00:00:00,0,2,11
201038,44.0,M,UK,London,tablet,premium,5493,gaming,2.0,PG-13,5378,interstitial,in_feed,cpg,2.49,6,0,0,0,2.0,6,11.15,0.43,0.03,0.07,2024-07-04 15:00:00,15,3,7
827249,25.0,M,IN,Bengaluru,tablet,premium,1401,comedy,2.0,PG,5919,audio,sidebar,finance,4.3,7,0,0,0,11.1,3,8.46,1.23,0.02,0.06,2024-08-28 11:00:00,11,2,8
648168,59.0,F,IN,Hyderabad,tablet,family,1324,kids,7.4,PG,5300,native,pre_roll,tech,3.73,4,0,0,0,2.7,0,9.49,1.42,0.02,0.04,2024-12-12 14:00:00,14,3,12
752108,13.0,M,UK,Manchester,desktop,free,2090,comedy,26.6,R,5950,video,post_roll,auto,9.85,6,0,0,0,23.1,1,8.65,1.42,0.02,0.05,2025-04-18 04:00:00,4,4,4
514385,26.0,F,DE,Munich,desktop,free,3693,sports,29.0,PG,5959,banner,post_roll,retail,7.68,8,0,0,0,15.5,2,15.68,1.72,0.05,0.13,2025-01-22 05:00:00,5,2,1
811381,15.0,M,US,Chicago,desktop,free,4845,documentary,59.1,G,5360,audio,in_feed,gaming,5.46,6,0,0,0,39.5,4,8.5,1.09,0.02,0.05,2025-07-17 22:00:00,22,3,7
480629,18.0,F,BR,Sao Paulo,tablet,free,9049,sports,39.4,PG,5939,banner,pre_roll,auto,8.0,2,0,0,0,37.1,3,7.35,1.35,0.01,0.01,2025-06-12 13:00:00,13,3,6
868122,62.0,F,AU,Melbourne,mobile,basic,2155,gaming,57.2,R,5038,audio,sidebar,cpg,3.11,2,0,0,0,51.4,7,7.67,0.18,0.01,0.02,2025-04-11 19:00:00,19,4,4
985889,17.0,M,US,New York,mobile,basic,1484,comedy,32.8,PG-13,5057,video,post_roll,tech,3.28,5,0,0,0,20.6,5,6.32,1.4,0.01,0.03,2025-01-20 16:00:00,16,0,1
253453,23.0,F,CA,Toronto,mobile,premium,5358,sports,11.7,R,5665,banner,mid_roll,healthcare,1.5,9,0,0,0,12.0,2,13.27,0.99,0.05,0.12,2024-08-04 12:00:00,12,6,8
996242,21.0,F,DE,Berlin,desktop,premium,8504,drama,39.7,PG,5782,audio,post_roll,retail,4.05,9,0,0,0,23.5,4,9.88,1.7,0.04,0.09,2024-10-09 18:00:00,18,2,10
815103,17.0,M,UK,London,mobile,free,1255,documentary,44.3,G,5005,native,pre_roll,gaming,11.94,2,0,0,0,21.0,3,12.59,1.16,0.01,0.03,2024-05-04 04:00:00,4,5,5
468638,61.0,M,JP,Osaka,tablet,family,1263,gaming,5.4,PG-13,5813,banner,in_feed,finance,1.93,10,0,0,0,20.6,4,11.27,0.96,0.05,0.11,2024-09-19 01:00:00,1,3,9
585633,31.0,M,CA,Vancouver,desktop,free,5707,comedy,33.4,PG,5371,banner,post_roll,healthcare,4.43,10,0,0,0,17.4,2,12.0,0.77,0.05,0.12,2025-07-14 07:00:00,7,0,7
941122,23.0,F,US,Seattle,mobile,free,2752,music,46.5,PG,5575,audio,sidebar,auto,5.57,6,0,0,0,20.5,1,13.37,1.25,0.03,0.08,2024-10-16 23:00:00,23,2,10
562095,46.0,F,AU,Melbourne,desktop,free,8634,news,13.5,G,5455,audio,pre_roll,tech,8.46,7,0,0,0,1.5,1,11.82,1.14,0.03,0.08,2024-05-01 09:00:00,9,2,5
320144,17.0,F,UK,Manchester,desktop,free,4520,sports,52.2,PG,5824,audio,in_feed,retail,4.27,11,0,0,0,32.0,6,4.23,0.8,0.02,0.05,2025-02-16 01:00:00,1,6,2
655890,30.0,F,US,Austin,mobile,basic,3831,news,71.8,PG-13,5724,audio,sidebar,tech,7.35,3,0,0,0,70.3,6,8.66,1.06,0.01,0.03,2025-08-02 19:00:00,19,5,8
274144,62.0,F,US,Chicago,mobile,free,8709,documentary,30.7,PG-13,5221,banner,mid_roll,healthcare,4.12,7,0,0,0,18.8,2,7.75,0.6,0.02,0.05,2025-06-12 10:00:00,10,3,6
450092,13.0,Unknown,CA,Vancouver,mobile,free,3352,music,35.0,G,5382,video,pre_roll,healthcare,5.09,8,0,0,0,22.9,7,11.63,1.67,0.04,0.09,2024-07-27 00:00:00,0,5,7
691050,33.0,F,AU,Melbourne,mobile,basic,6846,gaming,20.3,PG-13,5616,native,pre_roll,retail,2.38,10,0,0,0,13.9,4,7.64,0.93,0.03,0.08,2024-11-01 02:00:00,2,4,11
626821,29.0,M,US,Seattle,mobile,basic,1736,music,25.7,R,5251,native,post_roll,gaming,4.7,7,0,0,0,31.5,4,9.6,0.73,0.03,0.07,2024-12-12 17:00:00,17,3,12
550417,44.0,Unknown,US,Austin,smart_tv,basic,5127,news,33.4,PG-13,5281,interstitial,sidebar,travel,10.15,4,0,0,0,17.2,3,18.94,0.92,0.03,0.08,2024-07-12 20:00:00,20,4,7
226380,25.0,M,IN,Hyderabad,mobile,premium,8112,comedy,28.5,PG-13,5917,native,sidebar,gaming,6.37,6,0,0,0,20.6,5,11.64,0.94,0.03,0.07,2024-07-24 02:00:00,2,2,7
771190,48.0,F,JP,Tokyo,mobile,free,4030,news,70.6,PG,5177,native,mid_roll,finance,9.92,11,0,0,0,58.5,6,13.51,1.8,0.06,0.15,2024-07-06 19:00:00,19,5,7
324839,60.0,F,BR,Sao Paulo,mobile,free,6245,gaming,12.9,G,5215,video,sidebar,retail,6.6,3,0,0,0,11.5,2,11.78,1.1,0.01,0.04,2025-08-20 01:00:00,1,2,8
198895,58.0,F,US,Chicago,tablet,free,7247,drama,13.0,R,5784,video,pre_roll,auto,7.07,6,0,0,0,14.3,5,8.91,1.57,0.02,0.05,2025-04-07 20:00:00,20,0,4
350110,61.0,F,UK,London,desktop,free,3900,gaming,67.1,PG,5909,audio,post_roll,retail,12.42,4,0,0,0,46.9,3,15.64,1.54,0.03,0.06,2025-05-29 01:00:00,1,3,5
534173,46.0,M,UK,London,tablet,free,5838,kids,43.1,PG,5476,banner,in_feed,auto,5.84,6,0,0,0,43.0,6,11.09,1.9,0.03,0.07,2025-05-15 22:00:00,22,3,5
158269,13.0,M,DE,Berlin,mobile,free,4423,gaming,2.0,G,5293,interstitial,post_roll,healthcare,4.06,7,0,0,0,20.6,3,5.11,1.23,0.01,0.04,2025-07-31 22:00:00,22,3,7
713596,13.0,M,IN,Hyderabad,desktop,free,5853,comedy,15.4,R,5831,video,pre_roll,retail,3.53,9,1,0,1,14.3,2,10.26,1.66,1.03,0.34,2024-04-26 20:00:00,20,4,4
722637,62.0,F,DE,Unknown,mobile,free,5028,sports,2.0,PG-13,5721,native,mid_roll,gaming,4.5,7,1,0,1,6.1,1,13.43,1.52,0.95,0.32,2025-06-20 01:00:00,1,4,6
550962,25.0,F,IN,Bengaluru,tablet,free,5152,gaming,23.1,PG-13,5389,audio,in_feed,tech,1.5,4,0,0,0,30.0,1,8.17,1.04,0.01,0.03,2024-04-05 22:00:00,22,4,4
518781,18.0,M,US,Chicago,desktop,free,6288,comedy,24.7,PG,5200,native,post_roll,travel,5.34,1,0,0,0,14.0,3,12.47,1.55,0.0,0.01,2024-11-12 17:00:00,17,1,11
357694,56.0,F,JP,Osaka,mobile,free,9020,music,20.1,PG,5505,interstitial,mid_roll,retail,8.59,10,2,0,1,5.7,5,13.51,1.46,1.81,0.57,2025-01-15 23:00:00,23,2,1
523760,30.0,F,AU,Melbourne,mobile,family,7013,news,33.2,R,5118,audio,post_roll,cpg,10.9,10,2,0,1,15.8,2,12.9,1.42,1.76,0.55,2024-09-10 05:00:00,5,1,9
550731,35.0,M,UK,Manchester,mobile,premium,2881,news,63.5,R,5307,video,post_roll,travel,4.69,4,0,0,0,49.9,4,11.63,0.32,0.02,0.05,2024-05-18 22:00:00,22,5,5
633673,58.0,F,CA,Vancouver,desktop,premium,4712,documentary,53.1,G,5713,audio,mid_roll,gaming,4.29,8,3,1,1,43.7,3,13.78,1.41,28.61,0.74,2024-06-12 20:00:00,20,2,6
626720,26.0,F,BR,Sao Paulo,mobile,premium,1182,kids,30.6,PG-13,5642,video,pre_roll,gaming,6.39,2,0,0,0,8.2,2,10.15,1.46,0.01,0.02,2025-05-20 07:00:00,7,1,5
325163,64.0,M,IN,Bengaluru,mobile,basic,3268,music,2.0,PG,5290,banner,mid_roll,healthcare,2.15,1,0,0,0,14.4,2,13.39,1.42,0.01,0.01,2024-08-20 02:00:00,2,1,8
595320,44.0,F,IN,Bengaluru,desktop,basic,4237,kids,47.5,PG-13,5169,interstitial,pre_roll,gaming,10.9,1,0,0,0,34.9,5,7.53,1.87,0.0,0.01,2024-08-15 13:00:00,13,3,8
443040,28.0,F,IN,Mumbai,tablet,basic,2676,sports,40.7,PG-13,5325,native,pre_roll,retail,3.25,8,1,0,1,43.7,0,10.94,0.69,0.45,0.19,2025-07-12 14:00:00,14,5,7
609299,21.0,F,BR,Sao Paulo,mobile,premium,8706,news,62.9,PG,5881,video,in_feed,finance,9.31,8,1,0,1,20.6,4,13.89,1.36,0.86,0.32,2024-05-17 16:00:00,16,4,5
702066,52.0,Other,BR,Rio de Janeiro,tablet,free,7535,drama,8.3,PG,5126,interstitial,in_feed,finance,3.53,2,0,0,0,6.5,4,10.96,0.58,0.01,0.02,2025-07-08 05:00:00,5,1,7
498509,73.0,M,IN,Hyderabad,smart_tv,premium,8023,sports,42.3,PG,5573,interstitial,post_roll,cpg,1.71,4,1,0,1,38.7,2,16.43,1.33,0.82,0.27,2025-07-11 07:00:00,7,4,7
407967,46.0,F,AU,Unknown,mobile,basic,4376,news,59.4,PG-13,5019,video,mid_roll,healthcare,1.67,2,0,0,0,29.7,2,3.28,1.1,0.0,0.01,2025-01-18 05:00:00,5,5,1
397906,37.0,M,IN,Hyderabad,mobile,free,5909,kids,58.9,G,5011,native,sidebar,healthcare,4.23,8,0,0,0,24.7,5,8.77,1.18,0.03,0.07,2024-05-29 09:00:00,9,2,5
887057,28.0,M,US,Chicago,mobile,free,2791,sports,43.4,PG,5994,banner,sidebar,tech,6.54,5,0,0,0,26.7,3,9.69,1.26,0.02,0.05,2024-05-24 03:00:00,3,4,5
163375,14.0,F,MX,Guadalajara,mobile,free,4712,sports,20.7,PG-13,5856,audio,pre_roll,travel,5.45,7,0,0,0,18.1,12,10.64,1.06,0.03,0.07,2024-08-01 17:00:00,17,3,8
839039,28.0,M,US,Seattle,desktop,basic,2192,drama,48.7,PG-13,5952,interstitial,sidebar,finance,4.66,6,0,0,0,39.5,2,11.15,0.98,0.03,0.07,2025-01-06 19:00:00,19,0,1
141827,36.0,F,UK,Manchester,desktop,free,2329,gaming,2.0,PG-13,5290,native,post_roll,finance,4.74,10,1,0,1,8.2,9,5.78,1.25,0.77,0.25,2024-05-22 22:00:00,22,2,5
672662,49.0,Unknown,UK,Manchester,tablet,basic,2456,gaming,12.2,PG,5430,native,post_roll,auto,8.34,2,1,0,1,20.6,4,11.82,1.85,1.12,0.3,2024-11-02 01:00:00,1,5,11
580430,69.0,M,BR,Sao Paulo,desktop,free,9029,comedy,26.3,PG-13,5728,native,pre_roll,cpg,15.45,4,0,0,0,14.6,2,14.05,1.7,0.02,0.06,2024-05-02 08:00:00,8,3,5
745069,13.0,F,MX,Guadalajara,tablet,family,2180,gaming,67.1,PG-13,5837,interstitial,sidebar,gaming,9.97,2,0,0,0,65.4,8,13.5,1.72,0.01,0.03,2024-12-17 18:00:00,18,1,12
872897,66.0,F,FR,Paris,tablet,family,6761,comedy,19.3,R,5851,native,post_roll,auto,8.33,9,0,0,0,11.2,2,11.64,1.77,0.04,0.1,2024-03-12 10:00:00,10,1,3
844978,62.0,M,US,Unknown,desktop,free,2394,gaming,50.3,R,5983,interstitial,sidebar,auto,5.71,1,0,0,0,54.7,5,14.88,1.09,0.01,0.01,2025-03-18 21:00:00,21,1,3
807108,20.0,Unknown,CA,Vancouver,desktop,basic,5724,sports,70.5,PG-13,5525,interstitial,sidebar,tech,6.32,4,1,0,1,20.6,5,11.62,1.31,0.8,0.24,2024-03-30 21:00:00,21,5,3
633253,38.0,M,US,Chicago,desktop,family,9212,comedy,19.2,G,5476,native,pre_roll,travel,7.79,8,0,0,0,9.0,4,9.34,0.84,0.03,0.07,2024-06-14 04:00:00,4,4,6
582627,63.0,M,US,New York,mobile,free,4902,drama,13.7,G,5741,native,pre_roll,tech,6.95,1,0,0,0,7.0,4,10.63,0.71,0.0,0.01,2024-06-03 07:00:00,7,0,6
721171,16.0,F,US,Seattle,smart_tv,basic,6898,gaming,51.6,R,5305,audio,sidebar,travel,5.39,4,0,0,0,49.0,7,13.93,0.8,0.02,0.06,2025-05-23 17:00:00,17,4,5
675549,26.0,F,DE,Munich,desktop,basic,3119,news,54.7,PG-13,5936,audio,mid_roll,retail,5.7,7,0,0,0,31.5,5,3.86,1.53,0.01,0.03,2024-03-29 19:00:00,19,4,3
570189,24.0,M,UK,London,tablet,premium,3176,comedy,13.5,PG-13,5995,interstitial,sidebar,healthcare,1.87,6,1,0,1,16.4,8,11.77,0.53,0.35,0.15,2024-10-18 19:00:00,19,4,10
978802,33.0,M,IN,Bengaluru,mobile,premium,8133,documentary,44.7,G,5238,audio,sidebar,gaming,5.34,10,0,0,0,41.5,4,11.16,0.99,0.04,0.11,2025-01-14 05:00:00,5,1,1
378363,55.0,F,FR,Lyon,mobile,premium,9941,gaming,74.0,R,5787,interstitial,sidebar,tech,8.33,9,0,0,0,65.6,3,9.44,1.01,0.03,0.08,2024-12-04 15:00:00,15,2,12
970512,54.0,M,IN,Hyderabad,mobile,free,6565,comedy,11.3,PG,5641,banner,mid_roll,gaming,9.39,1,0,0,0,0.5,0,13.48,1.01,0.01,0.01,2025-03-03 14:00:00,14,0,3
748057,62.0,Unknown,CA,Toronto,smart_tv,free,2497,kids,28.3,PG-13,5654,native,sidebar,tech,6.06,1,0,0,0,15.4,3,11.89,0.58,0.0,0.01,2025-05-08 16:00:00,16,3,5
995323,68.0,M,US,Austin,mobile,family,6816,kids,49.5,PG,5078,audio,in_feed,finance,2.82,2,0,0,0,29.1,0,8.37,0.49,0.01,0.02,2024-09-29 13:00:00,13,6,9
322432,40.0,Other,FR,Paris,mobile,basic,8540,sports,48.4,R,5863,interstitial,sidebar,tech,14.13,6,0,0,0,22.7,2,11.88,1.64,0.03,0.07,2025-05-22 05:00:00,5,3,5
114839,66.0,M,US,Chicago,mobile,premium,6552,sports,25.3,PG-13,5514,interstitial,in_feed,travel,4.56,9,1,0,1,18.7,3,4.0,0.99,0.61,0.18,2024-08-19 17:00:00,17,0,8
438809,16.0,F,US,Austin,desktop,family,8566,kids,26.1,PG,5530,interstitial,mid_roll,retail,4.15,11,1,1,1,18.5,1,9.13,1.32,30.22,0.3,2025-08-14 14:00:00,14,3,8
672587,42.0,M,FR,Lyon,mobile,basic,9262,gaming,69.9,PG-13,5625,video,mid_roll,tech,18.05,10,1,1,1,44.8,3,9.81,2.0,32.02,0.4,2024-11-28 10:00:00,10,3,11
949515,41.0,F,US,Austin,mobile,basic,8492,comedy,14.6,G,5740,interstitial,post_roll,auto,3.63,10,2,0,1,6.3,4,8.63,0.52,0.66,0.24,2025-04-02 10:00:00,10,2,4
770564,74.0,M,IN,Unknown,mobile,basic,3596,comedy,12.3,PG-13,5340,audio,post_roll,retail,5.11,7,0,0,0,2.7,2,6.72,0.7,0.02,0.05,2025-06-16 12:00:00,12,0,6
317308,72.0,F,JP,Tokyo,smart_tv,premium,1140,gaming,38.2,PG,5606,video,sidebar,auto,2.67,7,1,0,1,20.6,1,9.7,0.82,0.52,0.19,2025-05-03 00:00:00,0,5,5
192765,44.0,M,IN,Bengaluru,desktop,basic,5587,kids,45.4,PG,5951,native,sidebar,travel,2.77,10,0,0,0,26.4,2,11.51,1.71,0.05,0.12,2025-06-03 14:00:00,14,1,6
601900,17.0,M,JP,Osaka,smart_tv,free,2565,drama,54.2,PG-13,5953,video,pre_roll,auto,6.94,4,1,0,1,51.8,5,12.78,1.11,0.69,0.22,2024-12-15 17:00:00,17,6,12
426912,39.0,M,UK,London,desktop,free,9750,comedy,39.1,PG-13,5366,banner,post_roll,finance,1.07,11,0,0,0,7.5,4,7.58,0.96,1.16985504528493,0.08,2024-03-24 11:00:00,11,6,3
429008,54.0,F,AU,Melbourne,desktop,premium,4467,documentary,49.7,R,5713,native,mid_roll,healthcare,3.65,8,1,0,1,20.6,4,18.75,0.8,0.54,0.27,2024-11-22 06:00:00,6,4,11
248607,60.0,F,US,Austin,mobile,free,3316,gaming,7.8,PG-13,5349,interstitial,post_roll,travel,2.74,11,0,0,0,20.6,1,6.42,1.28,0.03,0.07,2024-06-07 00:00:00,0,4,6
599651,57.0,Other,US,Austin,desktop,basic,6481,news,29.5,G,5478,native,pre_roll,auto,4.82,4,1,0,1,32.3,2,12.52,1.46,0.9,0.27,2025-06-24 02:00:00,2,1,6
446162,59.0,M,UK,London,desktop,basic,1891,comedy,16.8,PG,5021,native,post_roll,gaming,12.49,9,0,0,0,11.8,3,13.65,1.55,0.05,0.12,2024-07-06 20:00:00,20,5,7
238939,71.0,M,IN,Bengaluru,desktop,free,8597,sports,27.8,R,5777,interstitial,sidebar,healthcare,4.34,2,0,0,0,15.8,3,13.04,1.65,0.01,0.03,2024-07-02 03:00:00,3,1,7
497084,69.0,Other,US,Chicago,mobile,free,2606,gaming,41.6,PG-13,5246,audio,sidebar,retail,5.58,6,0,0,0,23.0,4,3.58,0.08,0.01,0.02,2024-07-13 16:00:00,16,5,7
189210,73.0,M,DE,Berlin,mobile,basic,3415,documentary,78.0,PG-13,5081,video,mid_roll,cpg,7.89,9,1,0,1,57.8,2,5.21,0.49,0.31,0.12,2025-02-10 23:00:00,23,0,2
260531,72.0,M,IN,Hyderabad,tablet,free,9827,comedy,58.5,G,5068,banner,post_roll,retail,2.46,1,0,0,0,40.4,1,7.73,1.28,0.0,0.01,2025-01-03 11:00:00,11,4,1
660463,33.0,M,US,New York,desktop,free,1800,news,2.0,PG,5589,native,sidebar,travel,2.96,10,0,0,0,2.1,3,9.7,0.89,0.04,0.1,2025-07-26 08:00:00,8,5,7
546475,64.0,F,UK,Manchester,mobile,premium,8145,kids,26.6,R,5254,banner,post_roll,gaming,9.69,11,1,1,1,29.9,4,11.56,0.57,33.77,0.21,2024-10-11 18:00:00,18,4,10
186167,43.0,M,UK,Manchester,desktop,free,6440,music,5.9,PG-13,5993,video,mid_roll,healthcare,1.9,10,0,0,0,9.2,3,15.12,1.11,0.06,0.15,2024-07-31 10:00:00,10,2,7
268824,33.0,M,IN,Hyderabad,desktop,premium,9911,comedy,39.4,PG,5021,interstitial,pre_roll,finance,9.67,3,0,0,0,15.8,6,10.39,1.39,0.01,0.03,2024-03-27 14:00:00,14,2,3
139970,45.0,M,DE,Berlin,desktop,basic,7183,news,36.7,PG,5320,banner,sidebar,gaming,7.12,10,0,0,0,3.7,6,11.38,1.75,0.05,0.11,2024-03-04 19:00:00,19,0,3
930062,31.0,F,US,Chicago,mobile,free,4540,drama,54.4,PG-13,5874,native,post_roll,finance,5.14,8,0,0,0,44.2,3,11.26,0.8,0.04,0.09,2024-09-18 18:00:00,18,2,9
488705,35.0,F,BR,Sao Paulo,mobile,family,6447,music,24.5,G,5530,banner,in_feed,cpg,3.76,8,0,0,0,5.2,2,3.69,0.44,0.01,0.03,2025-07-13 22:00:00,22,6,7
252528,53.0,F,DE,Berlin,desktop,free,7337,kids,34.6,PG-13,5519,video,in_feed,retail,4.32,4,1,0,1,28.1,10,8.51,1.44,0.88,0.25,2024-12-08 19:00:00,19,6,12
408282,56.0,F,US,Chicago,tablet,premium,8685,news,17.4,PG,5942,native,in_feed,gaming,3.44,3,0,0,0,4.3,1,9.03,1.27,0.01,0.03,2025-06-26 12:00:00,12,3,6
561293,68.0,F,AU,Melbourne,console,basic,4566,documentary,44.4,PG,5383,audio,mid_roll,gaming,8.63,8,0,0,0,14.9,5,9.67,1.79,0.03,0.08,2024-04-24 21:00:00,21,2,4
149141,63.0,F,UK,London,desktop,free,2716,news,32.3,R,5049,banner,sidebar,auto,4.61,7,0,0,0,14.5,7,6.37,0.79,0.02,0.04,2024-04-20 09:00:00,9,5,4
409861,55.0,Other,IN,Hyderabad,mobile,basic,3542,documentary,64.7,PG-13,5236,banner,mid_roll,tech,4.25,4,0,0,0,39.8,3,9.22,0.99,0.01,0.04,2025-05-25 01:00:00,1,6,5
517142,59.0,F,DE,Berlin,smart_tv,free,1421,news,25.8,G,5927,native,post_roll,cpg,5.41,4,1,0,1,7.0,3,4.96,1.03,0.63,0.17,2024-04-27 15:00:00,15,5,4
480472,18.0,F,MX,Mexico City,mobile,free,4763,comedy,58.4,PG-13,5836,interstitial,in_feed,healthcare,6.38,6,0,0,0,43.5,4,12.78,1.32,0.03,0.08,2024-03-29 01:00:00,1,4,3
988116,70.0,F,IN,Hyderabad,tablet,premium,1681,gaming,46.3,PG-13,5445,audio,in_feed,healthcare,12.52,10,1,0,1,40.7,3,10.15,0.76,0.5,0.22,2024-10-05 05:00:00,5,5,10
450437,51.0,F,DE,Berlin,smart_tv,premium,2533,gaming,50.7,G,5854,audio,post_roll,travel,4.66,8,0,0,0,46.8,1,10.69,1.18,0.03,0.09,2025-07-13 09:00:00,9,6,7
263785,71.0,F,BR,Rio de Janeiro,mobile,basic,8787,sports,30.4,PG,5880,banner,sidebar,finance,2.28,6,0,0,0,19.6,3,11.53,0.57,0.03,0.07,2025-03-08 06:00:00,6,5,3
980792,36.0,M,US,Seattle,desktop,premium,8928,news,2.0,R,5101,native,mid_roll,healthcare,5.28,11,1,0,1,5.2,2,13.49,0.31,0.25,0.19,2024-04-23 12:00:00,12,1,4
974012,30.0,F,US,Seattle,desktop,basic,5243,documentary,20.6,PG,5831,banner,in_feed,gaming,4.14,10,0,0,0,10.1,1,10.18,0.8,0.04,0.1,2025-05-27 01:00:00,1,1,5
697252,66.0,M,IN,Mumbai,desktop,basic,4995,documentary,12.4,G,5994,native,in_feed,finance,5.32,11,1,0,1,11.0,0,11.91,1.45,0.92,0.35,2025-05-30 12:00:00,12,4,5
837533,26.0,F,MX,Mexico City,mobile,basic,6049,sports,26.9,PG-13,5791,interstitial,pre_roll,healthcare,20.85,11,2,0,1,22.1,4,12.66,1.7,2.1,0.65,2025-05-07 09:00:00,9,2,5
143852,71.0,F,US,Austin,smart_tv,basic,4713,sports,19.2,PG-13,5536,banner,in_feed,auto,4.63,6,1,0,1,12.0,2,11.63,1.26,0.78,0.26,2025-07-01 10:00:00,10,1,7
636275,28.0,M,FR,Lyon,mobile,premium,3017,drama,44.1,PG,5440,video,post_roll,finance,6.82,10,0,0,0,28.3,9,7.86,1.37,0.03,0.08,2024-07-08 12:00:00,12,0,7
851574,46.0,F,US,Seattle,mobile,premium,1009,drama,38.9,PG-13,5605,banner,pre_roll,auto,5.06,4,0,0,0,43.4,8,6.74,0.96,0.01,0.03,2025-08-11 23:00:00,23,0,8
100823,63.0,F,MX,Guadalajara,console,free,6011,comedy,38.0,PG,5417,audio,post_roll,gaming,3.7,9,0,0,0,14.9,2,6.4,1.34,0.02,0.06,2024-08-21 04:00:00,4,2,8
590889,21.0,F,US,New York,desktop,premium,5603,music,48.1,PG-13,5823,native,post_roll,gaming,5.63,3,1,0,1,30.2,5,6.04,1.7,1.03,0.27,2025-05-08 02:00:00,2,3,5
239766,46.0,M,DE,Munich,mobile,family,3907,news,32.3,PG-13,5771,interstitial,mid_roll,auto,9.61,1,0,0,0,20.7,11,8.89,1.03,0.0,0.01,2025-01-07 20:00:00,20,1,1
204862,74.0,M,IN,Hyderabad,mobile,basic,1341,sports,44.0,PG,5525,audio,sidebar,retail,2.52,6,0,0,0,39.9,2,1.27,0.95,0.0,0.01,2025-04-25 22:00:00,22,4,4
691181,18.0,M,JP,Osaka,desktop,basic,5406,sports,23.6,PG,5914,banner,pre_roll,retail,7.14,4,0,0,0,5.3,2,3.1,1.89,0.0,0.01,2025-02-03 00:00:00,0,0,2
524441,64.0,F,CA,Vancouver,mobile,family,2398,comedy,24.3,PG-13,5740,banner,pre_roll,gaming,4.87,11,0,0,0,20.1,4,9.41,1.36,0.04,0.1,2025-02-10 22:00:00,22,0,2
485907,55.0,F,MX,Mexico City,mobile,free,5230,drama,36.7,PG,5724,audio,pre_roll,cpg,3.01,10,1,0,1,29.3,4,9.01,0.97,0.62,0.24,2025-01-27 19:00:00,19,0,1
220148,31.0,F,IN,Mumbai,desktop,premium,9350,kids,42.5,G,5006,video,pre_roll,cpg,6.2,5,0,0,0,28.3,4,4.41,1.72,0.01,0.02,2025-04-25 15:00:00,15,4,4
396275,29.0,M,US,Austin,mobile,free,4438,documentary,63.2,G,5645,banner,in_feed,travel,5.62,4,0,0,0,37.1,1,10.69,1.45,0.02,0.04,2025-04-04 01:00:00,1,4,4
601757,66.0,M,CA,Toronto,tablet,premium,9640,comedy,2.1,PG,5370,video,in_feed,travel,10.93,11,0,0,0,0.5,0,14.88,0.69,0.07,0.16,2024-05-12 15:00:00,15,6,5
476571,39.0,F,JP,Osaka,mobile,free,5747,comedy,52.2,R,5909,banner,in_feed,gaming,3.94,11,0,0,0,21.1,0,12.77,0.7,0.06,0.14,2025-05-21 01:00:00,1,2,5
433642,73.0,F,MX,Guadalajara,smart_tv,premium,4420,gaming,8.9,PG,5879,banner,post_roll,auto,7.46,9,0,0,0,9.7,3,7.96,0.57,0.03,0.07,2024-12-15 11:00:00,11,6,12
968419,40.0,F,US,Seattle,mobile,free,8054,drama,56.5,R,5480,video,post_roll,tech,4.21,10,0,0,0,49.4,5,7.95,0.8,0.03,0.08,2024-08-22 11:00:00,11,3,8
160124,59.0,M,UK,London,mobile,family,7240,news,68.7,G,5570,video,post_roll,travel,9.74,1,0,0,0,45.6,1,6.69,1.36,0.0,0.01,2024-12-03 16:00:00,16,1,12
474405,29.0,F,MX,Mexico City,mobile,family,5636,drama,46.6,PG-13,5860,audio,post_roll,auto,14.51,1,0,0,0,27.3,7,11.81,1.64,0.0,0.01,2025-08-05 04:00:00,4,1,8
688203,38.0,M,IN,Bengaluru,mobile,premium,9755,gaming,75.4,PG-13,5971,banner,pre_roll,gaming,11.69,4,2,0,1,50.9,3,12.92,0.98,1.2,0.35,2025-06-07 02:00:00,2,5,6
625267,44.0,F,UK,Manchester,desktop,free,9121,drama,57.4,PG,5449,interstitial,sidebar,auto,4.6,3,0,0,0,40.1,8,9.22,0.9,0.3840170023392501,0.03,2025-05-25 04:00:00,4,6,5
310068,58.0,F,US,Austin,desktop,basic,6358,sports,50.7,PG-13,5095,audio,sidebar,healthcare,6.63,3,1,0,1,36.0,2,14.11,1.44,0.88,0.26,2024-11-05 21:00:00,21,1,11
610396,26.0,F,MX,Guadalajara,desktop,basic,3556,documentary,48.8,R,5139,banner,in_feed,gaming,4.54,7,1,0,1,44.3,5,13.36,0.94,0.6,0.23,2025-04-28 10:00:00,10,0,4
789730,14.0,M,US,Chicago,mobile,premium,1128,sports,69.2,R,5993,native,mid_roll,finance,11.58,8,0,0,0,31.2,2,11.0,1.33,0.04,0.09,2024-09-24 22:00:00,22,1,9
560577,21.0,F,UK,Manchester,mobile,premium,8724,music,28.7,PG,5891,video,pre_roll,gaming,2.47,9,0,0,0,0.9,2,7.49,0.25,0.03,0.07,2025-03-06 12:00:00,12,3,3
913431,38.0,F,BR,Rio de Janeiro,desktop,basic,8100,sports,62.8,R,5125,native,mid_roll,travel,6.95,1,0,0,0,36.7,3,16.43,0.71,0.01,0.02,2025-02-09 08:00:00,8,6,2
712576,41.0,F,UK,Manchester,desktop,basic,7947,drama,41.7,PG-13,5657,audio,post_roll,healthcare,5.34,5,0,0,0,47.1,3,15.55,1.34,0.03,0.08,2024-07-13 21:00:00,21,5,7
318477,72.0,M,BR,Sao Paulo,mobile,free,9307,comedy,25.9,PG,5478,video,sidebar,healthcare,3.69,8,0,0,0,16.0,5,10.81,1.15,0.03,0.09,2024-07-22 21:00:00,21,0,7
683748,49.0,M,US,New York,mobile,family,8151,sports,65.1,G,5157,native,sidebar,cpg,6.66,5,0,0,0,43.6,2,4.46,2.06,0.01,0.02,2024-04-03 00:00:00,0,2,4
375260,72.0,F,IN,Mumbai,mobile,free,6006,music,22.3,G,5266,native,sidebar,retail,5.49,8,0,0,0,17.8,4,10.15,1.24,0.03,0.08,2024-05-15 11:00:00,11,2,5
327812,21.0,F,DE,Munich,desktop,free,3477,news,29.2,R,5407,audio,pre_roll,finance,5.14,5,0,0,0,14.2,3,8.58,1.07,0.02,0.04,2024-10-21 03:00:00,3,0,10
141921,48.0,F,IN,Mumbai,mobile,free,8287,drama,50.6,G,5123,native,pre_roll,finance,4.99,3,0,0,0,44.8,3,9.8,0.52,0.01,0.03,2024-11-14 01:00:00,1,3,11
775058,70.0,M,BR,Rio de Janeiro,mobile,basic,7722,comedy,48.9,PG-13,5629,native,post_roll,auto,9.24,7,0,0,0,24.3,0,10.52,1.28,0.03,0.07,2024-05-29 03:00:00,3,2,5
533362,51.0,F,IN,Hyderabad,mobile,family,2200,kids,37.4,G,5369,native,in_feed,gaming,2.82,1,0,0,0,25.5,4,6.99,0.86,0.0,0.01,2024-10-12 02:00:00,2,5,10
839186,47.0,M,IN,Bengaluru,mobile,free,5439,news,37.5,G,5389,interstitial,post_roll,auto,10.72,9,0,0,0,10.6,3,13.74,2.51,0.05,0.12,2025-01-21 06:00:00,6,1,1
856255,59.0,F,JP,Tokyo,desktop,family,7077,comedy,27.9,R,5474,audio,in_feed,auto,5.14,1,0,0,0,8.3,2,10.49,1.22,0.0,0.01,2024-07-04 14:00:00,14,3,7
345574,17.0,F,BR,Rio de Janeiro,desktop,premium,5373,gaming,45.4,R,5524,interstitial,post_roll,gaming,10.81,8,0,0,0,28.5,5,12.15,1.45,0.04,0.1,2024-08-30 15:00:00,15,4,8
199149,56.0,Other,DE,Munich,mobile,free,8603,music,36.2,PG-13,5898,native,sidebar,travel,7.82,11,1,0,1,24.5,0,11.52,1.44,0.91,0.34,2024-09-15 10:00:00,10,6,9
754844,44.0,M,CA,Unknown,desktop,free,8639,drama,30.5,PG-13,5033,banner,mid_roll,finance,9.87,10,1,0,1,26.6,3,10.53,1.37,0.86,0.31,2024-11-28 17:00:00,17,3,11
250969,61.0,Other,US,Chicago,mobile,premium,2272,music,24.5,PG,5621,interstitial,mid_roll,retail,1.96,4,0,0,0,28.9,2,10.09,1.14,0.02,0.04,2024-09-14 20:00:00,20,5,9
713495,47.0,F,IN,Mumbai,mobile,basic,5107,documentary,2.0,R,5913,native,pre_roll,finance,4.38,5,0,0,0,0.5,1,13.94,0.7,0.03,0.07,2025-04-02 22:00:00,22,2,4
770142,72.0,F,DE,Berlin,mobile,premium,7223,kids,51.1,PG-13,5051,audio,pre_roll,healthcare,4.61,3,0,0,0,33.0,6,13.79,0.94,0.02,0.04,2024-08-24 20:00:00,20,5,8
731949,43.0,F,JP,Tokyo,desktop,free,9002,comedy,54.8,R,5889,native,post_roll,cpg,12.38,3,0,0,0,21.8,3,12.91,1.9,0.02,0.04,2024-10-21 07:00:00,7,0,10
674296,59.0,F,IN,Bengaluru,mobile,free,5028,music,15.8,R,5589,interstitial,sidebar,healthcare,4.83,2,0,0,0,16.7,2,13.64,0.96,0.01,0.03,2024-09-21 21:00:00,21,5,9
299425,68.0,F,IN,Bengaluru,mobile,family,5222,news,54.1,PG,5743,audio,in_feed,finance,3.97,6,0,0,0,40.8,4,6.27,0.45,0.02,0.04,2024-06-07 18:00:00,18,4,6
279401,43.0,F,FR,Paris,mobile,free,8848,music,52.1,PG,5200,audio,sidebar,cpg,11.06,6,1,0,1,27.8,4,8.43,1.29,0.79,0.24,2025-03-06 07:00:00,7,3,3
692621,64.0,F,CA,Toronto,mobile,premium,7111,drama,6.6,PG,5827,audio,pre_roll,travel,4.03,2,0,0,0,2.6,4,11.42,1.16,0.01,0.02,2024-07-06 03:00:00,3,5,7
254121,41.0,F,IN,Bengaluru,mobile,free,5301,drama,42.5,R,5696,banner,in_feed,gaming,1.52,8,0,0,0,35.3,1,6.25,0.28,0.02,0.05,2024-08-08 07:00:00,7,3,8
526713,24.0,F,IN,Hyderabad,desktop,premium,3661,news,26.5,G,5433,audio,sidebar,finance,5.48,10,1,1,1,4.9,7,14.46,1.03,25.18,0.3,2025-05-03 02:00:00,2,5,5
163425,65.0,M,MX,Mexico City,mobile,free,2443,comedy,9.6,R,5250,banner,post_roll,cpg,9.15,10,0,0,0,0.5,1,16.5,0.94,0.07,0.16,2025-07-26 09:00:00,9,5,7
327567,66.0,M,UK,Manchester,smart_tv,free,1173,drama,43.5,PG-13,5761,video,mid_roll,healthcare,2.27,3,0,0,0,22.8,7,13.12,1.34,0.02,0.04,2025-02-26 06:00:00,6,2,2
115881,20.0,M,US,Chicago,desktop,family,7327,documentary,46.6,PG,5949,interstitial,mid_roll,tech,4.31,7,1,0,1,19.5,2,15.78,1.16,0.74,0.28,2025-07-08 19:00:00,19,1,7
363652,59.0,F,IN,Mumbai,mobile,free,5091,news,31.6,G,5377,interstitial,mid_roll,auto,1.73,9,0,0,0,23.3,2,10.26,1.24,0.04,0.09,2025-06-05 06:00:00,6,3,6
480332,62.0,F,BR,Rio de Janeiro,desktop,free,2915,kids,5.5,PG-13,5775,native,post_roll,cpg,7.95,8,0,0,0,0.5,1,13.69,1.34,0.04,0.11,2024-11-15 16:00:00,16,4,11
187903,65.0,Other,IN,Mumbai,mobile,premium,7352,news,44.7,PG-13,5437,native,pre_roll,retail,7.24,5,0,0,0,20.6,4,9.64,1.29,0.02,0.05,2025-04-20 22:00:00,22,6,4
197071,35.0,F,UK,Manchester,tablet,family,3192,kids,57.8,G,5855,video,post_roll,auto,3.81,2,0,0,0,29.2,2,11.04,1.64,0.01,0.02,2024-08-25 07:00:00,7,6,8
778424,19.0,Other,US,Austin,tablet,family,2770,kids,7.6,G,5370,native,in_feed,auto,5.92,3,0,0,0,0.5,3,11.56,1.74,0.01,0.03,2024-11-04 16:00:00,16,0,11
362890,59.0,M,DE,Berlin,desktop,basic,8106,gaming,56.1,G,5539,audio,post_roll,healthcare,10.76,1,0,0,0,64.2,4,14.52,1.95,0.01,0.01,2024-12-15 03:00:00,3,6,12
496631,53.0,F,BR,Sao Paulo,mobile,free,9032,documentary,16.3,PG-13,5720,audio,mid_roll,travel,5.69,10,0,0,0,9.9,2,4.83,1.24,0.02,0.05,2025-08-01 15:00:00,15,4,8
886536,46.0,M,AU,Melbourne,desktop,premium,4909,gaming,43.4,PG-13,5374,video,in_feed,travel,9.53,10,0,0,0,21.3,6,14.26,1.03,0.06,0.14,2025-06-02 05:00:00,5,0,6
146529,73.0,Other,IN,Mumbai,desktop,premium,6708,documentary,34.3,R,5827,video,in_feed,retail,3.05,5,0,0,0,19.4,1,12.12,1.15,0.02,0.06,2024-11-20 04:00:00,4,2,11
144414,34.0,F,IN,Mumbai,desktop,basic,4485,news,56.6,G,5983,video,pre_roll,auto,5.85,8,0,0,0,41.0,5,14.67,0.97,0.05,0.12,2025-02-16 09:00:00,9,6,2
425800,59.0,M,CA,Vancouver,mobile,premium,5747,drama,17.5,G,5519,interstitial,post_roll,gaming,6.04,6,0,0,0,6.5,4,11.46,1.63,0.03,0.07,2024-06-18 06:00:00,6,1,6
817095,70.0,M,US,New York,mobile,basic,9146,documentary,54.9,PG,5617,banner,mid_roll,gaming,4.51,9,0,0,0,30.4,1,11.03,0.94,0.04,0.1,2025-05-09 08:00:00,8,4,5
970504,50.0,F,DE,Berlin,mobile,basic,5946,sports,30.9,PG-13,5906,audio,pre_roll,finance,1.75,10,1,0,1,12.9,6,9.94,1.43,0.9,0.31,2024-12-24 15:00:00,15,1,12
443461,13.0,M,BR,Sao Paulo,desktop,basic,8068,drama,35.7,PG,5597,interstitial,mid_roll,cpg,4.16,11,2,0,1,15.0,10,14.48,0.75,0.96,0.38,2024-12-13 16:00:00,16,4,12
366648,55.0,F,JP,Osaka,tablet,basic,4250,news,18.4,PG-13,5700,interstitial,pre_roll,cpg,10.75,8,0,0,0,7.9,1,11.36,1.2,0.04,0.09,2025-04-18 19:00:00,19,4,4
470696,25.0,F,US,Seattle,mobile,premium,5983,news,42.8,PG,5171,native,in_feed,healthcare,8.76,7,0,0,0,0.5,3,13.74,1.51,0.04,0.1,2025-02-05 18:00:00,18,2,2
581596,19.0,M,IN,Hyderabad,mobile,free,6859,comedy,2.0,PG-13,5756,audio,in_feed,travel,4.92,6,0,0,0,0.5,3,12.94,0.76,0.03,0.08,2024-04-09 03:00:00,3,1,4
975398,42.0,F,US,Seattle,smart_tv,basic,4262,news,52.7,PG,5291,audio,sidebar,cpg,3.26,5,0,0,0,13.9,3,8.04,1.12,0.02,0.04,2024-08-03 14:00:00,14,5,8
305980,59.0,M,IN,Hyderabad,tablet,free,1649,gaming,51.8,PG,5101,native,pre_roll,retail,6.74,8,1,1,1,46.0,1,11.49,1.11,26.07,0.26,2024-06-04 10:00:00,10,1,6
611630,49.0,M,JP,Tokyo,mobile,family,8750,gaming,25.0,PG-13,5807,interstitial,pre_roll,finance,4.25,3,0,0,0,15.5,5,5.92,0.66,0.01,0.02,2025-04-01 20:00:00,20,1,4
896572,16.0,F,JP,Tokyo,smart_tv,basic,5049,gaming,34.3,PG,5843,interstitial,post_roll,cpg,10.15,7,0,0,0,16.9,3,12.44,0.88,0.03,0.09,2024-03-19 23:00:00,23,1,3
132972,55.0,M,IN,Mumbai,mobile,family,6337,gaming,2.0,PG-13,5757,banner,mid_roll,tech,4.43,6,0,0,0,0.5,2,10.61,1.94,0.03,0.06,2024-06-18 07:00:00,7,1,6
668056,15.0,F,CA,Toronto,desktop,family,1722,kids,53.5,PG-13,5371,video,in_feed,finance,8.83,5,0,0,0,31.9,2,10.27,1.47,0.02,0.05,2025-01-17 14:00:00,14,4,1
814444,33.0,F,UK,Manchester,tablet,basic,2087,gaming,2.0,PG-13,5623,audio,pre_roll,finance,9.6,8,0,0,0,1.3,1,15.37,2.06,0.05,0.12,2025-03-11 04:00:00,4,1,3
413671,29.0,M,US,New York,desktop,basic,6762,drama,54.3,PG-13,5302,video,post_roll,auto,2.95,11,1,0,1,57.0,5,10.53,0.88,0.57,0.25,2024-11-27 18:00:00,18,2,11
599071,43.0,Other,BR,Sao Paulo,desktop,free,9249,news,2.0,R,5550,banner,mid_roll,healthcare,8.2,3,0,0,0,10.4,2,12.77,1.36,0.02,0.04,2025-06-08 18:00:00,18,6,6
850517,50.0,M,CA,Toronto,mobile,premium,7715,documentary,21.9,PG,5962,audio,mid_roll,gaming,8.35,8,0,0,0,22.0,5,9.52,0.67,0.03,0.08,2025-07-10 05:00:00,5,3,7
799358,34.0,F,US,New York,desktop,premium,8113,comedy,36.4,PG,5342,audio,post_roll,finance,6.96,8,0,0,0,17.4,2,18.48,2.38,0.06,0.15,2024-05-11 08:00:00,8,5,5
667798,42.0,M,US,Austin,mobile,free,6156,sports,15.5,PG-13,5202,banner,sidebar,cpg,6.96,2,0,0,0,12.0,4,12.5,1.25,0.01,0.02,2025-07-28 08:00:00,8,0,7
236093,17.0,M,DE,Munich,mobile,basic,9224,comedy,66.9,PG-13,5034,native,sidebar,auto,1.47,7,1,0,1,56.3,4,10.8,0.93,0.59,0.22,2025-01-26 18:00:00,18,6,1
282430,22.0,M,US,Chicago,tablet,family,4207,music,20.6,R,5946,banner,mid_roll,gaming,8.74,9,1,0,1,3.4,1,9.84,1.74,1.08,0.35,2025-02-07 13:00:00,13,4,2
336266,60.0,F,IN,Mumbai,desktop,free,7237,gaming,25.4,PG,5276,video,sidebar,finance,11.91,3,0,0,0,7.6,3,15.22,0.48,0.02,0.05,2024-04-21 08:00:00,8,6,4
724397,72.0,M,CA,Toronto,mobile,basic,5439,kids,19.6,PG-13,5260,video,post_roll,travel,3.81,11,0,0,0,10.4,1,8.45,0.76,0.04,0.09,2025-01-30 19:00:00,19,3,1
919474,34.0,M,DE,Berlin,desktop,free,1716,comedy,31.0,PG-13,5716,native,sidebar,gaming,14.76,10,0,0,0,34.0,5,8.96,0.8,0.04,0.09,2025-03-27 21:00:00,21,3,3
563488,53.0,M,UK,Manchester,desktop,free,9727,comedy,51.1,G,5302,native,sidebar,gaming,6.34,6,0,0,0,21.1,2,11.15,1.26,0.03,0.07,2025-01-08 15:00:00,15,2,1
486880,45.0,F,BR,Rio de Janeiro,mobile,premium,5196,gaming,25.2,R,5403,banner,pre_roll,healthcare,8.82,6,1,0,1,18.7,3,11.03,0.91,0.57,0.2,2024-04-15 15:00:00,15,0,4
970254,72.0,F,BR,Sao Paulo,smart_tv,family,4345,kids,34.2,G,5021,audio,sidebar,retail,3.66,1,0,0,0,34.0,4,10.32,1.37,0.0,0.01,2024-12-08 13:00:00,13,6,12
559618,20.0,M,UK,London,mobile,premium,7458,drama,69.9,R,5224,native,sidebar,cpg,4.31,2,1,0,1,50.0,3,3.64,1.49,0.9,0.23,2025-07-19 09:00:00,9,5,7
718462,27.0,M,IN,Bengaluru,smart_tv,premium,6768,news,17.1,PG-13,5895,banner,pre_roll,healthcare,5.96,11,0,0,0,5.9,0,8.59,0.63,0.04,0.09,2025-03-26 15:00:00,15,2,3
678815,40.0,M,IN,Bengaluru,mobile,free,6962,documentary,42.3,G,5437,interstitial,sidebar,gaming,3.36,7,0,0,0,15.2,3,10.54,0.26,0.03,0.07,2024-05-14 04:00:00,4,1,5
873650,56.0,F,IN,Hyderabad,mobile,basic,7029,documentary,59.4,R,5615,native,post_roll,gaming,5.51,10,2,0,1,43.6,7,9.37,1.74,2.13,0.62,2025-08-01 08:00:00,8,4,8
575463,63.0,M,US,Chicago,tablet,free,8984,comedy,15.3,R,5311,native,pre_roll,gaming,8.04,2,0,0,0,0.5,2,13.41,1.71,0.01,0.03,2025-07-31 19:00:00,19,3,7
429047,59.0,M,US,Seattle,console,free,5595,sports,44.5,R,5259,native,mid_roll,gaming,6.53,3,0,0,0,26.6,1,12.92,1.25,0.02,0.04,2024-05-31 11:00:00,11,4,5
775557,42.0,M,US,Austin,mobile,premium,1712,drama,55.0,PG-13,5030,audio,post_roll,healthcare,3.85,1,0,0,0,20.6,1,7.4,0.87,0.0,0.01,2025-05-07 11:00:00,11,2,5
150537,70.0,M,UK,Manchester,desktop,premium,2303,news,13.3,G,5192,interstitial,mid_roll,retail,5.66,8,0,0,0,0.5,0,12.91,0.96,0.04,0.1,2024-10-06 15:00:00,15,6,10
300853,65.0,M,CA,Toronto,smart_tv,premium,2669,documentary,12.4,PG-13,5354,video,sidebar,finance,14.58,2,0,0,0,0.5,5,9.19,1.78,0.01,0.02,2025-01-15 14:00:00,14,2,1
200623,20.0,M,US,Chicago,tablet,basic,2392,documentary,83.9,G,5089,audio,post_roll,retail,3.49,5,0,0,0,42.3,4,7.83,1.51,0.02,0.04,2024-10-27 09:00:00,9,6,10
928754,68.0,M,US,Austin,mobile,basic,2893,sports,41.9,G,5268,audio,post_roll,healthcare,5.92,10,1,0,1,38.4,3,11.3,0.91,0.59,0.25,2025-04-27 14:00:00,14,6,4
890158,39.0,M,CA,Toronto,mobile,basic,6507,gaming,50.2,PG-13,5623,native,in_feed,travel,2.47,8,1,1,1,36.0,2,9.38,0.84,17.7,0.2,2025-08-21 04:00:00,4,3,8
148314,22.0,M,MX,Guadalajara,mobile,free,6259,gaming,50.3,R,5234,interstitial,post_roll,auto,9.59,6,1,0,1,33.7,5,9.19,1.83,1.12,0.33,2025-05-04 08:00:00,8,6,5
317412,33.0,F,US,Seattle,smart_tv,free,2169,music,2.0,PG-13,5611,interstitial,in_feed,cpg,7.41,1,0,0,0,11.9,3,1.98,0.8,0.0,0.0,2025-07-16 22:00:00,22,2,7
549549,64.0,F,IN,Mumbai,mobile,basic,6090,sports,43.0,PG-13,5814,native,pre_roll,gaming,1.57,2,0,0,0,46.1,4,10.55,1.61,0.01,0.02,2025-07-24 20:00:00,20,3,7
969075,16.0,M,FR,Paris,mobile,basic,1380,kids,24.3,PG,5564,video,sidebar,cpg,2.77,4,0,0,0,22.0,5,5.25,0.66,0.01,0.02,2024-04-18 15:00:00,15,3,4
997886,22.0,F,US,Austin,mobile,premium,9519,sports,34.0,PG-13,5121,audio,pre_roll,auto,7.61,11,1,1,1,24.4,6,7.31,1.03,34.13005000000005,0.23,2024-07-15 19:00:00,19,0,7
637558,29.0,F,BR,Rio de Janeiro,desktop,free,4825,kids,63.0,PG-13,5370,native,mid_roll,retail,5.14,4,0,0,0,54.4,3,15.26,1.17,0.02,0.06,2025-03-25 19:00:00,19,1,3
692909,57.0,M,IN,Mumbai,desktop,basic,1006,comedy,33.2,PG,5025,interstitial,post_roll,tech,2.58,11,0,0,0,24.9,1,11.46,0.89,0.05,0.13,2025-01-13 15:00:00,15,0,1
393457,48.0,F,AU,Sydney,mobile,free,9634,drama,15.1,PG-13,5286,native,post_roll,gaming,4.87,6,1,0,1,15.4,3,9.67,1.79,1.1,0.33,2024-03-28 01:00:00,1,3,3
533955,35.0,F,FR,Lyon,desktop,premium,3701,music,28.5,R,5790,interstitial,in_feed,gaming,8.85,8,1,0,1,27.4,5,7.54,1.15,0.71,0.23,2024-04-21 07:00:00,7,6,4
938762,60.0,F,BR,Sao Paulo,desktop,free,9634,sports,27.4,PG-13,5703,native,in_feed,finance,5.82,2,0,0,0,27.1,5,8.47,1.63,0.01,0.02,2024-12-07 02:00:00,2,5,12
957285,43.0,F,US,New York,tablet,family,8319,news,19.3,PG,5892,interstitial,mid_roll,retail,6.38,3,0,0,0,0.8,1,15.57,1.13,0.02,0.05,2025-01-27 17:00:00,17,0,1
589125,69.0,M,US,New York,desktop,premium,3338,documentary,46.0,PG,5724,audio,mid_roll,retail,1.16,10,0,0,0,17.2,0,12.35,1.47,0.05,0.12,2024-05-30 13:00:00,13,3,5
170187,34.0,F,JP,Tokyo,desktop,family,6721,documentary,66.9,G,5693,banner,sidebar,cpg,5.14,3,0,0,0,36.0,3,3.12,1.15,0.0,0.01,2024-06-01 11:00:00,11,5,6
388755,55.0,M,UK,Manchester,mobile,basic,9748,news,43.6,PG-13,5903,video,sidebar,gaming,6.43,10,0,0,0,25.1,2,10.78,0.56,0.04,0.11,2024-05-09 20:00:00,20,3,5
480142,57.0,F,AU,Melbourne,mobile,free,5159,gaming,17.6,G,5093,video,post_roll,travel,4.13,5,0,0,0,0.5,3,12.41,0.77,0.02,0.06,2024-12-31 01:00:00,1,1,12
374990,54.0,M,FR,Paris,desktop,free,1019,kids,25.2,PG,5257,audio,post_roll,healthcare,6.2,2,1,0,1,4.3,5,14.71,1.53,0.93,0.26,2024-03-05 05:00:00,5,1,3
913200,19.0,M,CA,Toronto,tablet,free,7114,sports,2.0,PG-13,5916,banner,sidebar,healthcare,2.99,4,0,0,0,9.2,2,12.38,1.0,0.02,0.05,2025-01-04 02:00:00,2,5,1
571885,66.0,M,IN,Bengaluru,mobile,premium,1857,kids,43.4,PG-13,5476,native,pre_roll,travel,4.35,10,0,0,0,45.0,3,9.54,0.18,0.04,0.1,2024-11-13 00:00:00,0,2,11
712220,53.0,F,BR,Rio de Janeiro,mobile,premium,6633,sports,34.1,G,5816,banner,pre_roll,tech,3.6,7,0,0,0,26.2,4,10.25,1.05,0.03,0.07,2024-11-07 15:00:00,15,3,11
817813,53.0,M,US,New York,desktop,premium,9076,comedy,34.7,R,5178,video,pre_roll,auto,4.81,7,0,0,0,10.2,4,8.48,1.59,0.02,0.06,2025-03-02 19:00:00,19,6,3
431592,25.0,M,IN,Bengaluru,mobile,free,2670,drama,25.5,R,5744,native,post_roll,tech,7.73,8,0,0,0,5.6,2,10.05,1.48,0.03,0.08,2024-12-08 05:00:00,5,6,12
838806,39.0,Other,JP,Tokyo,mobile,family,3220,news,16.0,PG,5769,native,in_feed,cpg,5.47,3,0,0,0,7.3,1,12.62,1.21,0.02,0.04,2025-03-28 23:00:00,23,4,3
979798,47.0,M,CA,Toronto,desktop,free,5659,drama,60.0,R,5367,banner,mid_roll,tech,5.73,11,0,0,0,33.9,3,9.66,1.68,0.04,0.11,2025-04-17 12:00:00,12,3,4
407388,43.0,F,UK,Manchester,tablet,basic,1362,comedy,50.6,PG-13,5631,native,post_roll,auto,3.71,8,0,0,0,54.8,2,8.37,0.97,0.03,0.07,2025-07-10 20:00:00,20,3,7
783222,62.0,M,BR,Sao Paulo,desktop,free,3990,drama,53.5,PG-13,5452,native,post_roll,retail,9.27,7,0,0,0,24.6,1,4.95,0.92,0.01,0.03,2025-05-06 14:00:00,14,1,5
606251,73.0,F,DE,Munich,desktop,basic,9251,news,72.4,PG-13,5426,native,sidebar,tech,2.95,6,0,0,0,50.4,5,12.51,0.95,0.03,0.08,2024-12-05 13:00:00,13,3,12
979585,16.0,F,IN,Bengaluru,smart_tv,free,3502,music,7.3,PG-13,5332,interstitial,sidebar,finance,6.51,6,0,0,0,11.5,3,11.7,1.17,0.03,0.07,2024-11-21 18:00:00,18,3,11
720926,36.0,M,CA,Toronto,desktop,basic,5997,news,33.1,G,5009,interstitial,in_feed,travel,1.94,7,0,0,0,25.4,1,7.93,1.02,0.02,0.06,2024-07-06 06:00:00,6,5,7
625312,48.0,F,BR,Sao Paulo,mobile,basic,3996,news,59.5,R,5144,audio,in_feed,travel,1.25,4,0,0,0,79.8,11,13.06,1.17,0.02,0.05,2025-01-18 18:00:00,18,5,1
841749,37.0,M,FR,Paris,desktop,basic,1835,kids,67.3,PG-13,5459,native,sidebar,cpg,5.84,5,0,0,0,15.9,5,9.58,1.49,0.02,0.05,2024-05-15 03:00:00,3,2,5
107359,60.0,M,FR,Lyon,desktop,premium,6092,music,56.7,PG-13,5099,audio,post_roll,retail,1.74,11,1,0,1,40.4,1,9.08,0.53,0.36,0.18,2025-07-16 20:00:00,20,2,7
893371,70.0,M,BR,Rio de Janeiro,mobile,premium,5871,kids,46.9,R,5162,banner,sidebar,retail,8.14,2,0,0,0,33.9,1,12.66,1.86,0.01,0.03,2025-05-31 07:00:00,7,5,5
974745,41.0,M,DE,Berlin,mobile,basic,1713,news,21.6,PG-13,5049,audio,sidebar,tech,4.44,10,0,0,0,8.8,3,16.71,1.03,0.07,0.17,2024-05-04 15:00:00,15,5,5
811114,64.0,M,BR,Rio de Janeiro,desktop,free,2468,music,28.7,R,5689,video,mid_roll,auto,10.71,7,1,0,1,13.6,0,12.99,0.47,0.32,0.16,2025-04-29 09:00:00,9,1,4
841662,33.0,M,FR,Lyon,tablet,premium,2510,music,30.6,R,5808,native,in_feed,auto,1.04,4,1,0,1,7.4,1,9.63,1.14,0.7,0.21,2024-05-03 05:00:00,5,4,5
419458,13.0,F,US,New York,mobile,basic,4485,gaming,2.0,PG,5645,video,sidebar,cpg,0.82,3,0,0,0,8.1,2,9.02,1.19,0.01,0.03,2025-03-25 11:00:00,11,1,3
595265,66.0,M,UK,London,mobile,free,2439,documentary,27.1,G,5304,banner,post_roll,healthcare,3.62,4,0,0,0,12.2,4,14.16,1.54,0.02,0.06,2024-04-17 08:00:00,8,2,4
241380,70.0,F,US,Austin,desktop,free,3284,documentary,37.6,PG,5561,banner,in_feed,cpg,7.49,9,0,0,0,14.3,2,9.9,1.28,0.04,0.09,2024-11-19 14:00:00,14,1,11
244801,18.0,M,IN,Hyderabad,desktop,free,2471,kids,27.6,PG,5288,video,pre_roll,auto,6.15,1,0,0,0,10.5,5,12.21,1.11,0.0,0.01,2025-02-19 05:00:00,5,2,2
518111,25.0,F,UK,Manchester,mobile,free,2691,news,61.8,PG-13,5684,interstitial,in_feed,healthcare,7.5,4,1,0,1,29.4,2,12.26,1.46,0.9,0.27,2025-03-29 13:00:00,13,5,3
892843,15.0,F,FR,Lyon,mobile,free,2127,news,38.2,PG-13,5015,audio,mid_roll,finance,6.22,3,0,0,0,26.8,3,9.68,1.72,0.01,0.03,2024-10-13 01:00:00,1,6,10
625502,21.0,F,FR,Paris,smart_tv,free,2711,drama,2.0,PG-13,5340,video,sidebar,tech,12.01,5,0,0,0,2.6,2,11.91,1.5,0.02,0.06,2025-07-11 16:00:00,16,4,7
673618,51.0,M,FR,Lyon,tablet,premium,4556,gaming,63.9,PG,5151,native,pre_roll,travel,7.17,4,0,0,0,22.5,4,11.44,1.0,0.02,0.05,2025-04-23 03:00:00,3,2,4
964989,18.0,F,US,Chicago,desktop,free,5850,news,15.3,PG-13,5722,audio,sidebar,travel,5.14,1,0,0,0,18.1,3,4.87,0.88,0.0,0.0,2024-06-21 11:00:00,11,4,6
102730,66.0,F,US,Chicago,mobile,free,1546,sports,45.0,PG-13,5792,audio,mid_roll,tech,1.27,11,0,0,0,9.8,1,12.56,1.03,0.06,0.14,2025-02-26 11:00:00,11,2,2
144398,47.0,Other,FR,Lyon,mobile,free,3895,drama,47.7,R,5684,audio,mid_roll,tech,1.46,2,0,0,0,17.7,2,9.62,1.31,0.01,0.02,2025-03-30 11:00:00,11,6,3
544400,68.0,M,US,Austin,mobile,basic,3915,kids,41.6,G,5455,native,in_feed,retail,4.31,2,0,0,0,31.1,7,5.64,1.31,0.0,0.01,2024-08-28 03:00:00,3,2,8
257167,25.0,M,US,Chicago,mobile,free,7297,kids,49.4,R,5913,interstitial,post_roll,healthcare,2.88,9,0,0,0,24.8,4,12.54,1.33,0.05,0.11,2025-04-03 15:00:00,15,3,4
984084,49.0,M,FR,Lyon,mobile,free,2255,sports,33.9,PG,5180,native,sidebar,finance,3.97,3,0,0,0,95.05050000000048,1,14.81,1.09,0.02,0.04,2025-06-29 02:00:00,2,6,6
381124,57.0,M,US,New York,tablet,basic,1540,sports,25.1,G,5310,banner,in_feed,auto,5.17,1,0,0,0,5.4,2,11.82,1.33,0.0,0.01,2025-05-16 05:00:00,5,4,5
627398,48.0,F,US,Seattle,tablet,basic,2346,kids,27.5,PG-13,5030,video,sidebar,auto,1.22,7,0,0,0,20.6,2,5.62,1.16,0.02,0.04,2025-04-16 18:00:00,18,2,4
100935,65.0,M,US,New York,desktop,free,9325,gaming,38.0,G,5480,interstitial,in_feed,tech,8.96,10,1,0,1,20.6,3,9.63,1.57,0.98,0.33,2025-02-06 15:00:00,15,3,2
739654,62.0,F,BR,Sao Paulo,desktop,premium,1318,drama,44.7,PG,5599,interstitial,in_feed,retail,5.5,1,0,0,0,20.6,3,9.42,0.06,0.0,0.01,2024-07-25 02:00:00,2,3,7
983172,23.0,M,FR,Paris,mobile,basic,1901,news,28.5,PG-13,5164,audio,pre_roll,auto,6.64,3,0,0,0,13.7,3,11.01,1.74,0.01,0.03,2025-05-04 10:00:00,10,6,5
692244,71.0,M,US,Austin,mobile,free,7222,documentary,26.1,PG,5980,banner,sidebar,finance,4.8,2,0,0,0,16.7,2,5.94,0.74,0.0,0.01,2024-09-13 15:00:00,15,4,9
515823,24.0,F,US,Austin,mobile,free,7769,news,35.6,R,5135,native,mid_roll,finance,2.96,5,1,0,1,36.1,3,12.04,0.69,0.44,0.16,2024-12-13 09:00:00,9,4,12
566864,66.0,M,US,Chicago,tablet,family,9990,kids,13.4,R,5008,audio,in_feed,healthcare,3.34,7,0,0,0,11.7,7,11.59,0.85,0.03,0.08,2024-08-17 19:00:00,19,5,8
495972,39.0,F,US,Chicago,desktop,basic,3983,music,28.3,PG-13,5354,video,sidebar,tech,3.99,10,0,0,0,0.5,4,3.14,0.73,0.01,0.03,2024-08-17 00:00:00,0,5,8
722879,16.0,M,AU,Melbourne,desktop,premium,2433,gaming,40.1,PG,5032,video,in_feed,auto,2.67,11,1,0,1,38.6,2,3.45,0.72,0.45,0.15,2024-05-25 02:00:00,2,5,5
225366,22.0,M,IN,Bengaluru,smart_tv,basic,1504,sports,29.4,G,5224,native,sidebar,finance,6.71,11,0,0,0,20.6,4,9.09,1.11,0.04,0.1,2025-08-02 02:00:00,2,5,8
276187,58.0,F,FR,Paris,mobile,free,5728,sports,43.0,R,5386,banner,pre_roll,tech,18.06,9,0,0,0,24.5,7,13.13,1.35,0.05,0.12,2024-05-19 19:00:00,19,6,5
609722,62.0,F,FR,Paris,tablet,free,9303,documentary,42.9,PG,5268,interstitial,post_roll,gaming,4.58,4,0,0,0,29.8,3,13.75,0.83,0.02,0.06,2024-04-16 13:00:00,13,1,4
404133,24.0,F,IN,Mumbai,desktop,premium,7817,documentary,73.6,PG-13,5193,native,pre_roll,tech,5.37,8,0,0,0,33.8,1,8.7,0.99,0.03,0.07,2025-07-19 12:00:00,12,5,7
884375,27.0,F,IN,Hyderabad,desktop,premium,2925,music,45.5,PG-13,5180,native,mid_roll,tech,3.77,8,0,0,0,95.05050000000048,2,12.43,0.56,0.04,0.1,2024-12-25 16:00:00,16,2,12
900480,32.0,F,US,Austin,console,basic,7243,drama,27.1,PG,5545,video,in_feed,healthcare,9.63,6,0,0,0,0.5,3,10.56,1.54,0.03,0.06,2024-10-23 11:00:00,11,2,10
946713,40.0,F,FR,Lyon,mobile,free,4167,music,41.1,PG-13,5414,interstitial,in_feed,travel,2.22,10,0,0,0,19.5,0,8.45,1.75,0.03,0.08,2025-04-03 05:00:00,5,3,4
342863,25.0,F,DE,Munich,mobile,basic,3294,kids,37.8,R,5737,interstitial,in_feed,auto,4.7,10,0,0,0,39.4,2,2.53,0.57,0.01,0.03,2024-09-23 23:00:00,23,0,9
373365,65.0,Other,IN,Bengaluru,mobile,basic,6606,music,21.5,PG,5879,interstitial,post_roll,healthcare,8.39,3,0,0,0,1.4,2,9.63,1.28,0.01,0.03,2024-05-09 01:00:00,1,3,5
475071,44.0,M,AU,Sydney,mobile,family,2386,news,37.8,PG,5136,video,post_roll,healthcare,4.83,11,1,0,1,22.2,3,11.99,1.43,0.91,0.35,2025-03-30 00:00:00,0,6,3
808376,25.0,F,MX,Guadalajara,mobile,premium,6415,sports,21.1,R,5388,banner,mid_roll,gaming,5.76,5,0,0,0,15.2,1,6.58,1.4,0.01,0.03,2024-06-04 00:00:00,0,1,6
193043,27.0,M,CA,Vancouver,mobile,premium,8055,music,62.3,PG-13,5390,native,in_feed,finance,6.79,1,0,0,0,41.8,7,8.03,1.73,0.0,0.01,2024-12-24 14:00:00,14,1,12
737246,49.0,F,BR,Sao Paulo,mobile,free,4041,kids,7.8,G,5548,audio,mid_roll,gaming,4.26,3,0,0,0,0.5,2,8.96,1.45,0.01,0.03,2025-07-26 11:00:00,11,5,7
937439,32.0,F,US,Seattle,tablet,free,6992,sports,29.2,PG-13,5058,native,pre_roll,auto,7.61,1,0,0,0,16.4,3,14.02,1.6,0.01,0.01,2025-07-19 12:00:00,12,5,7
892425,47.0,F,US,Austin,desktop,free,2964,sports,48.4,R,5266,audio,pre_roll,cpg,8.87,1,0,0,0,29.5,7,12.54,0.8,0.01,0.01,2024-09-11 19:00:00,19,2,9
342390,61.0,M,DE,Berlin,mobile,basic,2247,kids,24.7,PG-13,5266,audio,sidebar,retail,2.61,9,0,0,0,5.1,3,10.49,1.26,0.04,0.09,2025-04-26 08:00:00,8,5,4
464802,72.0,M,UK,Manchester,mobile,basic,6182,drama,69.3,R,5168,audio,post_roll,tech,3.86,4,0,0,0,56.7,2,8.82,1.31,0.01,0.04,2025-01-25 20:00:00,20,5,1
622868,20.0,F,US,Chicago,desktop,basic,4994,comedy,37.5,R,5743,interstitial,post_roll,retail,4.96,11,0,0,0,39.4,5,13.18,1.16,0.06,0.14,2024-11-14 20:00:00,20,3,11
378812,48.0,F,UK,London,mobile,basic,9855,gaming,34.9,R,5128,video,pre_roll,gaming,3.51,1,1,1,1,7.3,4,10.6,1.53,30.23,0.24,2024-05-15 13:00:00,13,2,5
458894,65.0,F,AU,Melbourne,desktop,family,6507,gaming,2.0,PG,5461,audio,mid_roll,cpg,9.0,11,1,0,1,3.6,5,16.31,1.11,0.74,0.35,2024-09-20 05:00:00,5,4,9
422701,44.0,M,BR,Rio de Janeiro,desktop,basic,4079,drama,25.3,R,5932,banner,pre_roll,retail,6.7,1,0,0,0,26.5,4,10.05,1.3,0.0,0.01,2025-02-16 00:00:00,0,6,2
412050,28.0,F,US,Austin,mobile,free,5477,drama,43.6,R,5759,banner,pre_roll,travel,3.15,6,0,0,0,30.8,5,12.55,1.05,0.03,0.08,2025-08-15 18:00:00,18,4,8
422223,54.0,M,BR,Rio de Janeiro,mobile,basic,6400,documentary,12.0,PG,5670,banner,post_roll,gaming,3.95,7,2,0,1,17.1,0,12.19,0.39,0.5,0.2,2024-03-03 15:00:00,15,6,3
251379,20.0,M,BR,Sao Paulo,mobile,family,1057,music,42.7,PG,5645,interstitial,sidebar,travel,6.63,2,0,0,0,53.4,4,9.83,0.9,0.01,0.02,2025-03-23 14:00:00,14,6,3
521069,68.0,M,IN,Mumbai,mobile,free,8401,news,39.5,G,5644,interstitial,in_feed,gaming,11.78,8,0,0,0,19.2,5,13.9,2.46,0.04,0.11,2025-06-01 00:00:00,0,6,6
996420,29.0,M,IN,Bengaluru,mobile,basic,8624,news,23.7,PG-13,5281,interstitial,mid_roll,retail,7.47,3,0,0,0,2.6,1,10.25,0.95,0.01,0.03,2025-07-27 15:00:00,15,6,7
326142,15.0,F,BR,Rio de Janeiro,mobile,premium,4206,gaming,8.8,PG,5943,video,pre_roll,gaming,6.59,4,2,0,1,1.8,3,7.45,1.04,1.26,0.34,2024-10-15 20:00:00,20,1,10
360269,39.0,M,IN,Mumbai,mobile,free,4721,sports,64.8,PG-13,5968,native,pre_roll,auto,3.31,7,0,0,0,40.9,3,14.55,1.07,0.04,0.1,2024-05-03 23:00:00,23,4,5
310253,27.0,M,AU,Sydney,mobile,premium,1602,kids,3.8,PG,5909,video,sidebar,tech,5.33,5,0,0,0,0.5,2,9.68,0.49,0.02,0.05,2024-07-25 07:00:00,7,3,7
456785,37.0,F,US,Chicago,tablet,family,2842,news,40.3,PG-13,5790,interstitial,pre_roll,gaming,7.24,4,1,1,1,29.8,2,12.43,1.11,18.42,0.22,2025-06-03 06:00:00,6,1,6
156632,30.0,F,FR,Paris,desktop,basic,7388,news,39.0,PG-13,5145,video,in_feed,travel,7.57,5,0,0,0,19.8,3,5.26,0.84,0.01,0.03,2025-06-18 02:00:00,2,2,6
273456,58.0,F,IN,Bengaluru,smart_tv,free,8375,documentary,36.1,PG,5213,banner,in_feed,tech,7.07,9,0,0,0,33.0,3,12.82,1.78,0.05,0.12,2025-02-08 00:00:00,0,5,2
358003,14.0,M,JP,Tokyo,mobile,free,3669,drama,2.0,PG-13,5518,video,pre_roll,travel,2.52,3,0,0,0,0.5,4,8.01,0.69,0.01,0.02,2024-05-06 06:00:00,6,0,5
664817,34.0,F,US,Chicago,smart_tv,free,6690,sports,39.7,R,5764,interstitial,mid_roll,tech,2.61,11,1,1,1,33.0,4,5.44,0.44,19.98,0.13,2024-05-05 20:00:00,20,6,5
410467,23.0,F,UK,London,desktop,premium,3085,drama,2.0,PG-13,5983,banner,post_roll,tech,5.95,4,0,0,0,0.5,1,13.59,1.77,0.02,0.05,2024-11-14 05:00:00,5,3,11
177554,43.0,F,BR,Sao Paulo,mobile,free,1951,gaming,17.0,PG-13,5329,banner,pre_roll,travel,4.12,10,0,0,0,18.7,7,5.62,1.53,0.02,0.06,2025-01-12 15:00:00,15,6,1
580099,19.0,Unknown,JP,Tokyo,mobile,free,5334,documentary,49.3,PG,5075,native,sidebar,auto,5.14,11,0,0,0,15.3,4,9.34,1.09,0.04,0.1,2024-03-18 11:00:00,11,0,3
696649,70.0,M,FR,Lyon,smart_tv,free,7830,gaming,50.8,PG,5184,native,post_roll,tech,3.82,4,1,0,1,10.2,2,12.42,0.52,0.33,0.13,2025-03-06 11:00:00,11,3,3
671977,48.0,F,BR,Sao Paulo,mobile,basic,8405,drama,21.9,PG,5686,video,sidebar,finance,2.95,6,0,0,0,17.8,5,13.27,1.13,0.03,0.08,2024-12-20 00:00:00,0,4,12
552778,28.0,F,IN,Mumbai,mobile,free,2204,gaming,37.6,PG-13,5311,banner,sidebar,travel,5.3,2,0,0,0,11.6,2,11.83,1.87,0.01,0.02,2024-03-07 15:00:00,15,3,3
296270,54.0,F,DE,Munich,desktop,free,5562,gaming,51.2,PG-13,5469,banner,post_roll,travel,8.15,4,1,0,1,46.0,1,18.23,1.56,0.97,0.31,2024-04-21 15:00:00,15,6,4
682735,69.0,Unknown,MX,Mexico City,desktop,free,4384,comedy,4.9,PG,5323,native,pre_roll,finance,13.69,3,0,0,0,4.0,2,16.78,1.88,0.02,0.05,2024-11-01 07:00:00,7,4,11
860087,22.0,Other,AU,Melbourne,mobile,family,1850,gaming,37.4,PG-13,5830,video,mid_roll,tech,3.15,10,1,0,1,17.3,1,3.57,1.18,0.72,0.21,2025-03-26 04:00:00,4,2,3
104219,72.0,F,US,Austin,desktop,premium,4745,music,29.9,PG,5516,banner,in_feed,auto,1.76,5,0,0,0,29.2,4,7.12,1.41,0.01,0.04,2025-05-20 17:00:00,17,1,5
753795,72.0,M,UK,London,desktop,free,9141,drama,36.0,PG-13,5406,audio,mid_roll,finance,5.55,3,1,0,1,29.0,7,12.02,1.47,0.9,0.26,2024-10-19 21:00:00,21,5,10
706135,61.0,F,UK,Manchester,desktop,free,9218,drama,29.6,G,5516,interstitial,pre_roll,auto,4.89,11,0,0,0,18.7,3,2.01,0.74,0.01,0.02,2024-08-07 11:00:00,11,2,8
362737,69.0,M,BR,Rio de Janeiro,desktop,premium,3160,gaming,27.2,PG,5033,audio,sidebar,retail,2.28,4,0,0,0,33.9,2,8.49,0.92,0.01,0.03,2025-08-05 21:00:00,21,1,8
141110,60.0,M,BR,Sao Paulo,smart_tv,premium,6833,documentary,42.3,G,5049,banner,mid_roll,gaming,3.43,2,0,0,0,23.8,3,7.02,1.31,0.01,0.01,2024-11-03 14:00:00,14,6,11
571642,70.0,F,US,Seattle,mobile,basic,3218,comedy,2.9,PG-13,5932,interstitial,sidebar,gaming,6.54,8,0,0,0,0.5,3,14.32,0.99,0.05,0.11,2024-08-18 07:00:00,7,6,8
925747,16.0,M,AU,Melbourne,mobile,free,3710,documentary,52.8,PG-13,5340,interstitial,in_feed,travel,1.72,6,2,1,1,31.3,2,13.13,0.25,17.9,0.15,2024-10-25 20:00:00,20,4,10
791410,14.0,F,US,Austin,mobile,free,1799,news,57.2,G,5793,banner,in_feed,cpg,14.17,4,0,0,0,22.7,0,13.45,1.54,0.02,0.05,2024-03-07 12:00:00,12,3,3
814080,43.0,F,BR,Sao Paulo,tablet,basic,7995,drama,42.4,PG-13,5103,interstitial,pre_roll,finance,7.57,11,1,0,1,35.6,1,11.28,1.21,0.78,0.31,2024-08-11 00:00:00,0,6,8
460728,70.0,M,UK,Manchester,mobile,basic,7538,gaming,29.6,R,5897,audio,pre_roll,finance,4.75,1,0,0,0,17.3,2,9.58,1.05,0.0,0.01,2024-12-04 09:00:00,9,2,12
211512,33.0,F,IN,Mumbai,smart_tv,basic,9402,music,38.6,PG,5437,audio,post_roll,retail,11.8,4,0,0,0,22.0,4,11.32,0.56,0.02,0.05,2025-07-09 23:00:00,23,2,7
600572,35.0,F,AU,Sydney,mobile,free,2715,gaming,6.5,PG-13,5345,audio,pre_roll,travel,4.64,5,0,0,0,11.8,1,3.8,1.16,0.01,0.02,2025-04-03 15:00:00,15,3,4
600636,37.0,M,IN,Bengaluru,tablet,basic,6091,gaming,55.3,PG,5675,native,post_roll,auto,1.62,7,0,0,0,53.4,8,6.26,1.11,0.02,0.04,2025-04-26 21:00:00,21,5,4
605538,48.0,M,AU,Sydney,mobile,free,9258,comedy,18.7,PG-13,5375,audio,mid_roll,gaming,10.92,3,0,0,0,14.0,3,13.31,1.57,0.02,0.04,2024-12-20 05:00:00,5,4,12
961172,21.0,F,US,Chicago,smart_tv,family,8485,drama,25.8,PG,5898,banner,in_feed,gaming,1.75,9,1,0,1,29.7,2,11.53,0.79,0.52,0.22,2024-04-29 17:00:00,17,0,4
789608,25.0,F,US,Chicago,mobile,premium,5372,news,26.2,PG,5280,native,mid_roll,cpg,5.7,6,1,0,1,38.1,3,10.07,0.84,0.53,0.19,2024-09-28 02:00:00,2,5,9
318358,19.0,F,JP,Osaka,desktop,premium,9898,music,37.0,PG-13,5828,native,mid_roll,retail,4.3,3,1,0,1,23.7,3,7.36,0.62,0.38,0.12,2025-08-21 09:00:00,9,3,8
797675,23.0,F,AU,Sydney,mobile,free,3013,documentary,71.1,G,5269,video,pre_roll,travel,14.76,9,0,0,0,37.4,1,10.61,1.5,0.04,0.1,2024-03-24 20:00:00,20,6,3
165419,25.0,M,IN,Bengaluru,tablet,free,7846,documentary,22.9,R,5854,native,in_feed,retail,3.67,4,0,0,0,2.5,4,10.66,1.04,0.02,0.04,2025-06-18 18:00:00,18,2,6
445458,28.0,M,US,Chicago,desktop,basic,8534,sports,52.9,PG,5008,video,in_feed,finance,2.72,8,1,0,1,27.2,1,5.5,0.99,0.61,0.19,2025-03-05 15:00:00,15,2,3
480274,66.0,F,DE,Unknown,desktop,free,4567,documentary,24.5,PG,5658,audio,pre_roll,travel,4.62,6,0,0,0,22.5,1,4.84,1.23,0.23783420551094,0.03,2024-08-01 07:00:00,7,3,8
452281,22.0,M,US,Chicago,smart_tv,premium,5379,music,5.0,PG,5454,video,post_roll,auto,5.65,9,0,0,0,0.5,1,12.83,0.93,0.05,0.12,2025-04-25 02:00:00,2,4,4
224387,41.0,M,IN,Mumbai,desktop,basic,6531,music,2.0,R,5528,interstitial,pre_roll,cpg,2.99,4,0,0,0,1.6,4,13.69,1.54,0.02,0.05,2025-05-26 22:00:00,22,0,5
344666,64.0,F,MX,Mexico City,mobile,basic,9354,documentary,36.8,G,5825,video,mid_roll,travel,4.8,2,0,0,0,7.4,0,8.0,1.41,0.01,0.02,2024-03-24 08:00:00,8,6,3
799790,27.0,M,JP,Unknown,mobile,premium,4843,sports,7.2,PG-13,5551,video,pre_roll,cpg,3.45,4,0,0,0,4.0,4,15.81,0.82,0.03,0.06,2024-04-27 11:00:00,11,5,4
117743,57.0,F,US,Austin,desktop,free,6882,music,33.3,PG,5828,audio,post_roll,auto,6.33,11,0,0,0,15.0,4,13.11,0.35,0.06,0.14,2025-02-23 12:00:00,12,6,2
920933,22.0,M,US,New York,desktop,free,8342,sports,50.1,PG,5739,audio,post_roll,healthcare,5.1,8,0,0,0,24.0,2,11.52,1.3,0.04,0.09,2025-08-22 12:00:00,12,4,8
844345,44.0,M,JP,Osaka,desktop,premium,4426,drama,27.6,G,5081,native,post_roll,cpg,5.14,1,0,0,0,12.5,2,13.5,1.33,0.01,0.01,2024-03-13 22:00:00,22,2,3
504645,16.0,M,US,Austin,desktop,basic,8891,documentary,21.1,PG-13,5641,video,sidebar,cpg,3.48,9,0,0,0,10.2,5,9.79,0.56,0.04,0.09,2025-02-23 11:00:00,11,6,2
279189,37.0,M,BR,Sao Paulo,smart_tv,free,8130,comedy,41.3,R,5531,audio,in_feed,tech,3.25,3,0,0,0,20.8,2,8.16,0.95,0.01,0.02,2024-05-13 17:00:00,17,0,5
998116,54.0,F,US,New York,smart_tv,free,6468,drama,41.8,PG-13,5115,banner,mid_roll,travel,3.06,2,0,0,0,18.3,2,13.95,1.08,0.01,0.03,2025-02-15 01:00:00,1,5,2
962448,35.0,M,CA,Vancouver,console,free,8166,drama,72.6,PG-13,5740,banner,sidebar,cpg,3.16,9,0,0,0,37.1,3,7.79,1.42,0.03,0.07,2025-01-31 14:00:00,14,4,1
271076,64.0,F,DE,Munich,mobile,premium,1338,sports,3.7,R,5150,banner,pre_roll,retail,4.97,6,0,0,0,9.4,0,9.53,1.9,0.02,0.06,2024-04-18 20:00:00,20,3,4
825510,39.0,F,AU,Melbourne,tablet,premium,1319,drama,38.9,PG-13,5653,video,sidebar,travel,5.63,7,0,0,0,19.6,6,10.29,1.07,0.03,0.07,2025-03-03 14:00:00,14,0,3
925994,38.0,M,US,Seattle,mobile,basic,8573,music,21.2,PG,5762,native,sidebar,travel,2.05,11,1,0,1,0.5,3,10.46,1.14,0.73,0.29,2025-06-28 09:00:00,9,5,6
850408,23.0,F,IN,Bengaluru,mobile,free,1112,documentary,11.6,R,5625,audio,sidebar,finance,6.63,6,0,0,0,20.6,5,13.69,1.33,0.03,0.08,2025-06-10 06:00:00,6,1,6
391132,41.0,M,FR,Lyon,tablet,basic,2500,news,2.9,PG,5495,interstitial,pre_roll,travel,5.99,5,1,0,1,21.6,6,11.61,1.52,0.94,0.29,2024-03-16 15:00:00,15,5,3
656866,41.0,F,BR,Rio de Janeiro,tablet,free,1088,sports,58.9,PG-13,5294,native,in_feed,retail,5.51,9,2,0,1,53.6,4,10.95,1.42,1.74,0.52,2024-07-11 19:00:00,19,3,7
911697,50.0,M,UK,Manchester,smart_tv,basic,7244,music,59.1,G,5107,interstitial,sidebar,cpg,4.35,2,0,0,0,18.6,4,7.58,0.97,0.01,0.02,2024-07-09 01:00:00,1,1,7
649334,27.0,F,US,New York,mobile,premium,6717,sports,37.8,PG-13,5553,interstitial,post_roll,healthcare,2.66,9,0,0,0,20.6,4,6.49,1.09,0.02,0.06,2024-10-31 18:00:00,18,3,10
914028,35.0,F,BR,Rio de Janeiro,console,free,1389,kids,70.9,PG,5977,audio,in_feed,tech,8.07,1,0,0,0,61.5,5,11.59,0.99,0.0,0.01,2024-05-17 05:00:00,5,4,5
270903,60.0,M,FR,Paris,smart_tv,free,3109,music,16.6,PG-13,5924,video,post_roll,travel,4.83,1,0,0,0,15.3,2,7.64,0.63,0.0,0.01,2025-06-05 08:00:00,8,3,6
413984,44.0,M,DE,Munich,mobile,premium,6203,news,58.7,G,5908,video,pre_roll,retail,5.07,7,0,0,0,14.7,2,11.54,1.24,0.03,0.08,2025-04-24 10:00:00,10,3,4
969190,46.0,M,BR,Rio de Janeiro,mobile,free,5464,drama,52.4,PG,5650,video,in_feed,auto,13.38,1,0,0,0,51.5,6,17.33,1.44,0.01,0.02,2025-05-11 12:00:00,12,6,5
118254,40.0,F,IN,Bengaluru,mobile,free,7851,news,42.1,PG,5343,native,in_feed,retail,6.78,9,1,0,1,10.9,0,12.7,1.34,0.85,0.32,2024-06-16 00:00:00,0,6,6
855695,45.0,M,US,Austin,mobile,premium,5801,news,67.1,PG,5463,banner,pre_roll,auto,3.56,3,0,0,0,56.9,1,12.31,1.4,0.01,0.04,2024-03-08 20:00:00,20,4,3
372361,25.0,F,FR,Lyon,smart_tv,free,1538,music,41.9,PG,5707,interstitial,sidebar,cpg,2.22,4,2,0,1,42.2,6,8.87,0.77,0.94,0.27,2025-07-05 17:00:00,17,5,7
230629,55.0,F,JP,Osaka,mobile,free,2951,drama,2.0,PG-13,5570,banner,sidebar,retail,4.21,6,0,0,0,0.5,1,13.56,0.94,0.03,0.08,2024-08-04 00:00:00,0,6,8
492699,45.0,M,JP,Tokyo,desktop,basic,6471,documentary,71.3,PG-13,5441,banner,in_feed,cpg,3.36,2,0,0,0,50.8,6,13.84,0.72,0.01,0.03,2025-02-18 09:00:00,9,1,2
466695,74.0,Other,AU,Sydney,tablet,premium,7921,documentary,94.5,PG,5273,audio,in_feed,gaming,9.05,4,1,0,1,71.0,5,8.91,1.28,0.78,0.23,2025-07-05 02:00:00,2,5,7
985426,40.0,F,UK,London,desktop,free,1475,gaming,35.3,R,5989,native,in_feed,tech,3.55,2,0,0,0,8.5,3,14.73,1.0,0.01,0.03,2024-03-20 12:00:00,12,2,3
424751,19.0,F,UK,Manchester,desktop,premium,5110,news,41.1,PG-13,5056,audio,sidebar,tech,4.71,3,1,0,1,27.3,2,6.15,0.78,0.48,0.14,2024-03-03 22:00:00,22,6,3
720744,65.0,F,BR,Sao Paulo,desktop,free,8898,kids,25.7,PG,5923,native,post_roll,cpg,3.92,10,2,0,1,0.5,4,6.83,1.56,1.9,0.54,2024-03-03 22:00:00,22,6,3
387788,13.0,M,US,New York,mobile,free,9908,drama,2.6,G,5606,video,mid_roll,gaming,1.37,1,1,0,1,0.5,0,8.64,0.57,0.35,0.09,2024-05-24 09:00:00,9,4,5
671362,30.0,F,US,New York,desktop,family,6197,sports,45.5,G,5564,audio,mid_roll,tech,9.1,11,0,0,0,27.8,7,14.25,1.56,0.06,0.16,2024-03-28 21:00:00,21,3,3
805152,19.0,M,US,New York,desktop,free,1096,gaming,23.8,G,5413,native,mid_roll,gaming,8.22,4,0,0,0,7.4,1,13.07,1.43,0.02,0.05,2025-05-17 18:00:00,18,5,5
680661,56.0,M,IN,Mumbai,smart_tv,family,8530,sports,9.4,PG-13,5296,banner,sidebar,retail,6.39,1,1,0,1,22.4,3,9.75,1.4,0.84,0.22,2025-01-22 04:00:00,4,2,1
674598,65.0,F,UK,Manchester,desktop,basic,3278,gaming,38.2,PG-13,5441,video,sidebar,gaming,5.27,7,1,0,1,9.2,1,13.56,1.37,0.86,0.3,2025-08-12 05:00:00,5,1,8
456636,31.0,M,US,Chicago,mobile,free,9234,comedy,30.6,R,5031,video,in_feed,healthcare,6.27,8,0,0,0,7.4,3,4.25,2.2,0.01,0.03,2025-05-07 19:00:00,19,2,5
753464,31.0,F,DE,Munich,mobile,free,4582,kids,36.5,R,5548,audio,in_feed,travel,4.2,7,1,0,1,23.3,3,11.32,1.13,0.71,0.25,2025-08-03 02:00:00,2,6,8
720664,44.0,F,CA,Vancouver,mobile,free,8128,kids,24.3,PG-13,5329,native,in_feed,tech,8.48,9,1,0,1,0.5,2,13.21,1.69,1.06,0.37,2024-07-07 19:00:00,19,6,7
381393,71.0,M,IN,Mumbai,mobile,basic,1671,drama,49.6,R,5426,banner,in_feed,travel,4.23,11,1,0,1,46.2,6,9.56,1.65,1.03,0.35,2024-08-03 09:00:00,9,5,8
351703,54.0,M,FR,Lyon,mobile,basic,6478,gaming,27.0,R,5916,audio,pre_roll,tech,7.35,3,0,0,0,20.6,3,9.24,0.81,0.01,0.03,2025-06-02 16:00:00,16,0,6
145859,45.0,M,IN,Mumbai,tablet,basic,6903,comedy,55.4,G,5058,video,mid_roll,travel,2.65,11,0,0,0,37.2,3,10.76,0.74,0.05,0.12,2024-07-11 05:00:00,5,3,7
777067,67.0,F,IN,Hyderabad,tablet,basic,7954,sports,71.6,PG,5342,interstitial,post_roll,gaming,3.97,1,0,0,0,63.3,3,3.83,1.54,0.0,0.0,2024-03-31 21:00:00,21,6,3
114686,45.0,F,US,New York,tablet,premium,5685,comedy,63.1,PG-13,5681,interstitial,mid_roll,healthcare,2.15,3,0,0,0,46.1,4,2.88,0.66,0.0,0.01,2025-02-25 07:00:00,7,1,2
686652,31.0,F,US,Chicago,mobile,free,5509,comedy,64.7,PG-13,5795,video,mid_roll,tech,4.32,8,0,0,0,43.2,1,6.11,0.93,0.02,0.05,2025-05-07 12:00:00,12,2,5
472469,69.0,M,US,Seattle,mobile,basic,1012,drama,13.8,G,5632,video,sidebar,auto,4.75,9,0,0,0,19.9,3,11.59,1.67,0.04,0.1,2025-08-05 19:00:00,19,1,8
771688,52.0,F,US,Seattle,desktop,free,2432,comedy,34.2,G,5898,banner,in_feed,finance,6.39,8,1,0,1,1.3,3,10.6,0.94,0.6,0.23,2025-07-15 00:00:00,0,1,7
181366,19.0,F,IN,Hyderabad,mobile,free,8208,documentary,33.1,PG-13,5505,audio,in_feed,finance,5.54,5,0,0,0,20.1,5,9.12,1.16,0.02,0.05,2024-05-04 22:00:00,22,5,5
236222,24.0,F,IN,Bengaluru,tablet,free,6136,news,37.7,R,5150,video,in_feed,tech,6.23,8,2,0,1,17.9,6,12.95,1.48,1.82,0.55,2025-04-21 22:00:00,22,0,4
796297,69.0,M,UK,London,smart_tv,free,8702,sports,37.2,R,5850,video,mid_roll,travel,6.17,8,0,0,0,29.6,1,14.62,1.24,0.05,0.12,2025-05-31 21:00:00,21,5,5
597056,26.0,F,BR,Sao Paulo,smart_tv,premium,1222,music,69.7,PG-13,5693,audio,pre_roll,retail,3.57,10,0,0,0,42.2,2,6.76,0.96,0.03,0.07,2025-03-12 23:00:00,23,2,3
926457,14.0,F,US,New York,mobile,basic,8770,documentary,30.2,PG,5761,banner,pre_roll,healthcare,11.18,5,0,0,0,23.1,7,12.04,2.37,0.02,0.06,2025-05-17 16:00:00,16,5,5
272547,39.0,M,IN,Hyderabad,desktop,free,4615,kids,31.7,PG-13,5889,native,pre_roll,finance,5.32,3,0,0,0,18.6,2,8.91,0.87,0.01,0.03,2025-05-27 12:00:00,12,1,5
120093,28.0,M,MX,Mexico City,tablet,free,1500,drama,52.8,PG-13,5150,audio,sidebar,travel,2.87,9,0,0,0,38.8,6,11.01,0.94,0.04,0.1,2024-10-28 03:00:00,3,0,10
380673,52.0,M,IN,Mumbai,desktop,premium,2695,music,56.8,R,5855,banner,sidebar,auto,14.59,10,0,0,0,43.8,1,11.67,1.26,0.05,0.12,2024-03-22 16:00:00,16,4,3
272906,66.0,F,FR,Lyon,mobile,family,6173,gaming,23.7,G,5979,native,sidebar,travel,12.03,1,0,0,0,22.2,3,10.82,1.71,0.0,0.01,2024-11-02 08:00:00,8,5,11
812703,23.0,F,IN,Mumbai,mobile,premium,5075,documentary,58.3,PG,5853,native,post_roll,auto,7.97,9,0,0,0,18.4,7,7.55,1.11,0.03,0.07,2024-06-17 23:00:00,23,0,6
621613,34.0,F,UK,London,tablet,premium,7193,news,20.4,PG,5513,banner,post_roll,retail,7.06,9,0,0,0,7.6,2,12.06,0.51,0.04,0.11,2024-05-01 09:00:00,9,2,5
475640,44.0,M,AU,Sydney,mobile,free,1786,drama,27.9,R,5950,banner,in_feed,gaming,3.23,7,0,0,0,14.8,4,8.83,1.66,0.02,0.06,2024-05-07 11:00:00,11,1,5
965920,23.0,F,US,Austin,mobile,free,9461,gaming,18.9,PG-13,5173,audio,pre_roll,retail,5.13,9,0,0,0,2.3,4,15.14,0.79,0.05,0.14,2025-03-12 13:00:00,13,2,3
144855,70.0,M,UK,Manchester,desktop,basic,6400,gaming,64.4,R,5497,native,post_roll,auto,1.76,3,0,0,0,49.5,3,9.46,0.73,0.01,0.03,2024-11-28 10:00:00,10,3,11
813715,18.0,M,US,New York,mobile,free,3069,drama,19.1,G,5902,banner,in_feed,healthcare,4.42,9,0,0,0,7.4,5,13.91,1.78,0.05,0.13,2024-12-17 12:00:00,12,1,12
902826,30.0,F,UK,London,mobile,free,8788,news,51.1,PG-13,5593,video,post_roll,tech,4.28,1,0,0,0,37.4,4,14.0,1.27,0.01,0.01,2025-04-07 09:00:00,9,0,4
103633,32.0,F,FR,Paris,mobile,premium,1722,documentary,48.9,G,5993,audio,mid_roll,cpg,4.34,4,0,0,0,17.5,3,6.71,1.95,0.01,0.03,2024-12-22 01:00:00,1,6,12
196598,39.0,F,IN,Mumbai,smart_tv,premium,2175,drama,59.6,PG,5385,native,in_feed,travel,7.56,3,0,0,0,42.8,4,10.9,1.01,0.01,0.03,2025-02-04 04:00:00,4,1,2
262127,33.0,F,FR,Paris,desktop,premium,4814,sports,18.0,PG,5709,banner,mid_roll,finance,3.09,8,0,0,0,14.2,4,8.64,0.63,0.03,0.07,2024-04-16 10:00:00,10,1,4
547563,23.0,F,UK,Manchester,desktop,free,3767,sports,2.0,R,5681,audio,mid_roll,gaming,3.19,5,0,0,0,0.5,4,6.7,0.71,0.01,0.03,2025-06-03 14:00:00,14,1,6
476221,46.0,M,US,Seattle,desktop,basic,4736,documentary,46.5,PG,5540,native,post_roll,gaming,2.21,2,0,0,0,21.7,0,11.25,1.26,0.01,0.02,2024-10-29 08:00:00,8,1,10
527814,21.0,F,AU,Sydney,desktop,basic,6061,documentary,32.9,PG-13,5085,native,in_feed,finance,7.73,6,0,0,0,33.0,11,9.68,1.2,0.02,0.06,2024-05-23 19:00:00,19,3,5
801521,55.0,Unknown,US,Seattle,mobile,free,5578,documentary,62.5,PG,5168,native,in_feed,finance,4.81,5,0,0,0,36.9,4,4.34,0.54,0.01,0.02,2025-05-14 04:00:00,4,2,5
459203,60.0,M,IN,Mumbai,tablet,free,3442,documentary,2.0,PG,5958,video,in_feed,auto,4.24,7,0,0,0,20.6,1,13.68,0.74,0.04,0.1,2025-04-01 16:00:00,16,1,4
997745,65.0,F,JP,Tokyo,mobile,premium,5544,kids,48.1,PG-13,5100,video,pre_roll,tech,6.92,10,0,0,0,27.3,2,12.55,1.81,0.05,0.13,2024-03-29 15:00:00,15,4,3
104666,19.0,Unknown,MX,Guadalajara,mobile,free,6572,news,58.3,PG-13,5550,interstitial,mid_roll,travel,1.95,5,0,0,0,31.0,3,4.31,0.84,0.01,0.02,2024-06-13 05:00:00,5,3,6
261998,25.0,F,JP,Osaka,tablet,free,3164,news,26.5,PG,5760,video,sidebar,tech,6.5,10,0,0,0,11.4,2,8.5,1.04,0.03,0.08,2024-03-09 12:00:00,12,5,3
328738,27.0,Other,US,Austin,smart_tv,free,5691,news,40.6,G,5819,native,sidebar,finance,7.24,8,0,0,0,17.2,2,8.86,1.59,0.03,0.07,2024-07-25 05:00:00,5,3,7
196885,43.0,M,AU,Sydney,smart_tv,premium,2952,sports,28.6,PG-13,5046,video,post_roll,gaming,4.17,8,0,0,0,30.8,3,13.54,0.79,0.04,0.11,2024-04-23 23:00:00,23,1,4
240015,22.0,M,JP,Tokyo,desktop,free,4663,music,9.2,G,5744,native,sidebar,healthcare,7.85,5,1,0,1,0.5,2,11.6,1.54,0.95,0.29,2025-03-19 08:00:00,8,2,3
191039,22.0,M,US,Seattle,mobile,premium,7200,news,2.0,PG,5332,banner,pre_roll,tech,3.14,1,0,0,0,15.1,1,11.1,1.38,0.0,0.01,2024-12-08 04:00:00,4,6,12
247226,21.0,M,JP,Osaka,desktop,free,5079,music,74.0,R,5689,native,post_roll,cpg,7.98,9,0,0,0,70.8,8,12.84,1.49,0.05,0.12,2025-08-12 07:00:00,7,1,8
461480,37.0,M,JP,Tokyo,tablet,premium,9876,drama,30.0,PG-13,5789,interstitial,sidebar,retail,6.52,10,1,1,1,12.3,8,13.14,1.42,22.83,0.34,2025-04-09 16:00:00,16,2,4
213766,64.0,M,BR,Rio de Janeiro,mobile,free,9200,sports,8.6,PG,5956,interstitial,in_feed,retail,11.08,5,0,0,0,0.5,5,16.51,1.75,0.03,0.08,2025-01-25 05:00:00,5,5,1
536697,66.0,M,UK,Manchester,mobile,premium,9490,drama,65.7,G,5887,banner,in_feed,auto,9.48,6,1,0,1,66.3,8,10.46,1.41,0.87,0.27,2024-12-01 00:00:00,0,6,12
841642,46.0,F,US,Unknown,mobile,basic,9309,music,71.5,R,5037,interstitial,pre_roll,travel,4.51,4,0,0,0,79.9,4,9.09,1.16,0.01,0.04,2024-03-30 10:00:00,10,5,3
545489,19.0,M,CA,Vancouver,desktop,free,6144,kids,47.9,R,5869,interstitial,in_feed,healthcare,8.89,4,0,0,0,45.2,4,12.57,1.57,0.02,0.05,2024-04-07 21:00:00,21,6,4
190856,45.0,M,US,New York,desktop,family,9137,gaming,56.6,PG,5211,audio,in_feed,cpg,5.53,3,0,0,0,41.8,4,10.76,1.19,0.01,0.03,2025-01-27 19:00:00,19,0,1
572550,36.0,F,DE,Munich,desktop,free,1901,music,63.6,PG-13,5562,interstitial,pre_roll,tech,1.78,3,0,0,0,34.8,4,8.83,1.13,0.01,0.03,2024-03-03 08:00:00,8,6,3
399720,72.0,F,US,Austin,mobile,premium,3573,drama,32.1,G,5024,video,mid_roll,healthcare,2.23,11,0,0,0,21.2,5,15.78,0.77,0.07,0.17,2024-03-23 20:00:00,20,5,3
851664,31.0,F,US,Austin,mobile,basic,6519,sports,49.8,R,5080,banner,in_feed,retail,2.19,8,0,0,0,30.5,1,7.13,0.96,0.02,0.06,2024-06-27 07:00:00,7,3,6
621847,27.0,M,US,New York,tablet,free,8368,gaming,81.2,R,5019,native,sidebar,finance,2.29,8,1,0,1,63.0,2,8.07,1.22,0.76,0.25,2025-06-21 10:00:00,10,5,6
330522,19.0,F,US,New York,mobile,premium,5407,music,9.6,R,5201,banner,sidebar,cpg,4.67,5,0,0,0,12.4,5,3.23,1.1,0.01,0.02,2024-11-03 19:00:00,19,6,11
136801,50.0,M,AU,Sydney,desktop,premium,7975,gaming,28.8,PG-13,5209,banner,mid_roll,finance,9.6,4,1,0,1,27.6,1,14.15,1.42,0.87,0.27,2025-03-19 04:00:00,4,2,3
489382,46.0,Other,MX,Mexico City,desktop,basic,4515,news,33.7,PG,5793,native,post_roll,gaming,3.44,7,0,0,0,11.7,4,11.26,1.37,0.03,0.08,2024-10-09 05:00:00,5,2,10
572525,13.0,F,IN,Mumbai,tablet,premium,5272,comedy,49.1,R,5767,banner,post_roll,auto,5.79,6,1,1,1,28.6,1,13.36,1.25,24.47,0.27,2024-06-02 11:00:00,11,6,6
158015,24.0,M,BR,Sao Paulo,mobile,family,5731,documentary,56.5,PG-13,5818,native,pre_roll,travel,2.05,6,0,0,0,31.6,1,10.83,0.79,0.03,0.06,2024-09-17 10:00:00,10,1,9
517424,70.0,F,US,Seattle,desktop,premium,6810,music,9.9,PG,5750,native,pre_roll,finance,11.91,8,0,0,0,13.2,2,11.93,2.13,0.04,0.1,2024-04-19 12:00:00,12,4,4
771489,63.0,M,DE,Munich,smart_tv,free,2947,comedy,57.8,PG,5461,interstitial,pre_roll,tech,5.12,1,0,0,0,50.7,6,7.97,1.38,0.0,0.01,2025-04-20 22:00:00,22,6,4
872277,32.0,F,BR,Rio de Janeiro,mobile,free,3720,comedy,16.1,PG-13,5774,banner,post_roll,auto,3.97,9,0,0,0,9.2,2,12.58,0.84,0.05,0.11,2024-06-08 02:00:00,2,5,6
748735,58.0,M,IN,Bengaluru,desktop,premium,2007,gaming,44.3,PG-13,5898,video,sidebar,travel,1.77,10,0,0,0,24.9,3,6.89,0.93,0.03,0.07,2024-09-20 05:00:00,5,4,9
204466,37.0,F,AU,Melbourne,mobile,free,4073,comedy,19.6,PG-13,5883,video,post_roll,tech,4.78,10,0,0,0,0.5,0,10.17,2.1,0.04,0.1,2025-08-12 05:00:00,5,1,8
344508,45.0,F,FR,Lyon,mobile,premium,2460,news,7.6,R,5048,native,pre_roll,retail,11.36,11,0,0,0,0.5,2,12.43,1.65,0.05,0.14,2025-01-14 15:00:00,15,1,1
152614,67.0,M,AU,Sydney,mobile,basic,8920,news,26.4,PG,5634,video,mid_roll,healthcare,5.6,3,0,0,0,15.3,0,10.41,1.73,0.01,0.03,2024-11-03 14:00:00,14,6,11
595259,34.0,F,JP,Tokyo,tablet,premium,8186,sports,33.8,PG,5212,audio,sidebar,tech,7.2,1,0,0,0,39.4,1,11.57,1.82,0.0,0.01,2024-12-19 05:00:00,5,3,12
232424,45.0,M,IN,Hyderabad,tablet,free,1134,documentary,42.3,PG-13,5366,video,mid_roll,travel,4.2,11,0,0,0,30.6,2,10.18,1.45,0.04,0.11,2025-04-28 09:00:00,9,0,4
175632,63.0,M,IN,Bengaluru,mobile,free,3129,sports,34.6,PG-13,5347,native,pre_roll,finance,2.08,5,1,1,1,14.6,3,10.94,1.82,24.29,0.33,2024-07-16 10:00:00,10,1,7
528654,70.0,F,FR,Paris,desktop,free,1596,comedy,47.4,R,5409,audio,mid_roll,travel,1.72,5,0,0,0,20.5,4,6.99,0.96,0.01,0.03,2025-02-07 15:00:00,15,4,2
715745,26.0,M,IN,Bengaluru,mobile,premium,5498,music,18.1,PG,5052,banner,pre_roll,tech,4.34,8,0,0,0,5.1,4,13.55,1.16,0.04,0.11,2025-06-15 06:00:00,6,6,6
194481,52.0,F,US,Chicago,desktop,free,1301,kids,32.7,PG-13,5194,audio,pre_roll,tech,8.62,7,0,0,0,7.4,0,16.83,1.21,0.05,0.12,2025-01-04 02:00:00,2,5,1
272325,27.0,F,MX,Mexico City,desktop,basic,8276,gaming,42.2,PG-13,5968,video,pre_roll,auto,3.77,7,2,0,1,31.4,2,9.42,1.33,1.62,0.46,2024-10-28 03:00:00,3,0,10
654149,31.0,M,JP,Osaka,mobile,premium,7918,drama,18.7,PG,5365,audio,sidebar,gaming,3.56,10,0,0,0,13.0,3,13.03,0.76,0.05,0.13,2024-05-18 08:00:00,8,5,5
588741,58.0,M,US,Austin,tablet,free,7182,drama,46.0,PG-13,5488,video,in_feed,finance,6.9,7,1,0,1,35.7,3,12.48,1.21,0.76,0.27,2024-07-13 01:00:00,1,5,7
814075,59.0,M,US,Seattle,tablet,premium,8391,news,2.0,PG,5593,audio,sidebar,retail,5.14,11,1,0,1,0.5,1,8.01,1.8,1.12,0.36,2025-07-24 20:00:00,20,3,7
161156,13.0,M,IN,Hyderabad,mobile,family,7969,drama,33.3,PG-13,5750,interstitial,pre_roll,gaming,4.29,8,0,0,0,25.2,1,14.16,1.41,0.05,0.11,2024-12-18 06:00:00,6,2,12
599949,15.0,M,US,Chicago,tablet,family,1025,kids,57.7,G,5072,interstitial,mid_roll,finance,3.29,6,0,0,0,37.1,2,9.13,1.05,0.02,0.05,2024-08-10 17:00:00,17,5,8
530371,35.0,Other,US,Austin,mobile,free,3099,drama,28.0,PG-13,5744,video,pre_roll,gaming,2.98,10,1,0,1,22.6,4,13.27,0.84,0.56,0.26,2024-10-12 22:00:00,22,5,10
422592,72.0,M,CA,Toronto,mobile,basic,3070,gaming,41.5,PG,5000,banner,in_feed,cpg,3.33,10,1,0,1,25.1,4,10.87,0.91,0.59,0.25,2025-01-07 03:00:00,3,1,1
688693,31.0,M,MX,Guadalajara,mobile,basic,9129,news,27.8,PG-13,5672,video,mid_roll,finance,1.74,11,0,0,0,14.8,3,8.15,0.94,0.04,0.09,2024-12-16 06:00:00,6,0,12
502010,71.0,F,US,Austin,tablet,free,3070,gaming,14.4,PG,5941,interstitial,pre_roll,tech,4.5,11,0,0,0,16.7,5,7.26,0.58,0.03,0.08,2025-03-13 21:00:00,21,3,3
948410,29.0,F,AU,Sydney,smart_tv,basic,1449,documentary,2.0,PG,5363,banner,in_feed,cpg,4.44,6,0,0,0,1.9,1,16.13,0.77,0.04,0.1,2024-07-18 01:00:00,1,3,7
318201,68.0,F,IN,Unknown,tablet,free,5828,documentary,2.0,PG-13,5354,video,post_roll,cpg,5.61,4,0,0,0,3.6,1,10.43,1.28,0.02,0.04,2025-02-14 14:00:00,14,4,2
805130,42.0,F,CA,Toronto,smart_tv,premium,8393,documentary,57.3,G,5865,interstitial,post_roll,auto,4.13,5,0,0,0,30.2,6,15.84,0.95,0.03,0.08,2024-10-26 01:00:00,1,5,10
866870,66.0,F,BR,Sao Paulo,mobile,free,7578,comedy,23.1,PG,5399,interstitial,in_feed,finance,2.77,10,1,0,1,8.0,4,10.29,1.69,1.06,0.36,2025-07-21 22:00:00,22,0,7
945581,24.0,M,BR,Sao Paulo,smart_tv,family,2295,music,30.3,R,5057,banner,pre_roll,gaming,9.88,11,0,0,0,31.2,6,10.76,1.57,0.05,0.12,2024-05-25 06:00:00,6,5,5
391165,42.0,M,FR,Lyon,tablet,free,8557,kids,32.2,PG,5000,banner,in_feed,gaming,8.12,7,0,0,0,18.6,4,6.71,1.34,0.02,0.05,2024-05-20 03:00:00,3,0,5
443250,67.0,M,MX,Guadalajara,mobile,free,2307,documentary,31.3,R,5399,banner,sidebar,auto,4.84,1,0,0,0,24.0,2,9.8,1.22,0.0,0.01,2024-11-05 07:00:00,7,1,11
872765,25.0,M,DE,Munich,desktop,basic,5449,news,54.3,R,5068,native,in_feed,travel,10.26,6,1,0,1,41.6,5,9.95,1.24,0.77,0.25,2024-11-30 12:00:00,12,5,11
736475,44.0,F,US,New York,tablet,free,6902,kids,36.3,PG,5060,banner,in_feed,gaming,8.24,1,0,0,0,22.1,0,15.56,0.44,0.01,0.02,2025-03-09 01:00:00,1,6,3
969315,24.0,F,CA,Vancouver,desktop,basic,6816,drama,5.4,PG-13,5182,interstitial,in_feed,retail,2.96,1,0,0,0,0.5,6,7.78,1.32,0.0,0.01,2024-10-05 04:00:00,4,5,10
405354,40.0,F,US,Chicago,desktop,basic,8365,drama,42.0,PG-13,5037,interstitial,pre_roll,finance,3.16,4,1,0,1,32.5,1,10.34,1.38,0.84,0.25,2025-07-07 09:00:00,9,0,7
330106,25.0,F,CA,Vancouver,tablet,basic,4826,kids,54.5,G,5585,audio,pre_roll,finance,2.84,7,0,0,0,23.6,4,13.32,0.92,0.04,0.09,2024-11-12 01:00:00,1,1,11
705211,28.0,M,UK,London,tablet,premium,8136,documentary,49.1,G,5560,interstitial,mid_roll,healthcare,7.65,10,0,0,0,34.3,5,12.78,1.58,0.05,0.13,2024-05-09 20:00:00,20,3,5
872113,66.0,M,US,New York,desktop,basic,2250,kids,38.8,R,5593,native,sidebar,healthcare,3.25,7,3,0,1,18.2,5,11.04,1.01,1.85,0.53,2024-05-04 09:00:00,9,5,5
931413,63.0,M,BR,Rio de Janeiro,desktop,free,1072,news,50.9,PG-13,5909,interstitial,post_roll,healthcare,9.63,9,0,0,0,12.7,1,8.77,1.12,0.03,0.08,2025-08-08 15:00:00,15,4,8
852806,30.0,F,UK,London,desktop,basic,1087,kids,2.0,PG,5708,video,pre_roll,healthcare,3.38,2,0,0,0,10.6,2,7.22,0.57,0.01,0.01,2024-05-12 09:00:00,9,6,5
977284,54.0,M,IN,Hyderabad,mobile,premium,4258,comedy,5.0,PG-13,5752,interstitial,pre_roll,auto,1.46,7,0,0,0,2.3,5,17.11,0.95,0.05,0.12,2025-07-25 20:00:00,20,4,7
650202,32.0,F,DE,Berlin,mobile,free,4982,comedy,48.8,PG,5820,audio,in_feed,tech,11.5,5,0,0,0,39.1,3,14.24,2.2,0.03,0.07,2024-07-29 03:00:00,3,0,7
102609,43.0,M,CA,Vancouver,desktop,premium,9918,music,25.8,PG,5282,audio,post_roll,healthcare,6.01,8,1,0,1,39.9,6,10.71,1.26,0.79,0.27,2024-04-20 10:00:00,10,5,4
850451,13.0,F,CA,Vancouver,mobile,family,6651,gaming,10.1,R,5227,video,post_roll,retail,3.8,10,0,0,0,7.6,5,10.2,1.05,0.04,0.1,2024-08-12 12:00:00,12,0,8
357335,57.0,M,US,Seattle,tablet,premium,2384,music,55.0,PG-13,5209,video,sidebar,cpg,5.62,7,1,1,1,44.6,3,9.86,1.25,24.43,0.26,2025-01-26 22:00:00,22,6,1
482964,23.0,M,BR,Sao Paulo,mobile,premium,6683,kids,43.6,PG-13,5313,native,post_roll,retail,1.57,9,0,0,0,33.3,5,8.28,0.32,0.03,0.07,2024-10-18 01:00:00,1,4,10
751725,66.0,F,UK,London,mobile,basic,6342,gaming,32.7,PG-13,5326,audio,post_roll,healthcare,6.51,8,0,0,0,14.3,3,10.73,1.12,0.03,0.09,2025-04-29 05:00:00,5,1,4
642589,67.0,M,CA,Toronto,mobile,free,2895,drama,7.4,PG-13,5038,banner,in_feed,healthcare,4.68,3,0,0,0,1.3,2,10.26,1.1,0.01,0.03,2025-01-24 22:00:00,22,4,1
685214,27.0,M,US,Austin,mobile,basic,5937,music,30.2,PG-13,5040,video,post_roll,healthcare,4.72,5,1,0,1,16.7,2,12.58,1.14,0.71,0.23,2024-10-03 10:00:00,10,3,10
465143,57.0,M,AU,Melbourne,smart_tv,free,7085,news,22.0,R,5600,interstitial,in_feed,gaming,3.53,6,0,0,0,6.6,3,7.62,1.4,0.02,0.05,2025-02-06 16:00:00,16,3,2
341921,26.0,F,BR,Sao Paulo,mobile,premium,2826,kids,35.5,PG,5797,banner,pre_roll,cpg,8.53,8,0,0,0,20.6,1,7.34,2.15,0.02,0.06,2025-08-07 14:00:00,14,3,8
998993,61.0,M,US,Austin,desktop,basic,2196,kids,31.3,PG-13,5766,banner,pre_roll,tech,10.28,2,0,0,0,27.3,3,15.08,0.81,0.01,0.03,2024-10-09 09:00:00,9,2,10
712564,40.0,M,AU,Sydney,desktop,premium,4922,documentary,40.5,R,5291,video,sidebar,auto,3.51,10,0,0,0,9.7,2,9.04,1.08,0.04,0.09,2024-05-22 20:00:00,20,2,5
578670,46.0,F,AU,Melbourne,mobile,basic,2680,music,35.3,PG-13,5607,audio,in_feed,healthcare,1.02,2,0,0,0,5.2,1,9.75,1.18,0.01,0.02,2024-10-07 17:00:00,17,0,10
379350,29.0,F,MX,Guadalajara,desktop,basic,8625,drama,15.8,R,5745,interstitial,sidebar,retail,7.92,5,0,0,0,13.4,4,10.39,1.09,0.02,0.05,2025-05-28 15:00:00,15,2,5
313519,22.0,M,US,Seattle,mobile,free,1596,sports,17.4,G,5641,native,in_feed,retail,3.84,4,0,0,0,8.2,2,3.87,0.9,0.01,0.02,2024-06-26 12:00:00,12,2,6
678808,36.0,F,BR,Rio de Janeiro,tablet,premium,3054,music,27.6,R,5754,interstitial,mid_roll,travel,9.96,5,0,0,0,20.9,4,13.14,1.53,0.03,0.07,2025-07-26 12:00:00,12,5,7
703122,13.0,Other,MX,Guadalajara,mobile,basic,2487,documentary,12.5,PG,5796,native,mid_roll,retail,7.38,2,0,0,0,7.2,4,15.43,0.76,0.01,0.03,2025-01-12 16:00:00,16,6,1
808859,32.0,F,UK,London,tablet,free,9277,news,45.0,PG,5434,banner,pre_roll,retail,4.61,4,0,0,0,15.7,4,12.02,1.76,0.02,0.05,2025-01-19 20:00:00,20,6,1
782235,42.0,Unknown,IN,Mumbai,tablet,basic,2187,gaming,43.0,R,5207,native,pre_roll,travel,3.1,6,0,0,0,31.9,3,10.42,1.55,0.03,0.06,2024-08-19 04:00:00,4,0,8
572097,70.0,F,MX,Mexico City,tablet,basic,9377,gaming,45.4,PG-13,5186,audio,pre_roll,finance,1.82,4,0,0,0,41.7,1,11.71,0.55,0.02,0.05,2025-07-11 01:00:00,1,4,7
875205,42.0,F,DE,Berlin,mobile,family,9723,kids,59.8,PG,5349,native,mid_roll,healthcare,4.55,2,0,0,0,45.7,1,15.14,0.59,0.01,0.03,2024-03-20 11:00:00,11,2,3
648921,61.0,M,US,Austin,tablet,family,3551,comedy,12.8,PG-13,5488,interstitial,post_roll,finance,2.96,5,0,0,0,1.8,1,14.79,0.92,0.03,0.07,2024-08-09 06:00:00,6,4,8
111420,25.0,M,IN,Mumbai,mobile,free,4719,drama,9.8,R,5728,interstitial,mid_roll,auto,4.48,2,1,0,1,0.5,5,8.31,1.24,0.75,0.2,2024-10-12 22:00:00,22,5,10
200886,17.0,F,US,Austin,mobile,basic,7983,kids,6.5,G,5318,audio,post_roll,auto,3.34,7,0,0,0,4.4,4,10.79,1.29,0.03,0.08,2024-11-13 17:00:00,17,2,11
772561,52.0,M,US,Chicago,tablet,free,3662,kids,27.7,PG,5081,native,pre_roll,cpg,5.39,5,0,0,0,22.9,0,9.65,1.71,0.02,0.05,2024-11-12 00:00:00,0,1,11
896671,22.0,M,US,Seattle,mobile,premium,9588,sports,13.6,PG,5345,banner,sidebar,travel,1.61,8,0,0,0,23.5,4,8.99,1.27,0.03,0.07,2024-05-19 21:00:00,21,6,5
577509,41.0,M,IN,Mumbai,console,free,6743,music,20.5,PG,5622,audio,pre_roll,cpg,3.7,5,1,0,1,2.6,2,6.22,0.33,0.21,0.08,2024-06-30 19:00:00,19,6,6
956730,53.0,M,DE,Munich,tablet,family,7011,sports,49.3,R,5965,audio,pre_roll,travel,3.06,5,0,0,0,30.2,7,10.19,1.61,0.02,0.05,2024-04-21 10:00:00,10,6,4
753824,44.0,M,UK,Manchester,tablet,free,1864,news,29.8,PG-13,5293,banner,post_roll,travel,14.33,10,0,0,0,11.7,1,14.64,2.42,0.06,0.15,2025-01-04 03:00:00,3,5,1
822181,39.0,F,AU,Sydney,desktop,basic,1978,gaming,31.8,PG-13,5398,audio,pre_roll,healthcare,3.44,10,0,0,0,30.4,2,10.65,1.05,0.04,0.11,2024-09-06 11:00:00,11,4,9
574631,41.0,F,DE,Berlin,mobile,basic,3169,drama,37.2,PG,5412,banner,in_feed,tech,7.57,11,0,0,0,23.7,3,12.52,1.59,0.06,0.14,2024-12-31 12:00:00,12,1,12
719957,18.0,F,US,Austin,mobile,basic,2890,comedy,35.7,R,5053,native,mid_roll,travel,3.7,11,0,0,0,5.2,2,9.13,0.88,0.04,0.1,2025-01-13 10:00:00,10,0,1
396709,55.0,M,IN,Mumbai,mobile,basic,6383,documentary,68.0,PG-13,5884,audio,in_feed,tech,4.67,2,0,0,0,47.6,3,3.62,1.44,0.0,0.01,2025-03-15 01:00:00,1,5,3
925272,35.0,Unknown,CA,Toronto,tablet,free,6428,kids,56.8,PG-13,5374,video,in_feed,cpg,4.25,3,0,0,0,53.6,2,5.47,0.53,0.01,0.02,2024-12-21 09:00:00,9,5,12
131611,16.0,Unknown,AU,Sydney,smart_tv,free,5988,drama,41.6,G,5842,banner,in_feed,cpg,6.56,11,0,0,0,40.6,4,11.22,1.17,0.05,0.12,2025-02-13 21:00:00,21,3,2
120828,56.0,M,JP,Osaka,mobile,premium,9539,drama,39.0,R,5745,native,in_feed,auto,3.83,8,1,0,1,36.0,5,11.03,1.15,0.73,0.26,2025-01-12 01:00:00,1,6,1
388316,32.0,F,IN,Hyderabad,smart_tv,premium,9989,music,36.2,R,5560,audio,post_roll,tech,3.31,1,0,0,0,33.1,4,12.21,0.56,0.0,0.01,2025-02-16 07:00:00,7,6,2
288878,31.0,F,US,New York,mobile,free,1814,news,38.6,PG-13,5056,audio,post_roll,gaming,6.98,2,0,0,0,20.6,2,15.85,0.98,0.01,0.03,2025-01-27 23:00:00,23,0,1
690388,58.0,F,IN,Mumbai,desktop,family,3951,comedy,2.0,R,5159,interstitial,post_roll,tech,1.33,1,0,0,0,7.0,7,7.38,0.62,0.0,0.01,2024-08-18 18:00:00,18,6,8
748794,63.0,M,US,Chicago,mobile,basic,8569,news,62.6,PG-13,5334,native,post_roll,cpg,2.58,1,0,0,0,37.6,4,7.3,1.3,0.0,0.01,2024-07-11 23:00:00,23,3,7
108741,44.0,M,AU,Sydney,smart_tv,basic,1024,gaming,43.2,R,5178,audio,pre_roll,finance,3.33,9,1,0,1,22.8,3,8.02,1.58,0.98,0.31,2025-04-30 05:00:00,5,2,4
292719,66.0,F,UK,Manchester,mobile,free,2294,drama,61.8,PG,5330,interstitial,sidebar,healthcare,1.7,10,0,0,0,45.2,6,7.4,1.52,0.03,0.07,2024-09-02 01:00:00,1,0,9
929323,17.0,F,JP,Tokyo,mobile,family,6189,drama,65.4,R,5932,banner,pre_roll,auto,3.41,9,0,0,0,34.6,4,9.15,0.68,0.03,0.08,2024-12-22 12:00:00,12,6,12
679021,61.0,M,US,Seattle,mobile,free,3723,music,23.8,R,5244,banner,mid_roll,healthcare,6.19,4,0,0,0,22.5,2,8.88,0.88,0.01,0.04,2024-06-15 08:00:00,8,5,6
459384,24.0,M,US,Seattle,mobile,free,1647,gaming,43.7,G,5160,video,sidebar,travel,5.15,3,0,0,0,27.6,5,15.19,1.17,0.02,0.05,2024-10-19 23:00:00,23,5,10
443980,61.0,M,BR,Sao Paulo,desktop,premium,4482,drama,54.8,PG,5461,banner,in_feed,auto,10.79,5,1,0,1,56.0,5,11.84,1.55,0.95,0.29,2024-12-12 00:00:00,0,3,12
156611,54.0,M,US,New York,tablet,free,9661,music,20.9,R,5572,banner,in_feed,healthcare,2.93,7,0,0,0,18.8,1,9.39,0.59,0.03,0.07,2025-02-02 01:00:00,1,6,2
488583,27.0,M,DE,Munich,desktop,basic,6129,drama,16.3,G,5876,video,post_roll,tech,3.23,10,2,0,1,12.4,0,8.45,1.0,1.23,0.38,2024-12-10 05:00:00,5,1,12
893781,23.0,F,BR,Sao Paulo,mobile,free,4070,comedy,72.6,G,5359,native,pre_roll,tech,5.78,6,0,0,0,55.3,2,12.32,0.84,0.03,0.07,2024-09-11 18:00:00,18,2,9
588760,30.0,M,CA,Toronto,mobile,free,8185,drama,4.3,PG,5951,banner,mid_roll,auto,5.62,10,0,0,0,0.5,3,15.22,1.07,0.06,0.15,2025-08-02 08:00:00,8,5,8
262639,18.0,F,UK,Manchester,mobile,free,7160,music,43.4,G,5472,video,mid_roll,tech,4.6,3,0,0,0,42.0,8,9.13,1.16,0.01,0.03,2024-12-02 21:00:00,21,0,12
981875,67.0,M,IN,Hyderabad,desktop,premium,7706,comedy,34.7,PG-13,5068,interstitial,mid_roll,finance,6.89,10,1,0,1,24.8,4,10.81,1.56,0.98,0.34,2025-05-11 11:00:00,11,6,5
152462,47.0,M,IN,Hyderabad,smart_tv,basic,5372,sports,24.9,G,5841,audio,mid_roll,travel,3.97,4,0,0,0,18.7,7,12.09,0.95,0.02,0.05,2025-04-02 19:00:00,19,2,4
115118,23.0,F,DE,Berlin,mobile,free,7418,documentary,2.0,R,5823,video,post_roll,auto,11.66,5,0,0,0,2.3,2,10.22,1.82,0.02,0.05,2024-12-27 11:00:00,11,4,12
170609,43.0,F,US,Austin,desktop,free,4673,drama,18.0,PG-13,5031,audio,pre_roll,finance,6.59,5,0,0,0,22.8,5,9.31,1.95,0.02,0.05,2025-06-22 15:00:00,15,6,6
190419,68.0,F,FR,Paris,mobile,free,1319,news,14.2,PG,5904,audio,in_feed,tech,4.22,2,0,0,0,0.7,0,0.73,1.19,0.0,0.0,2024-05-09 06:00:00,6,3,5
575205,65.0,M,DE,Berlin,mobile,family,4820,drama,54.5,G,5579,audio,in_feed,tech,7.6,6,0,0,0,27.4,2,13.92,1.08,0.03,0.08,2025-07-11 08:00:00,8,4,7
842803,64.0,Other,AU,Melbourne,desktop,family,4974,sports,32.2,R,5232,interstitial,pre_roll,tech,4.62,1,0,0,0,18.0,1,7.97,0.96,0.0,0.01,2025-06-03 02:00:00,2,1,6
357317,27.0,M,UK,Manchester,desktop,basic,6300,news,14.5,PG-13,5761,banner,sidebar,auto,4.66,2,0,0,0,5.5,5,9.08,1.19,0.01,0.02,2024-11-27 23:00:00,23,2,11
701534,21.0,M,JP,Osaka,desktop,free,7576,music,5.8,PG,5954,video,pre_roll,tech,2.86,5,0,0,0,4.9,3,4.44,1.79,0.01,0.02,2025-04-01 00:00:00,0,1,4
857630,65.0,M,IN,Hyderabad,desktop,free,3484,news,15.8,R,5072,banner,post_roll,cpg,7.67,9,0,0,0,12.9,3,10.55,1.3,0.04,0.09,2024-12-06 22:00:00,22,4,12
656430,48.0,M,BR,Sao Paulo,mobile,free,6976,documentary,21.8,R,5719,video,post_roll,travel,3.87,6,1,0,1,7.9,2,7.57,1.0,0.62,0.2,2024-07-24 03:00:00,3,2,7
591013,15.0,M,IN,Mumbai,mobile,family,4270,gaming,34.4,PG-13,5241,banner,sidebar,retail,4.31,11,0,0,0,33.8,4,8.5,1.09,0.04,0.09,2025-05-06 22:00:00,22,1,5
147728,34.0,M,IN,Hyderabad,desktop,family,3474,sports,35.6,R,5459,video,in_feed,travel,5.79,2,0,0,0,29.8,3,8.85,0.88,0.01,0.02,2024-07-11 19:00:00,19,3,7
350279,43.0,F,AU,Sydney,mobile,free,7495,kids,73.3,G,5954,banner,sidebar,gaming,2.39,8,0,0,0,50.9,8,11.66,0.59,0.04,0.09,2024-08-17 19:00:00,19,5,8
911487,24.0,M,AU,Melbourne,smart_tv,basic,3688,gaming,32.3,PG-13,5418,audio,pre_roll,cpg,2.52,10,1,0,1,30.1,2,10.8,0.73,0.48,0.22,2024-12-06 10:00:00,10,4,12
625830,36.0,F,DE,Munich,mobile,premium,7442,documentary,75.7,PG,5759,interstitial,post_roll,gaming,4.8,3,0,0,0,56.2,4,12.52,1.01,0.02,0.04,2025-05-27 04:00:00,4,1,5
510658,32.0,F,BR,Sao Paulo,desktop,free,4653,sports,41.7,PG,5361,native,mid_roll,cpg,7.95,8,0,0,0,5.1,2,11.0,1.36,0.04,0.09,2024-09-24 07:00:00,7,1,9
949624,44.0,M,US,New York,mobile,family,7246,news,39.7,PG-13,5048,native,post_roll,finance,8.13,6,0,0,0,20.6,6,9.13,1.03,0.02,0.05,2024-11-22 20:00:00,20,4,11
697337,46.0,M,MX,Guadalajara,mobile,free,5213,documentary,13.3,R,5127,video,post_roll,finance,4.37,10,0,0,0,10.4,3,14.71,0.49,0.06,0.15,2024-03-23 11:00:00,11,5,3
876143,73.0,F,UK,Manchester,desktop,basic,5089,kids,32.3,PG-13,5058,video,pre_roll,gaming,9.3,1,0,0,0,21.5,2,10.16,1.37,0.0,0.01,2024-05-02 13:00:00,13,3,5
212591,50.0,M,US,Austin,tablet,premium,4099,news,24.7,PG-13,5284,banner,post_roll,travel,6.91,8,0,0,0,20.6,3,6.91,1.86,0.02,0.06,2024-03-31 05:00:00,5,6,3
222846,57.0,M,CA,Toronto,mobile,free,6497,news,16.6,PG-13,5334,banner,in_feed,retail,8.83,1,0,0,0,22.7,1,3.33,1.21,0.0,0.0,2024-04-08 21:00:00,21,0,4
895806,58.0,F,US,Seattle,mobile,free,1983,gaming,4.2,R,5032,audio,in_feed,finance,4.25,7,1,0,1,7.5,1,2.72,1.65,1.0,0.27,2025-06-13 00:00:00,0,4,6
884747,68.0,M,US,Chicago,tablet,basic,5659,drama,50.5,PG,5796,native,post_roll,finance,1.26,3,0,0,0,38.8,2,7.19,0.68,0.01,0.02,2025-05-29 16:00:00,16,3,5
387905,14.0,F,FR,Lyon,mobile,premium,5291,sports,65.3,R,5548,video,pre_roll,tech,3.91,3,0,0,0,76.3,8,9.5,0.98,0.01,0.03,2025-05-18 19:00:00,19,6,5
429617,20.0,F,US,Seattle,desktop,free,3696,documentary,51.4,PG,5679,audio,mid_roll,auto,2.91,5,0,0,0,34.2,6,10.27,0.84,0.02,0.05,2024-03-31 00:00:00,0,6,3
322842,23.0,M,AU,Melbourne,tablet,free,3414,sports,37.3,PG-13,5494,banner,mid_roll,tech,7.57,1,0,0,0,16.0,3,9.17,1.67,0.0,0.01,2024-04-11 22:00:00,22,3,4
446011,39.0,M,DE,Munich,desktop,basic,7983,gaming,50.6,PG-13,5037,native,sidebar,gaming,4.21,10,0,0,0,32.8,2,11.52,1.22,0.05,0.12,2024-07-30 12:00:00,12,1,7
119567,31.0,F,DE,Munich,tablet,free,9811,comedy,25.0,R,5538,audio,in_feed,gaming,5.55,9,1,0,1,13.5,2,4.88,1.29,0.79,0.24,2024-12-31 06:00:00,6,1,12
553660,45.0,F,US,Chicago,desktop,basic,5843,comedy,14.4,G,5348,native,sidebar,retail,1.52,6,0,0,0,11.1,2,10.21,0.26,0.02,0.06,2024-08-28 10:00:00,10,2,8
776737,22.0,M,UK,Manchester,mobile,free,2084,gaming,16.6,PG-13,5609,video,sidebar,finance,2.91,1,0,0,0,26.3,4,2.8,0.53,0.0,0.0,2024-11-19 06:00:00,6,1,11
791389,46.0,M,FR,Lyon,mobile,free,5583,music,26.2,PG,5199,interstitial,pre_roll,tech,6.8,3,0,0,0,0.5,3,10.32,1.39,0.01,0.03,2024-06-02 10:00:00,10,6,6
563536,21.0,M,JP,Tokyo,mobile,family,9844,comedy,63.1,R,5146,audio,in_feed,auto,6.39,4,0,0,0,22.0,2,6.76,0.79,0.01,0.03,2025-03-30 14:00:00,14,6,3
480269,17.0,M,MX,Mexico City,mobile,premium,6933,kids,31.6,PG,5097,video,pre_roll,retail,1.46,7,0,0,0,20.4,3,11.93,1.04,0.03,0.08,2024-08-17 12:00:00,12,5,8
214233,32.0,F,MX,Guadalajara,tablet,free,7849,music,56.9,PG-13,5941,banner,mid_roll,gaming,3.34,10,2,1,1,47.8,2,9.01,0.59,13.96,0.27,2024-04-05 22:00:00,22,4,4
694954,14.0,Other,JP,Tokyo,mobile,free,4963,kids,64.6,PG-13,5798,native,pre_roll,tech,6.33,6,0,0,0,42.4,1,14.97,1.1,0.04,0.09,2025-04-06 01:00:00,1,6,4
510537,74.0,M,BR,Rio de Janeiro,mobile,family,3977,documentary,44.9,R,5176,banner,pre_roll,gaming,11.14,4,0,0,0,29.9,1,10.16,1.28,0.02,0.04,2025-07-01 12:00:00,12,1,7
253116,63.0,F,US,Chicago,mobile,free,1521,news,41.7,PG-13,5358,banner,mid_roll,gaming,7.33,1,0,0,0,29.2,1,12.35,0.85,0.0,0.01,2024-03-08 22:00:00,22,4,3
545363,54.0,M,CA,Toronto,smart_tv,free,3109,drama,57.4,G,5471,interstitial,mid_roll,tech,2.95,8,1,0,1,42.6,6,9.85,0.97,0.61,0.22,2024-10-22 19:00:00,19,1,10
365584,42.0,M,BR,Rio de Janeiro,desktop,basic,3106,music,29.8,PG,5249,banner,post_roll,finance,8.75,11,1,0,1,5.0,4,9.96,1.55,0.97,0.34,2025-05-21 16:00:00,16,2,5
175472,59.0,F,BR,Unknown,mobile,free,6909,news,44.1,PG-13,5778,interstitial,post_roll,healthcare,6.38,5,0,0,0,20.2,2,7.51,1.05,0.02,0.04,2025-03-17 07:00:00,7,0,3
953051,28.0,M,IN,Bengaluru,mobile,basic,9011,comedy,43.8,PG,5593,banner,mid_roll,auto,9.36,3,0,0,0,17.0,3,13.52,1.34,0.02,0.04,2025-06-06 12:00:00,12,4,6
866476,73.0,M,IN,Hyderabad,mobile,free,4552,documentary,33.3,PG-13,5230,banner,sidebar,travel,6.73,2,0,0,0,20.6,3,2.39,1.32,0.0,0.0,2024-10-11 05:00:00,5,4,10
478055,22.0,M,IN,Bengaluru,desktop,basic,6187,gaming,18.7,PG,5872,video,post_roll,travel,5.58,5,0,0,0,17.5,4,11.98,1.21,0.02,0.06,2024-09-18 00:00:00,0,2,9
917251,71.0,M,US,Austin,mobile,free,6149,comedy,30.4,PG,5059,banner,mid_roll,tech,2.15,4,1,0,1,12.0,4,9.8,1.01,0.62,0.19,2025-03-18 22:00:00,22,1,3
753743,74.0,F,US,New York,smart_tv,free,4523,documentary,17.7,PG,5072,native,post_roll,auto,6.48,7,0,0,0,11.5,1,11.65,1.39,0.03,0.08,2024-05-22 22:00:00,22,2,5
467929,66.0,F,AU,Sydney,tablet,free,5264,music,32.5,PG-13,5102,native,in_feed,gaming,3.95,3,0,0,0,18.2,5,8.47,0.74,0.01,0.03,2024-07-08 06:00:00,6,0,7
171573,55.0,F,IN,Hyderabad,mobile,basic,1261,music,40.0,G,5160,banner,post_roll,travel,2.38,1,0,0,0,19.2,1,9.26,0.74,0.0,0.01,2025-01-19 10:00:00,10,6,1
987890,61.0,M,US,Seattle,desktop,free,2367,sports,31.0,R,5935,audio,mid_roll,retail,2.39,6,1,0,1,19.8,5,9.92,1.25,0.77,0.25,2025-02-24 23:00:00,23,0,2
127277,61.0,F,US,Seattle,desktop,family,5020,gaming,17.1,PG,5469,audio,in_feed,travel,2.1,7,0,0,0,9.3,2,6.29,1.15,0.02,0.04,2024-05-04 14:00:00,14,5,5
933415,39.0,M,MX,Mexico City,desktop,basic,4518,documentary,18.5,PG-13,5276,interstitial,in_feed,retail,12.41,2,0,0,0,17.4,3,9.84,1.22,0.01,0.02,2024-11-30 11:00:00,11,5,11
147396,57.0,M,IN,Bengaluru,mobile,free,1990,music,46.2,G,5488,interstitial,mid_roll,travel,6.09,11,2,0,1,31.4,3,11.37,0.96,1.2,0.41,2024-09-14 01:00:00,1,5,9
839511,29.0,M,FR,Paris,mobile,premium,4902,kids,34.4,PG,5544,interstitial,post_roll,gaming,9.38,1,0,0,0,23.6,6,8.82,1.17,0.0,0.01,2024-11-26 22:00:00,22,1,11
731287,47.0,F,AU,Melbourne,mobile,premium,4915,drama,27.1,PG-13,5314,banner,sidebar,cpg,3.83,10,2,0,1,12.0,2,14.9,0.84,1.07,0.4,2025-07-31 13:00:00,13,3,7
792689,19.0,M,IN,Bengaluru,tablet,free,6226,drama,19.2,PG,5448,banner,sidebar,tech,7.24,2,1,0,1,9.2,2,12.08,1.58,0.96,0.26,2024-04-11 08:00:00,8,3,4
151053,22.0,F,FR,Lyon,tablet,premium,6310,documentary,18.5,G,5677,interstitial,mid_roll,retail,9.66,2,0,0,0,7.4,2,16.28,1.56,0.01,0.03,2025-08-20 13:00:00,13,2,8
919777,30.0,F,CA,Vancouver,mobile,basic,5866,comedy,58.8,PG-13,5666,native,mid_roll,tech,2.68,4,0,0,0,34.5,3,12.33,1.3,0.02,0.05,2024-10-29 18:00:00,18,1,10
641819,39.0,F,UK,London,desktop,free,5118,gaming,2.0,PG,5005,banner,post_roll,auto,5.54,9,0,0,0,0.5,1,9.08,0.92,0.03,0.08,2025-04-21 22:00:00,22,0,4
872789,52.0,M,BR,Unknown,mobile,premium,7647,drama,5.2,PG-13,5886,interstitial,sidebar,cpg,3.82,7,0,0,0,0.5,3,12.83,1.08,0.04,0.09,2024-10-16 05:00:00,5,2,10
325621,52.0,F,BR,Sao Paulo,desktop,premium,8704,sports,50.7,PG-13,5685,banner,sidebar,auto,1.98,5,1,0,1,29.5,8,10.95,0.98,0.61,0.2,2024-08-15 22:00:00,22,3,8
540598,72.0,F,US,Seattle,desktop,premium,5313,news,44.0,G,5837,banner,sidebar,tech,3.15,10,0,0,0,9.6,3,7.89,0.92,0.03,0.08,2025-04-21 02:00:00,2,0,4
226328,64.0,M,US,Chicago,desktop,premium,9563,gaming,47.5,PG-13,5138,native,mid_roll,gaming,6.12,8,0,0,0,23.5,1,7.21,0.81,0.02,0.06,2025-03-07 08:00:00,8,4,3
715633,63.0,F,IN,Hyderabad,tablet,basic,6549,documentary,47.4,R,5382,banner,pre_roll,retail,5.97,2,0,0,0,40.7,6,6.77,1.42,0.01,0.01,2024-05-17 18:00:00,18,4,5
723459,72.0,F,MX,Mexico City,smart_tv,family,3233,gaming,45.8,G,5742,interstitial,in_feed,finance,3.88,5,0,0,0,40.6,9,8.13,0.84,0.02,0.04,2025-03-16 22:00:00,22,6,3
207953,73.0,M,AU,Melbourne,mobile,premium,2201,comedy,46.2,PG-13,5851,interstitial,pre_roll,finance,2.3,3,0,0,0,41.0,8,14.42,1.52,0.02,0.04,2025-04-11 15:00:00,15,4,4
589529,46.0,F,BR,Rio de Janeiro,mobile,basic,5762,documentary,66.3,R,5970,video,mid_roll,healthcare,3.12,7,0,0,0,39.6,5,13.47,1.17,0.04,0.09,2024-09-26 10:00:00,10,3,9
644956,74.0,F,BR,Rio de Janeiro,mobile,basic,7756,music,62.6,PG,5930,video,in_feed,retail,5.6,3,0,0,0,60.5,3,5.26,1.05,0.01,0.02,2025-07-13 20:00:00,20,6,7
902114,64.0,M,US,New York,desktop,free,2703,news,26.7,PG,5564,video,mid_roll,finance,1.06,8,0,0,0,6.6,1,8.32,0.86,0.03,0.07,2025-02-10 01:00:00,1,0,2
194702,15.0,M,US,New York,desktop,basic,7953,comedy,55.4,R,5702,interstitial,mid_roll,tech,9.52,9,1,0,1,17.8,2,12.26,1.02,0.66,0.26,2024-08-28 03:00:00,3,2,8
754501,18.0,M,US,Seattle,mobile,free,2045,documentary,79.9,PG,5790,banner,post_roll,finance,3.97,1,0,0,0,41.4,1,9.68,0.87,0.0,0.01,2024-03-06 19:00:00,19,2,3
655904,34.0,M,UK,London,mobile,family,8998,gaming,39.1,R,5789,video,sidebar,cpg,5.61,9,0,0,0,20.6,3,9.18,1.48,0.03,0.08,2025-02-28 11:00:00,11,4,2
390450,14.0,M,FR,Paris,console,premium,1346,comedy,83.2,PG-13,5655,video,sidebar,finance,7.46,7,0,0,0,75.8,3,6.68,1.78,0.02,0.05,2024-06-21 21:00:00,21,4,6
273841,29.0,F,IN,Bengaluru,mobile,family,3687,drama,59.2,PG,5492,audio,mid_roll,travel,10.05,10,0,0,0,35.5,2,12.62,0.56,0.05,0.13,2025-04-13 12:00:00,12,6,4
213907,27.0,F,UK,London,mobile,free,8571,drama,19.4,G,5135,video,mid_roll,tech,6.41,2,0,0,0,2.4,5,8.89,0.98,0.01,0.02,2024-12-09 13:00:00,13,0,12
190741,20.0,M,DE,Munich,mobile,premium,4564,drama,37.9,PG,5146,native,in_feed,healthcare,8.82,5,1,0,1,44.0,6,11.92,1.35,0.83,0.26,2024-11-08 00:00:00,0,4,11
673521,17.0,M,MX,Mexico City,desktop,free,8419,news,56.4,R,5001,audio,mid_roll,travel,4.39,10,0,0,0,25.6,3,14.69,0.72,0.06,0.15,2024-05-28 10:00:00,10,1,5
743740,37.0,Other,UK,London,desktop,free,3158,drama,20.1,R,5406,native,post_roll,auto,2.74,1,0,0,0,13.6,1,13.91,0.82,0.01,0.01,2025-03-20 05:00:00,5,3,3
412688,60.0,F,IN,Mumbai,desktop,basic,9110,music,53.3,PG-13,5850,audio,mid_roll,finance,13.71,4,0,0,0,20.5,7,11.98,2.27,0.02,0.05,2024-05-29 14:00:00,14,2,5
934711,69.0,M,US,Seattle,mobile,premium,3647,documentary,56.2,G,5347,native,sidebar,auto,3.86,9,1,1,1,33.3,5,7.32,1.24,14.44,0.25,2024-10-12 14:00:00,14,5,10
248971,56.0,F,JP,Tokyo,desktop,premium,5333,documentary,41.4,PG,5965,banner,sidebar,healthcare,4.37,7,0,0,0,22.7,1,16.09,1.96,0.05,0.11,2025-05-26 14:00:00,14,0,5
228602,31.0,F,FR,Lyon,desktop,premium,3922,documentary,53.8,R,5095,native,mid_roll,auto,3.38,4,0,0,0,14.6,1,10.82,0.63,0.02,0.04,2025-07-10 23:00:00,23,3,7
615732,28.0,F,IN,Bengaluru,desktop,free,9405,sports,38.0,PG-13,5761,video,post_roll,travel,4.6,7,0,0,0,23.3,5,8.41,0.77,0.02,0.06,2025-08-17 03:00:00,3,6,8
758547,42.0,M,FR,Lyon,desktop,family,9771,documentary,36.4,PG-13,5495,video,sidebar,finance,6.57,1,0,0,0,0.7,2,10.82,1.1,0.0,0.01,2025-07-31 07:00:00,7,3,7
695539,19.0,M,DE,Berlin,mobile,premium,2978,sports,11.5,R,5333,interstitial,pre_roll,tech,5.84,8,0,0,0,1.3,3,8.62,1.98,0.03,0.07,2024-12-26 05:00:00,5,3,12
983912,48.0,M,US,Seattle,mobile,free,9239,music,22.9,PG,5974,banner,mid_roll,retail,8.11,8,0,0,0,15.2,5,5.74,0.24,0.02,0.05,2024-06-17 06:00:00,6,0,6
356999,69.0,F,CA,Vancouver,smart_tv,free,5587,documentary,32.2,PG-13,5026,interstitial,sidebar,gaming,9.02,11,0,0,0,17.2,3,15.22,1.67,0.07,0.17,2025-05-28 02:00:00,2,2,5
435749,29.0,F,IN,Mumbai,tablet,free,7640,music,28.0,G,5620,audio,in_feed,cpg,4.7,8,0,0,0,8.1,7,7.76,1.22,0.02,0.06,2025-05-07 21:00:00,21,2,5
749519,38.0,F,US,Austin,mobile,premium,6131,sports,64.0,PG-13,5148,banner,sidebar,cpg,2.81,1,0,0,0,81.4,5,7.3,1.14,0.0,0.01,2025-08-17 18:00:00,18,6,8
326416,44.0,F,AU,Melbourne,mobile,free,5429,sports,15.4,PG-13,5491,interstitial,in_feed,auto,2.53,1,0,0,0,11.6,3,7.9,0.71,0.0,0.01,2025-02-15 12:00:00,12,5,2
161271,15.0,F,US,Chicago,smart_tv,premium,2444,music,35.7,G,5576,video,pre_roll,gaming,9.7,5,0,0,0,12.0,1,10.66,1.28,0.02,0.05,2024-05-16 11:00:00,11,3,5
755003,69.0,M,IN,Hyderabad,mobile,family,3706,gaming,51.9,PG-13,5356,interstitial,post_roll,gaming,5.91,10,0,0,0,35.5,5,12.21,1.45,0.05,0.12,2024-11-27 13:00:00,13,2,11
756724,14.0,M,UK,London,desktop,basic,8515,sports,34.4,PG-13,5295,video,sidebar,healthcare,9.94,8,0,0,0,26.5,3,14.08,1.22,0.05,0.11,2024-10-29 01:00:00,1,1,10
284404,57.0,M,IN,Hyderabad,desktop,free,8741,comedy,2.3,PG-13,5030,banner,sidebar,tech,3.11,11,0,0,0,4.3,0,9.54,1.01,0.04,0.1,2025-05-30 04:00:00,4,4,5
195113,59.0,F,IN,Hyderabad,desktop,free,7671,kids,64.5,G,5622,audio,mid_roll,healthcare,5.14,11,1,0,1,46.5,1,10.19,0.93,0.6,0.25,2024-09-28 23:00:00,23,5,9
177849,63.0,M,BR,Rio de Janeiro,mobile,family,3556,gaming,28.4,R,5547,banner,in_feed,cpg,4.22,8,0,0,0,20.6,4,11.09,1.14,0.04,0.09,2024-08-25 10:00:00,10,6,8
721628,38.0,F,US,Seattle,mobile,free,7764,music,58.5,G,5786,native,sidebar,travel,3.54,3,0,0,0,34.5,3,9.37,1.1,0.01,0.03,2024-04-13 05:00:00,5,5,4
156115,28.0,M,US,New York,mobile,free,2850,news,11.1,PG-13,5559,audio,mid_roll,healthcare,2.08,9,0,0,0,0.5,7,14.18,1.13,0.05,0.13,2025-05-26 03:00:00,3,0,5
491680,42.0,F,CA,Vancouver,tablet,family,5418,documentary,47.7,PG,5707,native,pre_roll,tech,3.32,9,0,0,0,57.1,7,6.73,0.86,0.02,0.06,2025-04-12 21:00:00,21,5,4
117495,26.0,F,CA,Toronto,desktop,premium,4767,drama,71.9,PG-13,5089,video,mid_roll,retail,3.55,1,0,0,0,53.5,3,13.88,0.86,0.01,0.01,2024-03-23 06:00:00,6,5,3
236666,28.0,F,US,New York,mobile,basic,3460,gaming,70.2,PG-13,5831,native,in_feed,cpg,4.37,7,0,0,0,52.8,2,5.83,1.04,0.02,0.04,2024-10-21 05:00:00,5,0,10
891004,66.0,F,US,Austin,tablet,family,8403,gaming,23.7,G,5353,interstitial,pre_roll,tech,2.27,10,0,0,0,16.6,0,11.81,1.04,0.05,0.12,2024-11-15 01:00:00,1,4,11
118981,15.0,M,DE,Berlin,desktop,premium,6160,sports,53.5,R,5033,banner,sidebar,cpg,3.66,11,0,0,0,37.4,3,9.02,0.32,0.04,0.1,2024-11-09 10:00:00,10,5,11
912822,39.0,Other,BR,Rio de Janeiro,desktop,free,4804,documentary,7.9,PG-13,5309,video,pre_roll,travel,3.73,7,2,0,1,9.5,0,3.5,1.12,1.35,0.36,2025-07-10 05:00:00,5,3,7
860811,18.0,F,MX,Mexico City,smart_tv,basic,4607,news,58.5,R,5529,native,post_roll,healthcare,9.21,9,0,0,0,22.9,1,12.56,1.57,0.05,0.11,2024-05-21 08:00:00,8,1,5
693974,41.0,M,IN,Hyderabad,desktop,premium,8595,comedy,56.2,PG,5097,video,post_roll,tech,2.45,6,1,0,1,47.0,4,6.83,1.87,1.14,0.32,2024-08-13 10:00:00,10,1,8
891755,16.0,M,UK,Manchester,mobile,family,9339,kids,42.8,PG-13,5329,interstitial,in_feed,healthcare,6.68,7,1,1,1,9.8,3,10.32,1.63,26.32,0.32,2024-06-06 16:00:00,16,3,6
813387,44.0,F,UK,Manchester,desktop,free,5678,music,21.6,G,5908,video,pre_roll,tech,8.5,9,1,1,1,21.4,2,12.55,1.08,28.64,0.27,2024-07-10 19:00:00,19,2,7
433007,32.0,M,IN,Mumbai,mobile,free,3422,gaming,20.8,G,5493,interstitial,sidebar,healthcare,6.28,6,1,0,1,14.1,4,4.57,1.02,0.62,0.18,2025-07-03 20:00:00,20,3,7
510794,33.0,M,US,New York,mobile,free,6218,music,68.6,G,5847,banner,in_feed,tech,4.28,1,0,0,0,80.1,2,9.87,1.43,0.0,0.01,2025-07-21 23:00:00,23,0,7
693393,44.0,F,MX,Guadalajara,mobile,family,1961,kids,24.1,PG-13,5655,audio,post_roll,cpg,4.54,7,0,0,0,20.4,3,4.24,1.33,0.01,0.03,2024-03-25 02:00:00,2,0,3
834065,16.0,M,US,New York,mobile,free,2203,sports,33.0,PG-13,5223,native,sidebar,retail,5.3,9,0,0,0,17.2,1,8.54,0.51,0.03,0.08,2025-02-05 07:00:00,7,2,2
882732,43.0,Unknown,US,Seattle,console,basic,7762,comedy,52.0,PG-13,5249,audio,sidebar,healthcare,6.53,8,0,0,0,21.6,4,11.9,1.51,0.04,0.1,2024-07-04 17:00:00,17,3,7
358847,52.0,F,IN,Mumbai,smart_tv,basic,9710,drama,15.1,PG-13,5265,audio,sidebar,auto,6.14,2,0,0,0,8.8,0,10.67,1.13,0.01,0.02,2024-06-12 23:00:00,23,2,6
180620,26.0,F,IN,Bengaluru,desktop,basic,7747,music,41.8,PG-13,5583,banner,mid_roll,cpg,3.49,7,0,0,0,32.3,3,9.9,1.43,0.03,0.07,2024-08-05 17:00:00,17,0,8
557448,56.0,F,JP,Tokyo,console,family,9106,documentary,34.5,PG-13,5336,video,sidebar,travel,4.41,3,0,0,0,23.5,3,12.05,1.43,0.01,0.04,2024-06-13 23:00:00,23,3,6
555387,73.0,M,BR,Sao Paulo,smart_tv,basic,4886,comedy,50.4,PG-13,5787,video,in_feed,tech,8.4,9,0,0,0,33.9,8,12.36,1.79,0.04,0.11,2024-11-20 16:00:00,16,2,11
891838,50.0,F,JP,Osaka,desktop,premium,9678,drama,72.6,PG-13,5892,native,in_feed,retail,7.22,4,0,0,0,42.7,2,10.33,1.53,0.02,0.04,2025-08-20 15:00:00,15,2,8
482395,30.0,M,DE,Munich,mobile,free,5047,documentary,16.9,PG-13,5742,video,pre_roll,finance,0.64,7,1,0,1,8.7,3,9.93,0.45,0.3,0.14,2025-01-11 16:00:00,16,5,1
385813,47.0,F,JP,Osaka,mobile,basic,3201,sports,34.5,PG,5181,audio,mid_roll,finance,5.48,9,0,0,0,25.0,3,9.1,1.34,0.03,0.08,2025-03-26 13:00:00,13,2,3
293996,57.0,M,US,Chicago,mobile,free,7208,drama,15.3,R,5952,video,in_feed,cpg,8.58,7,0,0,0,3.2,1,12.82,1.24,0.04,0.09,2024-11-22 09:00:00,9,4,11
167940,46.0,M,UK,Manchester,mobile,basic,2748,sports,88.9,R,5159,native,in_feed,travel,15.33,4,0,0,0,77.2,4,16.39,0.66,0.03,0.07,2024-03-08 12:00:00,12,4,3
325703,39.0,Other,IN,Hyderabad,mobile,basic,6018,documentary,24.7,G,5851,banner,in_feed,travel,3.22,7,0,0,0,10.3,4,11.51,1.75,0.03,0.08,2024-04-15 10:00:00,10,0,4
433228,38.0,M,DE,Unknown,tablet,basic,3261,sports,22.3,PG-13,5514,audio,mid_roll,healthcare,5.2,6,0,0,0,15.1,2,0.52,0.9,0.0,0.0,2024-07-24 04:00:00,4,2,7
926151,51.0,M,UK,Manchester,mobile,basic,1490,comedy,24.7,PG,5019,native,in_feed,travel,11.57,2,0,0,0,23.8,0,12.56,1.88,0.01,0.03,2024-07-10 13:00:00,13,2,7
785523,60.0,F,DE,Berlin,tablet,free,1417,sports,12.8,PG,5486,interstitial,sidebar,gaming,5.83,1,0,0,0,14.4,6,14.37,1.43,0.01,0.01,2025-05-28 21:00:00,21,2,5
725417,13.0,M,IN,Hyderabad,mobile,premium,7988,documentary,40.1,PG-13,5155,audio,in_feed,finance,8.16,3,0,0,0,19.6,2,5.29,0.95,0.01,0.02,2025-05-30 12:00:00,12,4,5
118899,37.0,Unknown,IN,Hyderabad,tablet,family,2146,comedy,38.0,PG-13,5145,native,pre_roll,finance,5.36,9,0,0,0,29.4,2,10.49,1.27,0.04,0.09,2025-06-05 05:00:00,5,3,6
662051,19.0,F,US,Austin,mobile,basic,8424,gaming,20.9,G,5447,interstitial,post_roll,gaming,5.65,9,0,0,0,17.6,2,9.16,0.79,0.03,0.08,2025-02-08 07:00:00,7,5,2
169244,31.0,F,US,New York,mobile,free,2675,drama,44.9,PG-13,5823,video,sidebar,finance,8.95,3,1,0,1,24.7,4,10.41,2.43,1.47,0.4,2024-12-26 08:00:00,8,3,12
682524,44.0,F,DE,Berlin,desktop,free,1620,documentary,45.8,PG-13,5676,video,post_roll,healthcare,5.4,3,0,0,0,35.8,5,13.63,1.65,0.02,0.04,2025-02-14 12:00:00,12,4,2
465241,43.0,F,CA,Vancouver,mobile,free,3839,sports,24.9,PG,5668,native,post_roll,gaming,1.94,11,0,0,0,18.3,3,4.27,1.26,0.02,0.05,2024-10-06 16:00:00,16,6,10
471892,20.0,Other,CA,Toronto,mobile,family,7228,drama,52.0,R,5841,video,post_roll,cpg,10.67,2,0,0,0,34.3,3,16.89,1.44,0.01,0.03,2025-02-25 21:00:00,21,1,2
434664,20.0,M,US,Austin,mobile,family,2591,comedy,45.1,R,5109,native,mid_roll,tech,9.41,6,0,0,0,28.2,4,8.52,1.74,0.02,0.05,2025-05-03 23:00:00,23,5,5
808825,52.0,F,CA,Toronto,mobile,free,7525,sports,52.3,R,5219,audio,post_roll,gaming,5.82,6,0,0,0,38.5,4,16.24,0.87,0.04,0.1,2025-04-16 23:00:00,23,2,4
127742,56.0,F,BR,Sao Paulo,desktop,basic,7375,sports,28.8,PG-13,5896,audio,in_feed,tech,7.55,9,1,0,1,15.8,3,11.82,1.59,1.0,0.34,2025-01-26 11:00:00,11,6,1
771240,33.0,M,US,Chicago,mobile,premium,2457,documentary,35.4,PG-13,5433,banner,sidebar,tech,4.2,4,0,0,0,0.5,0,10.92,1.36,0.02,0.04,2024-04-01 09:00:00,9,0,4
360486,16.0,M,IN,Mumbai,mobile,premium,2281,drama,44.1,PG,5994,banner,pre_roll,cpg,2.37,2,0,0,0,33.7,2,4.4,1.56,0.0,0.01,2025-03-27 11:00:00,11,3,3
492650,62.0,F,BR,Rio de Janeiro,tablet,premium,2163,documentary,31.9,PG,5465,video,pre_roll,auto,4.64,4,0,0,0,27.5,2,7.65,0.95,0.01,0.03,2024-09-14 23:00:00,23,5,9
704869,64.0,Other,US,New York,tablet,premium,4797,drama,54.1,PG-13,5767,video,pre_roll,cpg,6.86,5,0,0,0,31.8,2,14.8,0.92,0.03,0.07,2025-04-06 13:00:00,13,6,4
232063,25.0,M,US,Seattle,smart_tv,free,4828,comedy,78.0,PG-13,5269,video,in_feed,retail,2.09,10,0,0,0,46.6,1,11.32,1.63,0.05,0.11,2024-12-17 08:00:00,8,1,12
241754,39.0,Unknown,US,Seattle,smart_tv,free,7285,kids,39.2,G,5530,native,in_feed,auto,4.28,7,2,0,1,12.0,3,14.5,1.14,1.41,0.44,2025-06-19 20:00:00,20,3,6
187705,59.0,M,US,Chicago,mobile,premium,7086,comedy,52.2,G,5532,native,in_feed,gaming,9.44,9,2,1,1,27.5,4,8.66,1.41,28.38,0.5,2024-08-30 18:00:00,18,4,8
301306,66.0,M,UK,Manchester,smart_tv,basic,3762,music,60.3,R,5546,banner,in_feed,cpg,8.52,2,0,0,0,55.2,4,7.99,1.4,0.01,0.02,2025-07-16 22:00:00,22,2,7
815424,41.0,M,AU,Melbourne,desktop,basic,2497,kids,42.1,PG-13,5414,native,in_feed,gaming,8.08,2,0,0,0,28.1,2,8.1,0.96,0.01,0.02,2025-05-31 00:00:00,0,5,5
215975,44.0,F,IN,Bengaluru,mobile,basic,7868,kids,25.9,PG-13,5103,video,in_feed,cpg,4.99,9,0,0,0,14.8,2,9.54,1.17,0.03,0.09,2024-08-26 19:00:00,19,0,8
732507,39.0,F,AU,Melbourne,desktop,basic,7917,drama,29.0,R,5516,native,post_roll,auto,1.91,8,0,0,0,21.2,5,9.81,1.34,0.03,0.08,2024-11-16 14:00:00,14,5,11
564186,16.0,F,BR,Rio de Janeiro,desktop,free,7886,sports,25.0,G,5146,native,sidebar,gaming,5.37,3,1,1,1,15.1,4,7.94,0.94,32.5,0.16,2024-12-12 22:00:00,22,3,12
504842,20.0,M,IN,Mumbai,tablet,free,7168,gaming,31.5,R,5132,audio,post_roll,travel,6.76,7,1,0,1,14.0,3,8.68,0.83,0.52,0.19,2025-04-20 01:00:00,1,6,4
833054,37.0,M,BR,Rio de Janeiro,mobile,premium,7410,comedy,51.2,R,5887,interstitial,sidebar,cpg,2.03,4,0,0,0,26.0,4,12.62,0.58,0.02,0.05,2025-03-08 03:00:00,3,5,3
222490,41.0,M,US,New York,desktop,free,8158,music,37.3,PG,5084,banner,sidebar,retail,6.89,6,1,1,1,19.8,4,11.04,1.01,25.48,0.22,2025-06-04 02:00:00,2,2,6
140338,74.0,M,US,Seattle,desktop,family,1372,gaming,61.1,PG,5705,banner,sidebar,retail,6.47,8,0,0,0,55.1,1,7.62,1.57,0.02,0.06,2024-09-16 17:00:00,17,0,9
796050,53.0,F,US,Austin,desktop,premium,1680,gaming,34.8,R,5649,video,post_roll,healthcare,3.64,11,1,0,1,24.8,4,12.79,1.03,0.67,0.3,2024-11-28 14:00:00,14,3,11
216867,68.0,M,IN,Hyderabad,mobile,family,3117,comedy,35.0,PG,5228,video,mid_roll,finance,5.14,1,0,0,0,7.5,2,12.71,0.73,0.01,0.01,2024-10-19 16:00:00,16,5,10
423230,21.0,F,US,Seattle,console,free,6406,kids,23.0,PG-13,5095,audio,in_feed,cpg,8.17,6,0,0,0,6.3,3,11.53,1.32,0.03,0.07,2025-07-05 03:00:00,3,5,7
732195,72.0,M,US,Austin,smart_tv,free,7494,kids,45.6,PG-13,5130,banner,mid_roll,cpg,2.96,11,0,0,0,34.9,7,4.39,1.65,0.02,0.05,2024-08-12 16:00:00,16,0,8
799044,17.0,F,US,Chicago,desktop,free,3200,gaming,41.7,PG,5612,interstitial,in_feed,travel,5.23,1,1,0,1,25.7,1,7.59,0.97,0.59,0.15,2025-01-12 01:00:00,1,6,1
724221,73.0,F,CA,Vancouver,mobile,premium,2581,documentary,2.0,PG-13,5916,interstitial,pre_roll,tech,2.7,1,0,0,0,7.1,1,15.13,0.99,0.01,0.02,2024-05-04 21:00:00,21,5,5
729308,25.0,F,BR,Sao Paulo,mobile,basic,3861,drama,23.1,PG,5764,video,post_roll,retail,4.24,1,0,0,0,14.7,3,10.53,0.78,0.0,0.01,2025-06-03 03:00:00,3,1,6
441180,17.0,F,FR,Lyon,desktop,free,7245,drama,50.7,G,5748,video,sidebar,healthcare,3.73,4,1,0,1,2.9,3,5.81,1.04,0.63,0.18,2024-09-24 11:00:00,11,1,9
937054,58.0,M,UK,Manchester,smart_tv,free,7014,gaming,51.4,R,5374,audio,pre_roll,cpg,10.47,10,0,0,0,47.7,6,12.36,1.26,0.05,0.12,2024-08-31 22:00:00,22,5,8
306472,74.0,F,UK,Manchester,desktop,free,4699,sports,36.8,PG-13,5560,native,sidebar,finance,4.52,9,0,0,0,37.0,3,7.63,0.55,0.03,0.07,2025-01-09 18:00:00,18,3,1
161064,24.0,F,FR,Lyon,desktop,basic,4834,comedy,39.4,PG,5075,audio,post_roll,auto,5.34,6,0,0,0,11.7,0,9.16,0.85,0.02,0.05,2024-11-25 08:00:00,8,0,11
863196,63.0,F,US,Chicago,console,free,8322,music,54.6,PG,5025,banner,sidebar,tech,3.92,5,0,0,0,43.2,8,8.09,0.78,0.02,0.04,2025-06-01 21:00:00,21,6,6
679045,63.0,M,US,Austin,mobile,premium,7699,kids,35.5,PG-13,5039,banner,post_roll,retail,4.82,9,0,0,0,35.1,5,14.53,1.01,0.05,0.13,2024-12-12 23:00:00,23,3,12
572840,25.0,Unknown,US,Austin,console,free,3773,documentary,33.1,R,5850,native,in_feed,healthcare,8.79,10,0,0,0,12.1,2,10.06,1.17,0.04,0.1,2024-12-05 04:00:00,4,3,12
813292,62.0,M,CA,Vancouver,mobile,basic,8998,music,6.8,PG,5848,video,post_roll,travel,4.13,6,0,0,0,0.5,2,10.99,2.13,0.03,0.07,2024-04-26 16:00:00,16,4,4
756217,53.0,F,US,New York,mobile,free,5717,news,33.2,PG,5287,banner,pre_roll,tech,6.72,1,0,0,0,25.5,4,8.6,1.88,0.0,0.01,2024-03-12 20:00:00,20,1,3
362327,25.0,F,US,Austin,mobile,basic,6931,documentary,67.5,PG,5096,native,sidebar,gaming,10.99,6,1,0,1,30.3,1,9.45,1.07,0.66,0.22,2024-10-02 05:00:00,5,2,10
127634,68.0,F,UK,Manchester,desktop,basic,8019,sports,19.6,R,5152,interstitial,post_roll,finance,5.77,2,0,0,0,0.5,1,15.68,0.63,0.01,0.03,2025-08-22 00:00:00,0,4,8
763233,34.0,F,CA,Unknown,smart_tv,free,5170,music,25.5,PG-13,5928,audio,sidebar,gaming,1.62,2,0,0,0,14.2,2,11.91,0.85,0.01,0.02,2025-07-09 08:00:00,8,2,7
744080,35.0,F,AU,Melbourne,desktop,premium,3987,news,66.6,PG,5669,interstitial,mid_roll,healthcare,9.73,3,0,0,0,42.5,3,10.49,1.14,0.01,0.03,2025-02-03 15:00:00,15,0,2
367991,56.0,F,MX,Mexico City,mobile,family,4194,sports,24.4,PG-13,5487,audio,in_feed,travel,4.63,11,0,0,0,12.6,3,12.43,0.96,0.05,0.14,2025-02-04 15:00:00,15,1,2
400641,28.0,M,US,Seattle,desktop,family,5020,kids,54.6,PG,5826,native,post_roll,retail,5.13,1,0,0,0,28.5,2,8.27,1.64,0.0,0.01,2024-09-28 09:00:00,9,5,9
671457,33.0,F,US,Chicago,mobile,premium,6637,gaming,52.8,PG-13,5907,native,pre_roll,retail,2.71,1,0,0,0,35.0,5,7.92,0.69,0.0,0.01,2024-06-04 20:00:00,20,1,6
156852,49.0,F,BR,Rio de Janeiro,tablet,family,4823,drama,51.8,PG,5967,banner,post_roll,travel,10.09,11,2,0,1,33.6,3,13.71,1.42,1.76,0.58,2024-03-05 14:00:00,14,1,3
712476,56.0,F,IN,Hyderabad,mobile,premium,9099,comedy,37.1,PG,5984,video,post_roll,retail,3.45,8,0,0,0,24.4,7,9.96,0.9,0.03,0.08,2024-08-30 23:00:00,23,4,8
250442,56.0,Unknown,CA,Toronto,desktop,basic,7043,drama,42.7,R,5619,banner,mid_roll,healthcare,9.47,9,0,0,0,34.9,3,8.86,1.22,0.03,0.08,2024-08-18 21:00:00,21,6,8
905579,56.0,F,IN,Mumbai,mobile,basic,4075,sports,49.8,PG-13,5512,audio,sidebar,retail,5.1,4,0,0,0,46.8,9,7.76,1.27,0.01,0.03,2024-06-12 11:00:00,11,2,6
230476,72.0,M,US,Seattle,tablet,free,8113,news,43.1,G,5576,audio,post_roll,finance,8.36,5,0,0,0,26.6,1,7.85,1.96,0.02,0.04,2024-07-18 22:00:00,22,3,7
955811,37.0,F,US,Austin,desktop,free,3385,sports,40.6,PG,5526,interstitial,post_roll,travel,1.93,5,0,0,0,26.5,6,8.48,1.48,0.02,0.04,2024-03-14 09:00:00,9,3,3
502268,22.0,F,AU,Sydney,mobile,basic,4369,music,45.2,PG,5455,video,pre_roll,travel,4.92,5,0,0,0,28.8,4,12.55,1.0,0.03,0.06,2025-01-23 07:00:00,7,3,1
997143,44.0,M,UK,Manchester,tablet,free,9828,comedy,35.9,PG-13,5312,banner,in_feed,auto,8.65,10,0,0,0,14.8,2,8.67,1.02,0.03,0.09,2025-07-14 19:00:00,19,0,7
806587,28.0,M,JP,Tokyo,mobile,family,4661,documentary,28.1,PG-13,5911,audio,mid_roll,finance,6.97,1,0,0,0,20.4,4,10.85,1.93,0.0,0.01,2025-03-09 00:00:00,0,6,3
724469,23.0,F,US,Chicago,smart_tv,basic,7912,music,26.2,R,5621,native,in_feed,finance,5.9,3,0,0,0,19.9,2,12.2,1.64,0.01,0.04,2024-10-29 00:00:00,0,1,10
272196,61.0,F,BR,Rio de Janeiro,desktop,basic,5054,comedy,27.1,PG,5792,native,pre_roll,tech,4.67,10,1,0,1,22.9,5,6.66,1.33,0.82,0.27,2024-10-13 22:00:00,22,6,10
621035,49.0,M,US,Austin,tablet,free,6883,gaming,61.1,G,5307,banner,sidebar,travel,1.92,11,0,0,0,29.1,2,5.69,1.36,0.03,0.06,2024-08-14 01:00:00,1,2,8
286796,28.0,M,IN,Bengaluru,mobile,free,6229,kids,37.7,PG-13,5915,banner,sidebar,finance,4.17,7,0,0,0,4.4,4,9.47,0.96,0.03,0.07,2024-05-16 21:00:00,21,3,5
714549,24.0,Other,US,Chicago,mobile,free,8928,documentary,45.9,PG-13,5141,audio,pre_roll,gaming,1.8,7,0,0,0,15.1,1,7.76,0.65,0.7367688596344932,0.05,2025-01-18 04:00:00,4,5,1
435419,20.0,Other,IN,Mumbai,mobile,free,1196,kids,21.7,G,5440,interstitial,in_feed,retail,7.97,5,0,0,0,19.9,8,10.43,1.31,0.02,0.05,2024-12-31 22:00:00,22,1,12
772554,37.0,Other,US,Austin,mobile,free,4368,comedy,6.3,PG,5484,audio,in_feed,gaming,6.61,8,1,0,1,5.9,5,11.95,1.55,0.97,0.33,2024-03-04 22:00:00,22,0,3
379363,74.0,M,AU,Melbourne,desktop,free,3314,documentary,40.4,R,5245,audio,post_roll,retail,1.89,4,0,0,0,11.8,2,13.79,1.76,0.02,0.06,2024-10-11 09:00:00,9,4,10
834171,24.0,M,BR,Sao Paulo,mobile,premium,3621,documentary,4.5,PG,5254,audio,in_feed,retail,6.85,2,0,0,0,1.2,2,11.62,1.09,0.01,0.02,2024-07-29 03:00:00,3,0,7
539131,67.0,F,IN,Hyderabad,mobile,basic,2157,drama,53.4,R,5652,native,in_feed,healthcare,4.63,4,0,0,0,42.8,7,11.38,2.17,0.02,0.05,2024-05-31 22:00:00,22,4,5
361835,37.0,M,US,Austin,mobile,family,9938,documentary,2.0,PG,5070,banner,pre_roll,cpg,5.34,6,0,0,0,22.1,2,12.06,0.82,0.03,0.07,2025-03-15 15:00:00,15,5,3
991615,55.0,F,US,Austin,console,free,7122,kids,27.0,PG,5439,interstitial,pre_roll,cpg,1.98,5,1,0,1,9.9,5,7.3,0.66,0.41,0.14,2024-12-09 22:00:00,22,0,12
737982,51.0,M,US,Chicago,mobile,basic,1875,news,49.8,PG,5323,interstitial,pre_roll,auto,1.81,4,0,0,0,22.5,4,12.45,0.49,0.02,0.05,2025-02-06 05:00:00,5,3,2
298969,25.0,F,AU,Melbourne,mobile,basic,5945,music,26.3,PG-13,5681,banner,sidebar,gaming,11.1,7,1,0,1,4.9,0,11.18,1.51,0.94,0.3,2025-03-21 06:00:00,6,4,3
272842,71.0,F,CA,Vancouver,mobile,basic,2194,sports,51.4,R,5279,video,sidebar,auto,4.92,3,0,0,0,24.8,2,5.65,0.93,0.01,0.02,2025-08-13 04:00:00,4,2,8
837261,68.0,F,US,New York,mobile,free,2417,kids,38.7,R,5683,video,mid_roll,tech,9.12,11,0,0,0,19.3,5,9.88,0.68,0.04,0.11,2025-05-08 11:00:00,11,3,5
192751,20.0,F,AU,Sydney,mobile,premium,9698,drama,38.3,PG,5073,video,sidebar,travel,5.38,7,0,0,0,22.1,4,11.53,0.92,0.03,0.08,2025-01-29 23:00:00,23,2,1
203502,64.0,M,AU,Sydney,mobile,free,7158,drama,55.3,PG,5334,audio,sidebar,tech,3.92,8,1,0,1,38.3,4,7.95,0.05,0.06,0.07,2025-06-18 16:00:00,16,2,6
813882,50.0,M,IN,Hyderabad,mobile,premium,6903,kids,24.8,R,5498,banner,in_feed,cpg,5.62,8,0,0,0,14.3,8,11.8,1.08,0.04,0.09,2024-11-13 20:00:00,20,2,11
219816,44.0,M,IN,Hyderabad,mobile,free,9697,kids,15.5,PG,5790,banner,pre_roll,retail,5.63,7,1,0,1,2.6,4,12.3,0.96,0.61,0.23,2025-08-14 18:00:00,18,3,8
622180,30.0,F,BR,Rio de Janeiro,tablet,basic,9612,documentary,51.7,G,5677,interstitial,mid_roll,finance,5.7,8,1,0,1,36.6,2,6.89,0.73,0.46,0.16,2025-04-16 04:00:00,4,2,4
913214,55.0,M,US,New York,console,basic,9121,drama,51.5,PG,5338,native,in_feed,gaming,6.58,10,0,0,0,23.1,3,10.59,1.23,0.04,0.11,2025-02-15 11:00:00,11,5,2
528380,30.0,F,AU,Melbourne,desktop,free,4708,news,2.5,G,5934,interstitial,pre_roll,retail,4.2,11,0,0,0,0.5,4,5.41,1.71,0.02,0.06,2025-07-01 19:00:00,19,1,7
973667,24.0,F,AU,Melbourne,tablet,free,9763,music,37.8,PG-13,5782,audio,pre_roll,gaming,4.74,1,0,0,0,31.2,6,8.95,1.46,0.0,0.01,2024-12-04 03:00:00,3,2,12
458410,51.0,M,DE,Berlin,console,basic,8985,drama,2.0,PG-13,5283,native,pre_roll,finance,4.89,1,0,0,0,16.3,0,12.17,1.33,0.0,0.01,2025-03-25 04:00:00,4,1,3
767921,23.0,F,FR,Lyon,desktop,free,1379,comedy,16.3,G,5232,audio,in_feed,tech,6.15,3,0,0,0,5.9,3,9.19,1.76,0.01,0.03,2024-08-01 18:00:00,18,3,8
330082,46.0,M,US,Seattle,desktop,premium,2356,news,49.9,PG-13,5752,native,mid_roll,auto,5.23,8,1,0,1,11.1,4,10.03,1.55,0.96,0.31,2025-08-03 03:00:00,3,6,8
430273,74.0,M,US,Seattle,mobile,family,8812,kids,45.1,PG,5530,native,in_feed,gaming,10.26,1,0,0,0,25.1,4,14.05,1.8,0.01,0.01,2025-01-31 14:00:00,14,4,1
627575,50.0,M,CA,Vancouver,mobile,basic,8264,music,39.3,PG-13,5443,interstitial,sidebar,retail,4.1,1,0,0,0,19.6,2,7.88,0.23,0.0,0.01,2025-04-27 06:00:00,6,6,4
430711,14.0,M,CA,Vancouver,desktop,basic,4505,comedy,52.7,PG,5892,interstitial,post_roll,retail,4.79,8,0,0,0,48.1,4,13.5,1.42,0.04,0.11,2024-11-04 19:00:00,19,0,11
176663,53.0,F,US,Seattle,desktop,free,9736,kids,64.0,PG-13,5718,video,post_roll,healthcare,7.05,6,0,0,0,44.9,4,12.13,1.36,0.03,0.07,2025-06-12 01:00:00,1,3,6
424409,24.0,F,US,Chicago,mobile,free,6838,news,39.6,PG,5576,video,pre_roll,auto,8.27,3,0,0,0,4.6,1,12.74,1.44,0.02,0.04,2024-04-10 01:00:00,1,2,4
727031,16.0,M,FR,Unknown,desktop,premium,3978,sports,45.6,PG,5929,native,mid_roll,healthcare,4.33,10,1,0,1,31.4,4,9.59,1.04,0.66,0.25,2024-05-01 14:00:00,14,2,5
516319,52.0,F,UK,London,smart_tv,premium,7572,gaming,34.9,G,5106,interstitial,post_roll,finance,8.83,9,0,0,0,36.5,9,13.25,1.28,0.05,0.12,2024-11-29 20:00:00,20,4,11
538832,67.0,F,IN,Bengaluru,mobile,free,5105,sports,28.8,PG-13,5585,banner,sidebar,gaming,5.77,6,0,0,0,9.8,7,11.37,0.52,0.03,0.07,2025-03-31 12:00:00,12,0,3
262042,50.0,F,JP,Osaka,tablet,family,5433,news,22.1,PG-13,5162,video,pre_roll,travel,7.32,1,0,0,0,6.1,3,10.11,1.55,0.0,0.01,2025-05-11 23:00:00,23,6,5
667505,47.0,F,US,Austin,mobile,basic,6785,news,23.7,PG-13,5806,video,sidebar,auto,5.47,7,0,0,0,8.4,5,8.27,1.68,0.02,0.06,2024-10-24 15:00:00,15,3,10
529533,36.0,M,IN,Hyderabad,mobile,basic,8878,comedy,48.5,R,5118,audio,in_feed,cpg,2.62,1,0,0,0,18.7,2,10.74,0.75,0.0,0.01,2025-02-14 19:00:00,19,4,2
128431,29.0,F,JP,Osaka,desktop,free,3807,documentary,32.2,PG-13,5334,audio,in_feed,finance,6.24,8,1,1,1,39.8,5,14.05,0.95,34.13005000000005,0.25,2024-12-24 16:00:00,16,1,12
696628,42.0,M,US,Seattle,mobile,free,7475,kids,43.2,PG,5400,interstitial,mid_roll,travel,9.26,8,1,1,1,22.7,4,9.18,1.55,29.18,0.31,2025-08-02 05:00:00,5,5,8
436894,37.0,M,AU,Unknown,mobile,premium,5434,drama,14.0,PG,5791,video,in_feed,travel,4.02,1,0,0,0,0.5,3,9.86,0.65,0.0,0.01,2025-02-17 05:00:00,5,0,2
185750,34.0,F,US,Chicago,mobile,free,3775,gaming,59.7,PG-13,5711,audio,in_feed,retail,3.22,9,1,0,1,27.4,3,11.1,1.2,0.76,0.28,2024-10-12 02:00:00,2,5,10
459680,64.0,M,FR,Paris,mobile,free,4008,documentary,49.7,PG-13,5301,video,sidebar,cpg,9.79,4,0,0,0,23.4,5,6.19,1.96,0.01,0.02,2025-08-06 16:00:00,16,2,8
558482,15.0,M,IN,Mumbai,console,free,7399,documentary,44.4,PG-13,5991,native,post_roll,cpg,4.66,4,0,0,0,25.8,8,13.5,1.42,0.02,0.05,2024-04-27 21:00:00,21,5,4
620020,73.0,F,AU,Melbourne,smart_tv,family,9312,documentary,7.3,G,5509,native,sidebar,retail,10.13,3,0,0,0,0.5,3,11.06,1.03,0.01,0.03,2025-08-14 16:00:00,16,3,8
608287,34.0,F,US,Chicago,mobile,basic,5147,drama,26.9,PG,5974,native,in_feed,healthcare,1.39,2,0,0,0,15.3,3,2.43,0.23,0.0,0.0,2024-05-23 04:00:00,4,3,5
911687,47.0,Unknown,IN,Hyderabad,desktop,basic,3276,kids,28.7,PG,5739,video,mid_roll,healthcare,6.56,5,0,0,0,6.9,3,12.13,0.97,0.02,0.06,2024-08-03 15:00:00,15,5,8
535397,40.0,F,UK,Manchester,desktop,free,9360,drama,29.0,PG-13,5645,video,mid_roll,auto,3.61,10,10,0,1,20.0,3,13.07,1.44,0.92,0.35,2025-05-18 14:00:00,14,6,5
745051,54.0,F,MX,Guadalajara,smart_tv,basic,3633,music,27.6,PG,5723,native,post_roll,tech,4.59,1,0,0,0,12.5,2,8.47,0.99,0.0,0.01,2025-04-01 05:00:00,5,1,4
717053,31.0,F,MX,Mexico City,smart_tv,basic,4837,kids,17.2,PG-13,5580,interstitial,pre_roll,travel,9.71,5,0,0,0,18.5,5,15.43,0.95,0.03,0.08,2025-08-06 23:00:00,23,2,8
825492,61.0,M,MX,Mexico City,desktop,premium,1947,kids,12.7,G,5924,banner,in_feed,cpg,6.31,3,0,0,0,0.5,1,15.41,0.57,0.02,0.05,2025-04-09 23:00:00,23,2,4
904737,61.0,M,CA,Toronto,desktop,premium,5790,gaming,6.0,R,5852,native,mid_roll,tech,5.44,11,1,1,1,2.0,2,14.68,1.58,21.7,0.4,2025-02-07 23:00:00,23,4,2
782855,70.0,M,US,Austin,desktop,free,5745,documentary,37.7,PG-13,5116,audio,in_feed,gaming,8.82,11,0,0,0,32.8,2,8.51,1.4,0.04,0.09,2024-09-04 02:00:00,2,2,9
986751,70.0,F,US,Chicago,desktop,basic,3954,music,40.4,PG,5037,interstitial,mid_roll,healthcare,5.66,9,0,0,0,25.2,1,13.17,0.56,0.05,0.12,2024-03-03 13:00:00,13,6,3
276047,44.0,M,CA,Vancouver,mobile,premium,5197,kids,47.2,PG,5336,native,sidebar,gaming,3.92,3,1,0,1,23.3,3,9.11,1.29,0.78,0.22,2024-05-06 21:00:00,21,0,5
762446,26.0,M,UK,Manchester,mobile,free,1825,news,4.5,PG,5291,native,post_roll,travel,5.02,3,0,0,0,0.5,7,12.1,1.7,0.01,0.04,2024-08-08 19:00:00,19,3,8
562136,20.0,F,BR,Rio de Janeiro,smart_tv,basic,5804,gaming,47.2,PG,5171,native,pre_roll,tech,5.95,10,1,1,1,36.6,4,14.86,1.49,34.13005000000005,0.37,2024-03-23 02:00:00,2,5,3
371358,68.0,M,AU,Sydney,mobile,free,9535,drama,54.3,PG,5818,audio,pre_roll,cpg,8.26,11,1,0,1,37.3,5,11.99,1.9,1.19,0.42,2024-11-30 10:00:00,10,5,11
761507,65.0,F,US,Austin,mobile,premium,7403,comedy,70.6,G,5181,interstitial,post_roll,finance,5.52,6,1,0,1,54.0,5,9.36,0.84,0.53,0.18,2025-04-24 18:00:00,18,3,4
978222,36.0,F,FR,Lyon,desktop,free,9933,comedy,24.8,PG,5164,banner,in_feed,auto,2.92,6,1,0,1,1.7,3,8.53,0.94,0.58,0.19,2025-08-03 03:00:00,3,6,8
582246,66.0,M,MX,Mexico City,mobile,premium,2471,kids,50.5,R,5464,banner,in_feed,travel,7.34,2,0,0,0,22.8,1,13.13,1.93,0.01,0.03,2024-11-20 10:00:00,10,2,11
795157,39.0,F,UK,Manchester,mobile,free,5420,drama,31.5,G,5140,video,pre_roll,cpg,7.0,9,0,0,0,9.6,0,4.73,1.2,0.02,0.04,2025-06-16 12:00:00,12,0,6
954493,72.0,M,AU,Melbourne,smart_tv,basic,9035,music,37.1,R,5496,interstitial,pre_roll,tech,6.9,3,0,0,0,28.5,2,7.2,1.98,0.01,0.02,2025-08-15 04:00:00,4,4,8
122541,14.0,M,FR,Lyon,mobile,family,9351,drama,70.5,PG-13,5800,native,in_feed,retail,6.42,9,1,0,1,62.7,2,6.31,1.18,0.73,0.23,2025-06-08 07:00:00,7,6,6
566282,30.0,M,MX,Guadalajara,desktop,free,9282,music,79.9,R,5607,interstitial,in_feed,auto,4.4,6,0,0,0,72.7,3,5.63,2.1,0.01,0.03,2024-11-07 02:00:00,2,3,11
990397,18.0,M,IN,Bengaluru,mobile,family,3529,drama,37.3,R,5903,banner,in_feed,retail,5.71,9,1,0,1,29.1,7,11.39,1.39,0.88,0.31,2024-08-23 15:00:00,15,4,8
593060,41.0,M,IN,Hyderabad,desktop,free,4756,kids,36.5,PG,5924,banner,mid_roll,gaming,8.68,10,0,0,0,22.1,0,15.24,0.81,0.06,0.15,2025-08-11 01:00:00,1,0,8
239543,15.0,F,IN,Bengaluru,desktop,free,7643,kids,41.1,PG,5630,banner,pre_roll,auto,2.05,6,1,0,1,17.0,7,16.95,1.51,0.95,0.33,2024-07-09 15:00:00,15,1,7
207859,60.0,F,BR,Sao Paulo,desktop,free,2736,documentary,22.1,PG-13,5731,banner,mid_roll,auto,1.99,4,0,0,0,14.4,1,7.71,0.7,0.01,0.03,2024-10-09 06:00:00,6,2,10
374812,40.0,F,IN,Mumbai,desktop,premium,5698,kids,32.6,PG-13,5194,banner,pre_roll,finance,3.53,2,0,0,0,16.0,3,8.76,1.19,0.01,0.02,2024-04-09 23:00:00,23,1,4
171207,20.0,M,IN,Bengaluru,mobile,free,8841,drama,36.0,G,5462,banner,in_feed,gaming,11.29,5,0,0,0,11.2,4,9.06,1.48,0.02,0.05,2025-05-03 14:00:00,14,5,5
247444,15.0,F,IN,Bengaluru,mobile,free,3908,documentary,30.8,R,5205,audio,post_roll,gaming,6.3,5,0,0,0,0.5,4,3.29,0.8,0.01,0.02,2025-02-14 21:00:00,21,4,2
152973,32.0,F,US,New York,mobile,family,3399,kids,25.6,PG,5546,banner,mid_roll,travel,7.51,3,0,0,0,2.8,7,11.91,1.62,0.01,0.04,2024-04-15 19:00:00,19,0,4
457916,23.0,M,DE,Berlin,mobile,free,3896,documentary,38.6,PG-13,5683,video,post_roll,travel,3.09,6,0,0,0,40.6,4,7.21,0.86,0.02,0.04,2024-06-28 20:00:00,20,4,6
234680,69.0,F,FR,Paris,mobile,premium,8148,kids,20.4,PG,5050,audio,mid_roll,healthcare,5.37,1,0,0,0,10.8,5,12.8,0.61,0.01,0.01,2024-12-25 22:00:00,22,2,12
248333,36.0,M,CA,Vancouver,mobile,free,2853,comedy,49.1,G,5349,banner,post_roll,finance,2.68,2,0,0,0,39.3,6,13.91,1.24,0.01,0.03,2024-12-17 19:00:00,19,1,12
704711,74.0,M,US,Seattle,mobile,basic,4150,gaming,56.6,PG,5581,audio,pre_roll,healthcare,9.0,2,0,0,0,45.1,5,13.4,0.82,0.01,0.03,2025-05-08 02:00:00,2,3,5
202665,68.0,F,US,Chicago,desktop,basic,9946,kids,42.4,R,5878,video,post_roll,cpg,3.73,11,2,0,1,4.3,2,15.04,1.86,2.3,0.72,2024-07-22 16:00:00,16,0,7
260284,59.0,F,IN,Mumbai,mobile,premium,9860,sports,22.2,R,5249,video,post_roll,cpg,6.28,1,0,0,0,14.8,7,10.54,1.36,0.0,0.01,2025-07-13 08:00:00,8,6,7
525895,39.0,M,JP,Tokyo,mobile,free,5449,news,31.8,R,5223,native,mid_roll,finance,8.85,11,0,0,0,22.1,1,9.25,1.04,0.04,0.1,2024-10-27 00:00:00,0,6,10
197242,71.0,M,BR,Rio de Janeiro,mobile,free,5852,kids,33.9,PG-13,5785,video,mid_roll,travel,6.51,1,0,0,0,6.7,3,11.63,1.7,0.0,0.01,2025-05-19 04:00:00,4,0,5
114909,39.0,M,UK,London,mobile,basic,4291,documentary,63.6,PG-13,5400,video,in_feed,healthcare,14.75,7,0,0,0,55.5,5,8.55,0.99,0.02,0.06,2024-07-07 17:00:00,17,6,7
651514,62.0,F,IN,Mumbai,mobile,basic,7738,gaming,17.3,PG,5261,interstitial,sidebar,finance,7.0,10,0,0,0,26.9,2,7.05,1.64,0.03,0.07,2024-03-20 23:00:00,23,2,3
800060,45.0,M,AU,Melbourne,desktop,free,4613,documentary,50.1,PG-13,5862,banner,pre_roll,tech,5.72,1,0,0,0,35.8,2,8.98,0.81,0.0,0.01,2024-03-30 17:00:00,17,5,3
872510,55.0,F,US,Seattle,mobile,premium,8910,sports,30.6,G,5782,banner,post_roll,healthcare,5.46,8,0,0,0,4.5,3,7.81,1.61,0.02,0.06,2024-09-18 06:00:00,6,2,9
110105,38.0,M,FR,Paris,mobile,family,7819,kids,42.5,PG-13,5506,interstitial,in_feed,retail,10.62,6,1,0,1,20.9,4,12.16,1.8,1.11,0.34,2025-07-28 16:00:00,16,0,7
129713,57.0,F,IN,Mumbai,mobile,premium,9834,sports,2.0,R,5817,banner,sidebar,tech,3.37,4,0,0,0,0.5,1,14.96,1.32,0.02,0.06,2024-03-27 07:00:00,7,2,3
165980,44.0,M,US,Austin,desktop,premium,5416,gaming,75.3,PG,5835,interstitial,post_roll,retail,4.24,2,0,0,0,41.3,3,12.69,2.1,0.01,0.03,2024-09-16 05:00:00,5,0,9
555530,26.0,M,US,Austin,mobile,basic,1557,comedy,57.4,PG,5964,audio,pre_roll,retail,7.44,4,0,0,0,50.0,2,14.16,1.52,0.02,0.06,2024-04-29 00:00:00,0,0,4
793040,40.0,M,IN,Hyderabad,desktop,basic,3483,documentary,88.0,G,5254,native,in_feed,finance,5.98,3,1,0,1,48.6,4,7.89,1.04,0.63,0.18,2025-07-17 01:00:00,1,3,7
272524,69.0,M,IN,Bengaluru,tablet,basic,9291,news,25.1,R,5995,banner,pre_roll,finance,3.97,3,0,0,0,18.6,2,12.46,1.57,0.01,0.04,2025-02-28 15:00:00,15,4,2
893759,15.0,F,FR,Paris,mobile,premium,9052,news,70.0,PG,5012,audio,mid_roll,healthcare,11.96,9,0,0,0,31.1,6,7.51,1.59,0.03,0.07,2025-04-16 20:00:00,20,2,4
922959,32.0,M,UK,Manchester,desktop,basic,8910,comedy,38.3,PG-13,5856,banner,mid_roll,cpg,2.95,3,0,0,0,31.0,1,9.82,1.33,0.01,0.03,2025-03-21 03:00:00,3,4,3
852778,60.0,F,CA,Vancouver,smart_tv,family,5793,comedy,31.5,G,5716,banner,mid_roll,auto,5.07,11,0,0,0,38.4,4,13.49,0.84,0.06,0.15,2025-02-18 19:00:00,19,1,2
476659,65.0,Unknown,US,New York,tablet,basic,5264,drama,21.1,PG,5494,banner,in_feed,healthcare,6.67,3,1,0,1,11.5,4,11.45,1.22,0.75,0.22,2025-04-22 19:00:00,19,1,4
379874,60.0,M,US,New York,tablet,free,4502,sports,48.9,PG-13,5393,interstitial,in_feed,auto,7.61,6,1,1,1,17.7,2,4.05,1.07,20.09,0.18,2024-03-05 09:00:00,9,1,3
682521,56.0,F,UK,Manchester,mobile,free,6982,drama,14.2,G,5954,banner,mid_roll,travel,4.17,11,1,0,1,0.5,1,9.42,1.16,0.74,0.28,2025-06-11 08:00:00,8,2,6
932742,45.0,M,DE,Munich,desktop,basic,9134,comedy,18.4,R,5079,native,sidebar,travel,11.23,11,0,0,0,0.5,0,13.25,1.28,0.06,0.15,2025-04-04 12:00:00,12,4,4
491261,19.0,M,FR,Lyon,smart_tv,free,4621,music,54.1,PG,5646,interstitial,in_feed,retail,9.06,4,0,0,0,36.5,4,11.46,1.3,0.02,0.05,2025-04-04 07:00:00,7,4,4
538229,31.0,M,US,Austin,desktop,free,6797,comedy,30.4,G,5373,audio,sidebar,travel,5.75,6,0,0,0,19.5,1,11.77,1.14,0.03,0.07,2024-09-29 10:00:00,10,6,9
836037,59.0,M,AU,Sydney,desktop,free,2706,comedy,55.9,PG-13,5497,native,post_roll,cpg,4.65,8,1,0,1,20.6,9,9.15,1.09,0.68,0.24,2025-05-07 11:00:00,11,2,5
898264,57.0,M,US,New York,mobile,free,2994,gaming,73.5,R,5858,audio,in_feed,healthcare,8.07,11,1,0,1,59.3,3,8.66,0.77,0.5,0.21,2024-09-23 04:00:00,4,0,9
543422,51.0,M,BR,Sao Paulo,mobile,premium,8239,gaming,39.8,PG,5684,audio,mid_roll,auto,1.98,8,0,0,0,29.6,4,10.97,0.87,0.04,0.09,2024-03-27 10:00:00,10,2,3
971921,17.0,M,AU,Melbourne,mobile,basic,1106,news,36.4,PG-13,5969,video,sidebar,cpg,4.3,8,0,0,0,31.3,3,13.37,1.06,0.04,0.11,2025-07-04 05:00:00,5,4,7
951302,43.0,M,JP,Osaka,tablet,premium,5617,comedy,14.0,PG,5607,banner,mid_roll,travel,2.42,5,0,0,0,9.1,1,6.92,1.15,0.01,0.03,2024-07-05 15:00:00,15,4,7
657248,54.0,M,JP,Tokyo,desktop,free,8476,gaming,18.0,R,5881,banner,pre_roll,finance,5.03,11,0,0,0,1.6,8,9.53,1.12,0.04,0.1,2024-04-25 00:00:00,0,3,4
423040,63.0,M,UK,London,desktop,premium,2964,kids,2.0,R,5485,banner,in_feed,healthcare,2.21,9,0,0,0,12.4,2,12.65,0.67,0.05,0.11,2025-01-30 19:00:00,19,3,1
900797,18.0,M,BR,Rio de Janeiro,tablet,basic,7031,documentary,11.5,PG-13,5443,native,post_roll,healthcare,7.29,10,0,0,0,0.5,2,12.7,1.55,0.05,0.13,2024-07-05 04:00:00,4,4,7
749319,47.0,M,US,Seattle,mobile,family,3185,documentary,55.2,PG-13,5434,interstitial,in_feed,travel,4.64,1,0,0,0,17.5,2,12.87,0.67,0.01,0.01,2025-06-07 09:00:00,9,5,6
415390,58.0,F,BR,Sao Paulo,mobile,free,5266,documentary,19.3,G,5133,audio,post_roll,travel,11.21,4,0,0,0,23.3,3,11.52,1.59,0.02,0.05,2024-10-26 15:00:00,15,5,10
179758,69.0,F,IN,Bengaluru,mobile,basic,7433,comedy,47.6,PG,5326,interstitial,pre_roll,retail,2.26,3,0,0,0,45.6,2,14.89,0.71,0.02,0.04,2024-03-03 10:00:00,10,6,3
648788,36.0,M,JP,Tokyo,desktop,free,3741,documentary,7.4,PG-13,5390,native,mid_roll,finance,5.26,1,0,0,0,5.3,3,5.28,0.71,0.0,0.01,2025-07-27 22:00:00,22,6,7
245868,45.0,F,MX,Mexico City,mobile,free,2710,sports,21.3,R,5176,video,post_roll,cpg,6.42,6,1,0,1,18.2,7,10.85,1.63,1.0,0.31,2024-12-03 21:00:00,21,1,12
392885,53.0,F,US,New York,smart_tv,free,6125,sports,59.7,PG-13,5026,audio,mid_roll,healthcare,4.58,7,0,0,0,20.7,1,5.02,1.42,0.01,0.04,2024-07-21 00:00:00,0,6,7
576652,34.0,F,FR,Lyon,mobile,free,8547,music,36.5,G,5541,audio,sidebar,gaming,3.33,2,0,0,0,38.8,4,4.74,0.88,0.0,0.01,2025-03-01 17:00:00,17,5,3
859413,25.0,M,FR,Lyon,desktop,premium,7555,comedy,36.6,PG,5420,banner,sidebar,auto,2.9,8,0,0,0,23.1,1,7.84,0.55,0.03,0.06,2024-12-12 12:00:00,12,3,12
333383,14.0,M,UK,London,tablet,basic,6420,gaming,32.6,PG-13,5717,video,sidebar,cpg,11.84,9,0,0,0,22.9,5,9.42,1.32,0.03,0.08,2024-03-16 23:00:00,23,5,3
820975,41.0,F,CA,Toronto,desktop,free,8845,music,28.3,PG,5662,banner,mid_roll,gaming,2.7,8,0,0,0,16.5,5,8.05,0.71,0.03,0.06,2025-04-15 05:00:00,5,1,4
153062,43.0,F,MX,Mexico City,mobile,basic,2190,gaming,77.3,PG-13,5145,interstitial,mid_roll,retail,2.27,5,1,0,1,51.4,1,7.36,1.21,0.74,0.22,2024-10-03 17:00:00,17,3,10
711771,48.0,Unknown,JP,Tokyo,mobile,basic,9687,documentary,20.4,R,5228,native,mid_roll,auto,9.8,9,2,0,1,6.7,6,11.93,1.33,1.64,0.51,2025-03-13 21:00:00,21,3,3
322919,54.0,M,US,Seattle,smart_tv,basic,6913,kids,42.0,R,5558,banner,sidebar,retail,2.74,2,0,0,0,10.8,3,7.81,1.14,0.01,0.02,2025-06-27 15:00:00,15,4,6
681551,70.0,M,MX,Mexico City,mobile,premium,9888,music,41.7,G,5135,video,mid_roll,cpg,4.78,6,0,0,0,39.6,4,10.9,1.58,0.03,0.07,2025-01-24 17:00:00,17,4,1
343797,43.0,F,CA,Vancouver,console,basic,4580,music,3.0,PG,5297,interstitial,mid_roll,tech,19.87,6,1,0,1,10.0,2,13.23,1.57,0.97,0.31,2025-02-26 16:00:00,16,2,2
513681,36.0,F,DE,Munich,desktop,basic,9077,comedy,21.2,R,5742,interstitial,post_roll,travel,6.24,10,0,0,0,32.5,2,6.04,0.75,0.02,0.06,2024-07-16 12:00:00,12,1,7
660836,69.0,F,US,Seattle,tablet,free,3376,documentary,19.5,PG-13,5150,audio,in_feed,travel,2.71,1,0,0,0,16.7,1,11.7,1.72,0.0,0.01,2024-07-07 08:00:00,8,6,7
161227,68.0,F,BR,Sao Paulo,mobile,free,6291,sports,8.7,G,5255,audio,post_roll,tech,1.75,8,0,0,0,0.9,4,8.94,0.18,0.03,0.07,2024-10-11 02:00:00,2,4,10
249560,55.0,F,IN,Mumbai,mobile,free,1156,music,42.0,R,5156,native,sidebar,retail,7.34,1,0,0,0,17.0,1,9.2,1.17,0.0,0.01,2025-06-04 12:00:00,12,2,6
881403,29.0,F,UK,Manchester,desktop,family,9788,sports,3.1,G,5619,video,pre_roll,healthcare,8.58,1,0,0,0,11.6,2,6.5,1.63,0.0,0.01,2024-12-09 01:00:00,1,0,12
935518,25.0,F,US,New York,mobile,free,3204,documentary,10.8,PG-13,5595,banner,post_roll,finance,5.33,5,0,0,0,7.3,4,10.59,1.24,0.02,0.05,2024-09-04 22:00:00,22,2,9
577271,56.0,F,JP,Osaka,mobile,basic,5842,news,26.5,R,5983,interstitial,in_feed,healthcare,5.83,4,1,0,1,20.6,3,12.05,0.67,0.42,0.15,2025-04-25 23:00:00,23,4,4
358286,26.0,F,CA,Toronto,smart_tv,free,9271,comedy,63.0,R,5720,banner,pre_roll,gaming,5.54,6,0,0,0,29.1,4,3.94,1.66,0.01,0.02,2025-06-04 19:00:00,19,2,6
349527,21.0,M,CA,Vancouver,smart_tv,premium,6214,comedy,20.6,G,5283,native,mid_roll,finance,3.76,6,0,0,0,8.0,1,13.01,1.49,0.03,0.08,2025-07-01 08:00:00,8,1,7
967238,30.0,F,IN,Hyderabad,mobile,free,5164,sports,26.6,R,5026,audio,sidebar,tech,6.66,3,3,0,0,16.6,2,10.5,0.63,0.01,0.03,2024-08-09 10:00:00,10,4,8
779481,16.0,M,US,Chicago,desktop,basic,8519,comedy,56.7,G,5508,video,in_feed,retail,3.7,1,0,0,0,33.8,2,9.88,0.94,0.0,0.01,2025-03-19 04:00:00,4,2,3
481182,36.0,M,CA,Toronto,desktop,family,2504,news,2.0,PG-13,5326,native,pre_roll,travel,3.54,4,0,0,0,0.5,6,7.96,1.61,0.01,0.03,2025-01-13 18:00:00,18,0,1
510509,59.0,F,UK,London,mobile,family,2438,documentary,40.9,PG-13,5600,video,pre_roll,healthcare,5.42,6,0,0,0,6.0,3,8.83,1.12,0.02,0.05,2024-10-29 10:00:00,10,1,10
759011,34.0,M,DE,Berlin,tablet,basic,4898,comedy,57.7,PG-13,5989,video,pre_roll,healthcare,5.23,11,0,0,0,43.5,8,15.06,1.23,0.07,0.17,2024-10-01 08:00:00,8,1,10
494941,66.0,M,US,Seattle,mobile,family,5400,news,27.5,PG,5355,native,pre_roll,retail,7.23,4,0,0,0,18.2,4,6.91,1.61,0.01,0.03,2024-05-01 20:00:00,20,2,5
710450,31.0,F,UK,Manchester,mobile,free,4703,news,43.2,PG,5927,banner,pre_roll,auto,3.45,8,1,0,1,8.7,1,12.08,1.15,0.73,0.27,2024-07-27 09:00:00,9,5,7
791319,23.0,F,CA,Toronto,desktop,basic,2878,sports,49.6,PG,5696,banner,in_feed,cpg,2.67,6,0,0,0,47.0,5,8.33,1.37,0.02,0.05,2024-12-22 19:00:00,19,6,12
352947,47.0,F,MX,Guadalajara,mobile,premium,6338,kids,31.0,R,5983,audio,pre_roll,cpg,5.53,6,0,0,0,25.7,6,15.78,1.44,0.04,0.09,2025-06-22 17:00:00,17,6,6
776437,43.0,F,IN,Hyderabad,mobile,premium,8049,comedy,46.7,G,5172,native,pre_roll,finance,6.5,9,3,0,1,38.4,4,5.47,1.57,2.85,0.76,2025-06-11 19:00:00,19,2,6
499223,36.0,M,AU,Melbourne,smart_tv,free,6565,music,9.4,PG,5334,interstitial,post_roll,tech,12.69,4,0,0,0,5.9,2,7.27,1.71,0.01,0.03,2024-06-10 07:00:00,7,0,6
980779,20.0,M,US,Seattle,mobile,free,7291,documentary,38.8,PG-13,5690,audio,mid_roll,retail,3.86,7,0,0,0,42.5,6,5.91,1.55,0.02,0.04,2025-03-02 20:00:00,20,6,3
306358,73.0,Other,US,New York,mobile,free,9872,news,36.5,PG-13,5701,video,in_feed,retail,4.09,1,0,0,0,37.0,2,12.2,1.65,0.0,0.01,2024-04-15 19:00:00,19,0,4
459822,68.0,M,AU,Melbourne,mobile,free,4228,sports,39.3,R,5343,audio,pre_roll,cpg,8.98,6,0,0,0,30.8,5,8.73,1.26,0.02,0.05,2025-02-28 12:00:00,12,4,2
896110,41.0,F,UK,Manchester,smart_tv,free,3369,gaming,2.0,PG,5978,native,in_feed,retail,10.67,11,0,0,0,0.5,0,11.78,1.66,0.05,0.13,2024-09-01 15:00:00,15,6,9
605662,28.0,M,FR,Lyon,mobile,free,9878,kids,2.0,PG,5164,native,post_roll,travel,1.98,6,0,0,0,0.5,2,11.03,0.56,0.03,0.07,2024-10-29 22:00:00,22,1,10
897693,23.0,M,DE,Munich,desktop,free,2808,drama,35.3,PG,5039,audio,sidebar,cpg,3.4,2,0,0,0,15.1,3,6.92,1.05,0.01,0.01,2025-03-23 12:00:00,12,6,3
200733,21.0,Unknown,AU,Melbourne,desktop,family,1704,gaming,42.4,PG-13,5563,interstitial,sidebar,tech,6.94,5,0,0,0,41.7,8,5.75,1.29,0.01,0.03,2024-10-16 10:00:00,10,2,10
423805,55.0,Other,US,Austin,mobile,free,7752,gaming,52.6,R,5408,video,pre_roll,retail,8.75,5,0,0,0,50.4,5,11.1,1.55,0.02,0.06,2025-05-11 00:00:00,0,6,5
927753,22.0,M,BR,Rio de Janeiro,mobile,premium,1306,kids,42.4,G,5665,video,sidebar,finance,3.67,9,1,0,1,42.2,4,9.6,1.66,1.03,0.34,2024-12-14 03:00:00,3,5,12
467808,48.0,F,CA,Toronto,mobile,free,7617,gaming,46.5,PG,5546,banner,post_roll,travel,4.17,5,0,0,0,23.9,1,8.94,1.7,0.02,0.04,2025-08-22 07:00:00,7,4,8
370359,27.0,M,IN,Mumbai,tablet,free,9477,documentary,2.0,PG,5409,banner,mid_roll,auto,9.11,7,0,0,0,0.5,2,14.0,0.48,0.04,0.1,2025-02-08 15:00:00,15,5,2
372472,13.0,Unknown,MX,Unknown,desktop,free,8940,music,52.7,R,5991,video,sidebar,retail,5.39,4,0,0,0,32.2,5,12.82,0.9,0.02,0.05,2024-08-08 00:00:00,0,3,8
919809,33.0,M,JP,Tokyo,tablet,free,2405,music,18.9,PG-13,5808,audio,in_feed,healthcare,2.17,11,0,0,0,7.6,3,3.1,1.67,0.01,0.03,2025-04-23 15:00:00,15,2,4
369113,47.0,F,IN,Bengaluru,desktop,premium,7402,comedy,17.3,R,5347,interstitial,pre_roll,finance,6.98,4,0,0,0,12.9,1,12.92,1.83,0.02,0.05,2024-10-07 06:00:00,6,0,10
206929,32.0,M,UK,London,tablet,basic,2342,news,25.6,R,5110,native,post_roll,healthcare,4.21,5,0,0,0,18.0,2,8.64,1.36,0.02,0.04,2024-12-14 10:00:00,10,5,12
178743,44.0,M,IN,Bengaluru,desktop,free,3609,drama,18.1,G,5010,audio,sidebar,auto,4.93,9,0,0,0,12.0,5,10.75,1.41,0.04,0.1,2024-05-13 21:00:00,21,0,5
977138,16.0,F,UK,London,mobile,free,8249,documentary,16.8,PG-13,5946,native,mid_roll,retail,6.45,1,0,0,0,6.6,1,10.72,1.6,0.0,0.01,2024-05-04 10:00:00,10,5,5
675883,34.0,M,UK,London,mobile,free,9692,music,34.4,PG-13,5834,video,pre_roll,healthcare,4.46,7,0,0,0,30.2,2,8.7,0.66,0.02,0.06,2025-01-05 10:00:00,10,6,1
955528,20.0,F,FR,Paris,mobile,premium,2780,drama,21.0,PG-13,5606,banner,mid_roll,cpg,2.37,9,1,1,1,0.5,5,12.77,0.9,23.92,0.25,2024-06-09 19:00:00,19,6,6
791289,69.0,M,IN,Mumbai,smart_tv,premium,5510,documentary,16.9,G,5905,interstitial,mid_roll,retail,4.2,1,0,0,0,7.3,5,10.65,1.58,0.0,0.01,2025-08-21 16:00:00,16,3,8
525248,32.0,F,CA,Toronto,desktop,family,1180,sports,2.0,PG,5827,native,in_feed,tech,12.68,1,0,0,0,0.5,6,12.7,1.38,0.01,0.01,2025-06-06 01:00:00,1,4,6
406676,44.0,M,CA,Vancouver,smart_tv,basic,5286,documentary,31.9,R,5959,native,sidebar,gaming,4.7,6,0,0,0,5.9,3,8.24,0.05,0.02,0.05,2025-03-14 11:00:00,11,4,3
302499,68.0,F,FR,Lyon,desktop,basic,3625,kids,57.2,G,5231,interstitial,sidebar,retail,2.52,2,0,0,0,38.2,1,8.84,0.99,0.01,0.02,2025-04-01 17:00:00,17,1,4
551596,35.0,F,MX,Guadalajara,mobile,premium,6299,kids,15.1,PG-13,5277,native,in_feed,travel,5.37,8,0,0,0,23.0,1,9.53,1.49,0.03,0.08,2025-01-16 09:00:00,9,3,1
149815,63.0,M,IN,Hyderabad,mobile,free,7799,gaming,2.0,PG-13,5687,native,pre_roll,healthcare,4.0,5,1,0,1,3.0,2,9.82,0.88,0.55,0.18,2024-04-02 13:00:00,13,1,4
119789,50.0,F,CA,Toronto,mobile,premium,4738,documentary,41.9,G,5166,video,mid_roll,gaming,5.14,7,0,0,0,53.7,4,8.34,1.44,0.02,0.06,2024-09-28 21:00:00,21,5,9
854797,53.0,F,US,Seattle,desktop,free,6281,gaming,45.7,G,5214,native,post_roll,auto,10.21,6,0,0,0,63.8,5,16.14,1.2,0.04,0.1,2024-11-23 17:00:00,17,5,11
666974,36.0,F,IN,Mumbai,tablet,basic,8667,sports,45.3,PG-13,5488,audio,mid_roll,retail,1.96,11,1,0,1,20.6,3,8.85,0.97,0.62,0.24,2025-07-08 06:00:00,6,1,7
748755,43.0,F,BR,Sao Paulo,desktop,free,1214,music,41.9,R,5777,native,pre_roll,healthcare,4.95,6,0,0,0,20.6,0,8.72,1.66,0.02,0.05,2024-06-27 12:00:00,12,3,6
392476,38.0,F,US,Seattle,mobile,basic,6567,sports,2.0,R,5766,interstitial,post_roll,retail,3.94,9,0,0,0,17.9,3,8.28,1.06,0.03,0.07,2024-11-24 08:00:00,8,6,11
612612,23.0,M,US,Austin,mobile,free,8981,sports,9.8,R,5710,video,pre_roll,healthcare,9.89,4,0,0,0,7.5,1,11.07,1.08,0.02,0.04,2024-09-02 19:00:00,19,0,9
232995,69.0,M,DE,Munich,desktop,premium,6464,sports,32.6,PG,5194,banner,in_feed,healthcare,1.61,4,0,0,0,25.6,2,10.24,0.74,0.02,0.04,2024-05-12 13:00:00,13,6,5
555089,46.0,F,IN,Bengaluru,mobile,free,6595,sports,13.0,R,5586,native,pre_roll,travel,4.59,4,0,0,0,6.0,2,8.59,1.15,0.01,0.03,2024-04-25 15:00:00,15,3,4
110014,36.0,M,UK,Manchester,mobile,basic,6923,gaming,71.3,R,5669,interstitial,sidebar,auto,9.06,3,0,0,0,48.3,1,10.44,1.15,0.01,0.03,2024-09-14 07:00:00,7,5,9
580743,54.0,F,AU,Melbourne,mobile,premium,9140,gaming,52.6,PG,5369,native,sidebar,gaming,2.63,2,0,0,0,29.2,1,9.31,1.12,0.01,0.02,2024-04-14 12:00:00,12,6,4
484239,55.0,F,US,Chicago,smart_tv,basic,7037,drama,37.1,PG-13,5794,native,in_feed,retail,3.42,2,0,0,0,30.0,5,8.11,1.25,0.01,0.02,2024-04-06 06:00:00,6,5,4
433767,38.0,F,BR,Rio de Janeiro,mobile,family,2460,drama,7.5,R,5238,interstitial,mid_roll,healthcare,2.87,11,1,0,1,6.0,1,11.96,1.29,0.83,0.33,2024-09-06 11:00:00,11,4,9
702808,20.0,M,AU,Sydney,mobile,free,4557,sports,17.1,PG-13,5717,video,sidebar,cpg,5.14,7,0,0,0,13.0,4,12.83,0.73,0.04,0.09,2024-06-18 01:00:00,1,1,6
644316,54.0,M,UK,Manchester,tablet,premium,3539,kids,33.1,PG,5146,banner,mid_roll,tech,8.93,10,1,0,1,14.8,6,10.71,0.87,0.56,0.24,2024-12-25 14:00:00,14,2,12
315989,24.0,M,FR,Lyon,mobile,free,1959,drama,8.8,PG-13,5484,video,pre_roll,auto,4.01,11,1,0,1,5.7,3,14.58,1.23,0.8,0.34,2024-03-10 12:00:00,12,6,3
106756,17.0,M,UK,Manchester,mobile,premium,7762,documentary,24.9,R,5243,native,post_roll,travel,7.44,11,0,0,0,22.8,3,6.07,1.18,0.03,0.07,2024-08-10 23:00:00,23,5,8
251130,62.0,Other,UK,Manchester,desktop,basic,6821,news,34.3,PG-13,5263,banner,in_feed,gaming,12.67,3,0,0,0,38.9,4,11.46,2.12,0.01,0.03,2024-10-31 18:00:00,18,3,10
888295,40.0,M,BR,Sao Paulo,desktop,basic,6493,sports,57.9,PG-13,5375,banner,in_feed,gaming,7.22,10,0,0,0,20.6,6,8.31,1.13,0.03,0.08,2025-08-03 02:00:00,2,6,8
651696,48.0,M,US,Seattle,desktop,basic,3990,gaming,52.3,PG,5234,banner,in_feed,travel,6.29,2,1,0,1,17.8,1,13.94,0.71,0.44,0.13,2025-02-06 15:00:00,15,3,2
701406,39.0,F,US,New York,mobile,basic,5464,sports,14.2,PG-13,5537,interstitial,mid_roll,cpg,3.06,7,0,0,0,7.2,3,14.27,1.82,0.04,0.1,2025-06-19 14:00:00,14,3,6
634172,32.0,F,BR,Rio de Janeiro,mobile,free,4290,drama,34.4,PG-13,5260,interstitial,mid_roll,cpg,6.24,3,1,0,1,36.4,2,12.14,1.22,0.75,0.22,2024-09-02 09:00:00,9,0,9
836356,44.0,M,US,Seattle,desktop,basic,1505,documentary,64.3,PG-13,5704,interstitial,in_feed,healthcare,6.84,8,1,0,1,42.0,4,14.26,1.07,0.69,0.27,2024-10-29 20:00:00,20,1,10
374468,40.0,F,US,Chicago,mobile,premium,3553,documentary,4.9,PG,5774,audio,post_roll,travel,7.67,8,1,0,1,0.5,0,15.74,0.79,0.52,0.24,2024-10-14 00:00:00,0,0,10
493941,66.0,M,US,New York,mobile,premium,4864,gaming,60.6,PG-13,5684,audio,post_roll,healthcare,4.9,1,0,0,0,19.1,5,12.12,1.01,0.0,0.01,2025-06-23 04:00:00,4,0,6
865621,54.0,M,IN,Mumbai,mobile,premium,5980,news,34.3,G,5929,interstitial,sidebar,retail,2.52,1,0,0,0,26.9,2,10.03,1.22,0.0,0.01,2025-07-31 23:00:00,23,3,7
206045,53.0,M,JP,Tokyo,mobile,family,2809,music,15.7,PG,5365,banner,mid_roll,cpg,6.15,1,0,0,0,7.4,3,5.87,1.31,0.0,0.01,2025-08-02 15:00:00,15,5,8
637338,59.0,M,FR,Paris,smart_tv,premium,8782,sports,30.3,PG-13,5312,interstitial,in_feed,healthcare,4.57,5,0,0,0,11.2,2,12.26,0.41,0.02,0.06,2025-04-11 01:00:00,1,4,4
849873,20.0,F,DE,Berlin,tablet,free,7101,music,45.7,G,5321,interstitial,pre_roll,finance,5.86,1,0,0,0,46.8,5,10.58,0.71,0.0,0.01,2024-11-27 16:00:00,16,2,11
833744,44.0,F,UK,Manchester,tablet,premium,5460,kids,76.9,R,5371,native,in_feed,gaming,5.73,4,0,0,0,49.2,4,11.85,1.59,0.02,0.05,2024-12-18 01:00:00,1,2,12
420464,30.0,Other,JP,Osaka,mobile,premium,2375,kids,22.0,R,5557,audio,in_feed,gaming,5.13,8,0,0,0,0.5,4,11.83,1.81,0.04,0.09,2025-08-12 11:00:00,11,1,8
931442,40.0,F,US,Chicago,mobile,premium,6145,sports,64.5,PG,5111,native,post_roll,healthcare,6.84,4,0,0,0,43.3,5,7.35,1.51,0.01,0.03,2024-08-01 15:00:00,15,3,8
339207,38.0,M,FR,Paris,desktop,premium,6094,sports,41.1,PG,5937,native,pre_roll,healthcare,5.76,2,1,0,1,8.8,4,7.29,1.12,0.68,0.18,2024-09-04 05:00:00,5,2,9
707617,56.0,F,UK,London,desktop,premium,9553,gaming,53.4,PG,5776,banner,in_feed,finance,10.79,1,1,0,1,28.5,5,15.05,1.79,1.08,0.28,2025-06-28 09:00:00,9,5,6
281473,61.0,Other,IN,Mumbai,desktop,free,6918,documentary,10.7,PG,5896,banner,post_roll,travel,5.23,8,1,0,1,7.9,3,8.95,1.16,0.72,0.25,2024-09-25 14:00:00,14,2,9
363058,15.0,M,BR,Rio de Janeiro,desktop,free,9258,gaming,18.1,PG,5570,audio,sidebar,gaming,7.6,5,1,0,1,6.7,1,13.16,1.15,0.72,0.24,2024-07-05 22:00:00,22,4,7
567507,73.0,F,US,Austin,desktop,premium,8933,comedy,60.0,PG-13,5600,audio,sidebar,finance,5.64,8,2,0,1,48.7,7,5.22,1.12,1.36,0.38,2024-12-28 15:00:00,15,5,12
709615,40.0,F,US,New York,desktop,premium,2099,drama,42.4,PG-13,5681,audio,post_roll,finance,8.99,5,0,0,0,17.9,4,9.66,1.03,0.02,0.05,2024-08-23 16:00:00,16,4,8
350708,62.0,M,US,Austin,desktop,free,4087,kids,29.6,PG-13,5030,audio,post_roll,auto,10.96,4,0,0,0,2.9,5,16.15,0.78,0.03,0.06,2025-06-25 01:00:00,1,2,6
478917,54.0,F,US,Chicago,mobile,family,1296,sports,34.3,PG-13,5935,interstitial,sidebar,travel,2.08,4,0,0,0,23.5,1,9.94,0.36,0.02,0.04,2025-07-04 21:00:00,21,4,7
443948,26.0,M,DE,Munich,desktop,premium,1047,drama,36.6,R,5226,native,mid_roll,finance,8.02,8,1,0,1,20.0,4,11.37,1.62,1.01,0.33,2024-08-13 05:00:00,5,1,8
263271,43.0,F,UK,Manchester,smart_tv,basic,6889,sports,33.4,PG-13,5963,audio,post_roll,travel,4.63,7,0,0,0,35.7,6,9.09,0.62,0.03,0.06,2024-12-11 22:00:00,22,2,12
620973,51.0,F,US,New York,mobile,free,9368,documentary,36.4,PG-13,5003,interstitial,pre_roll,gaming,6.01,6,0,0,0,14.2,4,9.85,1.06,0.02,0.06,2025-08-14 08:00:00,8,3,8
256891,53.0,M,BR,Rio de Janeiro,mobile,free,6337,kids,50.9,G,5553,native,sidebar,auto,9.13,8,0,0,0,41.9,3,14.55,1.36,0.05,0.12,2025-04-05 20:00:00,20,5,4
558248,56.0,F,US,Chicago,desktop,free,5546,documentary,39.7,R,5906,audio,post_roll,finance,2.26,5,1,0,1,13.7,2,9.1,1.43,0.88,0.26,2024-06-25 10:00:00,10,1,6
238282,62.0,M,US,Chicago,desktop,free,3423,music,45.3,PG,5338,audio,in_feed,finance,3.85,4,1,0,1,24.2,3,15.15,1.06,0.66,0.22,2025-01-14 00:00:00,0,1,1
603668,53.0,F,US,Chicago,desktop,basic,8810,comedy,40.5,PG,5344,banner,in_feed,finance,9.48,11,0,0,0,17.7,4,6.09,2.27,0.03,0.07,2025-01-29 17:00:00,17,2,1
518521,61.0,F,BR,Sao Paulo,mobile,basic,6296,news,36.7,G,5856,native,pre_roll,tech,5.89,7,0,0,0,35.6,2,4.4,1.36,0.01,0.03,2025-02-16 20:00:00,20,6,2
982786,26.0,F,IN,Hyderabad,mobile,premium,2378,drama,73.5,PG-13,5229,banner,pre_roll,finance,12.37,11,0,0,0,45.4,5,14.96,1.27,0.07,0.16,2024-03-14 12:00:00,12,3,3
634983,41.0,M,DE,Berlin,smart_tv,free,9586,sports,33.3,PG-13,5237,native,in_feed,finance,9.37,2,1,0,1,12.5,3,9.25,1.87,1.13,0.3,2024-08-09 16:00:00,16,4,8
655560,64.0,F,IN,Bengaluru,mobile,family,8919,comedy,57.6,PG-13,5283,video,mid_roll,healthcare,2.4,6,0,0,0,31.0,3,8.75,1.13,0.02,0.05,2025-06-05 11:00:00,11,3,6
977092,17.0,M,BR,Rio de Janeiro,console,free,8655,documentary,23.5,PG,5878,video,in_feed,cpg,6.5,11,0,0,0,0.5,3,14.47,1.84,0.06,0.16,2024-07-09 08:00:00,8,1,7
366359,44.0,F,DE,Munich,tablet,free,4001,music,16.8,PG-13,5834,banner,mid_roll,healthcare,7.18,3,0,0,0,10.4,2,13.17,0.93,0.02,0.04,2024-08-09 20:00:00,20,4,8
705924,49.0,F,CA,Toronto,desktop,free,2172,comedy,40.3,PG,5066,interstitial,post_roll,auto,5.0,11,1,0,1,8.3,1,11.13,0.96,0.62,0.27,2024-08-22 03:00:00,3,3,8
344411,23.0,F,IN,Hyderabad,mobile,free,9866,documentary,39.6,PG,5462,banner,in_feed,tech,5.74,11,0,0,0,15.3,1,10.62,1.3,0.05,0.12,2024-06-04 18:00:00,18,1,6
308822,74.0,M,BR,Rio de Janeiro,mobile,free,2273,drama,50.9,PG,5939,banner,mid_roll,cpg,6.85,5,0,0,0,38.3,3,10.04,0.98,0.02,0.05,2024-05-23 22:00:00,22,3,5
144031,32.0,F,UK,Manchester,mobile,free,4153,gaming,17.5,PG-13,5718,native,in_feed,travel,6.55,4,0,0,0,3.6,2,10.23,1.3,0.02,0.04,2024-09-04 09:00:00,9,2,9
851744,72.0,M,AU,Sydney,mobile,free,4546,drama,56.6,PG-13,5451,banner,in_feed,gaming,4.9,8,0,0,0,38.9,5,4.82,0.81,0.02,0.04,2025-06-16 03:00:00,3,0,6
554350,32.0,F,US,Seattle,desktop,family,2401,news,70.4,G,5660,native,post_roll,retail,5.8,11,2,0,1,38.3,4,10.09,1.25,1.54,0.49,2024-03-01 19:00:00,19,4,3
985521,57.0,F,BR,Sao Paulo,mobile,premium,6250,gaming,9.1,R,5367,native,mid_roll,travel,4.16,2,0,0,0,17.3,3,15.25,1.0,0.01,0.03,2024-07-31 22:00:00,22,2,7
174118,17.0,M,JP,Tokyo,smart_tv,premium,7965,gaming,20.7,G,5219,audio,post_roll,travel,2.25,1,0,0,0,7.7,4,12.12,0.64,0.0,0.01,2024-04-02 17:00:00,17,1,4
471631,18.0,F,IN,Mumbai,mobile,free,7454,comedy,43.9,PG-13,5602,interstitial,in_feed,gaming,3.31,8,0,0,0,21.2,2,10.53,0.97,0.03,0.08,2024-12-29 04:00:00,4,6,12
990378,24.0,M,US,Seattle,desktop,premium,6285,news,30.1,R,5302,banner,in_feed,auto,4.77,11,0,0,0,25.1,3,12.62,1.39,0.06,0.14,2024-07-14 07:00:00,7,6,7
892116,70.0,F,CA,Toronto,smart_tv,free,8953,kids,58.7,PG-13,5816,interstitial,sidebar,gaming,3.68,1,0,0,0,28.1,3,6.4,1.06,0.0,0.01,2025-05-02 15:00:00,15,4,5
790572,40.0,F,UK,Manchester,mobile,family,6189,drama,53.9,G,5412,interstitial,pre_roll,healthcare,6.17,3,0,0,0,42.9,4,5.83,1.58,0.01,0.02,2025-01-10 21:00:00,21,4,1
769787,53.0,F,FR,Paris,mobile,premium,2727,documentary,20.4,PG-13,5664,native,mid_roll,auto,4.51,5,0,0,0,15.6,6,11.95,1.38,0.02,0.06,2025-04-28 06:00:00,6,0,4
277976,61.0,M,IN,Hyderabad,desktop,premium,1626,music,40.4,G,5059,video,in_feed,cpg,2.42,9,0,0,0,29.5,7,5.52,1.75,0.02,0.05,2025-02-06 20:00:00,20,3,2
384496,41.0,F,US,Chicago,mobile,premium,3211,documentary,36.1,PG-13,5707,interstitial,post_roll,finance,10.61,9,0,0,0,9.6,3,10.33,1.65,0.04,0.09,2024-10-23 17:00:00,17,2,10
722428,26.0,M,UK,Manchester,desktop,premium,2809,music,29.0,PG-13,5573,video,in_feed,auto,5.13,9,2,0,1,32.4,11,5.23,0.49,0.61,0.19,2025-06-08 22:00:00,22,6,6
106089,59.0,F,US,New York,mobile,premium,1211,sports,22.2,PG,5539,native,in_feed,finance,2.25,11,0,0,0,24.2,2,9.27,1.22,0.04,0.1,2024-11-13 04:00:00,4,2,11
962105,49.0,M,IN,Mumbai,desktop,basic,2592,gaming,31.6,PG,5321,banner,mid_roll,retail,7.95,7,0,0,0,22.4,3,8.48,0.96,0.02,0.06,2025-07-26 23:00:00,23,5,7
728437,13.0,F,IN,Mumbai,desktop,free,8578,sports,31.6,PG-13,5449,audio,in_feed,tech,3.91,3,1,0,1,14.7,2,8.19,1.53,0.93,0.25,2025-08-20 03:00:00,3,2,8
881665,36.0,M,AU,Melbourne,desktop,family,6322,drama,44.8,R,5663,audio,post_roll,travel,2.21,7,0,0,0,22.2,1,12.62,0.68,0.04,0.09,2025-01-13 01:00:00,1,0,1
968803,34.0,M,CA,Toronto,desktop,basic,4200,sports,36.2,G,5997,audio,in_feed,cpg,6.08,4,0,0,0,33.1,6,11.53,1.08,0.02,0.05,2025-02-28 06:00:00,6,4,2
675764,20.0,F,BR,Rio de Janeiro,desktop,family,2822,music,28.0,G,5534,banner,in_feed,healthcare,2.87,1,0,0,0,18.0,5,5.22,1.21,0.0,0.01,2024-07-17 01:00:00,1,2,7
222023,23.0,F,DE,Munich,mobile,free,4461,comedy,74.5,PG-13,5941,video,mid_roll,cpg,4.54,6,0,0,0,76.3,8,10.31,1.07,0.02,0.06,2025-05-14 21:00:00,21,2,5
234674,51.0,F,DE,Munich,desktop,family,4617,music,34.1,PG,5376,audio,post_roll,gaming,4.49,1,0,0,0,24.2,7,10.98,0.79,0.0,0.01,2025-02-26 15:00:00,15,2,2
923622,62.0,F,FR,Paris,mobile,basic,3390,documentary,32.5,G,5615,audio,post_roll,auto,5.99,1,0,0,0,27.1,7,11.12,0.6,0.0,0.01,2025-07-01 09:00:00,9,1,7
515654,70.0,F,CA,Vancouver,desktop,premium,5465,kids,12.6,PG,5670,audio,mid_roll,finance,11.55,10,1,0,1,12.0,2,15.82,0.79,0.54,0.28,2024-07-23 04:00:00,4,1,7
286283,50.0,F,US,Chicago,tablet,basic,3647,sports,4.5,PG-13,5953,native,post_roll,retail,6.99,1,0,0,0,3.7,7,9.97,1.62,0.0,0.01,2025-04-30 07:00:00,7,2,4
220297,32.0,M,UK,Manchester,mobile,basic,2782,sports,22.9,PG-13,5877,audio,mid_roll,finance,3.09,7,0,0,0,16.6,4,14.6,1.03,0.04,0.1,2024-11-09 22:00:00,22,5,11
587365,57.0,M,US,Seattle,tablet,basic,7102,news,2.0,PG-13,5385,video,in_feed,gaming,1.37,7,0,0,0,0.5,4,13.13,0.49,0.04,0.09,2024-06-08 23:00:00,23,5,6
611504,56.0,F,CA,Vancouver,tablet,basic,4803,kids,58.4,PG-13,5563,banner,sidebar,tech,5.64,10,0,0,0,20.6,5,10.44,2.35,0.04,0.1,2024-06-01 10:00:00,10,5,6
597330,44.0,M,IN,Bengaluru,desktop,basic,1368,sports,44.7,PG-13,5940,video,pre_roll,healthcare,7.58,11,1,0,1,29.1,7,10.32,1.41,0.89,0.33,2024-12-29 13:00:00,13,6,12
458060,17.0,M,US,Chicago,mobile,basic,2012,drama,55.4,PG-13,5786,interstitial,mid_roll,travel,5.24,1,0,0,0,27.8,4,15.87,1.49,0.01,0.02,2024-08-20 12:00:00,12,1,8
298710,20.0,F,UK,Manchester,mobile,family,7432,music,20.9,G,5865,native,mid_roll,finance,1.93,11,0,0,0,13.7,2,3.2,0.85,0.01,0.04,2024-04-25 00:00:00,0,3,4
215699,45.0,F,FR,Paris,mobile,free,2231,drama,8.6,PG-13,5326,video,mid_roll,travel,3.64,7,0,0,0,18.1,3,9.69,1.48,0.03,0.07,2024-10-17 15:00:00,15,3,10
121556,22.0,M,CA,Vancouver,mobile,free,6880,documentary,40.8,R,5100,interstitial,post_roll,travel,3.73,2,0,0,0,25.1,6,6.45,0.87,0.01,0.01,2025-02-16 13:00:00,13,6,2
273945,28.0,M,US,New York,mobile,basic,6053,gaming,62.5,R,5425,interstitial,in_feed,healthcare,5.16,1,0,0,0,39.0,3,12.42,1.35,0.0,0.01,2024-08-20 05:00:00,5,1,8
256350,37.0,M,US,Chicago,mobile,free,5740,sports,32.0,G,5120,audio,sidebar,auto,3.94,9,0,0,0,38.4,3,10.1,0.9,0.04,0.09,2025-07-29 21:00:00,21,1,7
249552,63.0,F,UK,London,mobile,free,3304,sports,51.1,G,5515,audio,mid_roll,gaming,4.02,7,1,0,1,47.1,3,9.38,0.96,0.6,0.21,2025-04-25 22:00:00,22,4,4
451458,47.0,F,UK,Manchester,mobile,basic,8251,kids,76.6,R,5875,video,pre_roll,gaming,6.88,2,0,0,0,86.7,4,13.0,1.68,0.01,0.03,2024-12-02 21:00:00,21,0,12
579555,61.0,M,US,Chicago,desktop,basic,2875,sports,12.9,PG-13,5838,video,sidebar,auto,7.16,7,1,0,1,24.7,3,14.35,0.99,0.63,0.25,2025-07-18 17:00:00,17,4,7
270271,20.0,F,BR,Rio de Janeiro,tablet,premium,4926,kids,2.0,PG-13,5126,native,post_roll,gaming,6.48,2,0,0,0,4.1,7,11.06,1.26,0.01,0.02,2024-10-20 19:00:00,19,6,10
598602,58.0,F,IN,Hyderabad,mobile,free,7575,drama,31.6,PG-13,5299,interstitial,post_roll,healthcare,5.05,5,0,0,0,9.5,0,7.69,0.78,0.02,0.04,2024-05-15 10:00:00,10,2,5
703874,13.0,M,JP,Osaka,mobile,free,3133,kids,40.3,PG-13,5080,banner,post_roll,travel,3.86,11,2,0,1,8.1,3,1.12,0.48,0.58,0.16,2024-03-20 08:00:00,8,2,3
466076,40.0,F,IN,Hyderabad,mobile,basic,7130,news,7.3,PG,5997,interstitial,pre_roll,tech,6.22,10,2,0,1,0.5,2,11.45,1.09,1.35,0.44,2025-07-20 12:00:00,12,6,7
539241,39.0,F,AU,Sydney,mobile,basic,1434,news,65.5,PG-13,5633,native,mid_roll,finance,15.29,11,0,0,0,27.7,6,10.85,0.71,0.05,0.12,2025-08-01 06:00:00,6,4,8
631162,52.0,F,DE,Munich,mobile,premium,4461,comedy,54.0,PG-13,5049,native,in_feed,auto,7.75,8,1,0,1,37.0,4,11.43,1.26,0.79,0.28,2025-04-04 04:00:00,4,4,4
418657,38.0,F,FR,Paris,desktop,free,8829,sports,76.8,G,5025,video,in_feed,cpg,2.67,3,0,0,0,42.4,5,5.74,1.3,0.01,0.02,2024-04-25 14:00:00,14,3,4
413060,24.0,M,JP,Osaka,desktop,family,1497,news,24.6,PG-13,5078,video,post_roll,auto,13.47,7,0,0,0,32.5,6,9.95,1.56,0.03,0.07,2024-08-06 13:00:00,13,1,8
309571,62.0,M,AU,Sydney,tablet,basic,6048,comedy,28.0,PG,5724,native,in_feed,tech,6.55,1,0,0,0,7.4,2,17.86,1.47,0.01,0.02,2024-03-23 04:00:00,4,5,3
681685,20.0,F,US,New York,smart_tv,basic,3971,documentary,83.2,PG-13,5045,native,mid_roll,travel,7.04,4,1,0,1,47.2,4,7.02,1.47,0.89,0.25,2024-03-28 16:00:00,16,3,3
696052,16.0,M,BR,Rio de Janeiro,mobile,free,2890,news,36.6,PG-13,5993,audio,in_feed,cpg,11.32,3,0,0,0,38.4,4,10.18,1.12,0.01,0.03,2024-07-11 21:00:00,21,3,7
608239,62.0,M,MX,Guadalajara,desktop,family,7745,news,9.5,PG,5708,interstitial,mid_roll,travel,3.23,3,1,1,1,0.5,1,9.07,1.13,32.53,0.2,2025-01-03 22:00:00,22,4,1
902687,39.0,F,FR,Lyon,desktop,basic,3906,comedy,12.8,PG,5739,interstitial,mid_roll,tech,2.22,1,0,0,0,2.0,3,9.25,1.18,0.0,0.01,2024-04-05 09:00:00,9,4,4
284974,55.0,M,US,New York,desktop,premium,8096,sports,20.9,PG,5002,video,post_roll,gaming,2.15,8,0,0,0,11.3,3,7.36,0.72,0.02,0.06,2025-08-14 16:00:00,16,3,8
685695,44.0,M,UK,Manchester,mobile,free,6940,drama,66.1,PG-13,5110,video,post_roll,cpg,3.68,1,0,0,0,35.3,9,10.25,1.78,0.0,0.01,2024-11-01 18:00:00,18,4,11
338025,42.0,M,US,Chicago,mobile,basic,6736,drama,10.3,PG,5738,native,pre_roll,finance,9.0,1,1,0,1,14.1,2,7.21,1.48,0.89,0.23,2024-07-21 11:00:00,11,6,7
468065,71.0,F,CA,Toronto,mobile,free,1790,gaming,31.8,R,5071,banner,pre_roll,gaming,1.09,1,0,0,0,18.3,6,5.11,0.67,0.0,0.01,2024-12-04 16:00:00,16,2,12
353840,46.0,M,US,Chicago,mobile,family,1185,comedy,16.6,R,5475,video,post_roll,finance,5.35,4,1,0,1,12.8,0,15.22,1.32,0.82,0.26,2025-05-01 16:00:00,16,3,5
125133,22.0,M,IN,Mumbai,desktop,free,6147,news,54.2,PG-13,5949,interstitial,pre_roll,finance,5.08,4,1,0,1,50.9,6,10.72,1.09,0.67,0.21,2024-08-16 18:00:00,18,4,8
556463,43.0,F,IN,Hyderabad,mobile,basic,4065,comedy,19.3,G,5646,native,sidebar,tech,5.18,9,0,0,0,18.1,4,15.01,0.68,0.05,0.14,2024-03-26 15:00:00,15,1,3
811226,72.0,F,JP,Tokyo,mobile,basic,2059,sports,2.0,R,5239,interstitial,sidebar,auto,2.48,4,1,0,1,4.9,1,3.53,1.49,0.9,0.24,2024-03-28 12:00:00,12,3,3
983549,16.0,M,CA,Toronto,mobile,premium,8667,gaming,26.2,R,5890,native,post_roll,healthcare,8.51,4,0,0,0,17.7,5,15.35,0.91,0.02,0.06,2025-06-04 01:00:00,1,2,6
572221,36.0,M,UK,Manchester,mobile,premium,9879,documentary,24.8,G,5923,video,pre_roll,gaming,2.93,7,1,0,1,22.0,4,10.32,0.36,0.24,0.13,2024-04-30 06:00:00,6,1,4
746083,62.0,F,FR,Lyon,mobile,premium,2242,kids,32.4,PG,5326,banner,sidebar,retail,8.86,9,2,0,1,17.2,5,14.2,0.68,0.87,0.33,2025-02-07 04:00:00,4,4,2
158895,19.0,M,FR,Lyon,tablet,free,9113,music,20.0,G,5222,native,in_feed,travel,3.26,7,0,0,0,18.2,8,20.07,0.52,0.06,0.14,2024-09-24 15:00:00,15,1,9
124844,41.0,F,CA,Vancouver,desktop,free,5030,kids,34.3,R,5489,audio,post_roll,travel,1.95,5,0,0,0,23.3,0,10.43,0.66,0.02,0.05,2025-04-24 20:00:00,20,3,4
754560,55.0,M,US,New York,desktop,basic,1025,gaming,31.9,PG,5922,native,sidebar,cpg,4.87,2,0,0,0,26.5,6,12.47,1.33,0.01,0.02,2024-04-02 16:00:00,16,1,4
541857,23.0,F,US,Austin,desktop,family,6262,drama,30.9,PG-13,5849,interstitial,in_feed,cpg,3.69,4,0,0,0,17.9,3,6.73,0.47,0.01,0.03,2025-06-28 19:00:00,19,5,6
307053,32.0,M,DE,Berlin,mobile,free,2289,kids,69.0,R,5284,audio,mid_roll,finance,2.89,2,0,0,0,41.8,4,8.1,1.36,0.01,0.02,2025-03-13 00:00:00,0,3,3
530775,29.0,F,UK,London,mobile,basic,9777,gaming,41.0,PG-13,5036,interstitial,pre_roll,gaming,7.87,11,0,0,0,19.5,2,4.72,0.89,0.02,0.05,2024-10-29 14:00:00,14,1,10
368992,59.0,M,UK,London,mobile,basic,6767,documentary,57.2,PG,5470,audio,post_roll,retail,6.42,6,1,0,1,23.1,3,11.76,0.94,0.59,0.21,2024-06-20 18:00:00,18,3,6
318754,61.0,M,JP,Unknown,desktop,free,6960,gaming,25.9,PG-13,5601,banner,mid_roll,gaming,10.06,11,1,0,1,18.1,7,9.23,1.42,0.89,0.31,2025-08-10 15:00:00,15,6,8
686002,55.0,M,BR,Rio de Janeiro,mobile,basic,8555,kids,29.8,PG-13,5831,interstitial,in_feed,auto,8.79,6,0,0,0,21.6,0,12.96,0.85,0.03,0.08,2024-08-11 02:00:00,2,6,8
699623,13.0,M,US,Chicago,mobile,free,2253,comedy,35.0,PG,5739,native,post_roll,cpg,4.48,1,0,0,0,31.2,9,14.47,1.16,0.01,0.01,2024-11-20 21:00:00,21,2,11
269853,65.0,F,AU,Melbourne,mobile,premium,6093,music,76.1,G,5057,interstitial,sidebar,cpg,3.75,11,0,0,0,63.9,2,9.9,0.26,0.04,0.11,2024-09-29 19:00:00,19,6,9
898982,37.0,F,BR,Sao Paulo,desktop,free,7296,music,35.4,R,5821,native,sidebar,gaming,8.05,9,1,0,1,35.2,4,9.89,0.99,0.63,0.24,2024-07-03 11:00:00,11,2,7
389681,44.0,M,US,Austin,mobile,premium,2190,comedy,13.5,PG,5778,native,sidebar,healthcare,7.45,9,0,0,0,1.9,3,6.91,1.23,0.02,0.06,2024-10-11 23:00:00,23,4,10
666002,21.0,F,MX,Guadalajara,desktop,free,3585,sports,17.8,PG-13,5564,audio,sidebar,cpg,1.77,8,1,0,1,7.6,5,5.92,1.39,0.85,0.26,2024-05-21 19:00:00,19,1,5
727900,46.0,F,CA,Toronto,desktop,basic,5075,sports,62.2,PG,5580,interstitial,sidebar,travel,6.46,1,0,0,0,41.4,3,14.35,1.25,0.01,0.01,2024-03-01 21:00:00,21,4,3
554881,30.0,M,BR,Rio de Janeiro,desktop,basic,8109,gaming,38.8,PG-13,5818,interstitial,pre_roll,finance,7.23,7,0,0,0,9.9,4,9.91,1.11,0.03,0.07,2024-08-04 14:00:00,14,6,8
383720,25.0,F,DE,Munich,mobile,free,2583,drama,33.0,PG,5029,audio,pre_roll,travel,2.87,2,0,0,0,15.2,3,14.42,1.11,0.01,0.03,2024-04-30 12:00:00,12,1,4
934397,58.0,F,IN,Mumbai,mobile,free,8993,documentary,47.6,PG-13,5986,video,pre_roll,retail,5.89,2,0,0,0,40.9,7,6.94,1.24,0.01,0.01,2024-10-10 23:00:00,23,3,10
182537,61.0,F,FR,Paris,mobile,family,5489,news,46.4,R,5915,interstitial,post_roll,cpg,6.59,5,0,0,0,19.1,1,10.61,0.22,0.02,0.05,2025-06-09 21:00:00,21,0,6
419488,50.0,M,IN,Hyderabad,smart_tv,free,7130,sports,38.3,PG,5984,interstitial,mid_roll,cpg,5.07,11,2,1,1,24.7,2,11.1,1.03,17.44,0.43,2024-05-27 18:00:00,18,0,5
190041,56.0,F,US,New York,desktop,free,4503,sports,39.7,PG,5778,audio,post_roll,gaming,5.05,3,0,0,0,22.2,3,9.31,0.98,0.01,0.03,2024-03-01 15:00:00,15,4,3
635250,51.0,F,US,Austin,mobile,family,6228,documentary,38.8,PG-13,5423,interstitial,mid_roll,travel,6.29,7,1,1,1,15.1,4,4.28,0.94,14.14,0.17,2024-04-29 23:00:00,23,0,4
587120,62.0,F,CA,Vancouver,desktop,premium,8963,news,2.0,PG,5258,audio,pre_roll,healthcare,0.95,9,0,0,0,6.9,2,6.82,0.93,0.02,0.06,2024-11-30 09:00:00,9,5,11
510915,69.0,F,US,Austin,mobile,free,3146,sports,17.8,G,5169,interstitial,pre_roll,cpg,3.32,11,1,0,1,0.8,3,11.35,0.95,0.62,0.27,2024-07-27 09:00:00,9,5,7
998556,34.0,F,US,New York,desktop,premium,8171,comedy,14.9,R,5592,audio,sidebar,travel,3.19,3,0,0,0,15.4,1,12.32,1.08,0.01,0.04,2024-11-20 07:00:00,7,2,11
799311,17.0,M,BR,Rio de Janeiro,desktop,basic,5894,kids,46.9,R,5312,interstitial,post_roll,travel,2.81,2,1,1,1,36.1,10,9.19,0.35,28.17,0.07,2024-03-16 19:00:00,19,5,3
570863,22.0,F,US,New York,mobile,basic,9884,kids,20.0,PG,5596,banner,post_roll,tech,2.84,8,0,0,0,12.0,4,5.86,1.42,0.02,0.05,2024-08-27 20:00:00,20,1,8
794509,72.0,M,UK,Manchester,tablet,basic,7898,documentary,38.4,G,5037,interstitial,mid_roll,retail,4.87,10,1,0,1,26.2,1,11.14,1.49,0.94,0.33,2024-10-08 11:00:00,11,1,10
979668,38.0,F,JP,Osaka,mobile,premium,7321,drama,39.6,R,5834,audio,pre_roll,gaming,1.61,4,0,0,0,30.8,6,3.77,0.74,0.01,0.02,2024-10-19 21:00:00,21,5,10
690485,38.0,M,IN,Hyderabad,mobile,free,9747,documentary,51.0,R,5836,audio,pre_roll,tech,9.43,4,0,0,0,58.3,3,5.59,1.52,0.01,0.02,2024-12-23 15:00:00,15,0,12
915899,16.0,F,MX,Mexico City,mobile,free,5743,comedy,50.6,PG-13,5899,interstitial,post_roll,healthcare,8.85,8,0,0,0,30.4,1,8.98,1.44,0.03,0.07,2025-04-26 12:00:00,12,5,4
553741,57.0,M,US,Seattle,desktop,basic,4216,kids,11.0,PG,5045,audio,post_roll,tech,5.65,10,0,0,0,3.7,1,8.61,1.43,0.03,0.09,2024-11-08 07:00:00,7,4,11
889656,48.0,F,AU,Melbourne,mobile,free,4667,kids,19.6,PG,5189,native,pre_roll,cpg,4.29,5,1,1,1,7.2,1,11.71,1.75,20.15,0.32,2025-05-29 06:00:00,6,3,5
373740,13.0,M,US,Seattle,desktop,free,8361,drama,23.3,G,5579,banner,post_roll,auto,10.98,4,0,0,0,16.3,2,15.77,1.05,0.03,0.06,2024-12-12 01:00:00,1,3,12
502461,58.0,Other,DE,Berlin,mobile,basic,7423,sports,36.5,G,5343,video,in_feed,travel,7.01,4,0,0,0,34.3,3,7.46,1.54,0.01,0.03,2024-07-19 14:00:00,14,4,7
757957,67.0,M,CA,Vancouver,mobile,free,6296,drama,26.3,PG,5026,banner,in_feed,travel,5.91,4,1,1,1,12.8,0,10.93,1.54,24.55,0.27,2024-07-02 16:00:00,16,1,7
608711,68.0,F,BR,Rio de Janeiro,tablet,free,8976,gaming,30.5,R,5261,audio,post_roll,cpg,10.02,5,0,0,0,9.8,1,12.12,1.42,0.02,0.06,2024-08-22 03:00:00,3,3,8
416525,62.0,F,DE,Munich,mobile,free,6065,sports,29.5,PG-13,5793,native,in_feed,retail,1.68,5,0,0,0,27.5,5,10.08,0.33,0.02,0.05,2025-01-17 15:00:00,15,4,1
671505,56.0,F,US,Seattle,mobile,basic,6785,documentary,25.2,PG-13,5902,interstitial,post_roll,auto,7.4,3,0,0,0,7.1,6,7.42,1.29,0.01,0.02,2024-07-09 22:00:00,22,1,7
221585,13.0,M,BR,Sao Paulo,tablet,basic,6929,news,5.7,PG-13,5937,banner,in_feed,retail,7.2,4,0,0,0,1.1,3,8.18,1.37,0.01,0.03,2025-07-07 15:00:00,15,0,7
107682,15.0,F,IN,Mumbai,mobile,premium,1306,sports,64.8,PG,5248,audio,post_roll,travel,10.19,8,1,0,1,57.3,6,8.28,2.42,1.48,0.43,2024-11-15 03:00:00,3,4,11
587558,41.0,F,UK,Manchester,desktop,free,4059,documentary,72.2,PG,5431,native,in_feed,travel,11.1,8,1,0,1,45.9,3,12.7,1.29,0.81,0.3,2025-06-10 04:00:00,4,1,6
139337,23.0,F,FR,Lyon,desktop,family,1056,gaming,52.4,PG-13,5568,interstitial,in_feed,gaming,5.71,7,0,0,0,49.0,6,5.56,1.57,0.02,0.04,2025-03-04 23:00:00,23,1,3
118089,54.0,M,MX,Guadalajara,desktop,free,2318,news,3.3,PG-13,5849,interstitial,in_feed,finance,7.68,8,0,0,0,9.5,2,14.89,2.01,0.05,0.12,2024-08-28 00:00:00,0,2,8
963564,43.0,F,UK,Manchester,tablet,free,8912,drama,50.6,PG-13,5384,audio,sidebar,gaming,2.12,7,1,0,1,32.1,2,10.63,1.78,1.1,0.34,2024-07-02 06:00:00,6,1,7
440042,51.0,F,DE,Munich,mobile,basic,5583,kids,33.5,G,5663,video,in_feed,finance,2.48,10,0,0,0,25.0,8,5.58,2.2,0.02,0.06,2025-04-06 17:00:00,17,6,4
495780,44.0,F,JP,Tokyo,mobile,free,4535,music,28.3,G,5688,video,pre_roll,healthcare,3.28,9,0,0,0,32.7,3,13.3,1.44,0.05,0.12,2024-08-26 14:00:00,14,0,8
448122,42.0,F,US,Seattle,mobile,free,2800,sports,26.7,PG,5943,video,in_feed,retail,8.01,7,0,0,0,14.7,3,8.16,1.28,0.02,0.06,2024-07-12 07:00:00,7,4,7
852088,57.0,F,AU,Sydney,mobile,free,3864,music,36.2,PG-13,5654,native,pre_roll,tech,5.06,3,0,0,0,10.1,1,8.17,0.87,0.01,0.02,2025-07-16 09:00:00,9,2,7
474119,41.0,M,US,Seattle,mobile,family,4722,documentary,45.6,R,5083,audio,sidebar,retail,3.48,3,0,0,0,47.5,3,8.19,0.82,0.01,0.02,2024-11-16 14:00:00,14,5,11
210296,48.0,M,US,Chicago,smart_tv,basic,1843,sports,61.6,PG,5861,interstitial,mid_roll,auto,2.56,3,0,0,0,31.3,2,5.76,0.85,0.01,0.02,2024-03-27 05:00:00,5,2,3
786556,38.0,F,MX,Unknown,desktop,basic,7583,comedy,53.3,R,5346,audio,sidebar,retail,6.36,8,1,1,1,59.3,5,8.1,0.12,30.94,0.08,2024-11-23 04:00:00,4,5,11
331929,68.0,F,UK,Manchester,desktop,free,6113,music,44.0,PG-13,5744,native,post_roll,healthcare,3.69,1,0,0,0,40.4,7,11.96,1.01,0.0,0.01,2024-11-04 19:00:00,19,0,11
387327,49.0,F,BR,Unknown,mobile,premium,8741,sports,2.2,PG,5470,video,in_feed,auto,4.09,6,0,0,0,1.0,4,14.2,0.82,0.03,0.09,2025-06-10 13:00:00,13,1,6
147139,58.0,M,IN,Bengaluru,mobile,free,4235,news,2.0,PG-13,5487,native,post_roll,cpg,9.67,7,0,0,0,0.5,2,12.99,1.7,0.04,0.09,2025-03-20 05:00:00,5,3,3
892369,67.0,M,DE,Munich,mobile,basic,4187,drama,26.3,R,5480,native,mid_roll,auto,3.23,6,0,0,0,7.4,1,10.82,0.51,0.03,0.06,2024-06-12 07:00:00,7,2,6
786193,25.0,F,US,Seattle,desktop,family,8630,drama,41.2,R,5233,banner,mid_roll,retail,6.35,5,1,0,1,15.6,5,4.82,1.37,0.83,0.23,2024-05-21 05:00:00,5,1,5
163998,24.0,M,DE,Munich,tablet,free,4863,drama,18.3,R,5566,banner,post_roll,healthcare,7.0,5,0,0,0,0.5,1,13.52,1.38,0.03,0.07,2025-01-20 22:00:00,22,0,1
332786,32.0,F,BR,Rio de Janeiro,desktop,premium,4446,music,66.0,PG,5664,audio,pre_roll,finance,5.34,2,0,0,0,40.6,0,5.94,1.24,0.0,0.01,2024-03-26 13:00:00,13,1,3
950990,16.0,M,IN,Hyderabad,tablet,free,8835,music,20.9,PG,5690,audio,mid_roll,finance,5.66,3,0,0,0,0.5,6,8.16,1.54,0.01,0.02,2024-08-20 06:00:00,6,1,8
811839,69.0,M,JP,Osaka,desktop,basic,2700,news,43.0,PG,5510,native,pre_roll,healthcare,11.47,11,2,0,1,16.3,5,13.91,1.06,1.33,0.47,2024-05-14 15:00:00,15,1,5
424454,32.0,F,AU,Melbourne,mobile,free,3880,gaming,65.4,PG,5659,video,in_feed,finance,4.52,2,1,1,1,39.4,4,15.05,0.81,12.74,0.15,2024-03-12 02:00:00,2,1,3
801086,49.0,F,US,Chicago,mobile,basic,1080,sports,58.0,G,5840,interstitial,mid_roll,travel,5.22,2,0,0,0,48.1,3,13.33,0.74,0.01,0.03,2025-07-10 03:00:00,3,3,7
417728,63.0,M,JP,Osaka,mobile,basic,6603,documentary,43.5,PG-13,5223,video,sidebar,tech,5.8,3,0,0,0,11.5,3,9.91,0.98,0.01,0.03,2024-04-18 12:00:00,12,3,4
192576,45.0,F,CA,Vancouver,mobile,premium,1448,gaming,67.0,PG-13,5569,interstitial,pre_roll,finance,2.37,2,2,0,0,54.1,3,14.01,0.96,0.01,0.03,2024-03-06 00:00:00,0,2,3
575779,32.0,F,US,Unknown,smart_tv,premium,4443,comedy,37.3,PG,5710,video,post_roll,tech,3.18,11,2,0,1,25.5,3,7.06,1.0,1.23,0.38,2025-07-17 18:00:00,18,3,7
357196,21.0,M,US,Chicago,smart_tv,free,4545,kids,43.6,PG-13,5617,video,in_feed,gaming,9.93,1,0,0,0,38.7,6,15.85,1.08,0.01,0.02,2024-06-10 16:00:00,16,0,6
986023,33.0,F,UK,London,mobile,free,1474,music,54.6,PG,5986,native,sidebar,healthcare,3.6,9,0,0,0,32.9,6,1.19,1.19,0.0,0.01,2025-05-15 22:00:00,22,3,5
582121,40.0,M,CA,Vancouver,mobile,free,5848,music,2.0,PG,5834,audio,sidebar,gaming,4.76,5,0,0,0,13.3,4,17.21,2.29,0.03,0.09,2024-03-17 21:00:00,21,6,3
342937,40.0,M,DE,Berlin,mobile,family,1222,comedy,26.2,PG-13,5395,banner,pre_roll,auto,6.94,7,0,0,0,21.0,2,10.36,1.26,0.03,0.07,2024-05-22 22:00:00,22,2,5
826012,34.0,M,US,Chicago,mobile,basic,2993,news,12.3,PG,5358,audio,in_feed,gaming,5.0,7,0,0,0,0.5,3,12.77,0.95,0.04,0.09,2024-04-29 17:00:00,17,0,4
878329,51.0,M,BR,Sao Paulo,tablet,premium,1806,documentary,39.3,PG-13,5472,native,in_feed,finance,8.39,11,2,0,1,11.0,5,10.53,0.65,0.83,0.31,2025-03-17 09:00:00,9,0,3
818095,67.0,M,UK,London,mobile,free,7578,sports,28.9,PG-13,5624,banner,mid_roll,gaming,3.22,4,1,0,1,20.3,1,7.81,0.94,0.58,0.17,2025-01-29 21:00:00,21,2,1
983803,24.0,F,US,Austin,desktop,premium,9709,news,41.6,PG-13,5478,banner,post_roll,gaming,6.32,6,0,0,0,24.5,2,13.53,1.35,0.03,0.08,2024-11-12 18:00:00,18,1,11
585190,46.0,F,IN,Bengaluru,tablet,premium,8666,drama,24.9,PG,5760,interstitial,post_roll,retail,2.68,1,0,0,0,8.2,1,5.31,1.14,0.0,0.01,2024-07-09 11:00:00,11,1,7
425156,16.0,F,BR,Rio de Janeiro,mobile,premium,8931,documentary,25.8,PG-13,5880,native,in_feed,healthcare,5.35,4,4,0,0,12.7,4,10.15,1.54,0.02,0.04,2024-04-17 23:00:00,23,2,4
725721,67.0,F,US,Austin,mobile,free,1896,music,51.8,G,5602,native,mid_roll,healthcare,5.47,3,0,0,0,20.6,4,7.29,1.79,0.01,0.02,2025-01-02 08:00:00,8,3,1
195951,25.0,F,US,Seattle,mobile,premium,7526,music,28.3,PG,5959,banner,post_roll,cpg,2.61,4,0,0,0,14.4,5,10.32,1.35,0.02,0.04,2024-07-03 14:00:00,14,2,7
945261,44.0,M,CA,Toronto,mobile,family,2268,comedy,38.5,PG-13,5639,native,mid_roll,finance,3.15,6,0,0,0,23.9,2,6.13,1.4,0.01,0.04,2025-01-13 16:00:00,16,0,1
831974,69.0,M,FR,Paris,smart_tv,basic,3515,gaming,41.8,PG-13,5815,banner,sidebar,cpg,1.37,5,0,0,0,39.5,5,7.72,1.46,0.02,0.04,2025-03-07 05:00:00,5,4,3
469680,20.0,M,IN,Mumbai,mobile,free,6913,comedy,2.0,G,5685,video,post_roll,retail,5.18,11,0,0,0,0.5,3,3.46,0.81,0.02,0.04,2025-06-02 16:00:00,16,0,6
416955,71.0,F,US,Chicago,tablet,free,8923,sports,16.2,R,5073,video,post_roll,auto,13.1,9,0,0,0,11.6,5,14.81,1.69,0.05,0.13,2024-11-22 18:00:00,18,4,11
218056,71.0,M,IN,Bengaluru,desktop,free,8612,news,39.3,PG-13,5845,audio,post_roll,tech,4.95,3,0,0,0,17.9,3,4.83,1.62,0.01,0.01,2024-03-03 13:00:00,13,6,3
511045,51.0,F,US,Austin,desktop,family,6086,sports,31.2,PG-13,5327,native,post_roll,cpg,8.18,4,1,0,1,25.8,3,12.73,1.56,0.96,0.28,2024-07-30 13:00:00,13,1,7
222422,44.0,M,AU,Melbourne,mobile,premium,8832,sports,77.7,PG,5972,video,post_roll,retail,4.17,7,0,0,0,69.7,6,6.64,0.66,0.02,0.05,2025-06-04 19:00:00,19,2,6
228690,45.0,F,IN,Hyderabad,mobile,free,9411,comedy,31.4,PG,5345,video,sidebar,tech,3.38,10,1,0,1,39.4,3,8.66,1.07,0.68,0.25,2024-12-13 22:00:00,22,4,12
437335,54.0,F,UK,London,mobile,family,6503,drama,50.0,PG,5733,video,post_roll,retail,3.67,5,0,0,0,31.7,6,11.61,1.69,0.02,0.06,2025-01-29 07:00:00,7,2,1
721051,24.0,Unknown,JP,Tokyo,mobile,basic,7502,kids,43.9,PG,5320,native,pre_roll,gaming,8.89,8,0,0,0,15.0,4,7.75,1.25,0.02,0.06,2024-11-03 05:00:00,5,6,11
204591,27.0,F,FR,Lyon,smart_tv,free,8587,gaming,28.0,PG-13,5016,interstitial,post_roll,travel,3.93,8,0,0,0,22.6,6,14.0,0.74,0.04,0.11,2024-05-27 21:00:00,21,0,5
249036,51.0,F,US,Unknown,mobile,premium,8172,drama,2.0,PG-13,5857,audio,in_feed,retail,3.77,6,0,0,0,0.5,4,9.59,1.15,0.02,0.06,2025-06-28 05:00:00,5,5,6
892957,28.0,Other,US,Chicago,desktop,premium,8320,kids,24.9,PG,5494,native,post_roll,retail,9.39,8,1,1,1,4.3,3,11.79,0.94,33.3,0.24,2025-04-22 09:00:00,9,1,4
912622,48.0,F,UK,London,desktop,basic,8823,music,32.7,PG,5544,audio,sidebar,auto,5.85,1,0,0,0,31.9,3,6.37,1.06,0.0,0.01,2025-08-20 09:00:00,9,2,8
586696,66.0,M,JP,Tokyo,desktop,basic,6469,kids,18.2,PG,5715,video,sidebar,tech,3.34,11,0,0,0,18.8,4,8.57,1.41,0.04,0.09,2025-06-05 23:00:00,23,3,6
304730,46.0,M,US,Austin,desktop,free,8453,sports,28.9,PG-13,5425,interstitial,sidebar,auto,4.89,4,0,0,0,20.6,3,11.7,0.54,0.02,0.05,2024-08-05 05:00:00,5,0,8
792176,22.0,M,CA,Vancouver,mobile,premium,4198,documentary,22.6,PG,5093,audio,pre_roll,healthcare,5.31,8,0,0,0,7.9,3,6.72,1.54,0.02,0.05,2024-07-16 07:00:00,7,1,7
234253,47.0,F,UK,London,tablet,free,6194,gaming,34.3,PG-13,5227,banner,sidebar,gaming,4.76,10,0,0,0,27.7,4,4.24,0.96,0.02,0.04,2024-07-13 04:00:00,4,5,7
994207,40.0,F,US,New York,desktop,basic,4376,music,40.3,PG-13,5126,banner,post_roll,gaming,3.76,5,0,0,0,17.4,2,7.97,1.18,0.02,0.04,2025-07-10 03:00:00,3,3,7
154691,67.0,M,CA,Toronto,desktop,premium,2804,news,64.5,PG-13,5634,audio,post_roll,gaming,5.14,1,0,0,0,44.0,9,10.51,1.39,0.0,0.01,2024-12-26 17:00:00,17,3,12
463594,69.0,F,US,Seattle,console,family,7536,music,26.0,G,5484,audio,post_roll,tech,10.04,7,0,0,0,18.5,5,10.43,1.35,0.03,0.07,2024-11-01 09:00:00,9,4,11
425688,52.0,F,BR,Rio de Janeiro,desktop,basic,6613,documentary,38.9,PG,5769,audio,post_roll,travel,3.65,9,0,0,0,23.8,3,5.12,1.25,0.02,0.05,2025-08-05 20:00:00,20,1,8
821954,59.0,M,FR,Lyon,mobile,premium,2495,documentary,45.2,PG,5787,video,in_feed,tech,6.15,2,0,0,0,22.8,4,14.82,1.35,0.01,0.03,2025-01-20 20:00:00,20,0,1
994205,32.0,M,IN,Hyderabad,mobile,basic,8003,music,12.7,PG,5004,native,sidebar,healthcare,3.91,1,0,0,0,8.1,1,2.8,0.93,0.0,0.0,2025-07-05 02:00:00,2,5,7
760968,52.0,Unknown,CA,Toronto,tablet,free,2427,music,50.4,R,5954,banner,post_roll,gaming,5.27,10,0,0,0,50.6,6,12.58,1.79,0.05,0.13,2025-08-14 17:00:00,17,3,8
259167,22.0,F,FR,Lyon,mobile,basic,8406,documentary,58.6,PG,5177,audio,in_feed,gaming,9.53,6,0,0,0,43.9,3,13.3,1.12,0.03,0.08,2024-04-12 21:00:00,21,4,4
328910,28.0,M,AU,Melbourne,tablet,family,5080,sports,53.8,PG,5969,audio,in_feed,tech,5.07,8,0,0,0,26.9,6,9.96,1.09,0.03,0.08,2024-09-12 05:00:00,5,3,9
106249,40.0,F,BR,Sao Paulo,mobile,basic,5102,kids,29.9,PG-13,5470,native,post_roll,finance,5.35,1,0,0,0,6.8,2,12.95,1.76,0.01,0.01,2025-04-01 10:00:00,10,1,4
204167,29.0,F,US,Seattle,mobile,free,3233,news,32.5,R,5680,native,in_feed,retail,4.1,5,0,0,0,30.5,4,8.59,0.69,0.02,0.04,2025-05-14 02:00:00,2,2,5
313488,23.0,F,MX,Mexico City,mobile,basic,4551,drama,6.0,R,5669,video,sidebar,auto,5.02,5,0,0,0,0.5,1,6.74,1.61,0.01,0.03,2024-05-20 04:00:00,4,0,5
108917,29.0,F,US,Seattle,tablet,free,2180,news,23.6,PG-13,5613,native,in_feed,travel,8.18,5,1,0,1,20.7,5,12.45,1.46,0.9,0.28,2024-08-19 22:00:00,22,0,8
321400,28.0,F,DE,Munich,smart_tv,basic,5493,comedy,32.0,PG-13,5549,banner,post_roll,cpg,5.14,2,0,0,0,95.05050000000048,6,9.83,1.91,0.01,0.02,2024-12-22 00:00:00,0,6,12
844143,44.0,F,IN,Hyderabad,desktop,family,9770,drama,58.2,R,5604,audio,mid_roll,cpg,5.31,6,0,0,0,50.3,3,15.69,1.34,0.04,0.09,2025-05-06 13:00:00,13,1,5
281415,67.0,Other,AU,Melbourne,mobile,basic,5530,music,43.1,G,5362,banner,sidebar,tech,4.68,9,1,1,1,29.6,2,6.39,0.89,20.66,0.19,2024-05-01 00:00:00,0,2,5
981852,25.0,F,IN,Bengaluru,desktop,family,8042,sports,2.0,PG,5309,interstitial,mid_roll,tech,6.63,10,0,0,0,0.5,8,8.44,0.94,0.03,0.08,2025-01-19 09:00:00,9,6,1
303031,68.0,F,FR,Lyon,mobile,basic,8480,documentary,17.2,R,5626,banner,mid_roll,gaming,5.56,3,0,0,0,0.5,2,9.1,0.94,0.01,0.03,2024-08-08 01:00:00,1,3,8
448324,21.0,Other,FR,Lyon,tablet,free,7669,sports,54.2,PG-13,5604,interstitial,post_roll,finance,6.86,1,0,0,0,37.0,2,9.89,1.69,0.0,0.01,2024-06-25 19:00:00,19,1,6
673419,43.0,M,US,Chicago,mobile,premium,1458,kids,13.5,G,5796,native,pre_roll,gaming,5.02,1,0,0,0,15.1,2,8.54,0.74,0.0,0.01,2024-12-04 07:00:00,7,2,12
580294,74.0,F,US,Chicago,mobile,premium,2999,music,15.1,G,5220,interstitial,sidebar,finance,5.7,7,1,1,1,6.0,3,11.84,0.64,20.62,0.18,2024-10-10 13:00:00,13,3,10
257954,23.0,M,DE,Munich,mobile,free,2519,gaming,11.7,R,5017,video,mid_roll,travel,5.9,11,1,0,1,9.7,1,13.21,1.11,0.72,0.31,2025-02-07 06:00:00,6,4,2
276383,70.0,M,IN,Hyderabad,mobile,premium,5426,comedy,57.5,PG-13,5033,video,sidebar,travel,12.58,10,2,0,1,4.6,4,15.64,1.93,2.38,0.74,2024-08-19 12:00:00,12,0,8
323670,14.0,M,FR,Paris,mobile,family,4985,kids,11.5,PG-13,5597,native,sidebar,finance,2.81,11,0,0,0,12.7,6,9.9,1.04,0.04,0.11,2025-05-19 13:00:00,13,0,5
799400,14.0,F,DE,Munich,mobile,basic,5642,news,61.6,PG,5881,audio,post_roll,cpg,10.81,6,0,0,0,13.1,1,11.66,0.54,0.03,0.07,2024-04-12 04:00:00,4,4,4
715903,23.0,F,FR,Paris,mobile,free,7924,music,39.0,R,5493,interstitial,pre_roll,cpg,6.58,11,1,0,1,14.6,2,10.51,1.46,0.92,0.33,2025-06-09 09:00:00,9,0,6
118836,33.0,M,US,Chicago,tablet,premium,3469,comedy,23.1,PG-13,5355,audio,mid_roll,gaming,5.64,5,1,0,1,6.6,2,12.18,1.8,1.1,0.33,2024-03-17 02:00:00,2,6,3
336881,34.0,M,JP,Tokyo,mobile,basic,9901,news,39.9,PG,5938,native,sidebar,finance,3.53,10,0,0,0,37.2,1,6.92,0.82,0.03,0.07,2025-04-02 09:00:00,9,2,4
221398,66.0,M,UK,Manchester,smart_tv,basic,9131,comedy,47.5,PG-13,5838,banner,sidebar,cpg,10.03,2,0,0,0,36.8,8,11.72,0.84,0.01,0.02,2024-09-04 02:00:00,2,2,9
772971,15.0,M,US,New York,smart_tv,basic,6516,news,39.6,PG,5126,video,post_roll,retail,5.88,6,0,0,0,23.9,1,9.13,0.98,0.02,0.05,2024-09-24 00:00:00,0,1,9
945430,24.0,M,MX,Guadalajara,mobile,basic,6212,kids,18.8,G,5887,interstitial,in_feed,gaming,1.86,4,0,0,0,6.0,1,7.84,1.18,0.01,0.03,2024-03-11 06:00:00,6,0,3
140715,31.0,F,UK,Manchester,desktop,free,9834,music,41.5,R,5305,native,post_roll,cpg,1.37,10,0,0,0,31.4,4,5.48,0.95,0.02,0.05,2025-03-15 03:00:00,3,5,3
374502,43.0,M,US,Seattle,console,basic,9816,gaming,27.7,R,5055,banner,post_roll,travel,7.85,9,0,0,0,5.3,4,13.15,1.41,0.05,0.12,2024-05-29 08:00:00,8,2,5
950774,38.0,F,IN,Hyderabad,mobile,free,5319,kids,28.5,G,5438,audio,mid_roll,tech,2.46,10,0,0,0,14.4,0,9.62,1.24,0.04,0.1,2025-02-19 22:00:00,22,2,2
586398,46.0,F,CA,Vancouver,mobile,free,2823,sports,3.0,PG-13,5031,interstitial,in_feed,travel,2.21,2,0,0,0,0.5,2,12.06,1.33,0.01,0.02,2025-03-27 14:00:00,14,3,3
519304,46.0,F,UK,London,mobile,free,6436,news,89.7,G,5643,native,pre_roll,cpg,9.02,11,1,0,1,68.9,4,10.64,1.69,1.06,0.37,2025-05-31 10:00:00,10,5,5
500784,29.0,M,BR,Sao Paulo,tablet,basic,4072,music,27.7,PG,5258,native,in_feed,finance,10.13,8,0,0,0,10.4,5,10.98,1.31,0.04,0.09,2025-03-18 08:00:00,8,1,3
266607,64.0,M,BR,Sao Paulo,mobile,basic,9060,comedy,55.7,PG-13,5816,audio,sidebar,cpg,7.24,11,1,0,1,65.5,5,16.47,1.11,0.74,0.35,2024-08-10 19:00:00,19,5,8
259740,55.0,M,FR,Lyon,desktop,basic,5808,comedy,22.2,G,5865,interstitial,pre_roll,cpg,8.57,7,0,0,0,4.3,3,9.3,1.48,0.03,0.07,2025-04-03 20:00:00,20,3,4
447085,27.0,F,US,Chicago,smart_tv,basic,5200,gaming,29.8,PG-13,5074,native,mid_roll,travel,1.76,7,0,0,0,6.8,7,11.92,1.24,0.03,0.08,2025-05-21 00:00:00,0,2,5
735734,20.0,M,BR,Sao Paulo,tablet,free,6556,kids,4.4,PG,5048,native,in_feed,tech,6.3,4,0,0,0,0.5,2,11.48,2.21,0.02,0.05,2024-08-19 06:00:00,6,0,8
750332,53.0,M,DE,Berlin,tablet,free,7674,drama,22.4,PG,5623,audio,mid_roll,tech,4.93,6,0,0,0,3.6,2,12.3,1.62,0.03,0.07,2024-05-07 01:00:00,1,1,5
913229,73.0,F,BR,Rio de Janeiro,desktop,free,8541,music,40.2,PG,5499,video,post_roll,cpg,4.39,2,0,0,0,22.7,2,14.41,1.01,0.01,0.03,2025-06-24 14:00:00,14,1,6
621804,24.0,M,US,Austin,mobile,free,9382,gaming,18.4,PG-13,5201,banner,sidebar,gaming,7.21,9,1,0,1,9.7,5,3.79,1.31,0.8,0.23,2024-05-19 21:00:00,21,6,5
610174,37.0,F,JP,Tokyo,desktop,free,1298,music,2.0,PG,5701,interstitial,pre_roll,auto,4.01,2,0,0,0,3.2,2,11.91,1.59,0.01,0.02,2025-01-15 16:00:00,16,2,1
373680,29.0,F,UK,Manchester,desktop,basic,8720,gaming,24.5,PG,5484,interstitial,pre_roll,auto,3.47,1,0,0,0,16.8,3,7.85,1.29,0.0,0.01,2024-07-06 14:00:00,14,5,7
338790,29.0,M,US,Seattle,console,free,9368,music,40.9,R,5079,video,sidebar,travel,8.29,6,1,0,1,24.1,1,8.5,1.29,0.79,0.24,2024-05-08 01:00:00,1,2,5
719259,27.0,F,US,Austin,mobile,premium,6703,comedy,31.1,PG-13,5919,interstitial,pre_roll,travel,5.08,2,0,0,0,11.5,6,13.32,1.12,0.01,0.03,2025-04-24 06:00:00,6,3,4
864486,58.0,M,UK,London,mobile,basic,8027,kids,79.0,PG-13,5024,audio,sidebar,auto,8.71,1,0,0,0,48.1,1,7.46,0.84,0.0,0.01,2024-05-17 14:00:00,14,4,5
830830,28.0,M,FR,Paris,mobile,free,8167,gaming,20.4,R,5141,native,sidebar,retail,5.11,5,0,0,0,14.8,1,6.22,1.55,0.01,0.03,2025-02-25 22:00:00,22,1,2
365266,64.0,M,MX,Guadalajara,desktop,family,7356,gaming,27.2,G,5690,audio,pre_roll,tech,5.92,7,1,0,1,12.2,2,13.62,1.1,0.7,0.26,2025-03-10 06:00:00,6,0,3
549447,62.0,F,UK,London,mobile,family,8757,documentary,9.3,R,5757,banner,sidebar,healthcare,9.11,6,0,0,0,5.4,3,12.12,1.35,0.03,0.07,2024-04-02 12:00:00,12,1,4
834723,62.0,Other,UK,Manchester,mobile,free,6057,gaming,35.1,G,5219,banner,post_roll,tech,2.94,4,0,0,0,5.9,4,7.23,0.81,0.01,0.03,2024-06-02 09:00:00,9,6,6
322660,33.0,M,BR,Rio de Janeiro,desktop,free,6987,music,52.7,PG,5751,interstitial,sidebar,cpg,5.16,1,0,0,0,44.2,3,11.52,1.12,0.0,0.01,2025-05-03 22:00:00,22,5,5
871630,61.0,M,CA,Vancouver,mobile,free,4927,gaming,47.9,R,5247,interstitial,in_feed,travel,3.07,9,0,0,0,51.6,9,15.07,1.09,0.05,0.14,2024-11-29 22:00:00,22,4,11
334984,36.0,F,IN,Hyderabad,tablet,free,5935,news,14.3,PG,5031,audio,mid_roll,auto,5.07,8,0,0,0,0.5,3,11.86,1.53,0.04,0.09,2024-05-05 12:00:00,12,6,5
865711,52.0,M,JP,Osaka,desktop,free,2825,documentary,63.3,G,5654,audio,post_roll,gaming,5.3,6,0,0,0,48.7,5,16.49,0.78,0.04,0.1,2025-08-18 13:00:00,13,0,8
863838,64.0,Unknown,BR,Sao Paulo,tablet,free,1007,sports,64.3,R,5822,native,post_roll,gaming,4.18,2,0,0,0,21.9,3,12.33,1.35,0.01,0.02,2024-07-22 02:00:00,2,0,7
749106,65.0,M,US,Austin,tablet,basic,1293,sports,48.5,PG,5083,banner,sidebar,finance,6.44,4,1,0,1,29.1,7,8.4,1.53,0.93,0.26,2024-03-03 03:00:00,3,6,3
311456,39.0,M,BR,Rio de Janeiro,mobile,free,3656,music,36.8,G,5221,video,pre_roll,travel,4.43,10,0,0,0,8.2,2,5.97,0.97,0.02,0.06,2025-07-13 01:00:00,1,6,7
963258,19.0,F,IN,Mumbai,smart_tv,free,1670,news,21.7,PG,5966,banner,mid_roll,travel,5.31,1,0,0,0,1.7,1,12.01,1.24,0.0,0.01,2024-03-09 22:00:00,22,5,3
808108,43.0,M,US,New York,smart_tv,free,2590,sports,47.3,PG-13,5930,interstitial,in_feed,travel,5.14,4,0,0,0,31.4,11,9.65,1.35,0.02,0.04,2024-12-24 19:00:00,19,1,12
905220,29.0,M,JP,Osaka,mobile,free,6854,drama,40.7,PG,5639,video,pre_roll,auto,3.55,3,0,0,0,28.8,3,10.82,2.08,0.01,0.03,2025-08-19 06:00:00,6,1,8
659427,46.0,Other,US,New York,mobile,free,7854,news,57.3,PG-13,5845,audio,mid_roll,auto,4.07,1,0,0,0,30.1,4,11.46,0.71,0.0,0.01,2025-01-07 00:00:00,0,1,1
940283,52.0,M,IN,Mumbai,desktop,free,8036,kids,39.1,PG,5655,banner,mid_roll,gaming,7.12,7,0,0,0,14.3,2,14.17,1.13,0.04,0.1,2025-01-10 16:00:00,16,4,1
243148,44.0,F,IN,Bengaluru,mobile,premium,4409,drama,33.9,PG-13,5791,interstitial,in_feed,travel,2.65,9,0,0,0,21.1,1,11.03,1.04,0.04,0.1,2024-09-26 14:00:00,14,3,9
486037,24.0,F,IN,Bengaluru,desktop,premium,4366,news,34.0,PG,5932,audio,in_feed,tech,6.49,6,2,0,1,16.2,4,7.89,0.97,1.18,0.34,2024-05-08 12:00:00,12,2,5
147502,14.0,F,US,New York,mobile,free,5597,drama,27.6,PG,5430,banner,mid_roll,healthcare,8.42,2,0,0,0,15.4,1,13.61,1.28,0.01,0.03,2025-01-04 06:00:00,6,5,1
318250,73.0,M,DE,Berlin,mobile,free,5588,drama,29.2,G,5168,interstitial,in_feed,travel,8.57,11,0,0,0,14.5,3,14.49,0.99,0.06,0.16,2025-06-28 13:00:00,13,5,6
116310,34.0,F,FR,Lyon,mobile,basic,2001,sports,30.9,PG,5386,interstitial,post_roll,retail,8.92,4,0,0,0,12.7,0,9.85,1.71,0.02,0.04,2024-04-19 04:00:00,4,4,4
997693,71.0,M,US,Chicago,desktop,free,7598,music,42.5,R,5007,native,pre_roll,healthcare,2.71,6,0,0,0,20.3,6,11.93,1.37,0.03,0.07,2025-06-19 09:00:00,9,3,6
249858,18.0,M,IN,Mumbai,mobile,premium,3248,documentary,31.8,PG-13,5110,video,pre_roll,travel,2.5,4,0,0,0,18.8,1,9.09,1.12,0.01,0.04,2024-10-11 03:00:00,3,4,10
225616,20.0,M,JP,Osaka,tablet,free,1616,music,44.5,PG,5851,audio,in_feed,finance,3.23,9,0,0,0,35.7,3,7.75,1.07,0.03,0.07,2024-12-15 13:00:00,13,6,12
174814,48.0,Other,UK,London,mobile,free,1484,sports,7.7,G,5205,banner,pre_roll,auto,3.7,8,1,0,1,0.5,3,9.58,1.09,0.68,0.24,2024-05-29 07:00:00,7,2,5
624423,19.0,F,JP,Osaka,smart_tv,family,4154,music,34.4,PG,5090,native,in_feed,tech,9.81,10,1,0,1,35.2,1,14.7,1.52,0.97,0.38,2025-01-30 18:00:00,18,3,1
954442,17.0,F,UK,Manchester,mobile,free,3804,news,2.6,R,5175,video,post_roll,travel,1.36,7,0,0,0,2.2,1,9.37,0.7,0.03,0.07,2024-06-07 11:00:00,11,4,6
722221,45.0,M,US,Seattle,mobile,family,8833,news,53.7,PG,5744,banner,post_roll,gaming,5.79,4,0,0,0,28.6,2,8.91,1.92,0.01,0.04,2024-07-26 12:00:00,12,4,7
846329,39.0,F,AU,Sydney,mobile,basic,5404,drama,36.6,PG-13,5554,native,mid_roll,gaming,7.39,8,1,0,1,20.1,5,9.49,1.37,0.85,0.28,2025-03-25 16:00:00,16,1,3
421009,64.0,M,US,Seattle,mobile,free,4056,drama,2.0,R,5490,video,in_feed,travel,7.96,9,0,0,0,5.2,8,6.26,0.95,0.02,0.06,2024-03-28 06:00:00,6,3,3
239848,61.0,F,US,Chicago,smart_tv,free,6810,documentary,35.5,PG,5226,audio,mid_roll,finance,2.5,10,1,0,1,7.3,1,9.37,1.68,1.05,0.35,2024-10-28 11:00:00,11,0,10
351453,55.0,M,AU,Sydney,mobile,basic,4876,gaming,54.3,G,5789,audio,sidebar,cpg,3.46,8,0,0,0,44.8,6,12.1,1.31,0.04,0.1,2025-01-16 01:00:00,1,3,1
751116,31.0,F,US,Austin,desktop,premium,9322,gaming,8.8,G,5756,video,in_feed,cpg,4.53,6,0,0,0,7.3,8,8.57,0.99,0.02,0.05,2024-05-11 07:00:00,7,5,5
233383,32.0,Unknown,IN,Hyderabad,tablet,free,2125,documentary,28.7,R,5492,audio,sidebar,gaming,3.21,11,0,0,0,20.6,0,10.57,1.12,0.05,0.12,2024-08-07 04:00:00,4,2,8
548777,16.0,F,IN,Mumbai,desktop,premium,9968,news,40.7,PG,5182,native,pre_roll,retail,3.38,6,0,0,0,31.9,1,7.31,0.55,0.02,0.04,2024-09-02 11:00:00,11,0,9
136574,30.0,Other,US,New York,mobile,premium,3430,kids,30.5,PG-13,5870,audio,mid_roll,auto,7.39,8,0,0,0,21.8,3,11.82,1.01,0.04,0.09,2025-02-22 08:00:00,8,5,2
199890,21.0,Other,IN,Mumbai,tablet,family,4420,music,30.6,PG-13,5839,interstitial,in_feed,tech,1.91,11,1,0,1,25.0,3,10.63,0.64,0.43,0.21,2025-08-10 10:00:00,10,6,8
979450,64.0,F,CA,Toronto,tablet,free,9870,sports,68.8,PG-13,5449,native,pre_roll,finance,4.62,1,0,0,0,41.6,2,9.53,1.01,0.0,0.01,2025-05-26 13:00:00,13,0,5
460821,20.0,F,JP,Osaka,mobile,free,2226,gaming,28.6,PG,5054,interstitial,pre_roll,healthcare,2.15,3,1,0,1,19.2,3,8.41,1.82,1.1,0.3,2024-06-11 11:00:00,11,1,6
494354,41.0,M,CA,Toronto,mobile,premium,7565,drama,31.9,PG-13,5418,native,in_feed,healthcare,2.81,6,2,0,1,40.2,5,10.31,0.33,0.42,0.16,2024-03-10 19:00:00,19,6,3
368258,35.0,Unknown,US,Austin,tablet,free,8015,sports,17.0,PG-13,5751,native,pre_roll,auto,4.2,3,0,0,0,1.3,0,7.54,0.97,0.01,0.02,2024-03-29 00:00:00,0,4,3
361094,51.0,F,US,New York,mobile,basic,2053,comedy,32.8,PG-13,5758,interstitial,pre_roll,travel,4.76,3,0,0,0,21.4,1,6.21,1.14,0.01,0.02,2025-01-16 16:00:00,16,3,1
720862,35.0,F,US,Seattle,desktop,free,6519,comedy,95.6,PG-13,5821,native,in_feed,auto,2.34,7,1,1,1,64.4,3,10.96,0.43,25.93,0.14,2024-05-24 09:00:00,9,4,5
266441,71.0,M,MX,Mexico City,mobile,premium,7106,music,2.0,PG,5633,audio,mid_roll,finance,2.64,1,0,0,0,11.5,4,10.9,0.81,0.0,0.01,2024-07-03 21:00:00,21,2,7
561970,45.0,M,UK,London,mobile,basic,6351,news,32.5,PG,5371,interstitial,in_feed,auto,4.58,10,1,0,1,7.7,2,9.92,0.76,0.5,0.21,2025-06-01 14:00:00,14,6,6
308691,45.0,F,FR,Paris,desktop,family,7326,sports,18.4,R,5206,audio,sidebar,cpg,9.1,10,0,0,0,18.9,6,10.21,1.38,0.04,0.1,2025-06-15 21:00:00,21,6,6
137992,26.0,M,BR,Sao Paulo,mobile,premium,6568,news,26.6,R,5743,native,post_roll,tech,4.06,4,0,0,0,0.5,3,5.72,1.47,0.01,0.02,2025-05-28 01:00:00,1,2,5
573288,54.0,F,IN,Hyderabad,mobile,free,3728,drama,71.0,PG-13,5541,native,pre_roll,finance,6.85,4,1,0,1,54.8,5,9.22,1.67,1.02,0.29,2024-07-15 23:00:00,23,0,7
261843,50.0,M,FR,Lyon,mobile,free,8446,gaming,28.5,PG,5471,video,pre_roll,gaming,6.36,9,1,0,1,26.1,4,12.61,1.36,0.86,0.32,2025-01-29 15:00:00,15,2,1
320162,59.0,F,IN,Bengaluru,desktop,free,8499,gaming,15.6,PG-13,5395,video,in_feed,finance,6.52,2,0,0,0,13.8,4,12.07,0.69,0.01,0.02,2025-01-24 19:00:00,19,4,1
848114,38.0,F,AU,Sydney,mobile,free,5269,music,22.0,PG,5623,audio,post_roll,tech,2.54,7,0,0,0,18.0,0,6.65,0.81,0.02,0.05,2024-06-09 00:00:00,0,6,6
344728,72.0,M,US,New York,tablet,basic,9032,documentary,51.1,PG,5157,banner,post_roll,travel,5.09,11,0,0,0,35.0,3,10.35,0.88,0.05,0.11,2024-12-24 21:00:00,21,1,12
679270,47.0,M,US,New York,desktop,free,5805,news,48.2,R,5597,video,pre_roll,tech,8.94,2,0,0,0,43.3,6,7.63,1.64,0.01,0.02,2024-12-09 15:00:00,15,0,12
988407,47.0,M,IN,Mumbai,tablet,free,8907,documentary,31.5,PG-13,5234,native,mid_roll,healthcare,4.46,9,0,0,0,15.5,1,5.84,0.38,0.02,0.05,2024-09-30 22:00:00,22,0,9
462786,69.0,F,US,Seattle,mobile,basic,8690,music,2.0,G,5897,interstitial,in_feed,healthcare,2.46,11,1,1,1,7.7,7,11.96,1.28,21.53,0.32,2025-04-10 21:00:00,21,3,4
633436,71.0,F,US,Seattle,mobile,basic,7687,drama,52.7,PG,5880,audio,post_roll,healthcare,11.35,2,0,0,0,46.1,5,7.35,0.8,0.01,0.01,2025-03-01 21:00:00,21,5,3
194500,47.0,M,CA,Toronto,desktop,free,8165,gaming,46.4,PG,5971,video,in_feed,retail,4.43,10,3,1,1,47.7,2,12.76,0.96,23.23,0.56,2024-12-13 15:00:00,15,4,12
192133,25.0,M,DE,Berlin,mobile,premium,5432,news,48.0,PG,5053,video,post_roll,healthcare,6.02,10,1,0,1,32.4,2,8.59,1.46,0.91,0.3,2025-03-27 21:00:00,21,3,3
773435,27.0,M,BR,Sao Paulo,desktop,free,3321,sports,2.0,PG,5422,video,mid_roll,gaming,6.34,3,2,0,1,5.3,5,7.64,1.92,2.31,0.6,2025-04-17 01:00:00,1,3,4
778746,66.0,M,UK,Manchester,desktop,premium,4839,comedy,17.2,PG-13,5617,interstitial,in_feed,retail,4.81,5,0,0,0,11.0,3,10.11,1.05,0.02,0.05,2025-01-01 03:00:00,3,2,1
340338,44.0,F,IN,Bengaluru,tablet,free,8137,documentary,43.0,PG,5509,interstitial,post_roll,retail,10.18,2,0,0,0,29.9,4,15.08,1.46,0.01,0.03,2024-07-23 13:00:00,13,1,7
170827,15.0,F,DE,Munich,smart_tv,free,3127,comedy,35.2,PG,5882,native,mid_roll,gaming,7.32,10,0,0,0,8.3,1,6.76,1.26,0.03,0.07,2025-04-14 13:00:00,13,0,4
388636,43.0,M,US,Chicago,desktop,free,2117,gaming,28.5,PG-13,5719,audio,pre_roll,healthcare,5.32,5,0,0,0,17.6,4,3.81,1.28,0.01,0.02,2025-03-23 12:00:00,12,6,3
386753,28.0,F,IN,Hyderabad,desktop,free,6429,kids,57.1,PG,5632,interstitial,mid_roll,travel,5.98,6,0,0,0,33.2,3,8.63,1.62,0.02,0.05,2025-08-14 01:00:00,1,3,8
412801,59.0,M,US,Seattle,mobile,family,1537,drama,35.4,PG-13,5899,audio,pre_roll,finance,5.43,9,0,0,0,19.7,6,8.87,1.01,0.03,0.08,2024-05-20 21:00:00,21,0,5
405337,22.0,M,IN,Bengaluru,desktop,free,3034,comedy,44.0,G,5231,interstitial,sidebar,tech,6.46,8,0,0,0,26.5,3,11.1,1.16,0.04,0.09,2024-10-13 09:00:00,9,6,10
914141,58.0,M,US,New York,mobile,basic,9891,documentary,54.5,R,5439,video,sidebar,healthcare,3.95,11,0,0,0,22.3,0,7.93,0.73,0.03,0.09,2025-07-13 01:00:00,1,6,7
724005,40.0,M,CA,Toronto,mobile,free,2273,music,44.5,PG-13,5090,audio,pre_roll,auto,9.94,2,0,0,0,44.6,6,11.78,1.59,0.01,0.02,2024-12-03 20:00:00,20,1,12
238084,73.0,M,US,Seattle,desktop,free,2206,comedy,22.8,PG-13,5610,interstitial,post_roll,auto,4.8,7,1,0,1,8.4,2,12.06,1.11,0.7,0.25,2025-07-23 00:00:00,0,2,7
167923,58.0,M,BR,Rio de Janeiro,mobile,free,1298,kids,12.3,PG-13,5454,video,post_roll,travel,3.61,9,0,0,0,3.3,3,11.92,0.66,0.04,0.11,2024-03-07 17:00:00,17,3,3
949358,22.0,F,IN,Mumbai,desktop,basic,2307,kids,45.4,PG-13,5307,banner,mid_roll,gaming,3.92,5,0,0,0,24.7,1,8.87,1.39,0.02,0.04,2024-03-19 23:00:00,23,1,3
620704,15.0,M,BR,Rio de Janeiro,mobile,free,2044,gaming,7.8,G,5326,native,sidebar,gaming,3.55,10,2,1,1,11.8,3,8.12,1.38,18.62,0.5,2025-05-04 20:00:00,20,6,5
281992,64.0,M,IN,Hyderabad,console,family,8496,documentary,35.4,PG-13,5241,native,pre_roll,gaming,4.75,2,0,0,0,19.4,4,10.36,0.84,0.01,0.02,2024-09-10 13:00:00,13,1,9
575289,46.0,F,FR,Unknown,desktop,basic,2572,news,19.5,R,5760,audio,post_roll,gaming,6.28,9,0,0,0,24.6,4,6.51,1.99,0.02,0.06,2024-12-06 22:00:00,22,4,12
282976,48.0,F,US,Chicago,mobile,free,9065,sports,34.3,R,5864,audio,mid_roll,healthcare,2.66,3,0,0,0,24.8,2,6.7,1.67,0.01,0.02,2024-10-18 03:00:00,3,4,10
402086,73.0,F,US,Austin,console,premium,7129,news,2.0,PG-13,5251,native,pre_roll,cpg,2.47,9,0,0,0,3.7,2,10.44,1.8,0.04,0.09,2024-10-07 07:00:00,7,0,10
430694,26.0,F,CA,Vancouver,mobile,free,3515,comedy,44.4,PG-13,5229,banner,in_feed,retail,3.78,11,0,0,0,26.2,3,8.55,1.24,0.04,0.09,2025-07-21 07:00:00,7,0,7
533316,64.0,F,US,New York,desktop,basic,8549,news,13.7,PG,5118,interstitial,mid_roll,gaming,2.97,6,2,0,1,2.3,5,8.81,1.12,1.37,0.39,2024-04-20 19:00:00,19,5,4
726058,40.0,M,JP,Osaka,mobile,free,4081,drama,65.1,G,5709,video,in_feed,travel,5.14,8,0,0,0,50.4,2,13.33,1.07,0.04,0.11,2025-04-21 23:00:00,23,0,4
519353,56.0,F,IN,Bengaluru,mobile,premium,2921,kids,44.3,PG-13,5216,interstitial,post_roll,tech,4.74,8,0,0,0,20.1,3,9.87,0.98,0.03,0.08,2025-06-24 09:00:00,9,1,6
239670,60.0,F,IN,Hyderabad,tablet,free,8729,news,42.7,PG-13,5144,banner,in_feed,auto,10.13,1,0,0,0,29.7,3,15.22,1.3,0.01,0.02,2025-02-19 00:00:00,0,2,2
976892,15.0,Unknown,IN,Hyderabad,tablet,free,6602,drama,41.5,PG-13,5706,video,in_feed,retail,5.49,3,2,0,1,28.5,0,5.08,0.85,1.03,0.27,2024-09-30 07:00:00,7,0,9
364687,41.0,M,FR,Lyon,desktop,free,7772,comedy,37.5,PG-13,5197,interstitial,sidebar,cpg,7.11,1,0,0,0,31.2,1,9.14,1.28,0.0,0.01,2024-05-26 09:00:00,9,6,5
704008,53.0,M,BR,Rio de Janeiro,mobile,premium,3599,gaming,40.5,PG-13,5509,video,sidebar,auto,7.06,11,1,0,1,20.6,3,7.41,1.19,0.75,0.26,2025-03-04 14:00:00,14,1,3
468726,69.0,M,US,Chicago,desktop,basic,8543,news,2.0,PG-13,5603,audio,sidebar,healthcare,1.07,6,3,1,1,0.5,4,9.05,0.94,21.88,0.48,2024-11-09 03:00:00,3,5,11
366274,60.0,F,DE,Berlin,mobile,free,6771,gaming,54.3,PG,5439,video,sidebar,healthcare,10.96,8,0,0,0,31.1,1,14.85,1.36,0.05,0.12,2024-05-20 15:00:00,15,0,5
638891,13.0,F,UK,Manchester,smart_tv,free,2026,music,33.3,PG,5598,video,sidebar,retail,6.51,3,0,0,0,5.7,2,7.79,1.41,0.01,0.02,2024-09-11 05:00:00,5,2,9
816431,43.0,M,US,New York,desktop,free,3016,news,41.3,PG,5537,banner,pre_roll,tech,2.08,5,1,0,1,19.8,1,9.61,0.65,0.41,0.15,2025-08-02 05:00:00,5,5,8
526306,56.0,M,CA,Toronto,mobile,basic,5367,news,60.5,PG,5177,video,pre_roll,cpg,5.86,6,1,0,1,42.5,1,16.4,1.89,1.17,0.38,2024-07-22 07:00:00,7,0,7
504853,38.0,M,IN,Bengaluru,desktop,premium,9943,music,57.1,PG-13,5635,audio,in_feed,cpg,5.66,10,0,0,0,41.5,2,8.63,0.84,0.03,0.09,2024-06-05 08:00:00,8,2,6
604130,41.0,F,DE,Munich,tablet,family,3707,sports,50.5,R,5420,audio,sidebar,gaming,1.63,11,0,0,0,30.7,5,11.86,1.03,0.05,0.13,2025-03-04 06:00:00,6,1,3
186672,50.0,M,US,Chicago,desktop,free,9102,drama,48.8,PG,5821,native,post_roll,cpg,6.31,6,0,0,0,31.8,5,13.72,1.19,0.03,0.08,2024-06-16 18:00:00,18,6,6
258504,21.0,M,US,New York,desktop,premium,8686,drama,11.8,PG-13,5667,banner,pre_roll,gaming,2.05,5,0,0,0,9.5,7,12.54,0.99,0.03,0.06,2025-07-10 18:00:00,18,3,7
226895,65.0,M,DE,Berlin,mobile,family,9122,sports,26.1,R,5596,interstitial,pre_roll,cpg,3.21,3,0,0,0,17.6,6,10.82,0.71,0.01,0.03,2025-06-07 20:00:00,20,5,6
413925,74.0,F,US,Austin,tablet,basic,2120,gaming,2.0,PG,5653,video,in_feed,travel,6.05,5,0,0,0,12.6,0,8.3,1.11,0.02,0.04,2025-08-14 02:00:00,2,3,8
609957,52.0,F,CA,Vancouver,mobile,family,4053,music,19.9,G,5084,audio,post_roll,finance,3.25,5,0,0,0,3.8,3,9.06,0.81,0.02,0.05,2025-07-06 19:00:00,19,6,7
590320,49.0,M,BR,Rio de Janeiro,desktop,basic,3679,kids,40.3,PG-13,5463,banner,pre_roll,finance,9.15,6,0,0,0,19.2,4,13.3,1.8,0.03,0.08,2024-07-10 15:00:00,15,2,7
247127,67.0,F,AU,Sydney,mobile,free,2087,comedy,63.4,R,5487,video,in_feed,finance,8.64,3,0,0,0,44.4,3,9.19,0.97,0.01,0.03,2024-06-23 13:00:00,13,6,6
711441,37.0,F,MX,Mexico City,tablet,free,3459,documentary,25.3,G,5125,audio,sidebar,gaming,4.2,3,0,0,0,11.5,2,12.36,1.08,0.01,0.04,2024-09-02 00:00:00,0,0,9
849848,16.0,F,CA,Vancouver,smart_tv,free,7649,comedy,54.9,PG,5454,native,pre_roll,retail,4.5,5,1,0,1,69.2,10,10.39,1.54,0.94,0.28,2024-11-09 16:00:00,16,5,11
825640,48.0,F,US,Chicago,desktop,premium,8453,gaming,33.2,PG,5955,native,sidebar,finance,4.45,8,0,0,0,20.1,2,15.69,1.14,0.05,0.13,2025-06-19 04:00:00,4,3,6
245793,68.0,F,US,New York,tablet,free,6177,sports,32.8,PG-13,5052,audio,pre_roll,tech,3.54,6,0,0,0,34.0,3,9.77,0.97,0.02,0.06,2025-04-01 02:00:00,2,1,4
395640,42.0,F,US,Austin,mobile,basic,3138,drama,26.3,R,5644,interstitial,pre_roll,travel,5.14,3,0,0,0,14.9,4,8.17,1.51,0.01,0.02,2025-02-11 23:00:00,23,1,2
433467,42.0,F,US,Seattle,mobile,free,4314,music,22.6,PG,5287,banner,in_feed,healthcare,6.96,6,0,0,0,15.6,0,6.19,1.25,0.01,0.04,2025-06-18 07:00:00,7,2,6
211398,54.0,M,MX,Guadalajara,desktop,free,5518,kids,50.4,PG-13,5738,video,mid_roll,travel,4.05,5,0,0,0,35.5,0,8.15,0.91,0.02,0.04,2025-02-12 18:00:00,18,2,2
600640,53.0,M,IN,Bengaluru,console,free,4096,gaming,44.3,R,5597,video,post_roll,cpg,3.7,7,0,0,0,17.0,1,0.5,1.04,0.0,0.0,2024-09-21 16:00:00,16,5,9
916943,56.0,F,IN,Hyderabad,desktop,premium,2041,documentary,56.4,PG-13,5303,audio,post_roll,cpg,4.34,5,1,1,1,46.0,4,5.0,1.49,12.99,0.25,2024-10-10 00:00:00,0,3,10
997495,61.0,Unknown,JP,Tokyo,mobile,premium,2586,music,39.5,PG-13,5106,native,post_roll,auto,6.42,10,0,0,0,20.6,1,9.31,2.12,0.04,0.09,2024-12-05 04:00:00,4,3,12
527196,32.0,F,BR,Rio de Janeiro,mobile,free,4007,documentary,21.8,PG,5881,banner,mid_roll,gaming,10.3,4,0,0,0,0.5,2,8.83,1.06,0.01,0.04,2024-04-17 22:00:00,22,2,4
142390,36.0,M,DE,Berlin,mobile,free,1603,gaming,33.9,PG,5790,native,sidebar,retail,3.95,2,0,0,0,15.1,2,12.45,1.5,0.01,0.02,2025-04-05 12:00:00,12,5,4
832000,33.0,M,FR,Lyon,desktop,free,7763,documentary,31.3,PG,5416,audio,sidebar,healthcare,5.14,6,1,0,1,31.4,3,6.44,1.04,0.64,0.19,2025-02-16 11:00:00,11,6,2
669373,47.0,M,DE,Berlin,tablet,family,7762,documentary,2.0,G,5584,interstitial,mid_roll,finance,2.28,1,0,0,0,8.5,3,10.82,1.63,0.0,0.01,2025-03-30 19:00:00,19,6,3
836836,69.0,F,UK,London,mobile,basic,3692,drama,34.5,R,5072,video,sidebar,tech,1.95,8,1,0,1,23.1,5,7.83,0.61,0.39,0.15,2024-12-14 07:00:00,7,5,12
547929,68.0,M,US,Austin,console,free,2461,documentary,36.7,R,5961,audio,mid_roll,cpg,4.24,6,0,0,0,19.9,6,4.08,0.7,0.01,0.02,2025-04-27 19:00:00,19,6,4
675870,69.0,M,US,Chicago,desktop,free,7759,documentary,9.4,R,5091,video,mid_roll,travel,4.53,1,0,0,0,17.2,7,11.55,1.58,0.0,0.01,2025-07-26 20:00:00,20,5,7
507040,35.0,M,BR,Rio de Janeiro,mobile,premium,4829,gaming,41.6,PG,5873,video,pre_roll,gaming,7.71,10,0,0,0,41.1,9,14.58,1.14,0.06,0.15,2025-01-02 18:00:00,18,3,1
320819,72.0,M,US,Seattle,smart_tv,premium,4569,comedy,8.6,PG-13,5014,native,sidebar,tech,3.82,2,0,0,0,0.5,6,8.07,1.05,0.01,0.02,2024-10-26 23:00:00,23,5,10
314243,23.0,M,US,Austin,tablet,basic,7910,sports,7.4,PG-13,5846,interstitial,in_feed,cpg,2.95,8,0,0,0,0.5,1,6.54,0.81,0.02,0.05,2024-04-26 11:00:00,11,4,4
795928,63.0,F,MX,Guadalajara,mobile,premium,1435,gaming,31.3,PG-13,5881,audio,pre_roll,finance,7.66,5,0,0,0,20.4,3,7.23,1.4,0.01,0.04,2025-04-25 11:00:00,11,4,4
107174,54.0,M,IN,Bengaluru,mobile,premium,9931,sports,32.6,PG,5390,banner,post_roll,travel,14.39,5,0,0,0,29.8,5,12.59,1.98,0.03,0.06,2025-07-02 03:00:00,3,2,7
868722,56.0,F,FR,Paris,mobile,basic,3085,gaming,81.2,PG-13,5249,interstitial,mid_roll,tech,9.76,4,0,0,0,78.7,3,12.14,1.43,0.02,0.05,2025-03-13 17:00:00,17,3,3
826991,51.0,M,US,Chicago,desktop,family,5321,drama,32.8,PG-13,5500,audio,pre_roll,finance,5.24,1,0,0,0,22.6,1,10.58,1.25,0.0,0.01,2025-06-11 09:00:00,9,2,6
782614,32.0,Other,BR,Rio de Janeiro,mobile,free,4257,comedy,50.3,R,5889,banner,post_roll,retail,14.95,5,0,0,0,20.6,3,9.46,0.79,0.02,0.05,2025-06-09 01:00:00,1,0,6
778228,56.0,F,US,Seattle,mobile,basic,1584,gaming,45.2,PG-13,5012,audio,sidebar,travel,5.82,1,0,0,0,23.4,3,9.43,1.01,0.0,0.01,2025-05-05 23:00:00,23,0,5
862526,64.0,M,FR,Paris,mobile,basic,4828,drama,30.0,PG,5569,banner,in_feed,healthcare,4.27,4,0,0,0,20.4,2,11.37,1.25,0.02,0.05,2024-11-27 13:00:00,13,2,11
200175,36.0,M,UK,London,mobile,free,1076,music,56.6,PG,5168,audio,in_feed,gaming,8.97,11,0,0,0,60.4,8,8.88,1.39,0.04,0.1,2024-04-23 22:00:00,22,1,4
549713,22.0,F,CA,Toronto,desktop,basic,6627,drama,2.0,PG-13,5960,audio,mid_roll,travel,4.03,8,0,0,0,1.1,7,11.91,0.98,0.04,0.1,2024-03-02 18:00:00,18,5,3
591986,22.0,F,FR,Lyon,desktop,family,1884,documentary,27.6,PG-13,5766,audio,post_roll,healthcare,5.6,9,1,0,1,7.6,2,13.67,0.8,0.53,0.24,2024-06-19 08:00:00,8,2,6
548997,41.0,M,DE,Berlin,tablet,family,4251,documentary,49.1,PG-13,5523,native,sidebar,auto,7.74,11,1,0,1,56.3,6,17.65,1.35,0.89,0.4,2024-10-19 18:00:00,18,5,10
402528,30.0,M,FR,Lyon,smart_tv,basic,2786,news,15.0,PG,5176,native,pre_roll,gaming,4.45,5,1,0,1,9.8,2,9.27,0.35,0.23,0.1,2025-04-06 13:00:00,13,6,4
883435,38.0,M,FR,Paris,desktop,free,7578,drama,56.0,PG-13,5339,video,sidebar,retail,8.94,3,0,0,0,30.5,3,13.65,2.29,0.02,0.04,2024-11-02 03:00:00,3,5,11
197111,62.0,F,BR,Rio de Janeiro,mobile,family,9414,comedy,9.8,PG-13,5617,banner,pre_roll,finance,7.35,7,0,0,0,19.6,3,13.87,0.67,0.04,0.1,2024-03-13 11:00:00,11,2,3
437993,48.0,F,FR,Lyon,mobile,premium,1938,sports,24.8,PG,5179,video,pre_roll,healthcare,2.55,11,0,0,0,10.1,2,8.77,1.29,0.04,0.1,2024-06-22 14:00:00,14,5,6
513513,47.0,F,JP,Tokyo,desktop,basic,6581,drama,2.0,PG-13,5136,banner,pre_roll,retail,9.39,3,0,0,0,0.5,4,12.56,1.77,0.02,0.04,2025-08-11 18:00:00,18,0,8
260096,71.0,M,DE,Berlin,mobile,free,1522,documentary,51.1,R,5171,interstitial,pre_roll,cpg,4.95,4,0,0,0,29.9,2,11.51,0.41,0.02,0.05,2025-08-16 12:00:00,12,5,8
103980,41.0,M,IN,Mumbai,desktop,free,2184,drama,53.6,PG,5035,banner,mid_roll,tech,6.69,11,0,0,0,31.4,3,12.74,1.06,0.06,0.14,2024-09-20 15:00:00,15,4,9
844382,21.0,M,US,New York,desktop,free,9880,drama,51.2,PG-13,5981,banner,sidebar,gaming,6.65,6,2,1,1,18.5,2,11.88,1.57,20.0,0.54,2025-05-09 16:00:00,16,4,5
522719,58.0,F,BR,Rio de Janeiro,mobile,free,4026,comedy,58.0,PG-13,5318,interstitial,post_roll,cpg,4.83,10,0,0,0,29.2,3,14.23,1.42,0.06,0.14,2025-03-24 10:00:00,10,0,3
129664,67.0,M,JP,Tokyo,mobile,free,7667,news,57.6,PG-13,5565,interstitial,pre_roll,healthcare,4.62,9,0,0,0,40.5,5,9.2,1.61,0.03,0.08,2025-07-16 21:00:00,21,2,7
227800,37.0,M,JP,Tokyo,desktop,free,8552,kids,58.7,PG,5254,video,in_feed,travel,7.6,11,0,0,0,44.5,10,10.61,0.61,0.05,0.12,2025-06-23 06:00:00,6,0,6
349982,53.0,M,CA,Vancouver,mobile,family,8548,kids,35.3,R,5525,native,pre_roll,tech,6.92,7,0,0,0,11.3,2,12.65,0.9,0.04,0.09,2025-02-03 12:00:00,12,0,2
417669,13.0,M,US,New York,desktop,free,1020,news,34.5,PG-13,5710,audio,in_feed,cpg,10.82,7,0,0,0,20.5,4,4.68,1.41,0.01,0.03,2024-09-30 02:00:00,2,0,9
356310,65.0,M,CA,Toronto,mobile,premium,6098,comedy,8.3,PG,5771,banner,mid_roll,auto,5.9,5,0,0,0,6.1,3,13.22,2.04,0.03,0.07,2025-02-02 09:00:00,9,6,2
438808,53.0,M,US,New York,mobile,basic,7008,drama,46.8,R,5725,banner,sidebar,finance,3.07,6,0,0,0,8.3,4,10.22,1.18,0.02,0.06,2024-08-20 07:00:00,7,1,8
316402,34.0,F,IN,Mumbai,tablet,free,2349,comedy,42.2,R,5081,banner,in_feed,retail,2.82,1,0,0,0,16.1,2,2.47,0.79,0.0,0.0,2024-09-04 23:00:00,23,2,9
165239,69.0,Other,US,New York,tablet,family,2000,drama,42.6,PG-13,5520,native,mid_roll,retail,4.0,6,0,0,0,31.3,2,10.67,1.56,0.03,0.06,2025-01-23 17:00:00,17,3,1
987336,49.0,F,CA,Vancouver,mobile,free,9787,documentary,17.5,PG,5807,banner,mid_roll,gaming,9.06,10,0,0,0,18.1,2,15.26,1.92,0.06,0.15,2025-01-03 13:00:00,13,4,1
656100,33.0,F,UK,Manchester,mobile,basic,7726,news,31.4,R,5767,video,mid_roll,cpg,6.82,3,0,0,0,21.4,5,7.84,0.99,0.01,0.02,2025-01-08 17:00:00,17,2,1
275220,46.0,F,FR,Paris,desktop,family,5174,sports,61.1,PG,5447,video,post_roll,finance,5.06,5,1,0,1,49.5,8,14.41,1.43,0.89,0.29,2024-09-24 17:00:00,17,1,9
560125,44.0,M,US,New York,mobile,premium,5024,music,45.5,PG,5319,video,post_roll,gaming,20.83,5,1,1,1,24.6,6,10.93,1.67,23.53,0.31,2024-10-07 22:00:00,22,0,10
461174,45.0,M,IN,Bengaluru,desktop,premium,6443,drama,33.0,R,5807,banner,mid_roll,gaming,4.62,1,1,0,1,18.9,5,8.37,1.18,0.71,0.19,2024-03-06 12:00:00,12,2,3
694052,23.0,M,AU,Sydney,desktop,basic,3067,news,40.3,PG-13,5730,banner,in_feed,auto,8.04,11,0,0,0,26.7,1,7.48,1.47,0.03,0.08,2025-01-19 23:00:00,23,6,1
560525,64.0,M,FR,Lyon,desktop,free,6075,documentary,50.5,R,5093,native,in_feed,travel,5.12,10,2,0,1,50.1,3,12.19,1.36,1.68,0.53,2025-01-05 22:00:00,22,6,1
841757,20.0,F,BR,Rio de Janeiro,desktop,family,4516,sports,38.3,PG-13,5848,native,in_feed,auto,5.28,11,0,0,0,19.2,3,6.45,1.82,0.03,0.07,2025-07-19 02:00:00,2,5,7
228338,31.0,F,AU,Melbourne,mobile,premium,6874,news,27.7,PG,5242,audio,mid_roll,healthcare,5.14,5,0,0,0,28.1,5,9.91,0.54,0.02,0.05,2024-11-28 07:00:00,7,3,11
391586,42.0,M,AU,Melbourne,desktop,basic,4549,gaming,35.8,R,5833,native,sidebar,travel,11.1,8,0,0,0,14.1,2,9.09,1.5,0.03,0.07,2024-11-08 12:00:00,12,4,11
620293,61.0,M,IN,Hyderabad,mobile,family,4122,kids,21.9,G,5670,audio,pre_roll,travel,5.02,2,0,0,0,21.7,4,14.29,1.59,0.01,0.03,2024-04-06 13:00:00,13,5,4
555493,52.0,F,DE,Munich,tablet,premium,5643,comedy,2.6,PG,5788,banner,mid_roll,finance,3.92,8,0,0,0,4.9,6,11.75,0.72,0.04,0.09,2024-06-15 05:00:00,5,5,6
438530,33.0,M,US,Chicago,mobile,free,2939,gaming,44.8,R,5630,interstitial,in_feed,retail,9.26,8,0,0,0,42.3,3,13.64,1.59,0.04,0.11,2024-08-30 12:00:00,12,4,8
798528,72.0,M,US,Chicago,mobile,free,2818,sports,46.6,PG-13,5707,audio,in_feed,auto,11.39,3,0,0,0,28.0,2,16.27,1.48,0.02,0.05,2024-09-20 16:00:00,16,4,9
442680,21.0,M,IN,Unknown,mobile,free,3391,news,88.1,PG-13,5006,video,sidebar,travel,1.27,7,0,0,0,81.1,6,6.65,0.63,0.02,0.05,2024-09-12 20:00:00,20,3,9
418589,71.0,F,JP,Tokyo,desktop,family,2033,drama,73.8,G,5444,banner,post_roll,travel,2.31,5,0,0,0,78.3,5,9.63,1.65,0.02,0.05,2024-09-29 19:00:00,19,6,9
526956,45.0,M,IN,Bengaluru,smart_tv,premium,9709,news,16.0,PG-13,5666,video,in_feed,auto,2.4,3,0,0,0,0.5,1,2.91,1.47,0.0,0.01,2025-04-20 05:00:00,5,6,4
599837,39.0,M,UK,Manchester,mobile,free,2091,kids,47.4,PG,5787,audio,pre_roll,cpg,8.77,7,0,0,0,51.6,6,8.65,1.76,0.02,0.06,2024-05-10 19:00:00,19,4,5
263479,69.0,M,AU,Melbourne,mobile,free,8959,music,34.9,PG-13,5300,audio,in_feed,retail,15.49,5,0,0,0,17.2,3,14.01,1.83,0.03,0.07,2024-08-27 10:00:00,10,1,8
604888,67.0,M,IN,Mumbai,desktop,free,9888,news,14.6,PG,5664,interstitial,in_feed,healthcare,7.35,3,0,0,0,16.9,5,8.76,1.65,0.01,0.03,2024-05-27 22:00:00,22,0,5
331714,73.0,F,IN,Mumbai,mobile,free,1964,sports,46.0,PG,5720,video,pre_roll,healthcare,8.41,9,0,0,0,12.7,4,13.95,1.79,0.05,0.13,2024-08-14 05:00:00,5,2,8
332547,25.0,M,US,Seattle,tablet,basic,5906,sports,15.9,G,5103,interstitial,sidebar,travel,8.28,4,0,0,0,5.0,4,13.04,1.48,0.02,0.05,2025-03-05 15:00:00,15,2,3
675807,44.0,Unknown,FR,Lyon,desktop,premium,8163,drama,32.8,PG-13,5456,banner,pre_roll,auto,8.36,6,0,0,0,15.7,3,3.11,1.27,0.01,0.02,2024-03-26 06:00:00,6,1,3
579724,46.0,M,FR,Lyon,desktop,basic,5797,music,26.4,G,5872,native,pre_roll,tech,7.92,3,0,0,0,9.5,3,11.56,1.03,0.01,0.03,2024-08-31 07:00:00,7,5,8
931368,28.0,M,BR,Sao Paulo,desktop,basic,8874,gaming,21.4,PG,5615,video,mid_roll,tech,3.53,1,0,0,0,10.2,5,5.0,1.25,0.0,0.0,2024-03-13 18:00:00,18,2,3
318451,41.0,M,US,Chicago,tablet,premium,4243,documentary,46.7,PG-13,5819,audio,pre_roll,healthcare,8.84,3,0,0,0,18.2,2,11.5,1.0,0.01,0.03,2025-07-29 15:00:00,15,1,7
553051,24.0,M,DE,Munich,mobile,free,3979,drama,71.4,PG,5288,interstitial,post_roll,healthcare,5.63,4,0,0,0,54.3,5,10.23,1.92,0.02,0.04,2025-03-28 17:00:00,17,4,3
233740,36.0,M,BR,Rio de Janeiro,mobile,basic,8926,sports,43.6,PG,5792,audio,post_roll,healthcare,5.93,3,0,0,0,7.3,1,12.25,1.64,0.01,0.04,2024-07-10 13:00:00,13,2,7
428160,68.0,F,JP,Osaka,desktop,free,1616,news,37.4,R,5318,video,sidebar,travel,7.65,2,0,0,0,18.2,3,11.74,0.89,0.01,0.02,2024-06-16 00:00:00,0,6,6
817974,44.0,M,IN,Mumbai,desktop,premium,1984,comedy,2.0,PG-13,5868,banner,post_roll,healthcare,7.18,8,0,0,0,11.3,0,7.22,0.86,0.02,0.06,2024-04-23 10:00:00,10,1,4
554025,22.0,F,MX,Mexico City,desktop,premium,4876,sports,26.2,PG-13,5447,banner,pre_roll,travel,8.26,3,0,0,0,5.1,3,10.12,1.71,0.01,0.03,2024-11-11 08:00:00,8,0,11
875815,44.0,F,BR,Rio de Janeiro,desktop,premium,7524,sports,17.9,PG,5307,video,sidebar,gaming,7.65,8,0,0,0,31.1,5,7.79,1.13,0.02,0.06,2025-04-11 21:00:00,21,4,4
686117,37.0,Other,CA,Toronto,mobile,basic,9087,music,49.1,PG-13,5966,audio,mid_roll,tech,7.36,3,0,0,0,27.4,3,8.78,0.96,0.01,0.03,2025-01-10 11:00:00,11,4,1
822391,41.0,M,UK,London,mobile,free,3753,news,55.6,R,5786,native,pre_roll,healthcare,4.33,1,0,0,0,64.1,3,9.81,1.01,0.0,0.01,2025-06-19 18:00:00,18,3,6
216076,16.0,F,IN,Bengaluru,desktop,premium,9352,drama,13.6,PG,5501,native,pre_roll,gaming,11.28,4,1,0,1,0.5,8,9.95,0.92,0.57,0.18,2024-09-02 15:00:00,15,0,9
656250,39.0,F,DE,Berlin,mobile,free,3605,music,49.9,PG-13,5115,banner,in_feed,cpg,3.76,3,0,0,0,27.1,4,10.92,1.32,0.01,0.03,2024-07-29 04:00:00,4,0,7
887869,71.0,F,UK,Unknown,desktop,basic,1199,comedy,50.3,G,5759,interstitial,post_roll,gaming,5.55,2,0,0,0,43.9,5,8.56,1.75,0.01,0.02,2024-11-14 03:00:00,3,3,11
167170,63.0,M,IN,Hyderabad,tablet,free,6607,music,32.9,PG,5498,native,pre_roll,finance,12.36,3,0,0,0,13.3,9,11.29,2.02,0.01,0.03,2024-06-18 03:00:00,3,1,6
219760,44.0,M,BR,Sao Paulo,smart_tv,free,6481,documentary,57.7,PG,5865,audio,mid_roll,auto,12.91,2,0,0,0,42.5,6,9.8,1.5,0.01,0.02,2025-08-09 20:00:00,20,5,8
577724,25.0,F,CA,Toronto,mobile,free,3645,kids,22.3,G,5102,interstitial,in_feed,travel,9.21,9,0,0,0,9.7,4,12.0,0.74,0.04,0.11,2024-06-09 07:00:00,7,6,6
792885,59.0,M,JP,Tokyo,desktop,free,9864,gaming,59.6,PG,5615,audio,in_feed,auto,9.32,5,0,0,0,33.6,6,12.97,1.74,0.03,0.06,2024-11-14 14:00:00,14,3,11
956519,42.0,F,US,New York,smart_tv,premium,7007,comedy,47.0,PG,5403,banner,post_roll,healthcare,4.14,9,0,0,0,50.8,6,13.02,1.13,0.05,0.12,2024-12-07 21:00:00,21,5,12
632925,69.0,F,IN,Unknown,mobile,free,5933,gaming,48.1,PG,5974,video,mid_roll,auto,5.34,2,0,0,0,36.9,2,15.42,1.53,0.01,0.03,2024-03-31 19:00:00,19,6,3
915529,64.0,M,BR,Rio de Janeiro,mobile,free,9504,sports,50.7,PG-13,5332,native,in_feed,retail,2.86,6,0,0,0,37.2,6,5.03,0.79,0.01,0.03,2024-11-08 22:00:00,22,4,11
529612,64.0,M,MX,Mexico City,smart_tv,free,5934,news,39.8,PG,5485,audio,post_roll,auto,9.09,1,0,0,0,18.8,1,12.11,0.87,0.0,0.01,2024-11-01 12:00:00,12,4,11
826043,30.0,M,DE,Munich,smart_tv,free,7823,kids,17.2,PG-13,5874,audio,pre_roll,travel,3.44,9,0,0,0,9.2,1,9.04,1.66,0.03,0.08,2024-07-19 02:00:00,2,4,7
216925,28.0,F,JP,Tokyo,mobile,free,5894,documentary,64.6,R,5917,interstitial,pre_roll,travel,12.98,8,1,0,1,32.8,2,11.8,1.56,0.97,0.33,2024-05-09 02:00:00,2,3,5
724930,34.0,M,US,New York,mobile,free,5445,drama,16.8,R,5870,video,pre_roll,travel,5.25,1,0,0,0,7.7,2,3.89,0.95,0.0,0.0,2024-03-25 09:00:00,9,0,3
367079,73.0,M,US,New York,desktop,family,2636,gaming,33.3,G,5975,native,mid_roll,auto,2.71,10,0,0,0,18.6,2,18.37,1.33,0.07,0.18,2024-03-05 15:00:00,15,1,3
554921,32.0,M,IN,Mumbai,mobile,basic,4621,music,21.4,PG-13,5677,audio,sidebar,cpg,3.39,11,0,0,0,15.8,4,8.44,1.38,0.04,0.09,2024-11-16 00:00:00,0,5,11
884511,65.0,F,CA,Vancouver,mobile,family,5742,documentary,49.2,PG-13,5329,interstitial,mid_roll,finance,4.39,6,0,0,0,15.6,2,9.8,0.68,0.02,0.06,2024-04-18 12:00:00,12,3,4
494954,39.0,M,FR,Paris,mobile,premium,7325,music,42.6,PG-13,5373,native,sidebar,healthcare,4.53,5,0,0,0,31.0,6,16.5,0.43,0.03,0.08,2025-08-01 00:00:00,0,4,8
174162,31.0,F,DE,Berlin,mobile,family,5050,documentary,56.6,R,5559,banner,sidebar,auto,8.58,1,0,0,0,18.2,2,14.18,1.61,0.01,0.01,2024-07-11 03:00:00,3,3,7
632160,52.0,M,FR,Paris,smart_tv,free,8062,kids,40.7,PG-13,5001,native,post_roll,travel,9.2,3,0,0,0,17.0,2,13.96,1.08,0.02,0.04,2025-02-16 08:00:00,8,6,2
146424,45.0,F,IN,Mumbai,desktop,premium,1307,documentary,46.8,PG-13,5489,audio,sidebar,gaming,3.08,9,0,0,0,17.8,2,4.05,0.53,0.01,0.04,2025-02-27 16:00:00,16,3,2
525985,54.0,Unknown,US,New York,mobile,free,6756,sports,9.6,R,5630,video,pre_roll,tech,5.18,9,0,0,0,4.3,4,10.78,1.5,0.04,0.1,2024-11-23 13:00:00,13,5,11
264351,31.0,F,IN,Mumbai,tablet,basic,6725,sports,22.1,PG,5424,video,in_feed,cpg,12.57,1,1,0,0,9.0,2,13.8,1.78,0.01,0.01,2025-06-21 03:00:00,3,5,6
471468,72.0,M,BR,Sao Paulo,desktop,free,8548,music,2.0,R,5832,native,pre_roll,healthcare,9.66,3,0,0,0,12.3,3,13.27,1.2,0.02,0.04,2024-04-29 18:00:00,18,0,4
718877,16.0,M,CA,Vancouver,mobile,free,1445,comedy,39.4,R,5899,native,pre_roll,auto,4.06,11,2,0,1,17.2,6,13.93,1.07,1.35,0.47,2024-07-05 09:00:00,9,4,7
638345,53.0,M,UK,Manchester,mobile,family,4226,drama,45.2,R,5794,video,sidebar,auto,4.3,7,0,0,0,18.9,2,9.03,0.77,0.03,0.06,2024-07-15 07:00:00,7,0,7
303348,38.0,M,IN,Mumbai,mobile,basic,9118,sports,32.5,PG-13,5309,audio,in_feed,gaming,8.19,8,1,0,1,21.3,4,10.67,1.37,0.86,0.29,2024-05-13 02:00:00,2,0,5
925407,32.0,F,IN,Mumbai,mobile,free,2104,drama,41.1,PG,5673,audio,in_feed,auto,2.86,9,0,0,0,17.7,0,12.51,1.18,0.05,0.11,2024-08-07 04:00:00,4,2,8
251511,48.0,F,US,Austin,mobile,family,3150,music,39.5,G,5639,video,in_feed,retail,3.96,4,0,0,0,39.5,3,12.98,1.09,0.02,0.05,2024-08-16 20:00:00,20,4,8
296751,33.0,M,AU,Unknown,desktop,free,6000,comedy,17.8,PG-13,5574,audio,post_roll,healthcare,5.12,1,0,0,0,0.5,6,8.92,1.32,0.0,0.01,2025-04-17 23:00:00,23,3,4
699050,51.0,F,US,Seattle,mobile,basic,4634,comedy,41.2,PG-13,5006,interstitial,post_roll,healthcare,6.48,9,0,0,0,32.4,7,5.88,1.28,0.02,0.05,2024-08-10 21:00:00,21,5,8
222021,37.0,F,IN,Mumbai,desktop,free,1119,sports,9.2,PG,5795,native,in_feed,gaming,3.86,10,0,0,0,5.9,2,10.22,0.58,0.04,0.1,2025-06-17 10:00:00,10,1,6
983987,49.0,M,CA,Toronto,mobile,free,9365,gaming,40.7,PG-13,5153,audio,mid_roll,healthcare,4.12,6,1,0,1,20.6,2,6.73,1.29,0.79,0.23,2025-04-22 05:00:00,5,1,4
241713,48.0,M,US,New York,mobile,free,5501,drama,47.9,G,5993,audio,mid_roll,cpg,6.63,1,0,0,0,17.6,4,12.3,0.34,0.0,0.01,2025-06-30 21:00:00,21,0,6
446733,50.0,Other,AU,Sydney,smart_tv,free,5896,comedy,68.0,G,5987,video,post_roll,travel,8.58,7,0,0,0,40.8,4,8.65,1.23,0.02,0.06,2024-04-26 19:00:00,19,4,4
729265,65.0,F,JP,Osaka,desktop,basic,4005,news,38.9,PG-13,5521,audio,post_roll,gaming,8.34,4,0,0,0,24.0,2,12.17,1.08,0.02,0.05,2025-08-14 16:00:00,16,3,8
783170,33.0,F,AU,Sydney,mobile,free,4425,news,72.4,G,5126,banner,post_roll,cpg,3.12,5,1,0,1,63.6,3,12.09,0.82,0.52,0.18,2025-01-26 12:00:00,12,6,1
883035,44.0,F,US,Seattle,tablet,free,2584,kids,19.1,PG,5841,interstitial,in_feed,gaming,3.23,5,0,0,0,0.5,3,10.08,0.59,0.02,0.05,2025-08-13 11:00:00,11,2,8
551101,68.0,M,IN,Hyderabad,mobile,basic,6310,drama,50.2,PG,5805,video,pre_roll,travel,13.08,10,1,0,1,40.1,1,9.88,1.58,0.99,0.34,2024-09-08 14:00:00,14,6,9
790026,74.0,M,UK,London,smart_tv,basic,4063,documentary,38.8,PG,5814,native,post_roll,finance,9.99,6,1,0,1,22.1,3,4.73,1.68,1.02,0.28,2025-07-28 14:00:00,14,0,7
703027,54.0,F,BR,Rio de Janeiro,mobile,basic,6096,news,17.4,R,5252,native,pre_roll,auto,3.42,2,0,0,0,6.5,6,9.84,1.25,0.01,0.02,2025-01-12 20:00:00,20,6,1
463564,58.0,F,JP,Osaka,desktop,family,6257,sports,23.4,PG-13,5401,native,post_roll,auto,3.52,6,0,0,0,14.4,4,11.09,1.48,0.03,0.07,2024-04-08 18:00:00,18,0,4
255943,16.0,F,MX,Mexico City,mobile,free,3230,drama,33.1,R,5071,native,in_feed,cpg,6.36,6,0,0,0,12.3,0,6.05,1.03,0.01,0.04,2024-10-08 11:00:00,11,1,10
608705,62.0,M,US,Austin,mobile,free,7443,sports,49.5,R,5013,video,sidebar,tech,1.7,1,0,0,0,24.4,0,7.55,1.56,0.0,0.01,2024-05-14 09:00:00,9,1,5
800334,44.0,F,US,Seattle,tablet,free,8332,documentary,8.2,R,5136,banner,post_roll,cpg,2.56,2,0,0,0,20.6,1,8.66,1.13,0.01,0.02,2025-07-22 06:00:00,6,1,7
141747,44.0,M,BR,Sao Paulo,mobile,free,6446,gaming,67.8,PG-13,5559,native,sidebar,travel,2.47,9,0,0,0,45.6,3,13.63,1.18,0.05,0.12,2024-08-12 09:00:00,9,0,8
620774,63.0,M,US,Austin,smart_tv,basic,7625,kids,61.9,PG-13,5730,banner,mid_roll,travel,9.41,9,1,0,1,47.6,3,10.63,1.62,1.01,0.34,2024-06-29 01:00:00,1,5,6
518206,29.0,F,FR,Lyon,mobile,free,4015,kids,55.6,R,5281,video,sidebar,finance,5.24,9,1,0,1,22.2,0,10.98,0.77,0.5,0.21,2024-12-24 13:00:00,13,1,12
920425,19.0,M,DE,Berlin,smart_tv,family,3255,comedy,2.0,PG,5013,video,mid_roll,healthcare,5.14,7,1,0,1,0.5,2,5.67,1.2,0.74,0.22,2024-10-16 14:00:00,14,2,10
771007,70.0,F,US,Chicago,mobile,free,6507,comedy,2.0,R,5563,banner,mid_roll,travel,10.42,2,0,0,0,20.6,4,10.1,0.93,0.01,0.02,2024-04-22 08:00:00,8,0,4
822428,51.0,F,AU,Sydney,mobile,premium,5564,music,59.6,R,5348,interstitial,post_roll,healthcare,1.74,8,0,0,0,32.7,2,6.46,0.61,0.02,0.05,2025-05-15 21:00:00,21,3,5
812811,42.0,M,CA,Toronto,smart_tv,basic,1511,gaming,6.7,PG-13,5914,video,post_roll,tech,4.69,10,0,0,0,15.6,4,10.24,0.55,0.04,0.1,2025-05-31 17:00:00,17,5,5
422051,65.0,F,MX,Mexico City,mobile,free,1412,drama,9.5,G,5593,native,sidebar,tech,1.61,3,1,0,1,21.1,4,10.57,0.62,0.38,0.12,2025-04-06 04:00:00,4,6,4
650603,50.0,F,DE,Berlin,smart_tv,premium,4430,kids,34.4,PG-13,5223,banner,sidebar,retail,3.04,5,0,0,0,11.3,4,8.32,0.84,0.02,0.04,2025-01-28 01:00:00,1,1,1
306695,38.0,Other,AU,Melbourne,mobile,premium,9474,news,2.0,G,5238,audio,mid_roll,retail,8.43,3,0,0,0,0.5,2,7.24,1.51,0.01,0.02,2024-10-04 09:00:00,9,4,10
848852,15.0,F,CA,Toronto,smart_tv,premium,9544,news,15.1,PG-13,5462,banner,in_feed,healthcare,6.94,11,2,0,1,13.6,1,8.46,0.54,0.69,0.26,2024-12-18 21:00:00,21,2,12
400656,62.0,F,US,Seattle,mobile,basic,4686,documentary,14.1,G,5581,audio,post_roll,gaming,1.77,10,0,0,0,20.6,1,4.8,1.08,0.02,0.05,2024-12-07 08:00:00,8,5,12
410732,31.0,M,FR,Paris,mobile,free,7049,comedy,22.7,PG-13,5896,video,pre_roll,retail,5.22,8,0,0,0,0.5,4,13.56,0.88,0.04,0.11,2024-05-29 06:00:00,6,2,5
815436,61.0,M,UK,Manchester,smart_tv,basic,6493,documentary,54.1,PG,5789,audio,in_feed,retail,9.03,6,0,0,0,46.1,8,12.59,1.38,0.03,0.08,2024-04-14 04:00:00,4,6,4
179039,29.0,F,AU,Melbourne,mobile,free,6730,music,79.3,R,5620,banner,sidebar,travel,2.65,2,0,0,0,49.2,0,10.42,0.95,0.01,0.02,2024-07-15 18:00:00,18,0,7
842834,44.0,M,US,Chicago,desktop,premium,9289,documentary,44.7,PG-13,5205,audio,post_roll,cpg,3.28,10,2,1,1,32.8,0,11.31,1.5,4.85,0.56,2024-11-01 08:00:00,8,4,11
564496,26.0,M,BR,Sao Paulo,tablet,free,9356,kids,2.0,PG-13,5494,video,in_feed,tech,7.75,5,0,0,0,20.6,2,11.22,0.6,0.02,0.06,2024-05-26 13:00:00,13,6,5
111196,42.0,M,MX,Mexico City,desktop,free,7959,news,34.5,PG-13,5094,banner,in_feed,gaming,6.18,8,0,0,0,23.3,4,15.4,1.31,0.05,0.12,2024-04-27 14:00:00,14,5,4
993418,35.0,M,FR,Lyon,desktop,premium,5293,sports,62.6,PG,5598,native,sidebar,tech,4.84,8,0,0,0,37.8,6,12.35,0.58,0.04,0.1,2025-06-04 01:00:00,1,2,6
874512,68.0,F,UK,London,desktop,free,8424,music,15.8,PG,5497,audio,mid_roll,gaming,5.97,9,1,0,1,14.4,2,8.9,0.87,0.55,0.21,2024-09-19 11:00:00,11,3,9
901458,23.0,F,MX,Mexico City,desktop,free,2145,gaming,35.3,PG,5139,interstitial,sidebar,finance,3.26,2,0,0,0,21.4,2,7.49,1.6,0.01,0.01,2025-01-10 11:00:00,11,4,1
889663,61.0,M,BR,Rio de Janeiro,desktop,family,2421,gaming,2.0,G,5447,audio,pre_roll,travel,7.54,1,0,0,0,0.6,8,4.5,2.19,0.0,0.0,2024-12-08 23:00:00,23,6,12
888599,67.0,M,CA,Vancouver,desktop,premium,1307,news,2.0,PG-13,5287,video,in_feed,retail,8.47,10,0,0,0,0.5,0,8.83,0.66,0.04,0.09,2025-04-01 23:00:00,23,1,4
157781,44.0,F,US,Chicago,smart_tv,basic,3164,sports,11.1,PG,5089,native,pre_roll,travel,4.79,3,0,0,0,20.6,2,12.46,0.85,0.01,0.04,2025-04-04 11:00:00,11,4,4
645280,63.0,Other,BR,Rio de Janeiro,mobile,free,8350,news,31.6,G,5888,interstitial,in_feed,cpg,16.18,7,0,0,0,8.8,0,16.32,1.68,0.05,0.11,2024-08-07 20:00:00,20,2,8
585696,13.0,M,UK,London,mobile,premium,8319,gaming,40.8,PG,5060,audio,pre_roll,travel,7.9,6,0,0,0,46.7,5,9.91,1.66,0.02,0.06,2025-06-01 20:00:00,20,6,6
958612,71.0,M,US,New York,desktop,free,7027,documentary,7.3,R,5387,audio,sidebar,auto,2.29,8,1,0,1,2.5,1,9.62,0.9,0.57,0.21,2024-09-17 11:00:00,11,1,9
356341,41.0,M,UK,London,desktop,free,9478,documentary,27.5,PG,5022,banner,in_feed,cpg,2.84,5,1,0,1,19.9,0,13.28,1.51,0.93,0.29,2025-05-26 00:00:00,0,0,5
603394,27.0,M,US,New York,desktop,basic,9659,documentary,23.8,PG-13,5396,banner,mid_roll,cpg,9.43,1,0,0,0,15.3,1,14.37,1.21,0.01,0.01,2024-10-05 14:00:00,14,5,10
311152,54.0,M,US,New York,tablet,premium,5677,sports,30.5,R,5813,native,sidebar,cpg,1.43,2,0,0,0,11.8,3,7.87,1.02,0.01,0.02,2024-04-29 22:00:00,22,0,4
492292,68.0,F,UK,London,mobile,free,7187,gaming,31.4,PG-13,5081,native,mid_roll,tech,3.39,8,1,0,1,8.5,5,9.66,1.22,0.76,0.26,2025-04-15 09:00:00,9,1,4
260595,55.0,F,IN,Bengaluru,tablet,basic,9683,comedy,52.9,PG-13,5310,banner,in_feed,gaming,3.43,11,1,0,1,40.3,3,10.41,0.94,0.61,0.26,2024-03-17 06:00:00,6,6,3
692767,32.0,M,UK,London,mobile,basic,9027,gaming,4.1,PG-13,5263,interstitial,mid_roll,tech,4.41,8,0,0,0,0.6,2,5.99,1.35,0.02,0.05,2025-04-22 01:00:00,1,1,4
203691,21.0,F,UK,Manchester,desktop,premium,5093,documentary,23.9,PG,5018,interstitial,post_roll,cpg,7.54,2,0,0,0,22.1,2,12.13,1.81,0.01,0.02,2024-03-24 07:00:00,7,6,3
598543,54.0,Other,FR,Paris,tablet,free,8381,documentary,28.9,PG-13,5153,video,pre_roll,tech,10.17,2,0,0,0,0.5,2,10.35,1.66,0.01,0.02,2024-06-20 16:00:00,16,3,6
694584,42.0,F,BR,Unknown,desktop,free,7303,drama,35.8,R,5835,audio,mid_roll,cpg,3.62,3,0,0,0,29.0,5,11.02,0.66,0.01,0.03,2025-01-20 19:00:00,19,0,1
728231,17.0,Other,JP,Tokyo,desktop,premium,9676,documentary,49.8,PG-13,5308,audio,in_feed,auto,4.19,1,0,0,0,14.1,4,15.03,1.69,0.01,0.02,2025-07-22 10:00:00,10,1,7
229250,55.0,F,FR,Lyon,tablet,premium,3277,gaming,41.0,R,5641,banner,post_roll,travel,7.45,10,0,0,0,13.6,4,12.25,1.49,0.05,0.12,2024-10-07 13:00:00,13,0,10
439891,70.0,F,UK,London,mobile,free,3181,gaming,30.9,PG-13,5401,audio,mid_roll,tech,9.37,1,1,0,1,20.3,2,10.29,1.19,0.72,0.19,2024-05-05 03:00:00,3,6,5
472588,60.0,M,US,Austin,tablet,free,9860,sports,54.1,PG-13,5764,banner,in_feed,gaming,15.02,9,0,0,0,55.0,5,11.28,1.36,0.04,0.1,2024-07-04 18:00:00,18,3,7
976036,13.0,F,DE,Berlin,mobile,free,1149,sports,50.7,PG-13,5584,video,post_roll,gaming,11.69,7,1,1,1,40.3,2,10.82,1.14,14.59,0.25,2025-06-27 21:00:00,21,4,6
329830,32.0,F,UK,London,smart_tv,free,7411,comedy,53.9,PG,5960,video,post_roll,gaming,4.94,2,0,0,0,29.1,2,13.43,1.3,0.01,0.03,2025-03-28 10:00:00,10,4,3
948162,65.0,F,US,New York,desktop,family,7582,comedy,44.6,PG-13,5811,video,pre_roll,auto,6.23,1,0,0,0,10.6,1,17.5,1.04,0.01,0.02,2024-04-24 05:00:00,5,2,4
322365,26.0,F,US,Chicago,desktop,premium,7491,comedy,36.5,PG-13,5585,interstitial,mid_roll,finance,3.94,9,0,0,0,26.0,3,7.42,1.72,0.03,0.07,2024-09-24 20:00:00,20,1,9
822685,44.0,Unknown,AU,Sydney,tablet,free,7633,comedy,49.5,PG,5822,interstitial,in_feed,tech,4.6,10,1,0,1,33.7,9,10.3,1.05,0.67,0.26,2024-07-21 20:00:00,20,6,7
780748,46.0,M,MX,Mexico City,desktop,family,1151,kids,18.4,PG-13,5677,interstitial,post_roll,retail,3.93,2,0,0,0,0.5,3,11.84,0.05,0.01,0.02,2024-06-05 00:00:00,0,2,6
131043,60.0,F,AU,Melbourne,desktop,basic,9950,sports,3.6,R,5815,interstitial,pre_roll,cpg,2.52,2,0,0,0,5.8,1,12.75,0.89,0.01,0.03,2025-06-01 02:00:00,2,6,6
648747,17.0,F,DE,Berlin,mobile,free,5018,gaming,43.2,R,5051,native,sidebar,gaming,6.9,10,0,0,0,47.0,4,7.3,0.77,0.03,0.07,2025-01-28 13:00:00,13,1,1
337028,38.0,M,MX,Guadalajara,desktop,basic,1983,kids,29.8,PG-13,5454,audio,mid_roll,travel,1.52,9,2,0,1,14.3,2,7.2,0.62,0.77,0.25,2024-06-05 22:00:00,22,2,6
132574,70.0,F,BR,Sao Paulo,mobile,free,4340,music,2.0,PG,5201,native,sidebar,retail,6.04,7,0,0,0,2.4,2,12.05,1.81,0.03,0.08,2025-02-15 09:00:00,9,5,2
941783,27.0,F,US,Seattle,desktop,premium,9744,music,51.7,G,5974,audio,mid_roll,retail,2.04,5,0,0,0,31.2,1,13.13,1.14,0.03,0.07,2024-10-10 07:00:00,7,3,10
783945,44.0,M,IN,Hyderabad,tablet,basic,4544,gaming,56.0,G,5716,native,sidebar,cpg,5.86,4,0,0,0,34.4,3,8.97,1.81,0.01,0.04,2024-04-03 04:00:00,4,2,4
830193,26.0,M,US,New York,desktop,basic,1630,documentary,28.2,R,5047,banner,sidebar,auto,1.55,2,0,0,0,30.6,1,8.95,0.66,0.01,0.02,2024-10-29 22:00:00,22,1,10
674440,45.0,M,DE,Munich,mobile,family,6880,music,35.1,PG,5269,interstitial,mid_roll,finance,7.68,3,0,0,0,23.7,4,7.97,1.13,0.01,0.02,2024-06-09 00:00:00,0,6,6
327699,45.0,F,CA,Toronto,mobile,family,1891,news,31.5,PG-13,5222,interstitial,in_feed,auto,4.45,5,0,0,0,21.0,4,7.01,1.35,0.01,0.04,2024-07-11 10:00:00,10,3,7
669608,62.0,F,JP,Osaka,tablet,basic,6829,kids,21.3,G,5165,interstitial,mid_roll,travel,11.01,1,0,0,0,13.3,2,12.11,2.43,0.0,0.01,2025-06-18 15:00:00,15,2,6
614968,57.0,F,JP,Unknown,tablet,free,1670,comedy,15.0,PG,5266,audio,in_feed,gaming,7.78,3,0,0,0,8.4,3,10.37,1.94,0.01,0.03,2025-03-19 12:00:00,12,2,3
699987,14.0,M,CA,Vancouver,desktop,free,7468,documentary,45.1,PG-13,5463,native,pre_roll,healthcare,1.43,7,0,0,0,22.4,7,10.72,0.98,0.03,0.08,2024-05-12 09:00:00,9,6,5
124211,70.0,Unknown,IN,Mumbai,mobile,premium,9730,drama,14.2,PG-13,5467,interstitial,post_roll,tech,10.22,6,0,0,0,0.5,2,7.54,1.44,0.02,0.05,2025-06-03 17:00:00,17,1,6
549086,28.0,M,US,Austin,smart_tv,premium,4947,gaming,36.6,PG,5512,audio,pre_roll,tech,3.74,8,1,0,1,32.3,0,4.45,1.71,1.04,0.29,2025-01-05 03:00:00,3,6,1
845924,24.0,F,BR,Sao Paulo,mobile,free,3247,sports,20.2,PG-13,5885,interstitial,post_roll,gaming,11.14,7,0,0,0,19.2,3,11.93,0.97,0.03,0.08,2025-06-16 06:00:00,6,0,6
480286,44.0,F,US,Chicago,tablet,free,6180,news,38.7,PG-13,5372,native,pre_roll,auto,5.41,10,2,0,1,27.0,1,9.82,2.03,2.48,0.71,2025-04-08 10:00:00,10,1,4
544782,70.0,M,US,Chicago,desktop,free,8350,music,30.0,PG,5966,banner,post_roll,auto,10.24,2,0,0,0,13.9,3,12.33,1.14,0.01,0.02,2024-08-31 05:00:00,5,5,8
915004,29.0,F,FR,Lyon,mobile,basic,7691,kids,72.5,G,5368,video,pre_roll,gaming,4.21,3,0,0,0,95.0,8,5.5,1.26,0.01,0.02,2024-12-14 19:00:00,19,5,12
541399,45.0,F,US,New York,tablet,free,6781,comedy,39.2,R,5931,video,sidebar,healthcare,3.3,8,0,0,0,37.7,11,7.27,1.09,0.02,0.06,2024-12-12 15:00:00,15,3,12
523603,74.0,M,UK,London,mobile,free,8961,music,49.7,PG-13,5418,interstitial,mid_roll,finance,5.75,10,0,0,0,37.1,6,9.73,0.83,0.04,0.1,2025-03-24 18:00:00,18,0,3
225773,45.0,F,BR,Sao Paulo,desktop,free,5807,news,38.3,PG-13,5394,native,post_roll,retail,4.85,10,1,0,1,11.4,3,5.63,1.33,0.82,0.26,2024-07-13 03:00:00,3,5,7
495323,41.0,F,UK,Manchester,mobile,free,4811,sports,36.3,PG-13,5400,video,in_feed,retail,3.17,11,0,0,0,30.1,6,5.37,1.33,0.02,0.06,2024-08-27 20:00:00,20,1,8
130634,47.0,M,JP,Osaka,mobile,free,1000,comedy,41.8,R,5796,video,mid_roll,retail,7.39,1,0,0,0,33.5,1,13.66,1.88,0.01,0.01,2024-07-11 04:00:00,4,3,7
854408,33.0,M,UK,London,mobile,free,2914,kids,56.0,G,5598,banner,sidebar,retail,4.37,4,0,0,0,43.7,3,12.39,0.72,0.02,0.05,2024-08-07 22:00:00,22,2,8
949659,14.0,F,US,New York,desktop,basic,7396,sports,25.0,PG-13,5293,audio,pre_roll,finance,3.79,2,0,0,0,20.4,1,10.32,2.2,0.01,0.02,2024-05-27 01:00:00,1,0,5
565829,51.0,M,US,Chicago,tablet,basic,5015,documentary,47.0,R,5790,native,post_roll,retail,0.87,9,1,0,1,38.5,2,7.08,0.86,0.54,0.19,2024-03-20 17:00:00,17,2,3
757847,71.0,M,BR,Sao Paulo,mobile,basic,2873,comedy,34.3,PG,5434,video,in_feed,finance,3.26,3,0,0,0,14.5,2,7.07,0.59,0.01,0.02,2025-07-21 14:00:00,14,0,7
634051,28.0,F,IN,Mumbai,mobile,premium,4209,drama,48.0,G,5395,banner,sidebar,gaming,2.39,2,0,0,0,29.7,5,10.94,1.44,0.01,0.02,2024-04-10 03:00:00,3,2,4
335780,42.0,F,UK,London,desktop,free,8427,gaming,29.2,G,5081,video,sidebar,gaming,5.2,8,1,0,1,20.3,2,4.59,0.52,0.33,0.11,2025-06-23 12:00:00,12,0,6
290094,30.0,M,AU,Sydney,mobile,free,5632,documentary,31.2,PG,5500,banner,pre_roll,cpg,2.0,5,0,0,0,19.0,0,6.95,0.8,0.01,0.03,2024-03-02 15:00:00,15,5,3
122128,23.0,F,DE,Berlin,mobile,family,4919,sports,15.5,G,5266,audio,mid_roll,retail,8.03,3,2,0,1,12.4,2,10.66,1.19,1.44,0.39,2025-04-24 18:00:00,18,3,4
760057,72.0,M,FR,Paris,desktop,basic,6844,comedy,12.9,PG-13,5523,audio,pre_roll,retail,3.14,2,0,0,0,3.4,3,9.9,1.29,0.01,0.02,2024-08-25 08:00:00,8,6,8
672337,50.0,F,US,Chicago,mobile,premium,8865,documentary,26.4,PG,5044,banner,sidebar,travel,4.97,3,0,0,0,13.0,4,9.39,1.15,0.01,0.03,2024-12-05 12:00:00,12,3,12
265880,24.0,Other,IN,Hyderabad,desktop,family,4645,sports,49.5,PG-13,5402,interstitial,in_feed,finance,5.22,6,0,0,0,36.7,4,7.35,0.95,0.02,0.04,2024-07-31 09:00:00,9,2,7
882005,31.0,F,IN,Bengaluru,desktop,basic,3811,comedy,26.3,PG-13,5842,banner,in_feed,gaming,4.15,8,2,0,1,21.2,6,4.38,0.61,0.75,0.22,2024-11-20 22:00:00,22,2,11
155180,18.0,F,BR,Sao Paulo,tablet,premium,3873,comedy,38.6,PG,5514,audio,mid_roll,gaming,4.51,10,0,0,0,38.7,3,7.55,1.11,0.03,0.08,2024-10-30 20:00:00,20,2,10
523264,44.0,F,DE,Munich,tablet,free,4454,sports,78.4,PG-13,5107,banner,post_roll,cpg,7.61,10,0,0,0,64.9,5,16.59,0.97,0.07,0.17,2024-12-12 01:00:00,1,3,12
118297,64.0,M,US,Austin,desktop,premium,1685,comedy,85.5,R,5920,audio,mid_roll,auto,2.31,6,1,0,1,62.3,5,6.34,0.71,0.44,0.14,2024-09-29 08:00:00,8,6,9
699454,45.0,F,JP,Osaka,desktop,basic,2708,music,40.6,R,5675,banner,pre_roll,gaming,3.36,6,0,0,0,64.7,5,10.59,1.27,0.03,0.06,2024-12-15 17:00:00,17,6,12
532849,72.0,F,JP,Osaka,desktop,free,7184,music,56.6,G,5501,audio,sidebar,auto,6.83,7,1,0,1,33.1,1,10.96,0.72,0.46,0.18,2025-05-20 17:00:00,17,1,5
958108,61.0,F,UK,London,desktop,premium,7723,sports,73.1,PG,5714,native,in_feed,travel,1.71,7,0,0,0,52.3,5,6.68,0.58,0.02,0.05,2024-10-21 15:00:00,15,0,10
664574,55.0,F,US,New York,desktop,free,9826,documentary,25.3,PG-13,5367,native,post_roll,healthcare,7.7,11,1,0,1,4.0,4,11.54,0.89,0.58,0.26,2024-09-12 03:00:00,3,3,9
535271,37.0,F,FR,Lyon,tablet,free,3958,documentary,2.0,PG-13,5516,audio,pre_roll,tech,3.62,10,0,0,0,0.5,2,4.12,0.99,0.02,0.04,2024-05-11 03:00:00,3,5,5
487919,38.0,F,CA,Toronto,mobile,free,3226,news,9.5,G,5763,native,sidebar,tech,4.34,9,0,0,0,0.6,2,10.52,1.09,0.04,0.09,2024-09-11 05:00:00,5,2,9
831165,39.0,M,BR,Rio de Janeiro,desktop,family,8357,drama,16.4,R,5754,native,pre_roll,cpg,6.19,10,2,1,1,20.6,3,8.48,1.07,4.32,0.41,2024-05-07 20:00:00,20,1,5
847190,54.0,F,UK,Manchester,mobile,family,5795,news,2.0,PG-13,5996,audio,in_feed,cpg,2.94,3,0,0,0,0.5,6,8.5,1.41,0.01,0.03,2024-06-07 13:00:00,13,4,6
412376,36.0,M,JP,Tokyo,mobile,premium,1782,sports,46.9,PG-13,5495,interstitial,sidebar,healthcare,2.11,7,0,0,0,22.1,2,6.65,0.89,0.02,0.05,2025-07-28 05:00:00,5,0,7
946832,38.0,F,CA,Toronto,desktop,premium,2752,gaming,65.6,PG,5107,banner,post_roll,travel,6.76,10,1,0,1,56.0,5,7.12,1.76,1.08,0.34,2024-04-18 06:00:00,6,3,4
111107,51.0,F,DE,Munich,desktop,free,2253,comedy,50.7,PG,5034,interstitial,pre_roll,healthcare,3.93,2,0,0,0,33.5,6,9.52,1.26,0.01,0.02,2024-11-16 07:00:00,7,5,11
857712,74.0,M,BR,Sao Paulo,mobile,basic,4015,kids,44.6,PG-13,5036,interstitial,post_roll,travel,2.9,10,1,0,1,2.9,1,2.56,0.78,0.48,0.14,2025-05-25 12:00:00,12,6,5
867582,68.0,F,IN,Mumbai,mobile,premium,5443,documentary,24.5,R,5310,interstitial,mid_roll,tech,6.31,4,0,0,0,15.4,5,15.43,1.16,0.02,0.06,2025-07-28 17:00:00,17,0,7
434585,15.0,M,MX,Guadalajara,mobile,premium,9997,gaming,6.9,G,5908,video,mid_roll,auto,4.85,10,0,0,0,6.5,3,10.76,1.07,0.04,0.11,2024-05-19 05:00:00,5,6,5
954325,27.0,M,US,Chicago,desktop,basic,5579,gaming,49.3,R,5631,video,sidebar,retail,12.76,4,0,0,0,26.8,7,13.21,2.01,0.02,0.05,2024-05-28 07:00:00,7,1,5
537037,27.0,F,BR,Sao Paulo,mobile,premium,5377,sports,16.0,PG-13,5359,audio,post_roll,auto,2.12,7,1,0,1,5.6,6,4.69,1.67,1.02,0.28,2024-09-18 04:00:00,4,2,9
152071,27.0,F,AU,Sydney,tablet,premium,7435,kids,21.8,PG-13,5780,video,in_feed,finance,2.95,10,0,0,0,14.0,3,10.25,1.35,0.04,0.1,2024-12-25 09:00:00,9,2,12
414303,42.0,M,US,Chicago,mobile,free,9545,music,2.0,PG-13,5530,native,in_feed,cpg,4.48,7,0,0,0,0.5,2,9.75,1.39,0.03,0.07,2025-08-01 07:00:00,7,4,8
684401,47.0,Other,AU,Melbourne,mobile,family,6177,kids,19.6,R,5801,audio,sidebar,retail,3.15,1,0,0,0,0.5,2,6.86,0.97,0.0,0.01,2024-06-21 04:00:00,4,4,6
542298,62.0,M,US,Chicago,mobile,free,7427,documentary,24.1,PG-13,5287,banner,in_feed,finance,4.81,5,0,0,0,21.8,4,9.96,1.42,0.02,0.05,2024-05-28 18:00:00,18,1,5
737022,34.0,M,IN,Hyderabad,mobile,family,6098,comedy,45.6,PG,5249,video,sidebar,cpg,7.99,1,0,0,0,19.2,7,11.48,1.42,0.0,0.01,2024-07-15 17:00:00,17,0,7
868910,39.0,F,US,Austin,mobile,family,4190,music,35.4,PG,5582,video,sidebar,auto,4.29,2,0,0,0,6.6,4,13.34,1.44,0.01,0.03,2025-06-16 03:00:00,3,0,6
879550,19.0,F,IN,Hyderabad,mobile,basic,9162,comedy,2.0,PG-13,5614,banner,sidebar,travel,6.15,8,0,0,0,8.2,2,8.04,1.37,0.03,0.06,2024-03-17 05:00:00,5,6,3
677231,17.0,Other,BR,Sao Paulo,mobile,free,5296,comedy,2.0,PG,5981,audio,post_roll,finance,3.58,2,0,0,0,0.5,1,6.45,1.69,0.01,0.01,2024-09-22 06:00:00,6,6,9
706993,71.0,F,UK,Manchester,mobile,free,4455,music,39.7,R,5110,native,sidebar,auto,6.89,10,0,0,0,35.1,3,8.58,1.53,0.03,0.09,2024-05-04 05:00:00,5,5,5
272069,64.0,M,IN,Hyderabad,mobile,basic,1743,documentary,31.8,PG,5374,video,in_feed,gaming,2.7,11,1,0,1,29.4,4,4.36,1.84,1.12,0.32,2024-05-24 19:00:00,19,4,5
839458,30.0,F,BR,Rio de Janeiro,mobile,free,5931,gaming,2.0,PG,5450,video,pre_roll,tech,5.74,11,0,0,0,5.7,1,6.42,0.5,0.7323288866379237,0.07,2025-07-09 02:00:00,2,2,7
622157,35.0,M,IN,Mumbai,mobile,family,9693,documentary,47.8,PG-13,5611,audio,mid_roll,finance,1.18,10,0,0,0,20.2,1,7.05,0.66,0.03,0.07,2024-03-01 21:00:00,21,4,3
760500,43.0,F,AU,Sydney,desktop,basic,6332,documentary,11.9,PG,5924,video,mid_roll,cpg,1.31,9,1,0,1,2.3,5,13.9,1.75,1.1,0.39,2024-08-21 15:00:00,15,2,8
499737,64.0,M,IN,Bengaluru,mobile,basic,2463,music,25.7,PG-13,5519,banner,mid_roll,auto,1.59,3,0,0,0,11.0,4,6.32,0.5,0.01,0.02,2025-07-08 07:00:00,7,1,7
443909,51.0,F,FR,Lyon,tablet,basic,3742,sports,49.5,G,5993,audio,pre_roll,cpg,5.05,10,1,1,1,30.2,4,14.07,0.85,14.77,0.27,2025-01-23 09:00:00,9,3,1
755426,48.0,F,DE,Munich,desktop,family,9406,comedy,58.5,PG-13,5136,banner,sidebar,travel,6.31,5,0,0,0,43.4,4,11.48,1.14,0.02,0.06,2024-04-08 17:00:00,17,0,4
220308,59.0,F,UK,London,mobile,family,1386,news,22.2,PG,5129,audio,pre_roll,tech,2.68,7,1,0,1,8.1,2,11.21,0.76,0.49,0.19,2024-11-07 02:00:00,2,3,11
296960,24.0,M,IN,Mumbai,smart_tv,free,5602,documentary,54.0,R,5639,video,pre_roll,gaming,8.31,8,0,0,0,17.2,1,7.19,1.28,0.02,0.06,2025-08-07 07:00:00,7,3,8
905073,24.0,F,JP,Tokyo,desktop,premium,7001,gaming,40.9,PG-13,5371,interstitial,sidebar,cpg,11.01,9,1,0,1,24.1,2,10.81,1.38,0.87,0.3,2024-10-03 05:00:00,5,3,10
527825,55.0,F,MX,Unknown,mobile,free,7014,drama,10.0,R,5367,native,post_roll,gaming,8.88,10,0,0,0,20.6,3,10.93,1.15,0.04,0.11,2024-12-11 11:00:00,11,2,12
956506,73.0,M,FR,Lyon,desktop,premium,7619,documentary,31.9,PG-13,5932,banner,mid_roll,auto,12.39,2,1,0,1,19.6,3,6.93,0.75,0.46,0.13,2024-12-13 05:00:00,5,4,12
578517,30.0,Unknown,CA,Toronto,console,premium,2995,documentary,37.1,R,5695,banner,sidebar,auto,5.17,1,0,0,0,9.0,2,13.35,0.95,0.01,0.01,2025-02-20 15:00:00,15,3,2
121395,49.0,M,UK,Manchester,mobile,free,7413,news,2.7,PG-13,5369,audio,post_roll,healthcare,8.16,11,0,0,0,0.5,2,12.4,0.98,0.05,0.14,2024-06-10 02:00:00,2,0,6
699460,66.0,F,BR,Sao Paulo,desktop,free,8017,news,18.3,PG,5253,native,in_feed,tech,6.33,3,0,0,0,5.3,1,9.83,1.52,0.01,0.03,2025-05-28 10:00:00,10,2,5
733991,16.0,M,JP,Osaka,mobile,free,3092,gaming,41.7,PG-13,5714,native,pre_roll,cpg,5.87,9,0,0,0,44.9,3,4.85,1.13,0.02,0.04,2025-08-16 20:00:00,20,5,8
843014,58.0,F,MX,Mexico City,mobile,premium,8511,sports,27.3,R,5168,banner,in_feed,healthcare,5.94,1,0,0,0,26.3,4,11.83,1.52,0.0,0.01,2024-05-16 23:00:00,23,3,5
188128,37.0,M,BR,Rio de Janeiro,mobile,basic,2320,kids,14.2,PG,5216,native,in_feed,healthcare,7.03,11,1,1,1,11.0,1,12.43,1.25,34.13005000000005,0.32,2025-05-16 21:00:00,21,4,5
603890,60.0,M,US,New York,smart_tv,free,6235,sports,49.8,PG,5814,video,mid_roll,auto,6.46,11,0,0,0,23.5,3,11.11,1.37,0.05,0.12,2025-05-16 03:00:00,3,4,5
737411,14.0,M,US,Chicago,tablet,family,1473,drama,81.9,R,5059,video,sidebar,retail,1.22,4,0,0,0,73.8,3,14.67,0.7,0.02,0.06,2025-04-05 11:00:00,11,5,4
159496,47.0,M,US,Chicago,smart_tv,free,4933,kids,52.0,PG-13,5424,audio,in_feed,gaming,3.36,10,1,0,1,12.0,1,10.42,1.23,0.78,0.29,2024-09-17 06:00:00,6,1,9
292584,26.0,F,FR,Paris,mobile,premium,1111,gaming,45.3,PG-13,5134,video,post_roll,retail,4.14,4,2,0,1,40.7,8,9.4,1.15,1.4,0.38,2024-11-09 03:00:00,3,5,11
882621,29.0,F,IN,Hyderabad,mobile,free,8293,comedy,63.2,PG,5401,interstitial,post_roll,auto,6.82,10,3,0,1,95.05050000000048,6,8.83,1.26,2.3,0.66,2025-05-28 04:00:00,4,2,5
979774,39.0,M,MX,Guadalajara,mobile,free,5273,comedy,29.5,PG-13,5921,audio,pre_roll,gaming,2.87,4,0,0,0,5.3,3,10.95,0.96,0.02,0.04,2024-05-22 13:00:00,13,2,5
291956,70.0,Other,AU,Sydney,mobile,free,6768,sports,50.5,PG,5867,audio,in_feed,auto,3.98,3,0,0,0,31.5,1,9.82,0.7,0.01,0.03,2025-05-22 12:00:00,12,3,5
769047,55.0,M,IN,Unknown,desktop,free,9780,kids,53.0,PG,5127,native,post_roll,travel,7.79,11,0,0,0,14.1,1,11.15,1.92,0.05,0.12,2025-07-11 03:00:00,3,4,7
649418,45.0,M,US,Seattle,mobile,basic,3132,documentary,56.7,G,5948,audio,sidebar,auto,3.89,8,0,0,0,34.4,1,13.82,1.29,0.04,0.11,2025-03-04 05:00:00,5,1,3
732014,74.0,M,CA,Vancouver,mobile,basic,8748,gaming,33.9,PG-13,5425,native,mid_roll,finance,3.57,7,0,0,0,30.7,2,11.87,2.02,0.03,0.08,2024-09-01 08:00:00,8,6,9
681465,56.0,F,BR,Sao Paulo,mobile,free,8080,drama,46.9,PG-13,5350,interstitial,in_feed,healthcare,7.28,3,0,0,0,41.9,6,5.84,1.35,0.01,0.02,2024-12-27 22:00:00,22,4,12
296815,22.0,M,UK,Manchester,mobile,basic,3762,comedy,13.6,PG-13,5299,native,mid_roll,tech,4.44,8,0,0,0,0.5,3,12.61,1.49,0.04,0.1,2024-03-28 01:00:00,1,3,3
114466,13.0,M,JP,Tokyo,mobile,basic,3373,news,47.9,PG,5597,banner,mid_roll,gaming,8.91,6,0,0,0,24.6,4,9.1,0.97,0.02,0.05,2025-07-17 04:00:00,4,3,7
314504,43.0,M,IN,Hyderabad,desktop,free,3670,news,19.0,PG-13,5792,banner,sidebar,tech,5.64,1,0,0,0,3.3,0,9.05,0.52,0.0,0.01,2024-09-01 21:00:00,21,6,9
389341,49.0,M,IN,Mumbai,tablet,family,4033,sports,34.3,PG,5544,audio,pre_roll,travel,13.47,1,0,0,0,23.1,1,11.92,1.44,0.0,0.01,2024-03-31 19:00:00,19,6,3
600031,56.0,M,CA,Toronto,desktop,family,8114,music,48.0,PG,5418,native,mid_roll,gaming,3.38,3,0,0,0,38.4,1,7.57,2.03,0.01,0.02,2025-05-04 00:00:00,0,6,5
464709,45.0,M,UK,London,mobile,family,2281,kids,46.3,PG,5940,banner,post_roll,gaming,5.33,7,0,0,0,21.5,1,10.4,0.33,0.03,0.07,2025-02-19 01:00:00,1,2,2
244549,38.0,M,MX,Guadalajara,mobile,free,8355,gaming,29.7,PG-13,5623,audio,mid_roll,gaming,9.98,2,0,0,0,6.7,3,6.9,2.09,0.01,0.01,2025-01-31 06:00:00,6,4,1
995538,44.0,F,CA,Toronto,mobile,family,9521,sports,29.8,PG,5767,video,pre_roll,travel,6.65,1,0,0,0,22.4,0,9.87,1.3,0.0,0.01,2024-03-30 05:00:00,5,5,3
385771,51.0,M,BR,Rio de Janeiro,mobile,free,3064,gaming,43.1,PG,5860,interstitial,in_feed,tech,4.48,11,0,0,0,35.5,2,6.83,1.32,0.03,0.08,2025-04-10 10:00:00,10,3,4
507599,44.0,F,IN,Bengaluru,mobile,family,7971,sports,62.9,PG,5847,banner,sidebar,gaming,4.16,7,0,0,0,56.6,6,7.01,0.75,0.02,0.05,2025-02-08 03:00:00,3,5,2
923950,24.0,F,AU,Melbourne,mobile,basic,5516,documentary,37.8,PG,5733,interstitial,in_feed,travel,9.99,4,0,0,0,19.0,3,18.81,1.6,0.03,0.08,2025-05-03 13:00:00,13,5,5
675292,15.0,M,IN,Hyderabad,mobile,premium,3687,music,30.0,PG-13,5688,video,sidebar,gaming,5.56,2,0,0,0,16.9,4,10.89,1.24,0.01,0.02,2025-05-21 18:00:00,18,2,5
509290,26.0,M,JP,Osaka,mobile,basic,5941,gaming,27.3,PG,5610,native,mid_roll,cpg,12.12,4,0,0,0,19.9,3,8.01,1.34,0.01,0.03,2024-06-23 10:00:00,10,6,6
216041,24.0,F,US,Seattle,mobile,basic,3668,drama,30.6,PG,5520,interstitial,post_roll,finance,4.6,9,1,0,1,16.1,1,13.85,1.22,0.78,0.31,2024-06-22 17:00:00,17,5,6
407250,54.0,F,US,New York,smart_tv,premium,2063,comedy,29.6,PG,5106,audio,post_roll,cpg,4.65,6,0,0,0,24.5,3,14.78,0.87,0.04,0.09,2025-07-12 20:00:00,20,5,7
983307,54.0,F,DE,Berlin,tablet,family,9904,drama,47.5,G,5042,video,mid_roll,gaming,3.15,8,1,0,1,35.1,6,8.18,0.5,0.33,0.14,2024-12-12 18:00:00,18,3,12
871749,52.0,M,IN,Mumbai,smart_tv,free,8543,drama,2.0,PG,5774,banner,mid_roll,healthcare,5.28,4,0,0,0,5.8,5,3.16,1.17,0.01,0.01,2024-10-23 12:00:00,12,2,10
430782,42.0,F,US,Seattle,mobile,free,7308,comedy,57.4,PG-13,5201,audio,pre_roll,auto,4.93,3,0,0,0,30.4,4,8.6,1.22,0.01,0.03,2024-08-03 02:00:00,2,5,8
701470,44.0,F,JP,Tokyo,mobile,basic,2965,drama,21.2,R,5167,video,post_roll,healthcare,7.65,9,0,0,0,15.8,4,9.8,1.42,0.04,0.09,2025-02-09 01:00:00,1,6,2
312487,53.0,Other,UK,London,desktop,premium,9234,comedy,68.8,G,5440,native,post_roll,gaming,6.66,11,2,0,1,38.4,2,13.98,1.02,1.29,0.46,2025-04-12 03:00:00,3,5,4
505953,44.0,F,MX,Mexico City,desktop,basic,3513,comedy,39.9,PG-13,5273,banner,in_feed,auto,4.21,10,1,0,1,27.3,3,6.21,1.35,0.83,0.26,2024-03-02 05:00:00,5,5,3
601742,56.0,M,MX,Mexico City,desktop,free,6188,documentary,73.0,R,5303,native,in_feed,finance,5.42,6,0,0,0,37.5,2,10.35,1.25,0.02,0.06,2024-12-24 10:00:00,10,1,12
793226,48.0,F,IN,Bengaluru,desktop,free,4131,gaming,16.2,PG,5773,native,pre_roll,gaming,4.02,2,0,0,0,0.5,6,10.84,0.98,0.01,0.02,2025-08-19 10:00:00,10,1,8
449867,60.0,M,US,New York,mobile,free,8480,gaming,2.0,PG,5408,video,mid_roll,retail,7.47,10,0,0,0,12.0,5,12.35,1.29,0.05,0.12,2024-07-30 13:00:00,13,1,7
291035,59.0,M,IN,Bengaluru,mobile,free,5152,sports,35.2,PG-13,5560,audio,post_roll,cpg,7.36,7,0,0,0,20.0,1,12.72,1.83,0.04,0.09,2024-07-30 16:00:00,16,1,7
339221,16.0,M,CA,Vancouver,mobile,premium,4910,documentary,3.6,PG-13,5254,video,in_feed,travel,1.9,7,2,0,1,4.2,2,5.45,1.05,1.28,0.35,2025-06-18 04:00:00,4,2,6
195339,14.0,M,DE,Munich,mobile,premium,7602,drama,65.5,PG,5183,video,in_feed,cpg,6.49,5,0,0,0,48.0,5,12.41,1.57,0.02,0.06,2024-04-03 12:00:00,12,2,4
435042,47.0,F,DE,Munich,tablet,free,3188,kids,69.1,PG-13,5978,audio,post_roll,retail,5.33,10,0,0,0,32.2,5,9.25,1.59,0.04,0.09,2024-10-01 15:00:00,15,1,10
360398,47.0,M,US,New York,mobile,free,9225,news,48.2,G,5903,interstitial,mid_roll,retail,3.95,10,1,0,1,38.3,3,10.68,1.56,0.98,0.34,2024-11-03 11:00:00,11,6,11
995231,15.0,M,JP,Osaka,mobile,premium,6818,sports,46.7,PG,5367,audio,mid_roll,finance,7.46,10,1,0,1,47.0,2,15.79,1.4,0.9,0.37,2025-05-05 20:00:00,20,0,5
384500,20.0,Other,UK,Manchester,mobile,free,9987,music,52.6,R,5582,banner,sidebar,tech,4.99,6,1,0,1,46.8,2,10.22,0.8,0.5,0.18,2024-05-09 16:00:00,16,3,5
699184,55.0,F,US,Austin,mobile,basic,6889,gaming,17.5,PG-13,5684,native,post_roll,tech,7.76,10,0,0,0,0.5,0,10.06,2.2,0.04,0.1,2024-10-21 09:00:00,9,0,10
910239,29.0,M,US,Austin,mobile,free,1456,documentary,53.7,PG,5712,banner,post_roll,tech,6.76,9,0,0,0,15.3,4,9.17,1.54,0.03,0.08,2024-05-22 06:00:00,6,2,5
212283,16.0,F,IN,Mumbai,desktop,free,3441,news,33.8,R,5304,interstitial,mid_roll,healthcare,7.42,6,0,0,0,17.9,6,5.73,0.77,0.01,0.03,2025-04-30 07:00:00,7,2,4
971974,16.0,F,BR,Sao Paulo,mobile,basic,7019,gaming,21.1,PG,5900,banner,in_feed,retail,4.39,1,0,0,0,20.6,3,12.5,1.58,0.01,0.01,2025-02-05 10:00:00,10,2,2
629247,19.0,M,UK,Manchester,mobile,premium,7293,music,23.4,PG,5581,native,post_roll,auto,3.48,10,0,0,0,11.2,4,13.72,0.08,0.05,0.14,2024-11-24 05:00:00,5,6,11
148891,57.0,M,CA,Toronto,desktop,free,5149,music,36.3,PG-13,5075,video,mid_roll,cpg,2.97,5,0,0,0,14.3,6,10.98,1.07,0.02,0.05,2024-09-29 04:00:00,4,6,9
111243,52.0,Other,US,New York,desktop,basic,4120,documentary,11.5,PG-13,5942,interstitial,pre_roll,auto,5.14,3,0,0,0,4.4,3,9.95,1.33,0.01,0.03,2024-05-22 17:00:00,17,2,5
902322,16.0,M,US,Chicago,mobile,basic,8092,music,19.4,PG-13,5986,native,in_feed,retail,12.53,4,0,0,0,15.2,3,15.56,1.4,0.02,0.06,2025-07-11 19:00:00,19,4,7
515899,28.0,M,US,Chicago,desktop,basic,4753,sports,13.6,G,5175,audio,in_feed,travel,1.88,8,0,0,0,15.6,1,10.61,0.77,0.03,0.08,2025-02-13 17:00:00,17,3,2
844328,26.0,Unknown,DE,Berlin,mobile,family,1209,music,60.2,PG-13,5862,interstitial,mid_roll,cpg,4.42,9,0,0,0,26.3,3,9.38,1.14,0.03,0.08,2024-08-20 08:00:00,8,1,8
309014,35.0,F,IN,Mumbai,tablet,free,2509,gaming,80.8,PG-13,5735,audio,mid_roll,gaming,3.61,10,1,0,1,78.7,7,10.83,1.17,0.75,0.28,2024-10-10 12:00:00,12,3,10
270238,16.0,Other,US,Chicago,desktop,premium,3402,drama,51.0,G,5742,audio,sidebar,finance,6.52,11,0,0,0,18.2,2,10.75,1.47,0.05,0.12,2025-03-28 03:00:00,3,4,3
868381,63.0,M,US,Chicago,mobile,free,2491,comedy,2.0,PG-13,5816,native,pre_roll,cpg,4.35,8,0,0,0,9.1,0,2.08,1.22,0.01,0.02,2025-03-24 13:00:00,13,0,3
526424,69.0,M,US,Chicago,mobile,free,9716,news,2.0,PG,5278,native,post_roll,tech,3.26,10,0,0,0,14.8,1,10.04,1.22,0.04,0.1,2024-11-04 23:00:00,23,0,11
183198,21.0,M,US,Austin,mobile,free,5009,drama,16.8,PG-13,5552,interstitial,mid_roll,cpg,6.18,2,0,0,0,15.3,5,2.77,1.5,0.0,0.01,2024-08-11 13:00:00,13,6,8
536265,33.0,F,US,New York,mobile,premium,7558,documentary,28.7,PG,5133,video,pre_roll,gaming,6.55,4,0,0,0,19.6,2,10.9,0.62,0.02,0.04,2025-02-20 08:00:00,8,3,2
358080,22.0,F,DE,Munich,mobile,free,3879,sports,24.9,PG,5716,interstitial,mid_roll,tech,3.92,1,0,0,0,12.7,3,5.84,1.31,0.0,0.01,2025-02-19 10:00:00,10,2,2
285696,67.0,M,MX,Guadalajara,mobile,free,8460,kids,52.0,PG-13,5451,video,mid_roll,gaming,3.11,1,0,0,0,56.3,7,7.53,1.3,0.0,0.01,2025-01-18 20:00:00,20,5,1
704160,29.0,M,US,Seattle,mobile,free,9263,sports,40.3,PG,5856,banner,sidebar,finance,5.69,8,0,0,0,22.2,1,9.7,0.5,0.03,0.08,2024-04-09 08:00:00,8,1,4
443833,45.0,F,BR,Sao Paulo,console,free,4383,gaming,56.8,PG,5684,audio,post_roll,auto,3.04,6,2,0,1,25.5,4,7.72,1.31,1.59,0.44,2024-11-11 07:00:00,7,0,11
358183,46.0,M,US,Austin,desktop,premium,5925,gaming,36.3,PG,5092,audio,in_feed,retail,2.45,5,1,0,1,25.7,4,8.48,1.65,1.01,0.29,2025-01-26 12:00:00,12,6,1
245075,44.0,M,DE,Munich,desktop,basic,1769,kids,62.6,PG-13,5347,native,in_feed,travel,10.42,1,0,0,0,39.4,3,11.05,1.87,0.0,0.01,2025-07-27 00:00:00,0,6,7
849931,44.0,F,AU,Sydney,mobile,basic,5221,news,46.3,PG-13,5827,interstitial,mid_roll,auto,0.92,11,1,0,1,35.4,1,9.11,0.85,0.55,0.23,2024-12-09 19:00:00,19,0,12
604200,18.0,F,BR,Rio de Janeiro,desktop,family,3344,kids,52.7,PG,5887,banner,post_roll,gaming,1.62,1,0,0,0,36.6,5,9.25,1.39,0.0,0.01,2024-09-02 01:00:00,1,0,9
924300,57.0,M,US,Chicago,desktop,free,8342,comedy,67.0,G,5577,interstitial,pre_roll,finance,5.1,2,0,0,0,50.8,0,9.05,1.36,0.01,0.02,2024-12-26 03:00:00,3,3,12
405486,13.0,F,MX,Mexico City,mobile,free,1473,news,24.3,G,5275,native,mid_roll,healthcare,2.72,10,0,0,0,8.9,1,11.15,1.43,0.04,0.11,2024-06-04 16:00:00,16,1,6
105218,25.0,F,IN,Hyderabad,desktop,family,5216,music,23.4,PG-13,5971,audio,post_roll,tech,8.63,4,0,0,0,1.2,6,12.67,1.48,0.02,0.05,2024-04-18 23:00:00,23,3,4
515748,50.0,F,AU,Melbourne,desktop,premium,7363,sports,25.5,PG-13,5640,banner,mid_roll,finance,5.49,7,0,0,0,16.9,2,12.03,0.81,0.03,0.08,2025-03-02 04:00:00,4,6,3
404581,42.0,M,JP,Osaka,mobile,free,5924,comedy,54.7,R,5411,interstitial,in_feed,healthcare,5.03,4,0,0,0,36.1,1,6.88,1.01,0.01,0.03,2025-08-15 12:00:00,12,4,8
545863,26.0,F,FR,Paris,tablet,premium,7634,kids,32.3,PG-13,5034,banner,sidebar,gaming,5.6,8,1,0,1,19.8,2,7.1,1.48,0.91,0.28,2025-05-31 20:00:00,20,5,5
536455,57.0,M,US,Chicago,desktop,basic,3262,sports,31.1,PG,5868,video,pre_roll,retail,2.91,7,0,0,0,15.9,3,7.29,1.3,0.02,0.05,2025-01-10 04:00:00,4,4,1
572774,24.0,F,IN,Mumbai,smart_tv,free,1060,music,22.4,PG-13,5595,audio,pre_roll,healthcare,3.78,9,1,0,1,19.4,2,9.68,1.06,0.67,0.25,2024-03-22 17:00:00,17,4,3
814932,44.0,F,US,New York,mobile,basic,7277,gaming,40.4,R,5913,native,post_roll,tech,11.48,8,0,0,0,30.1,5,14.55,1.26,0.05,0.12,2025-08-16 12:00:00,12,5,8
265604,46.0,M,US,Austin,desktop,free,4957,news,2.9,PG-13,5291,video,post_roll,finance,4.73,9,0,0,0,4.3,1,5.79,0.76,0.02,0.05,2024-10-29 19:00:00,19,1,10
979441,45.0,M,US,Chicago,console,basic,2461,kids,49.4,R,5712,banner,pre_roll,gaming,3.6,6,0,0,0,22.9,1,4.56,0.68,0.01,0.03,2024-08-04 10:00:00,10,6,8
111697,31.0,F,FR,Paris,console,free,5185,drama,57.1,PG-13,5360,video,pre_roll,tech,6.33,3,0,0,0,35.9,1,10.46,1.06,0.01,0.03,2025-06-25 22:00:00,22,2,6
576408,25.0,F,DE,Munich,mobile,free,9391,sports,60.2,PG-13,5612,video,in_feed,retail,8.37,3,0,0,0,47.3,3,7.83,1.19,0.01,0.02,2025-04-08 01:00:00,1,1,4
615795,45.0,F,IN,Bengaluru,desktop,premium,9263,gaming,36.2,PG-13,5684,audio,sidebar,healthcare,3.46,7,0,0,0,40.5,5,10.1,0.39,0.03,0.07,2025-04-09 19:00:00,19,2,4
804879,13.0,F,BR,Sao Paulo,desktop,free,7606,kids,66.5,PG,5320,video,in_feed,travel,1.99,5,3,0,1,53.6,8,12.87,0.83,1.52,0.44,2024-07-28 23:00:00,23,6,7
373402,49.0,Other,DE,Berlin,mobile,free,5006,kids,35.7,G,5350,audio,sidebar,travel,6.83,2,0,0,0,22.5,1,17.62,1.18,0.01,0.04,2025-08-18 13:00:00,13,0,8
734906,39.0,F,IN,Mumbai,desktop,free,7128,kids,30.2,PG-13,5870,video,sidebar,healthcare,3.45,6,0,0,0,30.1,2,11.13,0.46,0.03,0.07,2024-10-31 13:00:00,13,3,10
158123,17.0,Other,US,Seattle,tablet,free,7540,kids,38.5,G,5791,interstitial,sidebar,healthcare,3.23,7,0,0,0,13.3,2,6.81,1.18,0.02,0.05,2024-12-12 23:00:00,23,3,12
494616,26.0,F,AU,Sydney,tablet,premium,6858,gaming,51.7,G,5186,native,mid_roll,travel,10.5,7,0,0,0,26.6,2,19.23,1.53,0.05,0.13,2025-04-10 12:00:00,12,3,4
438045,74.0,M,IN,Hyderabad,desktop,premium,4833,music,53.0,R,5870,audio,sidebar,finance,3.08,6,0,0,0,23.5,3,13.03,1.1,0.03,0.08,2025-02-20 09:00:00,9,3,2
965507,30.0,M,FR,Lyon,desktop,basic,2817,drama,48.4,PG-13,5669,audio,mid_roll,cpg,7.77,4,0,0,0,24.0,3,4.61,1.86,0.01,0.02,2024-06-02 00:00:00,0,6,6
989763,14.0,F,UK,Manchester,smart_tv,basic,8465,kids,48.8,R,5462,video,post_roll,auto,3.84,1,0,0,0,16.4,3,11.38,0.58,0.0,0.01,2024-08-11 08:00:00,8,6,8
895687,17.0,M,JP,Tokyo,mobile,free,5883,documentary,37.4,PG,5316,video,pre_roll,tech,2.91,8,0,0,0,19.7,2,15.27,1.17,0.05,0.12,2024-09-12 00:00:00,0,3,9
656229,22.0,F,FR,Lyon,desktop,basic,3226,sports,33.1,R,5983,interstitial,in_feed,tech,3.48,1,0,0,0,33.6,0,12.03,1.08,0.0,0.01,2025-07-25 16:00:00,16,4,7
137897,32.0,F,US,Seattle,mobile,free,1493,sports,33.1,PG,5877,banner,in_feed,finance,2.81,7,1,0,1,22.0,8,4.47,0.71,0.44,0.14,2025-03-21 19:00:00,19,4,3
750747,63.0,F,JP,Osaka,mobile,basic,4010,kids,45.8,R,5357,banner,post_roll,travel,6.91,6,0,0,0,31.3,3,14.86,0.72,0.04,0.09,2024-09-14 19:00:00,19,5,9
280063,59.0,F,BR,Rio de Janeiro,desktop,free,3211,comedy,37.2,PG-13,5630,video,in_feed,retail,5.18,5,0,0,0,33.0,6,10.63,1.84,0.02,0.05,2025-04-01 18:00:00,18,1,4
859351,15.0,F,US,New York,desktop,basic,3687,sports,21.9,G,5743,audio,pre_roll,gaming,3.44,9,0,0,0,20.4,3,4.45,1.8,0.02,0.04,2025-04-03 19:00:00,19,3,4
442430,36.0,M,MX,Guadalajara,mobile,free,2968,kids,56.1,PG-13,5537,interstitial,sidebar,retail,2.43,6,1,0,1,50.1,1,12.01,0.87,0.55,0.2,2024-09-29 21:00:00,21,6,9
709055,55.0,F,MX,Guadalajara,mobile,free,9942,documentary,10.8,R,5036,banner,mid_roll,auto,5.03,9,0,0,0,0.5,3,10.93,1.68,0.04,0.1,2024-10-04 16:00:00,16,4,10
603588,47.0,F,US,Austin,mobile,free,9489,documentary,39.1,PG,5399,video,pre_roll,travel,2.83,2,0,0,0,21.9,2,8.18,1.05,0.01,0.02,2025-06-26 22:00:00,22,3,6
496336,67.0,M,MX,Guadalajara,mobile,free,5312,comedy,79.0,PG-13,5636,native,mid_roll,retail,2.48,2,0,0,0,58.2,7,7.09,1.4,0.01,0.01,2024-12-29 09:00:00,9,6,12
676398,52.0,F,US,Seattle,desktop,basic,3465,sports,69.8,G,5372,video,sidebar,healthcare,5.33,5,0,0,0,42.4,5,11.66,1.49,0.02,0.06,2024-05-20 17:00:00,17,0,5
881179,47.0,M,US,Seattle,mobile,free,3201,kids,54.3,PG,5277,audio,in_feed,healthcare,3.6,10,0,0,0,33.8,2,6.87,1.11,0.03,0.07,2025-03-24 16:00:00,16,0,3
759701,58.0,M,DE,Berlin,mobile,free,9153,documentary,46.0,PG-13,5421,audio,post_roll,cpg,8.31,1,0,0,0,14.3,3,16.36,0.47,0.01,0.02,2025-01-13 08:00:00,8,0,1
374646,51.0,M,FR,Paris,tablet,premium,2390,drama,5.5,R,5149,banner,in_feed,retail,8.33,6,0,0,0,6.8,5,11.34,1.14,0.03,0.07,2024-11-30 19:00:00,19,5,11
264198,17.0,F,US,Seattle,mobile,family,8114,news,37.7,PG-13,5038,interstitial,sidebar,cpg,9.42,5,1,0,1,4.2,0,6.96,1.06,0.65,0.19,2025-03-27 13:00:00,13,3,3
328982,64.0,M,US,Seattle,mobile,free,7188,sports,45.6,PG-13,5464,audio,sidebar,retail,3.14,8,1,0,1,32.6,7,8.38,1.38,0.85,0.27,2025-07-03 19:00:00,19,3,7
572352,30.0,F,US,Chicago,mobile,free,7380,drama,54.4,PG,5982,audio,sidebar,tech,3.64,2,0,0,0,34.1,5,7.51,1.35,0.01,0.02,2024-08-26 10:00:00,10,0,8
333841,21.0,Other,UK,Manchester,mobile,family,5946,documentary,35.8,PG-13,5715,native,pre_roll,finance,4.36,6,0,0,0,29.2,5,12.47,2.34,0.03,0.07,2024-10-13 10:00:00,10,6,10
816956,68.0,M,AU,Sydney,mobile,premium,5496,music,58.5,PG-13,5395,interstitial,in_feed,retail,5.11,7,0,0,0,44.9,2,6.84,1.8,0.02,0.05,2024-06-11 07:00:00,7,1,6
414199,59.0,M,IN,Hyderabad,mobile,free,6869,sports,46.5,PG-13,5113,video,in_feed,gaming,7.41,5,0,0,0,26.5,2,13.44,2.03,0.03,0.07,2025-02-13 10:00:00,10,3,2
279457,16.0,F,DE,Munich,mobile,premium,9624,comedy,70.3,PG,5255,audio,in_feed,retail,6.43,7,0,0,0,43.3,3,15.01,1.28,0.04,0.11,2024-10-04 11:00:00,11,4,10
799606,44.0,M,AU,Sydney,mobile,free,7902,drama,38.5,R,5106,banner,post_roll,travel,2.74,4,1,0,1,38.0,5,9.63,1.03,0.63,0.19,2024-09-01 21:00:00,21,6,9
772500,74.0,M,MX,Mexico City,tablet,free,4177,kids,44.5,G,5268,interstitial,sidebar,finance,4.88,11,1,0,1,1.4,3,12.47,1.42,0.91,0.35,2025-03-12 02:00:00,2,2,3
197125,44.0,M,US,Seattle,desktop,premium,4633,gaming,22.8,PG-13,5797,video,pre_roll,travel,2.74,10,1,0,1,15.1,5,14.67,1.27,0.82,0.34,2024-10-07 09:00:00,9,0,10
569067,33.0,F,MX,Guadalajara,mobile,free,4591,documentary,19.8,R,5768,interstitial,post_roll,finance,3.04,7,1,0,1,12.3,4,9.25,1.32,0.82,0.26,2024-11-06 18:00:00,18,2,11
571044,58.0,F,JP,Tokyo,desktop,free,3133,sports,29.2,G,5335,native,mid_roll,retail,3.84,8,0,0,0,24.9,2,10.0,0.53,0.03,0.08,2024-10-24 15:00:00,15,3,10
441601,67.0,F,US,Chicago,mobile,free,7502,sports,57.2,PG-13,5959,video,post_roll,tech,5.74,7,0,0,0,31.5,4,13.04,2.22,0.04,0.09,2024-07-18 14:00:00,14,3,7
640322,29.0,M,US,Chicago,mobile,free,9058,comedy,57.9,R,5084,video,in_feed,auto,5.2,11,0,0,0,31.0,2,12.06,2.0,0.05,0.13,2024-05-07 22:00:00,22,1,5
567481,30.0,M,MX,Mexico City,desktop,family,2935,sports,65.6,G,5412,banner,pre_roll,tech,4.3,7,0,0,0,40.0,7,13.71,0.34,0.04,0.1,2025-05-21 16:00:00,16,2,5
937293,16.0,F,US,Austin,mobile,basic,5869,comedy,28.1,PG-13,5120,native,mid_roll,finance,11.04,5,1,0,1,21.3,1,9.8,1.47,0.9,0.27,2024-04-19 12:00:00,12,4,4
218798,52.0,F,US,New York,mobile,free,6872,drama,42.7,G,5937,video,sidebar,retail,2.34,1,0,0,0,16.5,1,7.8,1.78,0.0,0.01,2024-08-23 10:00:00,10,4,8
445635,63.0,Other,UK,Manchester,desktop,basic,1907,kids,36.8,PG-13,5639,audio,pre_roll,cpg,4.08,9,0,0,0,30.5,6,11.79,1.3,0.04,0.11,2025-02-24 10:00:00,10,0,2
462896,65.0,M,DE,Munich,desktop,basic,8420,gaming,44.9,G,5215,audio,in_feed,finance,5.31,5,1,0,1,51.3,6,10.46,1.46,0.9,0.27,2024-05-10 21:00:00,21,4,5
529735,48.0,M,US,New York,desktop,basic,8844,music,24.7,PG,5968,interstitial,post_roll,finance,4.76,5,0,0,0,11.6,1,11.29,1.77,0.02,0.06,2025-02-17 23:00:00,23,0,2
754977,71.0,F,FR,Paris,desktop,free,9215,drama,33.1,PG,5436,video,in_feed,finance,3.32,2,0,0,0,27.4,3,6.55,0.36,0.01,0.01,2025-03-31 20:00:00,20,0,3
719370,54.0,M,UK,Manchester,mobile,basic,6774,gaming,50.8,G,5455,video,pre_roll,auto,2.97,5,0,0,0,50.0,5,6.38,1.57,0.01,0.03,2025-02-21 23:00:00,23,4,2
949520,57.0,M,US,Seattle,desktop,premium,4851,comedy,60.5,R,5889,interstitial,pre_roll,finance,6.73,9,1,0,1,36.6,2,9.76,1.28,0.8,0.28,2024-08-12 17:00:00,17,0,8
248969,49.0,F,BR,Sao Paulo,desktop,free,9350,news,58.7,G,5346,video,post_roll,finance,5.3,10,1,1,1,26.0,4,14.94,0.78,21.25,0.27,2024-03-11 16:00:00,16,0,3
331461,33.0,F,US,Seattle,mobile,free,4326,news,29.5,PG,5696,video,pre_roll,tech,1.78,4,0,0,0,0.5,5,6.83,1.33,0.01,0.03,2025-06-23 04:00:00,4,0,6
466756,15.0,F,CA,Toronto,mobile,premium,3811,documentary,28.9,R,5714,video,sidebar,healthcare,1.7,2,0,0,0,21.8,6,11.91,0.9,0.01,0.02,2024-08-24 08:00:00,8,5,8
757988,36.0,Other,US,Austin,mobile,free,7610,sports,42.7,PG,5532,audio,in_feed,retail,3.69,5,0,0,0,25.6,3,6.66,0.18,0.01,0.03,2025-05-09 16:00:00,16,4,5
128562,24.0,F,BR,Sao Paulo,mobile,premium,7277,gaming,18.5,PG,5729,interstitial,sidebar,cpg,2.78,5,0,0,0,1.0,7,10.92,1.22,0.02,0.05,2024-06-15 19:00:00,19,5,6
303725,52.0,F,UK,London,tablet,premium,3220,sports,48.9,PG,5487,interstitial,mid_roll,auto,6.66,1,0,0,0,28.6,5,9.37,1.22,0.0,0.01,2024-05-27 16:00:00,16,0,5
101633,52.0,M,FR,Lyon,desktop,premium,2664,drama,42.6,PG-13,5479,banner,sidebar,retail,4.76,8,0,0,0,24.5,5,7.39,0.05,0.02,0.06,2025-04-25 04:00:00,4,4,4
155624,19.0,F,US,Chicago,tablet,premium,6569,music,31.6,PG,5636,interstitial,mid_roll,finance,6.08,1,1,0,1,0.5,2,6.34,1.49,0.9,0.23,2025-07-21 10:00:00,10,0,7
482047,56.0,M,JP,Osaka,mobile,premium,1354,drama,48.7,G,5120,audio,in_feed,tech,1.99,7,0,0,0,48.7,6,7.33,1.1,0.02,0.05,2025-06-08 17:00:00,17,6,6
334901,34.0,M,AU,Sydney,mobile,free,9304,sports,32.0,PG-13,5377,audio,sidebar,finance,7.22,4,0,0,0,7.0,1,4.71,1.37,0.01,0.02,2025-04-10 16:00:00,16,3,4
834533,31.0,F,IN,Hyderabad,mobile,basic,1347,news,34.8,R,5208,audio,sidebar,cpg,5.67,2,0,0,0,15.9,3,5.9,0.54,0.0,0.01,2024-07-12 04:00:00,4,4,7
199519,59.0,F,DE,Munich,mobile,basic,6251,music,17.0,PG,5513,audio,sidebar,cpg,4.03,10,0,0,0,4.5,3,8.45,0.98,0.03,0.08,2025-07-07 03:00:00,3,0,7
445557,25.0,F,DE,Unknown,mobile,premium,8370,drama,46.8,G,5084,banner,in_feed,travel,6.16,4,0,0,0,46.7,1,8.38,0.97,0.01,0.03,2025-02-24 15:00:00,15,0,2
165175,41.0,M,US,Chicago,mobile,family,2535,gaming,48.2,PG,5898,native,post_roll,travel,4.04,5,0,0,0,21.2,2,9.85,1.23,0.02,0.05,2024-06-01 23:00:00,23,5,6
597804,32.0,F,US,Seattle,mobile,free,5948,documentary,52.6,PG-13,5337,audio,mid_roll,tech,5.49,1,0,0,0,38.9,1,12.11,0.75,0.0,0.01,2024-05-09 20:00:00,20,3,5
680330,55.0,M,BR,Sao Paulo,mobile,free,3455,news,51.5,PG-13,5160,audio,post_roll,healthcare,3.61,5,0,0,0,20.6,1,12.1,1.49,0.02,0.06,2025-06-14 10:00:00,10,5,6
524122,32.0,M,FR,Paris,smart_tv,free,7176,comedy,10.7,PG,5223,interstitial,mid_roll,finance,4.19,7,0,0,0,14.3,3,4.0,0.29,0.01,0.03,2024-07-27 13:00:00,13,5,7
203462,55.0,M,MX,Guadalajara,mobile,basic,7460,documentary,5.7,PG-13,5906,video,mid_roll,cpg,7.23,2,0,0,0,10.2,3,8.42,0.58,0.01,0.02,2025-04-18 13:00:00,13,4,4
486871,48.0,F,US,Seattle,mobile,free,2045,kids,47.7,PG,5579,native,mid_roll,auto,3.32,8,0,0,0,38.6,1,8.5,1.23,0.03,0.07,2024-05-14 20:00:00,20,1,5
866209,64.0,M,US,Chicago,tablet,free,6540,news,36.9,G,5977,native,pre_roll,cpg,2.48,10,0,0,0,23.7,4,10.57,0.78,0.04,0.11,2024-07-30 11:00:00,11,1,7
650975,59.0,M,US,New York,tablet,free,1593,gaming,14.4,PG,5535,interstitial,sidebar,gaming,6.56,7,1,0,1,0.5,1,9.81,1.29,0.8,0.26,2024-08-01 02:00:00,2,3,8
624485,38.0,F,JP,Tokyo,desktop,premium,5345,gaming,10.1,R,5711,native,post_roll,auto,5.05,1,0,0,0,11.5,2,10.64,1.62,0.0,0.01,2024-07-30 19:00:00,19,1,7
954645,56.0,M,US,Seattle,mobile,basic,2588,sports,44.7,PG-13,5829,banner,sidebar,finance,2.92,8,1,0,1,10.4,1,9.05,1.26,0.78,0.26,2025-02-28 08:00:00,8,4,2
286109,41.0,M,FR,Paris,mobile,free,5480,documentary,16.0,PG-13,5520,video,sidebar,cpg,1.91,5,0,0,0,25.7,4,10.04,1.1,0.02,0.05,2025-07-07 18:00:00,18,0,7
595787,23.0,F,IN,Hyderabad,smart_tv,basic,8481,comedy,19.4,PG-13,5068,video,sidebar,cpg,6.77,5,0,0,0,14.5,2,8.43,1.34,0.02,0.04,2025-07-05 13:00:00,13,5,7
379137,70.0,M,UK,Manchester,mobile,basic,4339,drama,7.0,PG-13,5725,banner,mid_roll,auto,13.11,1,0,0,0,0.5,4,10.95,1.14,0.0,0.01,2025-04-05 10:00:00,10,5,4
863830,66.0,M,US,Chicago,mobile,basic,5325,comedy,27.0,PG,5654,banner,post_roll,travel,8.61,4,0,0,0,32.5,1,14.88,0.1,0.02,0.06,2024-06-18 08:00:00,8,1,6
795721,42.0,M,UK,London,mobile,free,6711,music,36.3,PG-13,5745,interstitial,pre_roll,cpg,2.16,8,0,0,0,20.7,2,6.84,0.93,0.02,0.05,2025-08-01 17:00:00,17,4,8
401524,50.0,M,DE,Berlin,mobile,family,3158,kids,54.4,R,5253,native,pre_roll,auto,6.19,11,0,0,0,58.1,1,10.15,0.97,0.04,0.11,2024-12-18 17:00:00,17,2,12
860543,46.0,M,US,Chicago,tablet,free,6423,news,50.3,PG,5102,banner,in_feed,finance,3.94,2,0,0,0,54.6,6,9.89,1.1,0.01,0.02,2024-12-20 19:00:00,19,4,12
350860,28.0,F,US,New York,smart_tv,basic,4168,kids,45.5,R,5742,audio,mid_roll,healthcare,9.6,11,0,0,0,31.7,2,10.41,1.43,0.05,0.11,2025-03-14 18:00:00,18,4,3
494471,32.0,F,BR,Rio de Janeiro,smart_tv,free,2714,music,19.7,PG,5625,video,sidebar,finance,5.72,1,0,0,0,13.7,3,15.32,0.87,0.01,0.02,2025-04-20 07:00:00,7,6,4
171363,46.0,F,US,Austin,mobile,basic,5041,news,35.7,PG-13,5655,audio,post_roll,travel,6.42,5,1,0,1,18.4,2,13.79,1.53,0.95,0.3,2025-07-28 13:00:00,13,0,7
498124,47.0,Other,US,Austin,desktop,premium,4899,music,2.0,PG-13,5592,native,post_roll,gaming,7.24,8,0,0,0,0.5,1,8.34,1.94,0.03,0.07,2025-01-09 11:00:00,11,3,1
625377,25.0,M,MX,Guadalajara,desktop,premium,2286,music,54.0,PG-13,5392,native,sidebar,retail,1.34,10,1,0,1,40.6,2,13.31,0.08,0.1,0.15,2025-01-24 10:00:00,10,4,1
686193,31.0,F,IN,Bengaluru,mobile,basic,2887,music,59.1,PG-13,5522,video,in_feed,auto,5.14,5,0,0,0,19.4,1,13.05,1.44,0.03,0.07,2025-04-07 14:00:00,14,0,4
763073,32.0,M,DE,Munich,mobile,basic,3357,music,9.1,G,5438,banner,post_roll,healthcare,2.9,8,0,0,0,0.5,1,8.03,0.93,0.03,0.06,2024-07-16 18:00:00,18,1,7
773002,30.0,M,JP,Tokyo,tablet,premium,5337,gaming,18.5,G,5473,banner,in_feed,gaming,7.8,9,0,0,0,11.2,3,9.98,0.81,0.04,0.09,2024-08-14 03:00:00,3,2,8
665816,57.0,M,UK,Manchester,mobile,free,1606,documentary,30.6,R,5011,interstitial,sidebar,tech,2.73,5,0,0,0,27.2,3,10.42,1.3,0.02,0.05,2025-02-01 18:00:00,18,5,2
455724,43.0,M,BR,Sao Paulo,mobile,basic,1594,documentary,46.4,PG-13,5548,interstitial,pre_roll,travel,4.73,11,1,0,1,20.6,4,9.71,2.46,1.52,0.48,2024-04-04 15:00:00,15,3,4
865319,24.0,F,DE,Berlin,smart_tv,free,8566,news,21.1,PG,5296,video,post_roll,gaming,4.49,11,0,0,0,16.3,4,15.91,1.41,0.07,0.18,2024-08-21 01:00:00,1,2,8
383197,63.0,M,US,Chicago,mobile,premium,1417,comedy,8.2,PG,5007,native,in_feed,retail,2.56,6,0,0,0,18.8,7,12.35,1.12,0.03,0.07,2025-03-23 17:00:00,17,6,3
289807,52.0,M,IN,Mumbai,smart_tv,free,4603,news,44.5,PG,5986,video,mid_roll,travel,2.07,8,0,0,0,32.0,3,12.39,0.99,0.04,0.1,2025-08-10 02:00:00,2,6,8
350781,74.0,F,CA,Toronto,desktop,family,5262,music,2.0,PG,5727,native,post_roll,finance,3.48,4,0,0,0,3.2,4,5.96,1.47,0.01,0.02,2024-12-06 12:00:00,12,4,12
698529,54.0,F,US,Austin,mobile,family,6011,music,26.2,R,5436,native,sidebar,retail,5.24,10,0,0,0,26.1,4,10.49,1.63,0.04,0.1,2024-10-02 19:00:00,19,2,10
675523,29.0,M,AU,Melbourne,tablet,premium,3303,kids,13.5,PG-13,5067,banner,sidebar,auto,3.97,10,2,0,1,17.7,3,10.19,1.36,1.67,0.51,2024-10-24 19:00:00,19,3,10
546197,73.0,F,IN,Bengaluru,desktop,premium,3394,comedy,28.0,PG-13,5601,banner,sidebar,cpg,7.53,11,0,0,0,20.6,3,10.62,1.85,0.05,0.12,2025-03-06 03:00:00,3,3,3
914172,68.0,F,UK,London,tablet,basic,8471,sports,35.9,R,5444,native,pre_roll,travel,4.62,5,0,0,0,27.1,1,8.83,1.32,0.02,0.04,2024-12-20 00:00:00,0,4,12
384411,70.0,M,UK,Manchester,desktop,family,3313,news,41.2,PG-13,5929,audio,mid_roll,gaming,11.73,6,1,0,1,33.2,4,12.21,2.04,1.25,0.38,2024-03-13 13:00:00,13,2,3
208166,38.0,F,BR,Sao Paulo,mobile,basic,7438,sports,18.3,G,5551,audio,sidebar,healthcare,17.05,10,0,0,0,7.5,3,9.93,1.66,0.04,0.1,2024-12-17 04:00:00,4,1,12
538600,49.0,M,CA,Toronto,desktop,free,4187,documentary,34.1,G,5857,banner,sidebar,travel,3.73,8,0,0,0,33.6,1,9.0,0.88,0.03,0.07,2024-10-03 00:00:00,0,3,10
359708,14.0,F,JP,Tokyo,mobile,premium,8461,kids,28.6,PG,5843,video,pre_roll,auto,7.22,6,1,0,1,0.5,4,10.31,1.81,1.11,0.33,2025-03-14 10:00:00,10,4,3
749358,54.0,M,DE,Munich,smart_tv,basic,5153,gaming,40.3,PG-13,5018,native,sidebar,tech,4.75,2,1,0,1,13.9,3,7.56,1.75,1.06,0.28,2025-06-16 13:00:00,13,0,6
564549,37.0,M,US,New York,mobile,free,5300,sports,55.9,G,5514,video,post_roll,gaming,3.19,6,0,0,0,16.8,4,14.68,0.95,0.04,0.09,2025-08-02 17:00:00,17,5,8
901667,71.0,M,US,Chicago,desktop,premium,6043,music,36.9,PG,5382,native,pre_roll,finance,5.91,2,1,0,1,15.2,2,5.9,0.76,0.46,0.13,2025-01-24 12:00:00,12,4,1
776531,27.0,M,IN,Hyderabad,desktop,basic,7729,gaming,83.6,PG,5004,banner,in_feed,cpg,7.0,6,0,0,0,63.2,2,10.59,1.45,0.03,0.06,2024-09-12 18:00:00,18,3,9
640433,37.0,F,UK,Manchester,tablet,free,8943,comedy,2.0,PG-13,5772,interstitial,pre_roll,cpg,7.18,3,0,0,0,0.5,0,7.28,1.72,0.01,0.02,2024-10-26 17:00:00,17,5,10
477702,59.0,M,US,Seattle,desktop,basic,3140,drama,29.8,R,5001,banner,in_feed,cpg,8.33,3,0,0,0,25.3,2,8.91,1.56,0.01,0.03,2024-06-04 06:00:00,6,1,6
696671,73.0,F,CA,Vancouver,desktop,free,8064,documentary,8.7,PG,5330,native,pre_roll,travel,6.76,5,1,0,1,0.5,3,8.23,2.07,1.26,0.35,2025-07-19 09:00:00,9,5,7
421843,21.0,F,US,Chicago,desktop,family,5906,sports,12.2,R,5987,native,sidebar,tech,10.46,6,1,0,1,7.4,1,12.42,0.83,0.53,0.2,2025-06-01 13:00:00,13,6,6
940775,21.0,M,IN,Bengaluru,mobile,premium,4490,drama,22.4,PG-13,5973,banner,post_roll,tech,3.13,7,0,0,0,11.1,1,11.23,1.25,0.03,0.08,2025-06-05 03:00:00,3,3,6
635290,23.0,F,MX,Mexico City,mobile,free,9924,news,29.5,G,5467,video,sidebar,gaming,7.26,10,0,0,0,9.1,1,7.63,1.05,0.03,0.08,2024-08-25 04:00:00,4,6,8
766287,44.0,M,DE,Berlin,mobile,basic,3174,documentary,40.9,PG-13,5675,native,mid_roll,auto,6.61,1,0,0,0,30.7,4,11.83,1.71,0.0,0.01,2024-08-21 23:00:00,23,2,8
294014,36.0,F,UK,Manchester,mobile,basic,9434,music,25.9,R,5232,interstitial,mid_roll,tech,6.03,9,0,0,0,18.6,4,13.54,1.84,0.05,0.12,2025-06-06 13:00:00,13,4,6
298951,72.0,F,DE,Munich,mobile,family,4945,kids,35.2,PG-13,5670,audio,pre_roll,healthcare,4.39,7,1,0,1,20.6,5,3.64,1.04,0.63,0.18,2024-12-20 01:00:00,1,4,12
530010,56.0,M,BR,Rio de Janeiro,mobile,basic,6105,comedy,2.0,PG,5136,banner,in_feed,healthcare,7.07,10,0,0,0,0.5,2,7.21,1.82,0.03,0.07,2025-03-16 12:00:00,12,6,3
790087,49.0,Unknown,DE,Berlin,smart_tv,free,2793,news,15.9,PG-13,5257,native,mid_roll,healthcare,9.03,8,0,0,0,3.5,4,13.99,1.64,0.04,0.11,2024-11-20 12:00:00,12,2,11
920511,67.0,M,UK,London,desktop,free,5072,news,31.9,PG-13,5368,interstitial,in_feed,healthcare,4.67,4,0,0,0,30.8,2,7.14,1.03,0.01,0.03,2024-10-26 02:00:00,2,5,10
215517,56.0,F,CA,Vancouver,tablet,premium,7736,comedy,9.1,R,5060,audio,sidebar,gaming,7.4,5,0,0,0,5.0,0,17.25,1.51,0.03,0.09,2025-02-05 09:00:00,9,2,2
187442,62.0,M,IN,Bengaluru,desktop,family,1957,drama,4.4,PG,5113,video,pre_roll,gaming,1.77,7,2,0,1,0.5,1,6.19,1.61,1.95,0.53,2025-05-14 00:00:00,0,2,5
220729,20.0,F,UK,Manchester,desktop,free,8505,documentary,2.0,PG,5074,interstitial,post_roll,retail,5.76,10,0,0,0,3.9,0,8.41,0.81,0.03,0.08,2024-08-28 10:00:00,10,2,8
188294,49.0,F,IN,Bengaluru,desktop,free,8573,news,16.1,PG,5770,interstitial,sidebar,gaming,4.86,7,0,0,0,20.0,4,12.88,1.18,0.04,0.09,2025-05-11 22:00:00,22,6,5
955813,70.0,Unknown,DE,Berlin,desktop,free,1250,sports,29.5,G,5758,audio,in_feed,travel,11.34,8,0,0,0,22.7,4,12.54,1.17,0.04,0.1,2024-07-10 20:00:00,20,2,7
234779,68.0,M,MX,Guadalajara,mobile,free,5187,comedy,52.2,PG,5334,audio,in_feed,retail,2.54,2,0,0,0,15.3,1,14.99,0.41,0.01,0.03,2024-10-04 12:00:00,12,4,10
200868,64.0,M,US,Seattle,smart_tv,free,6547,drama,59.6,PG,5941,video,post_roll,finance,5.52,4,0,0,0,39.4,7,4.98,1.24,0.01,0.02,2025-07-06 20:00:00,20,6,7
384929,47.0,M,IN,Hyderabad,desktop,premium,3069,drama,49.3,PG,5758,banner,mid_roll,retail,8.67,7,0,0,0,23.0,2,10.91,0.6,0.03,0.08,2025-07-29 09:00:00,9,1,7
845639,28.0,F,IN,Bengaluru,mobile,premium,7680,kids,28.9,PG-13,5001,audio,in_feed,retail,9.15,6,0,0,0,21.2,3,9.16,0.92,0.02,0.05,2025-07-12 21:00:00,21,5,7
922645,32.0,M,IN,Hyderabad,desktop,basic,6260,kids,8.1,PG,5598,native,sidebar,cpg,3.41,11,0,0,0,0.5,5,10.41,1.2,0.05,0.11,2024-08-18 15:00:00,15,6,8
708262,74.0,F,FR,Lyon,desktop,free,6949,drama,9.6,PG,5303,native,in_feed,finance,8.57,6,0,0,0,7.6,2,14.14,1.34,0.03,0.08,2025-05-30 09:00:00,9,4,5
633860,65.0,M,MX,Guadalajara,desktop,premium,7325,sports,43.0,PG,5666,video,in_feed,gaming,5.54,2,0,0,0,22.3,4,13.61,0.92,0.01,0.03,2025-07-19 11:00:00,11,5,7
779572,44.0,M,IN,Bengaluru,tablet,premium,3982,gaming,58.1,PG,5248,video,sidebar,cpg,5.26,4,1,0,1,22.3,3,3.96,1.6,0.97,0.26,2025-08-11 05:00:00,5,0,8
182021,60.0,M,IN,Bengaluru,desktop,basic,3720,drama,27.2,PG,5116,audio,post_roll,travel,3.45,10,1,0,1,19.4,2,1.75,1.55,0.94,0.25,2024-03-12 06:00:00,6,1,3
604907,58.0,M,BR,Sao Paulo,desktop,family,9531,music,49.7,PG-13,5729,interstitial,sidebar,auto,2.28,5,0,0,0,14.0,4,10.75,1.27,0.02,0.05,2025-04-07 07:00:00,7,0,4
152401,57.0,M,US,Seattle,smart_tv,basic,3566,sports,70.9,PG,5696,video,mid_roll,healthcare,9.86,3,0,0,0,37.2,6,11.41,1.35,0.01,0.03,2025-08-21 05:00:00,5,3,8
782340,55.0,M,JP,Tokyo,mobile,basic,6699,drama,45.0,PG-13,5804,interstitial,pre_roll,finance,17.1,6,0,0,0,22.4,4,13.42,1.93,0.03,0.08,2025-04-17 22:00:00,22,3,4
545497,74.0,F,DE,Munich,console,basic,4229,comedy,56.2,R,5538,banner,sidebar,auto,8.64,10,1,0,1,45.8,2,14.0,1.41,0.9,0.35,2024-07-04 21:00:00,21,3,7
959185,52.0,F,UK,London,smart_tv,premium,3542,drama,64.9,R,5459,audio,pre_roll,gaming,2.35,8,1,0,1,20.6,2,15.72,0.72,0.48,0.23,2025-04-16 19:00:00,19,2,4
640708,51.0,M,IN,Bengaluru,desktop,basic,2915,kids,44.0,PG,5385,audio,sidebar,travel,4.46,1,0,0,0,36.8,6,7.22,1.15,0.0,0.01,2024-04-26 19:00:00,19,4,4
767841,63.0,F,AU,Sydney,mobile,free,3604,news,2.0,PG-13,5019,interstitial,pre_roll,tech,2.27,6,1,0,1,0.7,5,7.32,0.69,0.43,0.15,2024-11-15 12:00:00,12,4,11
156676,38.0,F,US,Chicago,mobile,family,1214,gaming,30.1,R,5815,native,sidebar,auto,6.32,11,1,0,1,36.8,1,10.14,1.12,0.72,0.28,2025-02-02 03:00:00,3,6,2
387888,18.0,Other,AU,Melbourne,desktop,premium,3030,music,11.2,PG-13,5333,interstitial,mid_roll,travel,8.27,6,0,0,0,3.5,7,14.78,1.05,0.04,0.09,2024-11-02 11:00:00,11,5,11
512719,17.0,F,IN,Mumbai,desktop,premium,9789,music,70.4,R,5002,audio,sidebar,gaming,6.58,2,0,0,0,27.1,3,13.78,1.49,0.01,0.03,2025-03-13 21:00:00,21,3,3
904726,51.0,M,UK,Manchester,tablet,basic,4806,drama,24.7,PG-13,5205,video,in_feed,cpg,8.41,6,0,0,0,9.0,2,10.99,0.7,0.03,0.07,2024-07-08 17:00:00,17,0,7
710512,45.0,F,IN,Hyderabad,desktop,premium,6421,comedy,2.0,PG-13,5319,video,pre_roll,travel,8.18,8,1,0,1,0.5,3,7.02,1.58,0.97,0.29,2025-01-22 08:00:00,8,2,1
530749,42.0,M,FR,Paris,desktop,basic,9070,drama,42.0,G,5462,audio,mid_roll,travel,4.87,10,1,0,1,14.4,0,13.65,1.22,0.79,0.32,2025-02-12 04:00:00,4,2,2
684813,73.0,M,US,Chicago,desktop,basic,2687,kids,23.4,PG-13,5813,audio,post_roll,finance,5.02,1,0,0,0,11.1,0,4.95,0.87,0.0,0.0,2025-02-06 05:00:00,5,3,2
243207,72.0,M,FR,Lyon,desktop,free,7444,kids,31.1,PG-13,5547,native,in_feed,healthcare,2.56,10,0,0,0,19.2,4,5.9,0.77,0.02,0.06,2024-08-04 05:00:00,5,6,8
717276,38.0,M,CA,Toronto,smart_tv,free,3350,gaming,25.7,PG-13,5367,interstitial,pre_roll,gaming,5.29,8,0,0,0,0.5,8,9.53,1.82,0.03,0.08,2024-08-12 21:00:00,21,0,8
914672,19.0,F,IN,Mumbai,console,free,8765,drama,13.4,G,5181,banner,mid_roll,gaming,3.69,9,1,0,1,2.1,6,9.67,0.8,0.51,0.21,2024-07-18 05:00:00,5,3,7
401568,21.0,M,IN,Hyderabad,desktop,basic,1096,comedy,30.6,PG-13,5057,video,sidebar,cpg,5.8,1,0,0,0,22.9,1,9.84,1.1,0.0,0.01,2024-11-05 08:00:00,8,1,11
472152,50.0,F,FR,Lyon,desktop,free,4122,drama,46.8,PG,5810,native,post_roll,gaming,0.82,6,0,0,0,20.7,3,11.24,1.11,0.03,0.07,2025-01-11 10:00:00,10,5,1
959736,71.0,M,IN,Hyderabad,console,free,1857,news,57.8,PG,5455,video,mid_roll,travel,6.95,4,0,0,0,51.1,4,14.85,1.22,0.02,0.06,2024-09-12 18:00:00,18,3,9
323875,19.0,M,BR,Sao Paulo,mobile,free,2111,documentary,30.2,R,5827,video,pre_roll,retail,7.59,7,2,0,1,11.7,1,15.25,1.44,1.77,0.54,2024-10-08 09:00:00,9,1,10
708900,54.0,M,FR,Lyon,desktop,basic,3938,drama,30.6,G,5958,interstitial,mid_roll,finance,10.86,11,1,0,1,8.4,1,14.36,0.87,0.59,0.29,2024-08-02 15:00:00,15,4,8
675836,69.0,M,US,Chicago,smart_tv,free,5615,drama,36.8,PG,5262,native,in_feed,auto,8.97,10,2,1,1,18.1,2,11.07,0.31,17.8,0.2,2024-06-27 04:00:00,4,3,6
288289,62.0,F,BR,Sao Paulo,mobile,family,8073,gaming,26.5,PG,5578,audio,mid_roll,healthcare,5.2,3,0,0,0,11.1,3,11.97,1.21,0.01,0.04,2025-02-19 00:00:00,0,2,2
995929,73.0,F,DE,Berlin,desktop,family,9825,sports,67.7,G,5881,native,in_feed,auto,3.2,9,0,0,0,55.5,5,10.76,0.72,0.04,0.1,2025-05-15 16:00:00,16,3,5
956348,44.0,M,US,Chicago,mobile,basic,6337,gaming,22.4,PG-13,5895,audio,in_feed,gaming,9.56,11,0,0,0,8.4,1,8.88,0.94,0.04,0.1,2024-08-04 23:00:00,23,6,8
859262,69.0,F,IN,Mumbai,mobile,basic,8623,kids,23.8,PG,5158,interstitial,pre_roll,auto,2.44,2,0,0,0,2.9,8,9.62,1.33,0.01,0.02,2025-06-08 16:00:00,16,6,6
690960,24.0,F,IN,Hyderabad,tablet,basic,4199,kids,21.8,PG,5761,interstitial,post_roll,healthcare,3.59,9,0,0,0,14.6,2,11.41,1.03,0.04,0.1,2025-01-03 07:00:00,7,4,1
325860,58.0,F,IN,Bengaluru,smart_tv,family,3457,news,43.5,PG,5618,banner,mid_roll,tech,3.33,10,1,0,1,39.2,2,12.29,0.67,0.45,0.22,2024-05-30 13:00:00,13,3,5
113239,40.0,F,US,Chicago,desktop,basic,1746,drama,22.8,PG,5984,video,post_roll,auto,4.56,9,0,0,0,13.8,2,11.3,1.16,0.04,0.1,2024-09-14 15:00:00,15,5,9
741461,63.0,M,US,Austin,mobile,family,6571,drama,55.2,R,5308,audio,post_roll,healthcare,9.05,10,1,0,1,35.6,6,11.46,2.15,1.34,0.44,2024-03-05 01:00:00,1,1,3
729143,70.0,F,BR,Sao Paulo,desktop,free,7105,documentary,65.1,PG-13,5436,native,post_roll,gaming,5.2,2,0,0,0,36.3,4,9.65,1.9,0.01,0.02,2024-03-22 03:00:00,3,4,3
329036,56.0,M,DE,Berlin,mobile,basic,1439,comedy,34.9,PG-13,5609,video,sidebar,gaming,7.48,1,0,0,0,11.7,5,3.8,0.88,0.0,0.0,2024-08-29 12:00:00,12,3,8
211868,51.0,M,JP,Tokyo,mobile,free,5798,news,23.3,PG-13,5028,banner,pre_roll,auto,4.19,10,0,0,0,22.9,5,11.55,0.56,0.05,0.12,2024-11-01 09:00:00,9,4,11
561087,69.0,M,US,New York,tablet,basic,5142,sports,72.7,PG-13,5155,interstitial,sidebar,healthcare,3.0,5,0,0,0,82.0,5,8.27,1.08,0.02,0.04,2025-05-05 15:00:00,15,0,5
996159,65.0,F,IN,Bengaluru,mobile,basic,7878,sports,46.6,R,5496,interstitial,pre_roll,gaming,3.8,7,0,0,0,43.5,3,11.16,0.81,0.03,0.08,2024-05-12 12:00:00,12,6,5
226480,40.0,M,IN,Bengaluru,mobile,free,7310,sports,29.5,PG-13,5899,banner,post_roll,tech,5.89,1,0,0,0,7.7,3,14.15,2.0,0.01,0.01,2025-05-28 03:00:00,3,2,5
380327,64.0,F,IN,Bengaluru,desktop,premium,9280,gaming,37.6,PG,5739,video,mid_roll,retail,4.67,8,1,1,1,20.6,3,10.72,1.04,24.78,0.24,2024-07-05 15:00:00,15,4,7
359822,28.0,F,US,New York,mobile,free,2793,comedy,45.2,R,5863,native,mid_roll,gaming,15.63,11,0,0,0,23.5,5,9.4,1.87,0.04,0.1,2024-05-14 16:00:00,16,1,5
255372,45.0,F,UK,Manchester,mobile,free,3236,kids,33.2,PG,5348,banner,sidebar,retail,5.46,7,0,0,0,28.9,4,11.65,1.17,0.03,0.08,2025-03-13 22:00:00,22,3,3
991428,49.0,M,FR,Paris,desktop,family,6672,music,45.4,PG-13,5157,banner,sidebar,finance,7.12,11,0,0,0,18.2,5,11.92,0.99,0.05,0.13,2025-04-23 03:00:00,3,2,4
870514,66.0,M,IN,Hyderabad,mobile,free,9243,comedy,47.0,R,5520,banner,sidebar,finance,6.67,7,0,0,0,20.5,4,12.47,0.57,0.03,0.09,2025-01-21 15:00:00,15,1,1
509600,48.0,Other,AU,Sydney,mobile,premium,2188,drama,37.3,PG-13,5722,banner,mid_roll,auto,1.56,5,0,0,0,20.3,4,14.31,0.95,0.03,0.07,2024-05-02 11:00:00,11,3,5
433061,29.0,M,FR,Lyon,mobile,premium,4675,documentary,29.4,G,5586,interstitial,in_feed,gaming,5.58,7,1,0,1,2.6,5,9.85,1.78,1.1,0.34,2024-05-02 06:00:00,6,3,5
767767,44.0,F,JP,Tokyo,smart_tv,free,2635,drama,49.6,R,5330,native,mid_roll,gaming,5.42,1,0,0,0,14.4,5,13.58,1.58,0.01,0.01,2024-09-27 15:00:00,15,4,9
984617,33.0,F,CA,Vancouver,desktop,free,9021,news,82.9,PG-13,5188,native,in_feed,retail,4.22,3,0,0,0,38.3,2,8.41,1.42,0.01,0.03,2024-10-30 07:00:00,7,2,10
494507,66.0,M,UK,Manchester,tablet,family,7102,sports,26.4,R,5476,audio,post_roll,finance,3.15,9,0,0,0,22.0,2,11.81,0.6,0.04,0.11,2025-08-22 05:00:00,5,4,8
882241,29.0,F,US,New York,mobile,basic,6815,news,16.1,PG-13,5462,native,mid_roll,retail,3.78,1,0,0,0,4.4,2,12.51,0.7,0.01,0.01,2024-08-02 16:00:00,16,4,8
101586,43.0,M,US,Austin,tablet,basic,1258,gaming,41.8,PG-13,5721,interstitial,sidebar,travel,3.4,2,0,0,0,46.0,3,10.01,0.75,0.01,0.02,2024-06-12 23:00:00,23,2,6
665046,15.0,F,AU,Sydney,desktop,free,1821,gaming,17.2,G,5358,banner,in_feed,auto,5.3,7,0,0,0,0.8,2,10.31,1.37,0.03,0.07,2025-07-24 18:00:00,18,3,7
688836,63.0,F,CA,Vancouver,mobile,free,8305,comedy,22.8,PG-13,5765,audio,mid_roll,healthcare,6.29,10,0,0,0,2.2,6,9.91,0.27,0.04,0.1,2024-05-23 03:00:00,3,3,5
481113,66.0,M,UK,Manchester,mobile,family,7606,documentary,58.3,R,5374,audio,sidebar,travel,5.51,6,1,0,1,28.1,2,6.63,0.94,0.58,0.18,2024-03-15 06:00:00,6,4,3
477224,29.0,F,US,Seattle,mobile,free,9477,music,55.8,PG-13,5164,interstitial,sidebar,gaming,4.74,8,0,0,0,25.1,4,9.62,1.36,0.03,0.08,2024-10-15 07:00:00,7,1,10
231208,22.0,M,IN,Hyderabad,desktop,premium,7989,news,42.3,PG-13,5388,native,in_feed,tech,11.51,9,0,0,0,33.3,5,9.72,1.63,0.03,0.09,2024-10-03 14:00:00,14,3,10
335287,57.0,F,CA,Vancouver,mobile,free,3407,gaming,27.3,PG,5697,banner,mid_roll,gaming,4.53,7,1,0,1,34.6,1,6.62,1.4,0.86,0.26,2025-01-29 14:00:00,14,2,1
693216,69.0,M,FR,Paris,desktop,free,9780,comedy,19.7,R,5225,native,sidebar,retail,7.35,4,0,0,0,17.2,6,11.62,1.75,0.02,0.05,2025-06-17 23:00:00,23,1,6
276110,37.0,F,MX,Guadalajara,tablet,premium,9963,drama,2.0,G,5207,video,pre_roll,travel,3.03,5,0,0,0,4.5,1,5.06,0.41,0.01,0.03,2025-07-17 18:00:00,18,3,7
358713,44.0,F,BR,Rio de Janeiro,mobile,basic,2913,sports,21.0,PG,5730,native,mid_roll,retail,8.89,9,0,0,0,28.3,4,9.69,0.84,0.03,0.09,2024-08-04 09:00:00,9,6,8
537453,14.0,M,US,Seattle,desktop,family,3717,sports,25.6,PG-13,5202,interstitial,pre_roll,cpg,0.87,8,1,1,1,6.3,2,7.48,0.28,34.13005000000005,0.1,2025-08-12 15:00:00,15,1,8
195038,40.0,F,AU,Sydney,mobile,free,1445,music,53.5,G,5623,interstitial,pre_roll,gaming,10.39,5,1,0,1,38.8,5,13.74,1.02,0.64,0.22,2025-02-05 15:00:00,15,2,2
907830,34.0,M,IN,Mumbai,tablet,premium,4401,news,57.0,G,5322,banner,mid_roll,auto,3.44,2,0,0,0,56.4,5,10.93,0.83,0.2836447545647746,0.02,2024-04-07 14:00:00,14,6,4
916919,14.0,M,BR,Sao Paulo,desktop,free,8569,documentary,75.5,PG-13,5992,native,pre_roll,auto,5.06,11,1,0,1,66.5,9,14.24,1.32,0.85,0.35,2025-07-20 18:00:00,18,6,7
406981,68.0,M,UK,Manchester,desktop,family,1917,news,12.5,R,5778,audio,pre_roll,tech,3.23,1,0,0,0,15.6,5,13.61,1.34,0.01,0.01,2024-05-14 12:00:00,12,1,5
355562,71.0,F,UK,London,mobile,free,3802,kids,24.6,PG,5655,audio,post_roll,cpg,3.17,5,0,0,0,20.6,3,11.09,1.22,0.02,0.06,2025-01-12 20:00:00,20,6,1
608867,30.0,M,IN,Hyderabad,tablet,premium,4636,drama,34.0,PG,5289,banner,pre_roll,cpg,3.24,8,0,0,0,20.6,2,8.0,1.1,0.03,0.06,2025-05-01 23:00:00,23,3,5
897169,48.0,M,CA,Vancouver,mobile,premium,6084,sports,51.0,PG,5020,native,mid_roll,healthcare,2.96,11,1,0,1,55.7,4,10.13,1.24,0.79,0.3,2024-07-13 16:00:00,16,5,7
146203,27.0,F,CA,Vancouver,mobile,family,2489,music,43.8,R,5258,video,mid_roll,finance,4.59,6,0,0,0,27.1,5,11.69,0.64,0.03,0.07,2024-07-25 03:00:00,3,3,7
132983,38.0,M,IN,Mumbai,mobile,basic,7187,drama,47.3,R,5454,interstitial,pre_roll,healthcare,5.46,8,0,0,0,28.1,0,10.14,1.6,0.03,0.08,2024-11-13 03:00:00,3,2,11
750085,57.0,F,US,Chicago,mobile,free,3828,gaming,61.1,R,5446,video,pre_roll,finance,5.29,11,1,0,1,62.2,9,12.51,0.73,0.49,0.25,2025-06-21 19:00:00,19,5,6
728189,40.0,F,IN,Hyderabad,mobile,free,9977,music,25.7,R,5283,video,mid_roll,travel,3.81,5,1,0,1,26.5,3,6.79,1.99,1.21,0.33,2024-06-29 17:00:00,17,5,6
804546,13.0,F,DE,Munich,desktop,premium,3641,sports,62.8,R,5416,banner,in_feed,cpg,5.26,8,0,0,0,48.5,2,5.46,0.65,0.02,0.04,2025-02-22 06:00:00,6,5,2
638979,19.0,M,IN,Mumbai,mobile,free,2442,comedy,63.2,PG-13,5975,audio,mid_roll,gaming,5.12,2,0,0,0,22.8,1,9.88,1.78,0.01,0.02,2024-10-31 09:00:00,9,3,10
439707,35.0,M,BR,Rio de Janeiro,smart_tv,free,4109,drama,66.4,G,5214,audio,in_feed,tech,5.0,2,0,0,0,47.2,4,8.71,1.92,0.01,0.02,2024-04-30 09:00:00,9,1,4
138598,69.0,Other,IN,Bengaluru,mobile,free,3567,kids,10.3,G,5806,native,in_feed,auto,5.19,9,0,0,0,3.6,5,7.91,1.28,0.03,0.07,2025-03-19 20:00:00,20,2,3
495491,50.0,F,IN,Mumbai,mobile,basic,7305,news,41.3,R,5385,native,pre_roll,gaming,6.58,6,0,0,0,24.9,3,5.57,0.87,0.01,0.03,2025-05-24 13:00:00,13,5,5
196559,69.0,F,US,Austin,desktop,free,3284,comedy,23.5,PG-13,5084,banner,mid_roll,tech,9.48,9,1,0,1,32.5,6,12.03,1.84,1.15,0.38,2025-01-05 20:00:00,20,6,1
162393,18.0,F,US,Seattle,mobile,basic,5327,drama,57.6,PG-13,5400,interstitial,mid_roll,auto,11.73,8,0,0,0,6.2,4,9.63,1.57,0.03,0.08,2024-06-04 05:00:00,5,1,6
614304,62.0,F,AU,Sydney,console,premium,4190,kids,5.2,G,5845,video,mid_roll,healthcare,6.05,11,0,0,0,0.5,2,13.12,1.03,0.06,0.14,2024-05-24 02:00:00,2,4,5
928490,38.0,M,AU,Sydney,tablet,premium,3637,sports,27.5,R,5329,banner,sidebar,finance,8.84,1,0,0,0,15.8,2,11.74,1.12,0.0,0.01,2024-10-15 16:00:00,16,1,10
776278,21.0,F,DE,Berlin,tablet,free,5629,news,17.0,PG,5561,native,in_feed,tech,10.11,11,0,0,0,16.8,4,12.31,1.34,0.05,0.14,2024-11-29 11:00:00,11,4,11
595859,50.0,F,UK,London,smart_tv,premium,8839,gaming,57.7,G,5249,interstitial,pre_roll,retail,4.95,10,1,1,1,39.0,3,6.78,1.33,26.53,0.27,2024-12-24 04:00:00,4,1,12
279074,64.0,M,DE,Berlin,mobile,free,7792,drama,16.9,G,5426,banner,in_feed,auto,4.36,2,0,0,0,0.5,1,9.82,0.44,0.01,0.02,2024-07-10 13:00:00,13,2,7
225717,58.0,M,IN,Mumbai,mobile,free,4330,sports,37.9,PG,5928,audio,pre_roll,gaming,5.05,4,0,0,0,34.5,5,14.17,1.08,0.02,0.06,2024-11-26 09:00:00,9,1,11
187322,16.0,M,DE,Berlin,tablet,premium,7954,kids,46.8,R,5379,native,post_roll,retail,1.84,10,1,0,1,33.9,3,10.62,0.49,0.34,0.18,2024-08-07 08:00:00,8,2,8
769621,24.0,M,US,Austin,smart_tv,free,5343,drama,21.8,PG,5716,interstitial,sidebar,gaming,4.64,6,0,0,0,21.4,1,10.96,1.21,0.03,0.07,2025-03-06 12:00:00,12,3,3
845371,23.0,F,FR,Lyon,desktop,basic,5455,news,48.8,PG-13,5320,banner,sidebar,cpg,6.13,1,0,0,0,15.3,2,9.38,1.39,0.0,0.01,2025-05-05 02:00:00,2,0,5
800716,54.0,F,US,New York,desktop,free,9003,comedy,4.2,PG-13,5933,audio,pre_roll,auto,6.21,8,0,0,0,2.8,1,10.31,1.14,0.03,0.08,2025-02-16 10:00:00,10,6,2
108699,63.0,F,US,Austin,desktop,basic,7617,gaming,5.5,R,5990,interstitial,sidebar,gaming,4.5,9,0,0,0,4.3,3,12.36,1.17,0.04,0.11,2024-03-01 16:00:00,16,4,3
281189,73.0,M,JP,Tokyo,desktop,premium,8692,kids,5.5,PG,5196,interstitial,post_roll,travel,7.27,2,0,0,0,17.1,2,14.88,0.96,0.01,0.03,2025-08-18 16:00:00,16,0,8
527919,61.0,M,CA,Toronto,desktop,family,4681,sports,8.9,PG,5377,interstitial,post_roll,auto,2.8,4,0,0,0,16.8,6,12.74,0.88,0.02,0.05,2024-03-13 20:00:00,20,2,3
508126,68.0,F,FR,Lyon,desktop,free,4068,sports,53.0,R,5750,interstitial,pre_roll,healthcare,3.59,2,0,0,0,46.3,5,9.79,1.25,0.01,0.02,2025-08-22 16:00:00,16,4,8
220659,42.0,F,US,Seattle,desktop,free,2377,music,60.9,PG-13,5488,interstitial,in_feed,finance,1.43,9,0,0,0,43.5,7,7.44,1.47,0.03,0.07,2024-03-18 03:00:00,3,0,3
499014,55.0,F,JP,Tokyo,desktop,free,5830,music,31.8,PG,5861,audio,in_feed,auto,2.61,3,1,0,1,24.1,5,11.05,1.07,0.66,0.19,2024-12-04 21:00:00,21,2,12
628146,62.0,M,BR,Rio de Janeiro,mobile,free,6793,sports,28.7,PG-13,5724,banner,in_feed,retail,5.32,5,0,0,0,23.8,5,11.31,1.2,0.02,0.06,2024-04-27 05:00:00,5,5,4
435411,40.0,M,UK,Manchester,smart_tv,free,1335,sports,35.9,PG,5279,banner,post_roll,travel,5.72,4,0,0,0,5.1,3,15.48,1.21,0.02,0.06,2024-04-21 09:00:00,9,6,4
582897,73.0,F,AU,Sydney,desktop,family,4760,documentary,8.8,R,5760,banner,mid_roll,finance,3.17,2,0,0,0,22.3,3,9.37,1.58,0.01,0.02,2025-03-05 00:00:00,0,2,3
878310,22.0,Other,US,Chicago,mobile,premium,1730,gaming,47.8,R,5841,native,pre_roll,retail,6.24,11,1,0,1,26.6,2,9.9,1.35,0.85,0.31,2025-03-29 00:00:00,0,5,3
244648,44.0,M,DE,Munich,mobile,free,9693,music,27.9,PG,5545,native,sidebar,auto,4.88,6,1,0,1,28.6,5,7.36,1.24,0.76,0.23,2024-05-03 20:00:00,20,4,5
736386,28.0,Unknown,BR,Rio de Janeiro,desktop,premium,7753,drama,53.2,R,5073,interstitial,post_roll,travel,11.9,10,2,0,1,39.9,5,9.5,1.44,1.77,0.53,2025-08-10 09:00:00,9,6,8
787646,60.0,M,BR,Sao Paulo,desktop,free,6998,drama,2.0,PG,5493,video,sidebar,finance,7.57,6,0,0,0,2.2,4,8.94,1.11,0.02,0.05,2024-08-21 01:00:00,1,2,8
895275,68.0,M,US,Seattle,mobile,free,8080,documentary,17.8,PG,5724,interstitial,in_feed,finance,2.75,2,0,0,0,12.6,5,13.27,1.05,0.01,0.03,2024-08-19 21:00:00,21,0,8
331040,55.0,F,US,New York,mobile,basic,6771,comedy,11.8,PG,5755,banner,mid_roll,auto,6.0,3,0,0,0,15.5,8,12.93,1.54,0.02,0.04,2024-08-08 08:00:00,8,3,8
576939,25.0,F,IN,Bengaluru,desktop,premium,6519,sports,35.0,G,5883,interstitial,mid_roll,cpg,3.89,9,1,0,1,39.0,7,15.09,1.48,0.94,0.36,2024-11-05 01:00:00,1,1,11
493057,27.0,F,IN,Mumbai,smart_tv,basic,7931,gaming,56.0,R,5668,video,mid_roll,cpg,3.0,7,0,0,0,42.2,3,12.37,1.26,0.03,0.09,2024-06-05 00:00:00,0,2,6
828437,28.0,M,US,New York,smart_tv,free,1628,sports,46.3,G,5444,banner,pre_roll,tech,6.73,2,0,0,0,13.9,3,8.18,0.89,0.01,0.02,2024-10-16 09:00:00,9,2,10
257924,46.0,M,BR,Sao Paulo,desktop,premium,4474,drama,28.3,PG-13,5566,native,post_roll,healthcare,3.19,3,0,0,0,13.5,0,10.0,0.9,0.01,0.03,2024-06-22 09:00:00,9,5,6
313132,15.0,F,US,New York,desktop,basic,3196,music,20.3,PG,5636,video,mid_roll,gaming,3.89,8,0,0,0,13.4,3,7.44,1.0,0.02,0.06,2024-03-28 18:00:00,18,3,3
357066,15.0,F,MX,Guadalajara,desktop,basic,3136,sports,3.1,PG-13,5954,video,sidebar,tech,2.89,2,0,0,0,5.4,0,8.77,2.02,0.01,0.02,2024-09-16 02:00:00,2,0,9
351609,62.0,F,US,New York,mobile,premium,3290,sports,46.8,PG,5838,interstitial,sidebar,gaming,5.85,9,0,0,0,39.1,4,13.72,1.34,0.05,0.12,2025-02-27 00:00:00,0,3,2
857715,62.0,F,US,Austin,mobile,free,7614,kids,53.1,G,5239,audio,mid_roll,travel,8.74,10,1,0,1,35.0,4,7.24,1.65,1.02,0.32,2025-04-17 01:00:00,1,3,4
544267,44.0,M,IN,Bengaluru,mobile,free,6697,drama,30.9,PG-13,5426,interstitial,post_roll,finance,10.05,10,0,0,0,12.6,5,12.97,1.48,0.05,0.13,2024-09-07 19:00:00,19,5,9
720752,32.0,F,BR,Sao Paulo,tablet,basic,1347,drama,35.0,R,5514,banner,in_feed,healthcare,10.63,6,0,0,0,26.6,1,17.23,0.76,0.04,0.1,2024-08-22 19:00:00,19,3,8
542043,25.0,M,UK,London,smart_tv,free,7474,drama,28.8,PG-13,5325,banner,mid_roll,healthcare,4.94,10,1,1,1,1.2,3,12.57,0.86,20.83,0.25,2025-04-30 05:00:00,5,2,4
787424,43.0,M,IN,Mumbai,smart_tv,free,7939,news,31.9,PG,5736,native,sidebar,cpg,2.85,5,0,0,0,16.2,4,4.41,1.29,0.01,0.02,2025-03-03 20:00:00,20,0,3
139131,61.0,M,IN,Mumbai,desktop,basic,8000,gaming,68.3,R,5235,banner,post_roll,gaming,9.88,9,0,0,0,52.6,0,8.48,0.73,0.03,0.08,2025-05-24 08:00:00,8,5,5
307510,62.0,F,US,Seattle,mobile,basic,6813,documentary,5.5,PG-13,5731,native,pre_roll,auto,9.55,5,0,0,0,3.4,2,9.82,0.95,0.02,0.05,2025-07-03 07:00:00,7,3,7
627099,50.0,F,FR,Paris,tablet,free,8903,drama,28.3,PG,5470,native,mid_roll,tech,5.14,1,0,0,0,23.5,8,10.87,2.28,0.0,0.01,2025-05-18 11:00:00,11,6,5
339422,44.0,M,US,New York,mobile,free,9144,comedy,21.3,PG,5933,interstitial,sidebar,finance,4.24,10,1,0,1,22.9,4,13.21,1.07,0.69,0.29,2025-07-19 16:00:00,16,5,7
114033,51.0,M,JP,Osaka,mobile,basic,4959,documentary,39.3,PG-13,5245,native,sidebar,cpg,8.68,11,0,0,0,28.4,6,8.02,1.28,0.04,0.09,2024-10-11 23:00:00,23,4,10
785023,32.0,M,FR,Paris,mobile,free,7391,drama,65.7,G,5824,native,mid_roll,finance,2.87,3,0,0,0,50.7,4,10.2,0.95,0.01,0.03,2024-09-30 02:00:00,2,0,9
273702,44.0,M,US,Chicago,desktop,premium,4861,music,23.5,G,5163,audio,mid_roll,healthcare,5.38,1,0,0,0,10.4,3,14.64,0.66,0.01,0.01,2024-08-21 15:00:00,15,2,8
874856,58.0,M,UK,London,desktop,basic,5574,sports,47.6,G,5131,video,pre_roll,auto,2.25,4,0,0,0,19.5,1,10.41,0.96,0.02,0.04,2024-07-06 00:00:00,0,5,7
382694,74.0,M,JP,Osaka,mobile,free,7473,comedy,68.0,R,5218,video,pre_roll,travel,3.49,1,0,0,0,36.0,2,6.11,0.9,0.0,0.01,2025-04-09 08:00:00,8,2,4
570966,35.0,F,DE,Munich,mobile,free,9003,news,45.7,PG,5390,video,mid_roll,finance,6.44,6,0,0,0,39.6,3,14.27,1.04,0.03,0.09,2025-03-21 19:00:00,19,4,3
853990,44.0,F,US,New York,desktop,basic,6831,comedy,33.9,G,5181,native,sidebar,auto,5.14,9,2,0,1,10.2,1,4.92,1.1,1.34,0.37,2025-05-07 18:00:00,18,2,5
404918,64.0,F,IN,Bengaluru,mobile,basic,6628,music,55.7,G,5464,native,post_roll,auto,4.56,7,0,0,0,33.9,2,11.1,1.04,0.03,0.08,2024-05-30 09:00:00,9,3,5
276350,46.0,F,US,Seattle,mobile,family,4825,comedy,51.8,PG-13,5871,banner,mid_roll,finance,4.08,8,1,0,1,17.1,3,8.54,0.58,0.38,0.16,2024-11-21 06:00:00,6,3,11
474032,71.0,F,CA,Toronto,mobile,premium,4390,documentary,49.6,R,5609,native,pre_roll,travel,8.47,1,0,0,0,46.5,5,11.83,1.07,0.0,0.01,2024-06-28 20:00:00,20,4,6
451661,67.0,M,US,Austin,desktop,free,6524,documentary,15.8,R,5485,audio,sidebar,auto,2.13,6,2,0,1,10.4,7,3.11,0.82,0.99,0.26,2025-06-26 05:00:00,5,3,6
641099,16.0,M,US,Austin,tablet,basic,7101,documentary,2.0,PG-13,5769,banner,mid_roll,gaming,5.26,1,0,0,0,7.9,2,13.09,0.93,0.01,0.01,2024-07-23 09:00:00,9,1,7
681736,21.0,F,US,Seattle,mobile,free,1234,gaming,31.4,PG-13,5925,interstitial,post_roll,cpg,5.15,2,0,0,0,17.5,6,8.47,0.78,0.01,0.02,2024-05-17 17:00:00,17,4,5
966471,29.0,F,IN,Mumbai,mobile,free,3822,kids,36.5,PG,5717,banner,pre_roll,finance,6.87,8,0,0,0,17.0,4,10.97,1.06,1.5561282307794964,0.09,2025-01-02 17:00:00,17,3,1
234669,40.0,F,US,New York,mobile,free,6547,news,52.3,PG-13,5206,video,pre_roll,travel,11.92,6,0,0,0,30.8,3,11.58,1.6,0.03,0.07,2025-06-18 16:00:00,16,2,6
275645,21.0,F,US,Seattle,tablet,free,4026,kids,15.4,PG-13,5147,banner,in_feed,retail,7.71,6,1,1,1,17.3,3,7.85,0.8,34.13005000000005,0.17,2025-07-08 11:00:00,11,1,7
166581,46.0,M,CA,Vancouver,tablet,basic,6993,comedy,17.5,PG-13,5774,audio,post_roll,auto,6.76,9,0,0,0,4.0,3,8.62,0.28,0.03,0.08,2024-04-21 21:00:00,21,6,4
174753,59.0,M,UK,London,desktop,free,3532,sports,24.4,PG,5984,banner,in_feed,travel,2.85,8,0,0,0,20.6,8,6.41,1.76,0.02,0.05,2024-08-23 23:00:00,23,4,8
106318,17.0,F,DE,Berlin,mobile,basic,8033,gaming,18.8,PG-13,5522,audio,sidebar,cpg,7.92,11,1,0,1,13.0,5,11.21,0.92,0.6,0.26,2024-05-22 21:00:00,21,2,5
421022,13.0,F,BR,Rio de Janeiro,mobile,basic,6684,gaming,84.8,PG-13,5276,audio,sidebar,finance,4.39,5,0,0,0,62.8,2,5.69,2.07,0.01,0.03,2024-08-14 05:00:00,5,2,8
966378,13.0,F,FR,Lyon,smart_tv,premium,9329,sports,39.3,PG-13,5238,banner,mid_roll,healthcare,3.6,3,0,0,0,30.0,4,5.22,1.45,0.01,0.02,2024-12-14 06:00:00,6,5,12
140826,52.0,F,FR,Lyon,mobile,premium,4314,documentary,23.0,PG-13,5899,interstitial,sidebar,retail,4.94,10,0,0,0,12.5,1,13.77,0.48,0.06,0.14,2024-07-30 12:00:00,12,1,7
135585,61.0,F,US,Austin,mobile,premium,7738,sports,66.3,PG,5103,native,pre_roll,travel,4.74,6,0,0,0,63.7,5,12.73,1.31,0.03,0.08,2024-04-06 11:00:00,11,5,4
399793,47.0,M,JP,Tokyo,desktop,basic,8060,documentary,46.7,PG,5528,banner,pre_roll,gaming,4.15,1,0,0,0,36.7,1,14.59,0.42,0.01,0.01,2024-12-01 09:00:00,9,6,12
687289,65.0,M,MX,Guadalajara,desktop,free,9590,drama,40.8,R,5932,video,in_feed,travel,6.51,9,0,0,0,20.6,3,5.81,0.72,0.02,0.05,2024-03-29 12:00:00,12,4,3
696540,31.0,F,UK,London,desktop,basic,2793,sports,2.0,G,5652,audio,pre_roll,retail,3.84,4,0,0,0,7.5,2,10.8,1.21,0.02,0.04,2024-07-01 09:00:00,9,0,7
103803,48.0,F,DE,Berlin,mobile,basic,2813,documentary,19.8,PG-13,5274,video,mid_roll,travel,4.78,4,0,0,0,8.3,3,13.76,0.88,0.02,0.06,2024-03-01 06:00:00,6,4,3
120379,26.0,F,US,Seattle,desktop,free,9680,documentary,14.1,PG-13,5252,banner,pre_roll,travel,7.88,1,0,0,0,0.5,2,8.64,0.8,0.0,0.01,2024-04-16 21:00:00,21,1,4
843980,45.0,F,BR,Rio de Janeiro,tablet,family,2550,drama,43.6,R,5117,banner,pre_roll,travel,4.66,10,2,0,1,16.7,2,9.22,1.03,1.27,0.4,2024-10-22 14:00:00,14,1,10
829469,58.0,Other,BR,Rio de Janeiro,desktop,free,4623,music,53.3,PG-13,5702,native,pre_roll,auto,8.39,4,0,0,0,24.1,4,11.21,1.73,0.02,0.04,2025-06-03 09:00:00,9,1,6
702706,37.0,M,CA,Toronto,mobile,premium,5359,gaming,64.8,PG-13,5517,native,in_feed,healthcare,5.81,2,0,0,0,31.2,9,13.59,1.43,0.01,0.03,2025-04-23 07:00:00,7,2,4
232363,36.0,M,DE,Berlin,desktop,basic,8783,sports,19.5,PG,5629,interstitial,sidebar,gaming,7.58,3,0,0,0,0.5,1,9.95,1.26,0.01,0.03,2024-04-23 08:00:00,8,1,4
981820,48.0,Other,DE,Berlin,smart_tv,free,7989,sports,2.0,R,5605,video,post_roll,gaming,3.19,9,0,0,0,0.5,4,9.37,1.65,0.03,0.08,2024-03-19 19:00:00,19,1,3
764709,68.0,M,IN,Hyderabad,smart_tv,basic,7376,music,43.1,G,5345,banner,in_feed,auto,8.34,4,0,0,0,25.3,4,9.0,0.86,0.01,0.04,2024-08-30 13:00:00,13,4,8
942525,73.0,M,MX,Guadalajara,mobile,basic,3661,gaming,25.3,PG-13,5537,interstitial,sidebar,finance,7.59,9,1,0,1,15.5,0,5.94,1.16,0.72,0.23,2025-02-16 05:00:00,5,6,2
653672,13.0,M,CA,Vancouver,mobile,basic,9011,drama,41.2,PG-13,5965,banner,sidebar,travel,6.56,3,0,0,0,14.4,4,12.8,1.41,0.02,0.04,2025-04-08 05:00:00,5,1,4
968695,55.0,M,UK,Manchester,mobile,free,8449,news,21.0,PG,5305,native,sidebar,retail,6.17,2,0,0,0,2.1,3,6.44,1.32,0.01,0.01,2025-05-19 11:00:00,11,0,5
202215,17.0,M,AU,Sydney,desktop,premium,6416,news,22.3,PG-13,5325,interstitial,in_feed,gaming,1.79,11,0,0,0,7.3,7,8.93,0.42,0.04,0.1,2024-09-01 18:00:00,18,6,9
169050,28.0,M,IN,Bengaluru,desktop,premium,8517,music,52.2,PG-13,5805,native,post_roll,travel,5.18,9,0,0,0,40.0,4,4.98,0.92,0.02,0.04,2024-05-30 17:00:00,17,3,5
962845,31.0,M,IN,Bengaluru,desktop,premium,9353,news,2.0,R,5320,interstitial,in_feed,finance,6.17,3,0,0,0,0.5,1,9.01,1.27,0.01,0.03,2024-03-15 05:00:00,5,4,3
626841,30.0,F,IN,Hyderabad,desktop,free,7812,sports,51.1,R,5881,video,pre_roll,travel,6.36,4,1,1,1,48.6,3,11.23,0.94,27.08,0.19,2024-05-19 07:00:00,7,6,5
649747,30.0,F,UK,London,desktop,free,6530,kids,29.5,PG-13,5225,banner,post_roll,travel,8.38,3,0,0,0,7.7,1,9.03,1.12,0.01,0.03,2024-04-05 04:00:00,4,4,4
771926,55.0,M,BR,Sao Paulo,mobile,basic,7710,kids,47.9,R,5191,banner,post_roll,cpg,4.04,3,0,0,0,20.6,5,8.17,1.33,0.01,0.02,2025-06-08 19:00:00,19,6,6
938165,73.0,M,UK,London,tablet,basic,4211,comedy,53.8,PG,5203,banner,pre_roll,gaming,12.1,4,1,0,1,29.8,6,11.65,1.89,1.15,0.33,2024-07-23 22:00:00,22,1,7
211303,36.0,M,US,Chicago,desktop,family,5203,sports,36.6,R,5545,banner,in_feed,travel,2.9,10,0,0,0,18.3,2,5.82,0.76,0.02,0.06,2025-05-19 11:00:00,11,0,5
338878,62.0,Other,BR,Rio de Janeiro,mobile,free,7827,kids,37.4,G,5557,interstitial,mid_roll,gaming,2.7,2,1,1,1,18.4,4,9.23,1.53,31.45,0.25,2024-12-24 16:00:00,16,1,12
288448,57.0,M,IN,Hyderabad,desktop,basic,5945,kids,13.1,PG,5855,audio,post_roll,cpg,4.9,11,0,0,0,7.0,3,10.89,0.68,0.05,0.12,2024-12-17 00:00:00,0,1,12
340454,15.0,M,US,Seattle,smart_tv,free,8666,documentary,31.0,G,5403,banner,post_roll,finance,5.45,1,0,0,0,13.3,2,9.97,1.55,0.0,0.01,2024-11-01 14:00:00,14,4,11
467350,17.0,F,JP,Osaka,mobile,premium,9736,kids,62.5,PG-13,5893,native,mid_roll,auto,5.6,9,0,0,0,52.2,1,6.9,0.54,0.02,0.06,2025-05-17 08:00:00,8,5,5
612675,16.0,F,IN,Bengaluru,mobile,basic,4542,kids,36.3,PG,5950,audio,mid_roll,retail,6.29,11,1,0,1,22.5,5,11.18,1.35,0.86,0.33,2024-03-24 11:00:00,11,6,3
864436,29.0,F,US,Seattle,mobile,free,9534,drama,21.1,PG-13,5287,native,mid_roll,tech,11.43,5,0,0,0,15.9,1,14.41,1.47,0.03,0.07,2024-04-20 02:00:00,2,5,4
311255,30.0,M,IN,Hyderabad,mobile,free,8821,drama,14.3,R,5338,banner,post_roll,cpg,5.62,1,0,0,0,2.2,3,9.09,0.94,0.0,0.01,2024-10-15 15:00:00,15,1,10
834499,37.0,F,UK,London,desktop,free,2791,sports,29.8,G,5286,native,pre_roll,retail,2.01,2,0,0,0,12.2,2,11.78,0.71,0.01,0.02,2024-09-30 00:00:00,0,0,9
617317,16.0,M,MX,Mexico City,smart_tv,free,5204,sports,21.6,G,5953,banner,mid_roll,gaming,1.62,5,1,0,1,22.2,5,9.15,1.1,0.68,0.21,2024-12-20 14:00:00,14,4,12
834689,44.0,Other,UK,Manchester,smart_tv,premium,9413,documentary,2.0,PG-13,5093,banner,mid_roll,retail,2.75,2,0,0,0,13.9,2,5.72,0.89,0.0,0.01,2025-04-03 09:00:00,9,3,4
823571,17.0,M,US,Chicago,mobile,free,7146,kids,21.7,G,5822,video,post_roll,healthcare,13.44,1,0,0,0,5.3,1,11.58,1.07,0.0,0.01,2025-01-12 06:00:00,6,6,1
347582,41.0,M,BR,Rio de Janeiro,mobile,free,5409,drama,44.3,PG-13,5572,native,mid_roll,healthcare,7.32,10,0,0,0,41.9,5,8.27,0.46,0.03,0.08,2024-07-18 00:00:00,0,3,7
801231,50.0,M,US,Seattle,desktop,basic,2993,drama,47.2,R,5176,banner,sidebar,gaming,2.65,1,0,0,0,26.7,3,13.52,1.44,0.01,0.01,2024-08-24 17:00:00,17,5,8
789059,53.0,M,IN,Bengaluru,console,basic,4902,gaming,2.6,PG-13,5841,banner,mid_roll,travel,9.5,9,1,0,1,2.6,1,14.03,1.41,0.9,0.34,2025-04-11 06:00:00,6,4,4
605796,55.0,M,BR,Rio de Janeiro,mobile,free,2265,gaming,31.1,PG,5500,audio,sidebar,cpg,10.99,5,1,0,1,11.6,4,9.61,1.46,0.9,0.27,2024-06-17 19:00:00,19,0,6
185171,25.0,M,US,New York,tablet,free,2022,drama,77.0,R,5405,audio,in_feed,finance,5.13,11,0,0,0,40.8,2,14.02,1.47,0.06,0.15,2024-11-28 06:00:00,6,3,11
957445,73.0,M,US,New York,smart_tv,premium,6519,sports,37.5,PG-13,5666,banner,mid_roll,tech,3.25,4,0,0,0,40.8,6,8.2,0.89,0.01,0.03,2024-12-16 22:00:00,22,0,12
953577,40.0,F,UK,Manchester,desktop,free,5742,kids,59.7,PG,5889,interstitial,pre_roll,cpg,4.31,1,0,0,0,36.3,5,11.68,1.79,0.0,0.01,2025-04-10 03:00:00,3,3,4
408888,70.0,F,US,Seattle,desktop,free,3529,music,20.6,G,5263,native,sidebar,gaming,5.3,11,0,0,0,14.8,1,9.78,1.24,0.04,0.11,2025-03-21 18:00:00,18,4,3
546591,14.0,F,UK,London,smart_tv,premium,7099,sports,29.4,PG-13,5958,banner,in_feed,cpg,6.56,4,0,0,0,15.8,5,7.5,2.21,0.01,0.03,2024-11-06 22:00:00,22,2,11
483139,39.0,M,UK,London,desktop,free,3429,drama,23.1,PG-13,5673,audio,sidebar,auto,3.68,8,0,0,0,22.1,5,10.78,1.57,0.03,0.09,2024-08-14 22:00:00,22,2,8
745255,61.0,M,US,Austin,mobile,basic,8022,drama,45.0,R,5445,banner,mid_roll,travel,2.22,3,0,0,0,42.3,5,7.23,1.16,0.01,0.02,2024-09-15 16:00:00,16,6,9
386437,22.0,M,BR,Unknown,mobile,free,7950,documentary,23.8,R,5472,banner,mid_roll,tech,7.15,8,0,0,0,1.9,1,13.2,0.89,0.04,0.11,2024-10-09 06:00:00,6,2,10
976337,35.0,M,US,Austin,desktop,premium,9592,sports,10.3,PG-13,5277,banner,pre_roll,cpg,3.47,11,0,0,0,0.5,3,6.96,1.63,0.03,0.08,2024-06-27 08:00:00,8,3,6
180362,57.0,F,US,New York,desktop,premium,7795,comedy,42.9,PG-13,5827,native,sidebar,healthcare,5.47,10,0,0,0,31.1,2,8.23,1.75,0.03,0.08,2025-02-01 17:00:00,17,5,2
473379,18.0,M,CA,Toronto,desktop,free,7915,sports,18.6,R,5630,video,pre_roll,tech,2.03,7,0,0,0,18.0,3,1.31,0.57,0.0,0.01,2024-06-21 12:00:00,12,4,6
511903,72.0,M,MX,Guadalajara,tablet,basic,1540,news,68.1,PG,5433,video,post_roll,auto,9.08,9,0,0,0,32.3,2,10.87,1.32,0.04,0.1,2025-02-14 06:00:00,6,4,2
373191,42.0,F,DE,Munich,desktop,premium,8830,drama,27.2,PG-13,5100,audio,sidebar,travel,1.67,5,0,0,0,10.0,2,5.9,0.47,0.01,0.03,2025-04-10 19:00:00,19,3,4
523941,14.0,M,UK,Manchester,mobile,premium,1464,news,28.5,G,5942,interstitial,pre_roll,finance,7.74,9,0,0,0,20.6,3,14.31,1.39,0.05,0.13,2025-08-02 09:00:00,9,5,8
383895,63.0,F,JP,Tokyo,desktop,free,4325,gaming,17.4,PG-13,5509,video,in_feed,retail,1.44,10,0,0,0,20.7,1,11.94,0.35,0.05,0.12,2024-05-04 05:00:00,5,5,5
419913,54.0,F,BR,Rio de Janeiro,desktop,free,3729,sports,9.3,PG,5592,audio,mid_roll,cpg,2.28,5,0,0,0,2.9,0,8.72,1.01,0.02,0.04,2025-04-15 06:00:00,6,1,4
183377,25.0,M,CA,Toronto,mobile,premium,5097,kids,39.4,R,5590,native,post_roll,gaming,5.13,10,1,0,1,4.3,6,3.13,1.83,1.11,0.31,2024-04-16 10:00:00,10,1,4
462474,25.0,M,JP,Osaka,mobile,free,5036,kids,49.5,G,5959,audio,mid_roll,travel,12.53,3,0,0,0,4.5,0,13.53,1.47,0.02,0.04,2024-08-30 02:00:00,2,4,8
708954,37.0,M,DE,Munich,mobile,basic,1224,documentary,2.0,PG-13,5940,video,in_feed,travel,3.67,4,0,0,0,0.5,3,9.35,1.81,0.01,0.04,2024-06-04 04:00:00,4,1,6
926410,68.0,F,DE,Munich,mobile,premium,4698,documentary,31.6,G,5409,native,in_feed,healthcare,6.15,6,0,0,0,24.4,5,9.49,1.57,0.02,0.06,2024-05-27 15:00:00,15,0,5
996457,17.0,M,FR,Lyon,desktop,free,2964,drama,58.4,PG-13,5627,video,post_roll,retail,5.66,5,0,0,0,52.1,4,3.17,1.83,0.01,0.02,2024-06-03 16:00:00,16,0,6
808681,61.0,F,IN,Hyderabad,desktop,free,5052,documentary,4.3,G,5302,video,pre_roll,retail,4.4,2,0,0,0,0.5,1,11.29,0.49,0.01,0.02,2024-03-24 17:00:00,17,6,3
885717,21.0,F,DE,Unknown,desktop,free,3758,gaming,30.6,PG-13,5022,video,mid_roll,healthcare,3.68,2,0,0,0,4.2,2,5.88,1.02,0.0,0.01,2025-05-19 11:00:00,11,0,5
412557,67.0,M,DE,Munich,mobile,free,7125,news,14.5,R,5616,interstitial,post_roll,retail,2.33,8,0,0,0,0.5,1,8.73,1.02,0.03,0.07,2024-04-03 00:00:00,0,2,4
970195,23.0,M,IN,Hyderabad,desktop,free,1873,kids,2.0,PG-13,5119,interstitial,in_feed,retail,4.45,6,1,0,1,12.6,0,8.06,1.21,0.75,0.23,2024-10-02 04:00:00,4,2,10
879056,44.0,F,DE,Berlin,desktop,family,8199,documentary,70.3,PG-13,5639,audio,in_feed,travel,3.33,9,1,1,1,54.0,6,13.2,0.99,16.74,0.27,2025-03-13 13:00:00,13,3,3
289761,46.0,M,US,Unknown,mobile,basic,7695,drama,39.7,PG-13,5527,native,sidebar,finance,2.19,7,0,0,0,51.3,2,10.43,1.75,0.03,0.07,2025-08-17 19:00:00,19,6,8
750449,14.0,M,FR,Paris,smart_tv,basic,1111,comedy,5.3,PG-13,5489,interstitial,post_roll,cpg,8.98,10,0,0,0,17.6,4,12.11,1.3,0.05,0.12,2025-06-05 00:00:00,0,3,6
162508,52.0,F,FR,Paris,mobile,premium,4675,music,24.6,PG,5797,native,pre_roll,cpg,4.23,11,2,0,1,1.4,3,5.71,0.6,0.75,0.24,2024-05-14 02:00:00,2,1,5
392548,24.0,F,FR,Lyon,smart_tv,free,8352,gaming,2.0,R,5194,video,pre_roll,auto,5.64,1,0,0,0,0.5,0,16.74,1.19,0.01,0.02,2025-08-16 09:00:00,9,5,8
348379,59.0,M,IN,Hyderabad,mobile,family,5151,gaming,2.0,PG,5060,audio,sidebar,gaming,4.52,4,0,0,0,1.1,4,8.59,0.98,0.01,0.03,2025-02-16 21:00:00,21,6,2
809270,35.0,M,MX,Mexico City,mobile,basic,8988,comedy,15.4,PG,5828,native,pre_roll,finance,1.48,11,0,0,0,10.2,4,8.72,0.93,0.04,0.1,2024-06-05 23:00:00,23,2,6
648361,30.0,F,CA,Vancouver,desktop,free,9745,music,58.2,PG-13,5148,native,sidebar,cpg,9.51,9,0,0,0,18.2,1,10.28,1.31,0.04,0.09,2024-10-29 07:00:00,7,1,10
372612,49.0,M,UK,London,smart_tv,free,6477,drama,12.0,PG-13,5120,audio,post_roll,healthcare,3.4,7,0,0,0,14.0,3,5.35,1.13,0.01,0.04,2025-07-09 15:00:00,15,2,7
758977,47.0,F,US,Austin,mobile,premium,6142,drama,13.2,PG-13,5047,audio,mid_roll,gaming,4.56,6,0,0,0,9.9,3,9.17,1.01,0.02,0.06,2024-09-29 04:00:00,4,6,9
190513,24.0,F,IN,Bengaluru,mobile,free,2607,drama,59.9,PG,5599,audio,post_roll,tech,11.76,9,1,0,1,52.2,6,7.61,1.47,0.91,0.29,2024-06-08 03:00:00,3,5,6
804250,73.0,M,BR,Sao Paulo,console,free,1761,news,59.4,G,5263,interstitial,in_feed,finance,6.27,1,0,0,0,30.1,1,11.47,1.46,0.0,0.01,2025-06-16 13:00:00,13,0,6
879175,55.0,F,US,Austin,tablet,basic,9608,documentary,23.0,G,5113,interstitial,pre_roll,cpg,2.26,7,1,0,1,4.0,3,6.25,0.98,0.61,0.19,2025-07-28 14:00:00,14,0,7
141946,16.0,F,US,New York,tablet,free,2002,comedy,2.0,PG,5879,audio,post_roll,cpg,4.87,7,0,0,0,6.1,4,8.35,0.77,0.02,0.06,2025-08-09 19:00:00,19,5,8
771055,13.0,F,US,New York,desktop,premium,8843,news,47.5,PG-13,5922,audio,post_roll,tech,8.1,1,0,0,0,24.4,4,12.38,1.99,0.0,0.01,2025-07-30 02:00:00,2,2,7
646306,74.0,M,IN,Hyderabad,mobile,basic,3638,documentary,56.4,PG-13,5110,banner,mid_roll,gaming,1.86,8,0,0,0,19.3,1,8.63,0.77,0.03,0.07,2025-06-15 08:00:00,8,6,6
308198,69.0,F,US,Austin,desktop,premium,3666,drama,7.0,PG-13,5853,interstitial,sidebar,gaming,3.65,9,0,0,0,11.2,4,9.66,0.78,0.03,0.09,2024-11-01 10:00:00,10,4,11
338555,47.0,F,FR,Paris,desktop,basic,3807,drama,9.8,PG,5359,video,sidebar,travel,10.52,4,0,0,0,17.7,4,15.3,2.36,0.02,0.06,2024-06-12 20:00:00,20,2,6
295114,70.0,F,US,Chicago,mobile,premium,2499,drama,45.0,R,5898,video,post_roll,retail,2.03,7,1,0,1,30.9,5,6.4,0.65,0.41,0.14,2025-01-28 06:00:00,6,1,1
336332,58.0,M,MX,Guadalajara,desktop,free,5154,sports,17.0,PG-13,5540,audio,post_roll,auto,5.35,2,0,0,0,11.0,2,11.19,1.45,0.01,0.02,2024-06-28 05:00:00,5,4,6
396677,51.0,F,FR,Paris,mobile,free,8021,comedy,13.0,R,5550,native,in_feed,travel,4.11,4,0,0,0,11.2,2,12.95,0.77,0.02,0.05,2024-11-11 12:00:00,12,0,11
805313,34.0,M,UK,London,mobile,free,2545,drama,8.4,PG-13,5044,banner,pre_roll,travel,5.42,6,1,0,1,0.5,0,5.5,1.39,0.85,0.24,2025-02-18 06:00:00,6,1,2
356237,17.0,F,BR,Rio de Janeiro,tablet,premium,6484,gaming,69.8,PG,5376,interstitial,in_feed,auto,0.83,7,0,0,0,37.0,4,10.39,0.95,0.03,0.07,2025-07-25 03:00:00,3,4,7
904841,26.0,F,JP,Osaka,tablet,free,9806,kids,27.3,PG-13,5854,audio,sidebar,travel,5.06,1,0,0,0,38.2,0,10.27,1.39,0.0,0.01,2024-08-04 02:00:00,2,6,8
590569,46.0,F,IN,Mumbai,desktop,basic,3000,news,29.4,PG,5542,banner,post_roll,retail,4.67,4,0,0,0,6.4,3,10.96,0.77,0.02,0.04,2024-07-15 00:00:00,0,0,7
638105,53.0,F,US,Seattle,mobile,basic,1843,sports,20.1,R,5770,interstitial,in_feed,cpg,10.79,3,0,0,0,16.7,1,12.13,0.83,0.01,0.04,2025-04-01 18:00:00,18,1,4
910387,44.0,M,JP,Osaka,tablet,free,2159,comedy,39.5,G,5674,video,sidebar,finance,3.83,5,0,0,0,17.8,3,16.11,1.12,0.03,0.08,2024-03-04 11:00:00,11,0,3
116938,20.0,F,FR,Lyon,mobile,basic,7853,music,53.1,PG,5073,banner,in_feed,gaming,9.34,1,0,0,0,43.7,3,9.31,1.74,0.0,0.01,2024-12-31 20:00:00,20,1,12
476585,44.0,F,CA,Vancouver,mobile,family,7889,documentary,69.5,R,5278,banner,mid_roll,retail,5.16,5,1,0,1,39.6,3,11.27,0.85,0.53,0.18,2025-04-07 19:00:00,19,0,4
394850,62.0,M,US,Seattle,desktop,basic,1059,documentary,2.0,PG,5081,banner,sidebar,tech,3.61,3,0,0,0,12.4,2,11.71,2.12,0.01,0.04,2024-12-23 11:00:00,11,0,12
820834,26.0,M,DE,Berlin,tablet,family,3702,sports,62.7,R,5798,video,pre_roll,cpg,12.14,5,0,0,0,34.9,1,13.92,1.54,0.03,0.07,2024-09-24 08:00:00,8,1,9
946028,66.0,F,JP,Tokyo,desktop,family,7350,music,77.0,PG,5057,interstitial,pre_roll,travel,3.67,6,0,0,0,61.1,1,11.92,1.55,0.03,0.07,2025-05-22 09:00:00,9,3,5
963020,44.0,M,US,Unknown,mobile,premium,1123,news,8.7,PG-13,5972,banner,pre_roll,gaming,3.05,5,1,0,1,4.6,1,8.76,1.25,0.77,0.23,2024-09-17 08:00:00,8,1,9
659094,61.0,M,IN,Bengaluru,desktop,free,9065,music,65.8,PG-13,5486,video,mid_roll,tech,11.79,3,0,0,0,41.9,1,15.3,1.58,0.02,0.05,2025-03-19 16:00:00,16,2,3
349885,38.0,F,UK,Manchester,desktop,basic,4403,documentary,31.5,R,5854,interstitial,pre_roll,finance,5.87,11,1,1,1,14.9,1,10.52,0.87,32.2,0.25,2024-11-06 15:00:00,15,2,11
850809,57.0,F,IN,Bengaluru,mobile,basic,8234,comedy,50.7,PG,5498,video,sidebar,cpg,1.83,5,0,0,0,32.7,5,6.04,0.78,0.01,0.03,2024-03-15 08:00:00,8,4,3
618100,66.0,M,US,Seattle,mobile,basic,9205,gaming,18.9,PG,5518,banner,mid_roll,finance,5.63,10,1,0,1,3.9,2,13.02,0.15,0.14,0.15,2024-12-12 11:00:00,11,3,12
529974,41.0,Unknown,IN,Mumbai,mobile,free,8878,music,56.4,PG-13,5869,banner,post_roll,tech,3.93,9,0,0,0,48.9,2,5.9,1.44,0.02,0.05,2024-03-27 16:00:00,16,2,3
506507,29.0,F,DE,Munich,tablet,free,7893,documentary,67.0,PG,5315,native,in_feed,tech,4.85,1,0,0,0,20.6,3,10.93,1.65,0.0,0.01,2025-07-16 17:00:00,17,2,7
502070,37.0,M,UK,London,desktop,family,5355,news,17.9,PG,5285,video,sidebar,auto,8.08,8,2,0,1,6.4,7,19.46,0.63,0.82,0.34,2025-01-19 20:00:00,20,6,1
881700,58.0,M,US,Austin,mobile,basic,5439,gaming,25.5,PG-13,5051,audio,mid_roll,finance,3.54,5,0,0,0,12.5,2,16.09,1.34,0.03,0.08,2024-09-17 21:00:00,21,1,9
598571,48.0,M,DE,Munich,desktop,free,2814,music,26.3,PG-13,5577,native,pre_roll,tech,5.54,7,1,0,1,28.2,3,9.38,1.11,18.70385511757496,0.23,2024-11-18 13:00:00,13,0,11
894783,37.0,M,US,Austin,mobile,basic,1891,music,23.9,PG,5425,audio,in_feed,travel,7.04,1,0,0,0,8.6,1,9.42,1.6,0.0,0.01,2025-01-29 08:00:00,8,2,1
859138,27.0,M,US,Austin,mobile,premium,6633,news,45.1,PG-13,5671,interstitial,pre_roll,retail,5.22,3,0,0,0,24.0,1,10.4,1.13,0.01,0.03,2024-07-19 11:00:00,11,4,7
348415,57.0,M,IN,Mumbai,mobile,basic,4458,gaming,56.8,PG-13,5800,audio,in_feed,finance,5.73,6,0,0,0,33.8,3,11.44,1.97,0.03,0.07,2024-08-03 17:00:00,17,5,8
952561,29.0,F,IN,Hyderabad,mobile,premium,9957,comedy,54.3,PG,5845,video,mid_roll,retail,5.04,11,0,0,0,40.7,3,6.94,1.08,0.03,0.08,2024-10-13 01:00:00,1,6,10
402982,56.0,M,FR,Lyon,mobile,family,6572,news,42.6,PG,5229,native,sidebar,healthcare,3.1,7,0,0,0,22.4,3,1.52,0.71,0.0,0.01,2024-07-18 15:00:00,15,3,7
580950,40.0,F,MX,Guadalajara,mobile,free,7228,comedy,25.1,PG,5959,audio,mid_roll,travel,6.61,3,1,0,1,28.6,8,6.31,0.87,0.53,0.15,2025-04-14 06:00:00,6,0,4
939729,14.0,M,UK,London,desktop,family,1652,drama,57.3,G,5914,video,mid_roll,retail,2.8,9,1,0,1,28.7,2,8.7,1.24,0.78,0.26,2024-04-26 01:00:00,1,4,4
961670,60.0,F,FR,Paris,mobile,basic,3416,comedy,12.4,PG,5889,native,in_feed,gaming,3.09,4,1,0,1,9.8,3,13.1,0.73,0.46,0.16,2025-05-21 08:00:00,8,2,5
230689,53.0,M,BR,Sao Paulo,desktop,free,5312,sports,22.0,PG-13,5395,video,post_roll,gaming,3.91,9,0,0,0,14.1,3,4.76,1.84,0.02,0.04,2024-09-05 04:00:00,4,3,9
805322,47.0,M,IN,Mumbai,mobile,premium,7790,kids,16.9,PG-13,5116,native,mid_roll,cpg,1.86,10,2,0,1,21.8,4,7.43,0.88,1.09,0.34,2024-12-29 01:00:00,1,6,12
569894,19.0,M,DE,Berlin,console,premium,2515,documentary,54.1,PG-13,5584,banner,sidebar,healthcare,5.69,9,0,0,0,51.3,4,13.12,1.36,0.05,0.12,2024-05-25 04:00:00,4,5,5
798600,70.0,F,FR,Paris,desktop,free,7525,comedy,47.5,PG-13,5931,native,sidebar,auto,6.96,10,0,0,0,22.0,5,6.62,1.73,0.03,0.07,2024-09-25 02:00:00,2,2,9
882141,38.0,M,IN,Unknown,mobile,free,5094,gaming,25.3,G,5726,video,mid_roll,travel,3.55,8,0,0,0,23.8,4,11.64,0.56,0.04,0.09,2025-04-12 11:00:00,11,5,4
950188,40.0,M,IN,Bengaluru,mobile,free,4028,drama,41.7,G,5797,video,post_roll,gaming,8.25,4,1,0,1,7.8,3,12.0,1.48,0.91,0.27,2024-07-25 04:00:00,4,3,7
193561,44.0,M,DE,Munich,mobile,basic,7882,kids,36.9,R,5958,banner,post_roll,auto,2.38,10,0,0,0,31.0,3,11.59,1.5,0.05,0.12,2024-05-11 10:00:00,10,5,5
226360,64.0,M,FR,Paris,desktop,free,3978,news,2.0,R,5995,video,sidebar,retail,4.07,11,1,0,1,9.9,3,7.34,1.11,0.7,0.25,2024-12-07 20:00:00,20,5,12
699422,60.0,F,IN,Bengaluru,mobile,premium,6500,kids,26.9,G,5162,video,pre_roll,tech,4.4,8,0,0,0,28.5,5,6.64,1.23,0.02,0.05,2024-05-27 17:00:00,17,0,5
143938,73.0,M,IN,Hyderabad,mobile,family,4310,gaming,27.1,PG-13,5881,banner,post_roll,retail,2.02,3,0,0,0,9.7,2,6.0,0.89,0.01,0.02,2024-08-17 23:00:00,23,5,8
653286,36.0,M,UK,London,console,premium,9763,comedy,29.2,R,5376,interstitial,mid_roll,travel,2.73,7,0,0,0,14.9,3,5.68,1.39,0.02,0.04,2024-10-30 05:00:00,5,2,10
207520,34.0,F,US,Chicago,mobile,free,1127,sports,32.6,PG-13,5420,video,post_roll,retail,8.06,9,0,0,0,17.4,5,12.02,0.94,0.04,0.11,2024-12-30 14:00:00,14,0,12
739898,52.0,F,UK,London,desktop,family,8968,sports,19.5,PG-13,5671,native,sidebar,finance,3.71,1,0,0,0,7.7,2,8.4,0.92,0.0,0.01,2025-02-09 06:00:00,6,6,2
609749,16.0,F,US,Seattle,tablet,basic,5665,music,35.5,G,5048,audio,mid_roll,travel,7.78,3,0,0,0,23.8,4,9.64,1.41,0.01,0.03,2025-03-01 09:00:00,9,5,3
931002,51.0,F,DE,Munich,mobile,premium,6064,sports,44.1,PG-13,5880,interstitial,mid_roll,healthcare,8.24,7,0,0,0,33.5,7,8.72,0.93,0.02,0.06,2025-05-30 21:00:00,21,4,5
873096,14.0,M,US,Seattle,desktop,basic,6197,drama,42.7,PG-13,5309,interstitial,mid_roll,finance,7.96,5,0,0,0,35.0,4,13.88,1.19,0.03,0.07,2024-04-05 16:00:00,16,4,4
386924,73.0,F,US,Austin,desktop,premium,6770,comedy,53.3,PG,5710,banner,pre_roll,cpg,2.85,5,0,0,0,16.5,5,9.36,0.97,0.02,0.05,2024-09-12 15:00:00,15,3,9
146688,73.0,F,DE,Munich,mobile,free,6518,drama,27.6,PG-13,5963,video,sidebar,finance,6.24,9,0,0,0,26.8,1,5.34,0.75,0.02,0.05,2024-03-01 13:00:00,13,4,3
615717,74.0,M,JP,Osaka,mobile,premium,7824,comedy,34.1,PG,5282,banner,sidebar,travel,3.92,3,0,0,0,28.9,1,8.49,1.02,0.01,0.03,2024-03-06 02:00:00,2,2,3
558206,57.0,F,US,Chicago,mobile,premium,9208,kids,70.9,R,5798,video,pre_roll,finance,4.85,9,0,0,0,43.3,1,6.27,0.78,0.02,0.06,2024-06-23 15:00:00,15,6,6
476214,65.0,F,DE,Munich,mobile,premium,8575,kids,34.5,PG-13,5957,interstitial,post_roll,healthcare,4.88,5,0,0,0,21.0,3,7.36,1.27,0.01,0.04,2025-01-17 23:00:00,23,4,1
663811,19.0,F,CA,Toronto,tablet,basic,8826,gaming,29.5,PG-13,5366,interstitial,sidebar,retail,1.76,10,0,0,0,8.8,1,14.36,1.26,0.06,0.14,2025-06-27 00:00:00,0,4,6
727665,67.0,M,FR,Lyon,mobile,free,7727,sports,4.2,PG,5566,banner,post_roll,gaming,4.87,10,1,0,1,0.5,3,11.65,1.05,0.68,0.27,2025-04-22 17:00:00,17,1,4
648358,39.0,F,MX,Guadalajara,desktop,free,2838,documentary,21.1,R,5569,video,mid_roll,auto,3.77,6,1,0,1,8.9,2,9.76,0.86,0.54,0.19,2025-02-12 23:00:00,23,2,2
957581,41.0,F,UK,London,console,family,7372,drama,31.5,PG-13,5619,native,mid_roll,travel,3.87,3,0,0,0,28.7,3,13.0,1.31,0.02,0.04,2025-04-25 05:00:00,5,4,4
361737,36.0,M,IN,Hyderabad,smart_tv,free,1625,kids,33.2,PG,5726,native,mid_roll,travel,7.59,2,0,0,0,30.3,5,13.93,0.05,0.01,0.03,2024-06-01 20:00:00,20,5,6
561460,45.0,M,MX,Mexico City,smart_tv,free,2088,documentary,24.7,R,5856,banner,in_feed,finance,7.29,1,0,0,0,7.1,3,14.18,0.99,0.01,0.01,2025-05-28 12:00:00,12,2,5
317515,59.0,F,IN,Hyderabad,desktop,free,6299,drama,57.4,PG-13,5146,audio,sidebar,retail,2.03,7,1,0,1,44.3,6,12.86,1.08,0.68,0.25,2025-06-24 17:00:00,17,1,6
707267,23.0,F,US,Chicago,mobile,family,2201,music,54.4,PG-13,5423,audio,mid_roll,healthcare,5.09,5,1,0,1,31.3,3,9.89,1.47,0.9,0.27,2024-04-21 07:00:00,7,6,4
120353,50.0,F,IN,Unknown,tablet,family,4150,sports,27.6,PG-13,5933,banner,pre_roll,retail,12.56,10,0,0,0,24.9,6,9.9,1.54,0.04,0.1,2024-11-09 18:00:00,18,5,11
654968,33.0,F,US,Chicago,tablet,premium,3686,news,52.3,PG,5921,video,mid_roll,finance,2.25,9,0,0,0,26.3,7,8.96,0.12,0.03,0.08,2025-05-23 05:00:00,5,4,5
243448,60.0,F,AU,Melbourne,mobile,family,3389,sports,76.3,PG-13,5067,banner,post_roll,tech,4.6,2,0,0,0,55.4,0,11.69,1.48,0.01,0.02,2024-11-13 02:00:00,2,2,11
104290,53.0,M,FR,Lyon,mobile,basic,9104,documentary,29.4,PG,5819,native,sidebar,auto,6.58,1,0,0,0,25.1,4,8.34,1.62,0.0,0.01,2025-05-28 20:00:00,20,2,5
111643,62.0,F,CA,Vancouver,smart_tv,basic,6205,sports,54.2,PG,5659,native,sidebar,cpg,2.87,6,0,0,0,39.5,5,9.95,0.81,0.02,0.06,2025-07-19 04:00:00,4,5,7
689874,60.0,F,IN,Bengaluru,mobile,basic,8105,documentary,25.7,R,5311,native,post_roll,cpg,2.82,11,0,0,0,11.8,3,9.62,0.85,0.04,0.11,2024-11-12 07:00:00,7,1,11
539272,32.0,F,IN,Bengaluru,desktop,free,4849,sports,18.2,G,5676,banner,sidebar,auto,6.26,11,1,0,1,8.0,0,12.81,0.79,0.53,0.26,2024-04-02 02:00:00,2,1,4
619959,15.0,F,BR,Rio de Janeiro,desktop,basic,5500,documentary,28.1,R,5173,native,mid_roll,healthcare,4.34,6,0,0,0,11.4,3,11.86,0.85,0.03,0.07,2024-08-31 15:00:00,15,5,8
696620,16.0,F,DE,Munich,mobile,free,9300,comedy,58.7,PG-13,5119,interstitial,in_feed,gaming,3.74,1,0,0,0,25.4,2,10.07,1.17,0.0,0.01,2024-06-25 04:00:00,4,1,6
257856,51.0,F,CA,Vancouver,smart_tv,basic,6276,news,37.2,PG-13,5524,audio,in_feed,healthcare,8.72,8,0,0,0,16.6,3,16.1,1.11,0.05,0.13,2024-11-12 00:00:00,0,1,11
649820,26.0,F,BR,Sao Paulo,mobile,free,8733,music,60.9,G,5224,interstitial,sidebar,retail,4.78,5,0,0,0,45.2,2,14.46,1.65,0.03,0.07,2025-01-11 07:00:00,7,5,1
520849,41.0,F,IN,Bengaluru,desktop,basic,1826,music,9.8,PG-13,5838,video,pre_roll,healthcare,5.77,1,0,0,0,8.0,3,13.52,1.26,0.01,0.01,2024-11-06 12:00:00,12,2,11
746280,63.0,M,BR,Rio de Janeiro,tablet,free,1779,drama,17.3,PG,5946,interstitial,in_feed,healthcare,7.52,11,1,0,1,2.4,7,5.56,1.65,1.01,0.31,2024-06-14 13:00:00,13,4,6
549268,15.0,M,US,Austin,desktop,premium,6962,drama,24.7,PG-13,5225,audio,sidebar,gaming,4.86,4,1,0,1,5.3,4,7.35,1.01,0.62,0.18,2024-08-10 15:00:00,15,5,8
174289,72.0,M,IN,Bengaluru,mobile,free,9667,music,69.2,PG-13,5181,audio,sidebar,retail,8.61,2,0,0,0,37.7,1,6.37,1.65,0.01,0.01,2025-03-02 22:00:00,22,6,3
234630,66.0,M,BR,Sao Paulo,smart_tv,premium,4557,comedy,68.0,PG,5181,banner,mid_roll,retail,9.33,1,0,0,0,36.2,3,8.92,0.99,0.0,0.01,2024-03-15 13:00:00,13,4,3
609660,13.0,M,BR,Sao Paulo,smart_tv,premium,2367,kids,27.5,PG-13,5961,video,mid_roll,tech,6.68,8,0,0,0,19.2,3,8.93,1.77,0.03,0.07,2024-06-24 14:00:00,14,0,6
113884,69.0,F,US,New York,desktop,premium,4938,music,45.1,G,5362,video,mid_roll,retail,5.89,5,0,0,0,20.6,3,12.81,1.56,0.03,0.06,2025-06-25 20:00:00,20,2,6
283362,57.0,F,US,Seattle,smart_tv,family,3421,gaming,33.3,PG,5554,audio,sidebar,cpg,3.98,6,1,1,1,21.8,5,8.23,0.94,16.01,0.19,2024-04-23 13:00:00,13,1,4
929088,30.0,F,UK,London,smart_tv,family,3908,sports,40.7,R,5147,interstitial,in_feed,finance,10.65,2,0,0,0,32.4,3,13.2,1.4,0.01,0.03,2024-10-10 23:00:00,23,3,10
680938,59.0,F,JP,Tokyo,desktop,premium,2137,music,25.1,R,5664,native,sidebar,retail,3.4,8,0,0,0,14.2,4,6.41,1.06,0.02,0.05,2024-06-20 18:00:00,18,3,6
846809,34.0,M,FR,Lyon,tablet,premium,3355,gaming,21.4,PG-13,5835,interstitial,pre_roll,cpg,5.12,4,1,0,1,10.3,2,8.74,0.89,0.55,0.17,2024-04-26 12:00:00,12,4,4
826968,26.0,M,US,Seattle,mobile,free,5616,gaming,11.5,PG-13,5770,video,sidebar,healthcare,6.1,8,0,0,0,1.0,4,7.51,1.19,0.02,0.06,2024-10-15 06:00:00,6,1,10
821829,40.0,F,US,New York,desktop,free,6984,news,48.1,R,5617,native,in_feed,retail,6.78,7,0,0,0,25.4,2,5.92,1.27,0.02,0.04,2024-12-07 13:00:00,13,5,12
673985,30.0,F,UK,Manchester,desktop,premium,1452,comedy,20.9,PG-13,5009,native,mid_roll,finance,2.33,1,1,0,1,11.7,3,2.31,1.02,0.61,0.16,2024-06-04 02:00:00,2,1,6
593973,61.0,M,BR,Rio de Janeiro,smart_tv,free,7086,kids,35.6,PG,5810,video,in_feed,travel,12.47,9,1,0,1,13.8,3,8.46,1.88,1.16,0.36,2024-04-12 00:00:00,0,4,4
455699,49.0,Other,BR,Sao Paulo,tablet,premium,9952,comedy,7.8,R,5544,audio,mid_roll,cpg,6.98,3,0,0,0,0.5,1,10.69,1.48,0.01,0.03,2024-05-12 17:00:00,17,6,5
708660,44.0,M,CA,Vancouver,tablet,free,5339,documentary,54.9,PG-13,5152,banner,pre_roll,tech,5.16,2,0,0,0,32.6,5,3.96,0.31,0.0,0.01,2025-02-15 20:00:00,20,5,2
447812,18.0,M,US,Austin,mobile,free,1745,comedy,32.9,PG-13,5516,native,in_feed,gaming,14.94,4,1,0,1,28.0,3,8.57,1.91,1.16,0.32,2025-06-08 13:00:00,13,6,6
678007,69.0,F,UK,London,tablet,family,7061,kids,62.8,PG,5878,native,mid_roll,retail,5.37,3,0,0,0,25.9,3,12.33,1.05,0.01,0.04,2024-06-06 08:00:00,8,3,6
602803,69.0,F,IN,Bengaluru,tablet,free,8388,drama,25.2,PG-13,5094,video,post_roll,auto,7.19,6,0,0,0,5.9,2,9.27,1.55,0.02,0.06,2024-08-21 00:00:00,0,2,8
383276,31.0,M,IN,Mumbai,mobile,basic,3944,documentary,2.0,PG-13,5724,banner,in_feed,travel,3.27,8,0,0,0,3.6,3,10.97,0.71,0.04,0.09,2024-09-02 15:00:00,15,0,9
903072,13.0,F,MX,Guadalajara,desktop,free,3147,kids,42.8,PG-13,5252,audio,mid_roll,gaming,6.87,7,0,0,0,36.2,4,11.06,1.18,0.03,0.08,2024-09-11 19:00:00,19,2,9
944815,51.0,M,DE,Berlin,mobile,free,1559,kids,46.6,PG-13,5854,audio,post_roll,finance,6.84,9,0,0,0,35.5,0,13.92,1.44,0.05,0.13,2024-07-10 22:00:00,22,2,7
690789,23.0,M,IN,Mumbai,tablet,basic,5586,sports,21.3,PG,5099,interstitial,in_feed,gaming,1.58,8,0,0,0,26.9,6,11.01,1.1,0.04,0.09,2024-03-30 20:00:00,20,5,3
441501,74.0,F,IN,Bengaluru,mobile,family,7403,music,35.1,R,5747,banner,sidebar,auto,5.26,7,0,0,0,22.4,6,10.87,1.53,0.03,0.08,2024-12-09 14:00:00,14,0,12
188343,65.0,M,DE,Munich,smart_tv,free,6247,kids,47.2,PG,5269,video,mid_roll,gaming,1.94,6,0,0,0,28.9,2,14.99,1.63,0.04,0.09,2024-09-09 23:00:00,23,0,9
760673,40.0,F,JP,Tokyo,desktop,basic,3013,comedy,30.2,PG,5671,audio,pre_roll,cpg,3.04,2,1,0,1,33.8,6,9.85,0.63,0.39,0.11,2024-09-01 19:00:00,19,6,9
806329,40.0,M,US,Austin,smart_tv,free,4750,drama,31.2,R,5097,interstitial,post_roll,cpg,5.68,4,0,0,0,16.9,0,16.44,1.42,0.03,0.07,2024-07-21 23:00:00,23,6,7
637328,62.0,M,US,Austin,desktop,basic,3134,sports,21.2,PG-13,5272,interstitial,pre_roll,auto,3.62,3,0,0,0,14.7,6,17.02,0.69,0.02,0.05,2025-07-15 20:00:00,20,1,7
147708,73.0,F,CA,Vancouver,mobile,premium,4758,sports,42.0,PG,5174,native,mid_roll,healthcare,7.97,9,0,0,0,48.7,4,10.71,1.87,0.04,0.1,2025-01-24 15:00:00,15,4,1
871753,33.0,M,MX,Guadalajara,mobile,free,3594,music,41.2,PG,5945,audio,post_roll,healthcare,5.41,9,0,0,0,23.4,3,5.22,1.44,0.02,0.05,2024-10-13 02:00:00,2,6,10
435961,14.0,F,CA,Vancouver,smart_tv,family,7098,gaming,24.0,PG-13,5332,audio,mid_roll,auto,5.26,10,0,0,0,17.4,2,6.8,0.69,0.03,0.07,2024-06-19 21:00:00,21,2,6
165863,36.0,M,AU,Sydney,mobile,free,5811,music,15.7,PG,5561,interstitial,in_feed,travel,5.54,6,0,0,0,12.7,6,12.27,1.77,0.03,0.07,2025-05-07 14:00:00,14,2,5
439822,50.0,M,US,New York,mobile,premium,9059,drama,19.1,PG,5096,native,mid_roll,auto,3.41,3,0,0,0,3.2,0,8.24,1.15,0.01,0.02,2025-06-23 17:00:00,17,0,6
556408,16.0,F,AU,Melbourne,desktop,free,7131,gaming,2.0,PG,5629,video,pre_roll,tech,3.86,11,2,1,1,0.5,1,8.63,1.16,34.13005000000005,0.44,2024-03-18 10:00:00,10,0,3
661556,56.0,M,DE,Munich,mobile,premium,7044,drama,34.3,PG-13,5892,video,in_feed,finance,4.94,1,0,0,0,13.2,2,10.9,1.03,0.0,0.01,2025-07-16 00:00:00,0,2,7
974654,15.0,F,US,New York,desktop,basic,2818,comedy,70.2,PG-13,5565,audio,sidebar,retail,5.27,8,0,0,0,54.3,6,9.57,1.0,0.03,0.08,2025-03-13 16:00:00,16,3,3
852480,19.0,M,IN,Mumbai,mobile,free,9728,music,42.6,G,5227,interstitial,post_roll,auto,7.06,5,0,0,0,30.8,3,9.42,1.38,0.02,0.05,2024-04-23 21:00:00,21,1,4
292382,68.0,M,US,Austin,desktop,free,2884,sports,50.5,R,5342,video,sidebar,finance,9.85,1,1,0,1,37.7,3,9.08,1.4,0.84,0.22,2025-04-11 16:00:00,16,4,4
348640,41.0,F,IN,Mumbai,mobile,free,7733,music,44.8,PG-13,5437,banner,post_roll,finance,6.9,5,1,0,1,3.0,5,4.38,1.08,0.66,0.18,2024-04-27 23:00:00,23,5,4
984493,36.0,F,US,Seattle,smart_tv,free,6524,gaming,41.1,R,5733,interstitial,sidebar,healthcare,2.76,4,0,0,0,37.4,5,4.18,0.93,0.01,0.02,2024-03-28 11:00:00,11,3,3
671231,44.0,F,US,New York,mobile,premium,1171,gaming,21.2,PG,5426,banner,pre_roll,healthcare,6.05,5,0,0,0,9.7,2,10.2,1.68,0.02,0.05,2024-05-02 06:00:00,6,3,5
851075,30.0,F,US,Austin,tablet,free,7305,music,54.2,G,5783,audio,post_roll,finance,7.36,7,0,0,0,42.1,8,11.17,2.49,0.03,0.08,2024-11-04 07:00:00,7,0,11
620575,56.0,M,DE,Berlin,desktop,free,5876,music,29.9,PG,5807,native,pre_roll,finance,6.22,10,1,1,1,13.3,3,6.63,0.88,12.47,0.2,2025-01-29 13:00:00,13,2,1
395098,47.0,F,BR,Sao Paulo,mobile,family,8914,gaming,44.1,PG-13,5236,video,pre_roll,cpg,7.11,9,0,0,0,38.3,6,12.75,0.95,0.05,0.11,2024-10-06 22:00:00,22,6,10
648982,18.0,M,FR,Paris,mobile,free,6022,news,34.5,PG,5699,video,pre_roll,retail,2.68,4,0,0,0,30.3,6,7.83,0.89,0.01,0.03,2024-05-05 20:00:00,20,6,5
823895,32.0,M,DE,Munich,smart_tv,basic,5372,gaming,50.1,PG-13,5246,interstitial,pre_roll,healthcare,3.25,2,0,0,0,26.5,7,9.62,0.71,0.01,0.02,2024-06-16 13:00:00,13,6,6
117026,44.0,M,UK,London,mobile,premium,3453,drama,16.4,PG-13,5535,banner,mid_roll,tech,10.32,9,0,0,0,0.5,2,11.05,1.76,0.04,0.1,2025-06-04 06:00:00,6,2,6
189331,23.0,M,IN,Mumbai,desktop,basic,1156,kids,34.4,R,5610,native,pre_roll,auto,6.22,5,2,1,1,15.5,4,8.82,0.05,22.13,0.06,2025-08-02 19:00:00,19,5,8
560702,44.0,M,FR,Paris,mobile,free,4789,music,46.6,PG,5858,audio,pre_roll,healthcare,7.34,1,0,0,0,40.8,3,10.59,1.31,0.0,0.01,2025-04-12 07:00:00,7,5,4
988826,22.0,M,US,Austin,mobile,premium,7277,documentary,83.2,PG-13,5103,interstitial,pre_roll,gaming,5.3,8,0,0,0,65.0,6,14.43,0.92,0.05,0.12,2024-04-25 20:00:00,20,3,4
942467,72.0,M,BR,Rio de Janeiro,smart_tv,premium,5962,news,25.5,R,5466,audio,post_roll,gaming,7.48,2,0,0,0,1.0,3,11.68,1.63,0.01,0.02,2025-05-17 16:00:00,16,5,5
445599,44.0,F,IN,Bengaluru,desktop,free,7988,comedy,22.5,G,5132,audio,sidebar,finance,6.3,4,0,0,0,0.5,2,8.73,1.29,0.01,0.03,2025-03-09 16:00:00,16,6,3
321895,54.0,F,FR,Lyon,smart_tv,basic,8503,drama,27.0,PG,5954,audio,pre_roll,healthcare,3.45,2,0,0,0,18.4,5,11.48,1.32,0.01,0.02,2024-12-10 01:00:00,1,1,12
426565,60.0,F,BR,Rio de Janeiro,mobile,free,4750,kids,20.4,PG,5001,video,post_roll,travel,4.45,1,0,0,0,15.5,2,9.42,0.94,0.0,0.01,2024-05-17 08:00:00,8,4,5
806854,74.0,F,CA,Vancouver,mobile,free,1307,kids,46.9,PG-13,5560,video,in_feed,healthcare,4.89,10,1,0,1,20.8,2,7.13,1.93,1.19,0.36,2025-08-21 04:00:00,4,3,8
730511,64.0,M,US,Chicago,smart_tv,free,9958,kids,24.0,PG,5551,audio,in_feed,finance,7.68,4,0,0,0,0.5,6,11.06,0.94,0.02,0.04,2024-10-26 00:00:00,0,5,10
749036,13.0,M,US,Chicago,tablet,free,3246,sports,23.2,R,5692,interstitial,mid_roll,healthcare,2.0,5,0,0,0,8.2,4,7.11,1.4,0.01,0.04,2024-03-24 20:00:00,20,6,3
692712,38.0,F,BR,Sao Paulo,desktop,basic,8577,comedy,46.6,PG,5111,video,pre_roll,retail,14.13,6,0,0,0,41.4,6,12.97,1.13,0.03,0.08,2024-06-22 09:00:00,9,5,6
987348,68.0,F,UK,Manchester,desktop,free,6965,comedy,70.0,PG-13,5764,video,in_feed,healthcare,6.82,5,0,0,0,55.3,6,8.65,1.54,0.02,0.04,2024-10-03 16:00:00,16,3,10
896702,35.0,M,UK,London,mobile,free,5680,kids,2.0,PG-13,5544,banner,in_feed,tech,4.58,8,0,0,0,0.5,2,7.9,1.3,0.03,0.06,2024-04-03 15:00:00,15,2,4
386027,63.0,M,CA,Toronto,tablet,free,9916,kids,9.5,PG-13,5605,interstitial,post_roll,finance,4.01,8,0,0,0,18.6,1,10.02,0.52,0.03,0.08,2024-08-22 22:00:00,22,3,8
803107,25.0,M,UK,Manchester,tablet,free,7317,comedy,3.7,R,5021,banner,post_roll,gaming,2.39,7,2,0,1,0.5,5,8.16,1.06,1.29,0.38,2024-11-08 22:00:00,22,4,11
866979,13.0,M,BR,Rio de Janeiro,tablet,free,4588,comedy,49.5,G,5910,banner,pre_roll,cpg,5.82,10,0,0,0,31.8,2,6.72,1.58,0.03,0.07,2025-07-26 06:00:00,6,5,7
926814,59.0,F,UK,Manchester,mobile,premium,5998,sports,22.7,G,5069,native,sidebar,gaming,4.09,11,1,1,1,16.4,7,10.94,1.62,34.13005000000005,0.36,2024-04-16 15:00:00,15,1,4
348500,56.0,F,BR,Sao Paulo,mobile,premium,6271,comedy,64.8,PG-13,5081,video,mid_roll,auto,2.8,4,0,0,0,32.3,1,13.59,1.11,0.02,0.05,2025-01-06 12:00:00,12,0,1
429639,57.0,F,DE,Berlin,mobile,free,8452,kids,34.3,G,5687,banner,post_roll,retail,5.81,4,0,0,0,16.6,1,15.18,1.52,0.02,0.06,2025-07-08 12:00:00,12,1,7
512489,57.0,M,AU,Unknown,tablet,basic,5203,drama,56.3,R,5693,audio,post_roll,retail,6.6,6,2,1,1,33.2,3,11.85,1.82,27.11,0.62,2025-05-10 08:00:00,8,5,5
559640,65.0,M,BR,Unknown,console,free,4586,music,76.9,G,5808,audio,sidebar,auto,7.02,3,0,0,0,54.4,5,13.28,1.72,0.02,0.04,2025-07-13 11:00:00,11,6,7
533921,52.0,M,US,Austin,mobile,premium,9799,gaming,2.0,PG,5781,banner,post_roll,auto,6.1,4,0,0,0,1.5,5,11.23,0.66,0.02,0.04,2024-05-31 23:00:00,23,4,5
930311,72.0,M,DE,Munich,desktop,basic,7168,documentary,34.0,PG-13,5506,video,sidebar,gaming,5.18,1,1,0,1,23.6,1,12.27,0.46,0.28,0.08,2025-05-07 17:00:00,17,2,5
731991,27.0,M,US,Seattle,mobile,basic,9523,kids,12.0,PG,5156,banner,in_feed,cpg,15.0,3,0,0,0,7.6,4,12.02,1.35,0.01,0.04,2025-08-11 11:00:00,11,0,8
466539,38.0,M,US,New York,mobile,free,1194,sports,79.3,PG-13,5589,interstitial,in_feed,retail,6.29,10,1,1,1,61.3,2,13.29,1.24,10.03,0.32,2024-08-24 01:00:00,1,5,8
322904,40.0,F,IN,Bengaluru,smart_tv,basic,2054,documentary,62.8,PG-13,5775,native,post_roll,retail,6.83,8,0,0,0,36.7,5,11.52,1.07,0.04,0.09,2024-11-25 06:00:00,6,0,11
189511,28.0,M,US,Unknown,mobile,free,8562,documentary,50.9,PG-13,5357,video,in_feed,auto,7.74,8,0,0,0,49.8,9,9.26,1.37,0.03,0.07,2024-12-12 15:00:00,15,3,12
402969,19.0,F,DE,Munich,desktop,premium,2979,sports,15.2,PG-13,5435,native,sidebar,finance,4.44,7,0,0,0,0.5,0,6.51,0.61,0.02,0.05,2024-11-22 13:00:00,13,4,11
924286,51.0,M,IN,Mumbai,desktop,free,3942,documentary,27.1,R,5625,video,mid_roll,travel,5.94,6,1,0,1,29.4,5,6.95,1.03,0.63,0.2,2024-08-04 11:00:00,11,6,8
978076,70.0,M,US,Chicago,mobile,premium,4720,drama,19.6,R,5217,video,mid_roll,retail,5.15,6,0,0,0,0.5,2,5.44,0.44,0.01,0.03,2025-08-07 06:00:00,6,3,8
846263,36.0,M,IN,Hyderabad,mobile,free,2748,comedy,56.5,PG,5977,interstitial,post_roll,finance,3.79,9,0,0,0,22.8,1,11.98,0.81,0.04,0.11,2025-07-30 12:00:00,12,2,7
687886,57.0,M,BR,Rio de Janeiro,mobile,premium,7498,music,29.8,R,5649,audio,pre_roll,gaming,10.04,1,0,0,0,12.4,1,8.0,1.49,0.0,0.01,2024-09-22 14:00:00,14,6,9
146696,44.0,F,DE,Munich,desktop,premium,3601,news,19.2,G,5861,interstitial,in_feed,healthcare,2.03,7,0,0,0,9.9,0,9.16,0.73,0.03,0.06,2025-05-09 20:00:00,20,4,5
595158,70.0,F,DE,Munich,desktop,free,9040,music,4.3,PG-13,5551,interstitial,pre_roll,gaming,7.9,11,1,1,1,0.5,2,14.57,1.31,6.51,0.36,2024-10-01 15:00:00,15,1,10
147787,52.0,F,JP,Tokyo,tablet,basic,4868,kids,62.3,PG-13,5545,interstitial,sidebar,finance,3.96,7,0,0,0,49.5,5,13.38,1.43,0.04,0.09,2025-05-04 04:00:00,4,6,5
149877,25.0,F,BR,Rio de Janeiro,tablet,family,8675,comedy,27.8,PG,5827,banner,sidebar,gaming,5.22,11,1,0,1,28.2,2,10.66,0.36,0.26,0.17,2025-01-10 18:00:00,18,4,1
376278,69.0,M,IN,Hyderabad,smart_tv,free,6153,documentary,29.2,PG,5957,interstitial,sidebar,travel,6.23,10,0,0,0,28.2,9,8.37,1.83,0.03,0.08,2024-11-09 21:00:00,21,5,11
997994,44.0,F,BR,Rio de Janeiro,desktop,premium,4381,documentary,50.4,R,5832,audio,mid_roll,gaming,6.33,8,1,0,1,15.6,4,16.82,1.82,1.15,0.41,2024-05-09 03:00:00,3,3,5
549720,66.0,F,US,New York,mobile,free,7257,music,21.7,PG-13,5940,audio,pre_roll,healthcare,8.49,1,0,0,0,9.8,2,10.85,2.14,0.0,0.01,2025-02-17 11:00:00,11,0,2
789003,30.0,F,UK,Manchester,mobile,free,7180,drama,30.6,G,5334,audio,in_feed,healthcare,10.52,6,0,0,0,16.8,3,8.74,2.12,0.02,0.05,2024-08-21 09:00:00,9,2,8
818269,42.0,M,DE,Munich,desktop,free,3908,kids,56.8,PG,5339,video,sidebar,auto,7.74,9,0,0,0,43.3,2,8.88,1.51,0.03,0.08,2024-06-26 02:00:00,2,2,6
979424,50.0,F,FR,Paris,mobile,free,4287,documentary,37.2,PG,5238,native,post_roll,auto,1.94,5,0,0,0,20.9,1,4.64,1.07,0.01,0.02,2024-06-13 07:00:00,7,3,6
930731,50.0,M,US,New York,smart_tv,family,1909,documentary,6.3,PG-13,5764,audio,post_roll,travel,4.74,8,0,0,0,0.5,5,7.08,1.43,0.02,0.06,2025-08-13 05:00:00,5,2,8
402595,52.0,M,US,Chicago,smart_tv,free,9938,documentary,28.8,PG-13,5444,interstitial,post_roll,gaming,5.7,11,1,1,1,9.8,2,11.22,1.33,16.02,0.32,2024-04-25 18:00:00,18,3,4
907184,25.0,F,IN,Hyderabad,desktop,basic,2256,comedy,38.0,G,5037,video,post_roll,travel,5.28,4,0,0,0,34.3,3,7.45,1.0,0.01,0.03,2025-05-06 04:00:00,4,1,5
213868,72.0,F,US,New York,desktop,basic,9512,documentary,49.2,PG,5584,banner,pre_roll,retail,6.28,2,0,0,0,32.5,5,12.42,1.87,0.01,0.02,2025-06-11 17:00:00,17,2,6
609000,48.0,F,CA,Vancouver,mobile,free,2682,sports,53.7,PG,5716,native,post_roll,tech,3.46,8,0,0,0,42.6,2,13.87,1.21,0.04,0.11,2024-03-17 18:00:00,18,6,3
771379,36.0,Other,IN,Mumbai,mobile,free,9786,sports,16.6,PG,5283,banner,pre_roll,gaming,4.72,6,1,0,1,20.1,6,11.68,1.01,0.63,0.22,2025-01-13 05:00:00,5,0,1
786705,57.0,F,BR,Sao Paulo,mobile,free,9626,documentary,46.9,G,5568,interstitial,mid_roll,retail,9.63,1,0,0,0,44.8,7,12.62,1.11,0.01,0.01,2025-01-06 19:00:00,19,0,1
763482,65.0,F,IN,Mumbai,mobile,free,2911,gaming,22.6,G,5906,audio,sidebar,tech,6.35,8,0,0,0,14.0,4,12.51,1.98,0.04,0.1,2024-09-10 16:00:00,16,1,9
856785,30.0,F,AU,Sydney,tablet,premium,9930,news,17.9,R,5245,video,in_feed,tech,5.1,5,0,0,0,5.9,3,10.66,1.17,0.02,0.05,2025-02-24 00:00:00,0,0,2
883325,67.0,M,IN,Mumbai,desktop,premium,3327,drama,33.2,G,5866,native,mid_roll,tech,13.51,9,0,0,0,18.2,2,9.84,2.01,0.04,0.09,2024-10-07 16:00:00,16,0,10
684798,31.0,M,IN,Bengaluru,desktop,free,9303,music,49.6,PG,5202,banner,pre_roll,tech,4.38,11,0,0,0,26.4,3,6.77,1.03,0.03,0.07,2024-10-24 10:00:00,10,3,10
106481,42.0,F,MX,Guadalajara,mobile,basic,3977,news,54.7,G,5703,audio,sidebar,travel,5.61,3,0,0,0,21.4,0,8.19,0.95,0.01,0.02,2024-10-20 00:00:00,0,6,10
205035,73.0,M,US,New York,mobile,family,5922,drama,33.8,PG-13,5520,native,sidebar,auto,6.32,8,1,0,1,13.6,4,9.63,1.91,1.18,0.36,2025-05-07 08:00:00,8,2,5
628401,28.0,M,US,Austin,desktop,basic,1847,documentary,33.6,PG-13,5649,video,mid_roll,healthcare,2.28,6,1,1,1,39.8,3,8.07,1.17,23.57,0.22,2025-02-05 21:00:00,21,2,2
734677,61.0,M,US,Seattle,desktop,free,4906,comedy,54.6,PG-13,5058,banner,mid_roll,retail,4.1,6,0,0,0,33.9,2,8.91,1.89,0.02,0.05,2024-09-21 16:00:00,16,5,9
228197,38.0,F,DE,Berlin,mobile,premium,6105,documentary,62.6,PG,5533,interstitial,sidebar,cpg,8.4,4,0,0,0,24.7,4,11.49,0.51,0.02,0.05,2025-07-14 10:00:00,10,0,7
182704,50.0,F,US,Austin,smart_tv,free,1555,kids,21.1,PG,5799,audio,pre_roll,travel,4.61,11,0,0,0,13.0,0,10.08,1.34,0.04,0.11,2025-05-08 02:00:00,2,3,5
531030,60.0,F,US,Seattle,desktop,family,6539,kids,51.7,R,5290,interstitial,sidebar,finance,6.45,4,2,0,1,35.8,2,10.06,0.95,1.16,0.33,2025-07-17 16:00:00,16,3,7
924678,64.0,F,US,Austin,tablet,premium,5877,music,57.3,PG-13,5253,banner,sidebar,gaming,4.78,3,0,0,0,44.2,4,15.35,1.25,0.02,0.05,2025-03-30 11:00:00,11,6,3
999347,56.0,F,US,New York,mobile,free,7989,comedy,3.8,R,5780,video,sidebar,finance,5.12,11,0,0,0,0.5,0,8.29,1.4,0.04,0.09,2024-09-28 09:00:00,9,5,9
273974,25.0,M,UK,London,mobile,free,9984,news,2.0,PG,5046,video,mid_roll,healthcare,9.06,4,0,0,0,0.5,0,13.86,1.96,0.02,0.06,2025-04-22 09:00:00,9,1,4
770807,65.0,F,FR,Lyon,mobile,premium,5765,sports,23.5,PG,5721,interstitial,pre_roll,healthcare,8.17,1,0,0,0,14.4,8,9.78,1.57,0.0,0.01,2024-08-25 19:00:00,19,6,8
789629,58.0,F,IN,Hyderabad,mobile,basic,2127,music,17.8,PG,5522,video,post_roll,cpg,8.88,9,0,0,0,11.3,3,10.44,1.83,0.04,0.09,2024-07-25 07:00:00,7,3,7
337884,70.0,F,IN,Hyderabad,desktop,basic,9511,gaming,31.4,PG-13,5290,interstitial,mid_roll,gaming,7.52,3,0,0,0,24.8,2,12.81,1.88,0.02,0.04,2024-10-30 13:00:00,13,2,10
847111,29.0,F,MX,Guadalajara,desktop,family,9496,sports,23.2,G,5490,banner,mid_roll,tech,1.77,2,0,0,0,0.7,6,9.17,1.36,0.01,0.02,2025-08-06 10:00:00,10,2,8
662416,49.0,M,IN,Bengaluru,mobile,free,1447,comedy,37.2,PG,5172,interstitial,post_roll,auto,4.07,8,0,0,0,37.9,3,10.91,0.8,0.03,0.09,2025-01-01 16:00:00,16,2,1
931740,25.0,F,DE,Berlin,smart_tv,premium,6150,kids,35.9,R,5824,audio,pre_roll,retail,5.24,11,0,0,0,6.9,3,10.82,0.8,0.05,0.12,2024-09-24 04:00:00,4,1,9
533265,42.0,M,US,Austin,console,premium,2327,comedy,33.2,G,5168,banner,mid_roll,gaming,3.82,3,0,0,0,20.6,4,6.0,0.9,0.01,0.02,2024-11-05 09:00:00,9,1,11
309338,69.0,M,UK,London,mobile,family,7979,sports,2.0,PG,5255,banner,pre_roll,healthcare,5.11,6,1,0,1,0.5,1,8.21,0.8,0.5,0.17,2024-08-05 06:00:00,6,0,8
507942,18.0,F,UK,Manchester,desktop,basic,6379,gaming,17.9,PG-13,5750,banner,mid_roll,auto,3.84,5,0,0,0,12.9,1,8.88,0.98,0.02,0.04,2025-02-19 17:00:00,17,2,2
419743,34.0,F,US,Seattle,smart_tv,family,9217,documentary,47.8,PG-13,5885,native,post_roll,gaming,3.29,9,1,0,1,29.1,3,4.55,0.91,0.56,0.18,2024-09-06 05:00:00,5,4,9
158804,37.0,M,MX,Guadalajara,desktop,free,6541,drama,30.5,PG-13,5127,native,sidebar,auto,9.62,3,0,0,0,16.5,6,14.54,1.23,0.02,0.04,2024-12-25 09:00:00,9,2,12
180671,56.0,M,DE,Munich,mobile,premium,4098,gaming,49.7,G,5947,banner,mid_roll,travel,5.58,10,0,0,0,30.3,7,2.95,0.97,0.01,0.03,2024-09-16 16:00:00,16,0,9
680463,39.0,M,IN,Hyderabad,desktop,family,9009,drama,35.0,G,5898,audio,mid_roll,travel,3.1,8,0,0,0,16.6,4,11.95,0.05,0.04,0.1,2024-08-21 04:00:00,4,2,8
650759,62.0,F,FR,Lyon,smart_tv,free,4997,music,25.0,R,5327,banner,in_feed,gaming,3.62,3,1,0,1,5.4,3,11.31,1.12,0.69,0.2,2025-08-06 22:00:00,22,2,8
651320,66.0,M,US,New York,mobile,free,1775,kids,2.0,PG,5942,native,mid_roll,gaming,7.05,8,0,0,0,0.5,3,11.26,1.57,0.04,0.09,2024-09-03 16:00:00,16,1,9
302842,30.0,F,US,Austin,mobile,family,7261,drama,30.6,PG,5456,native,post_roll,healthcare,3.14,2,0,0,0,30.7,1,7.28,1.01,0.01,0.01,2024-04-08 01:00:00,1,0,4
181518,70.0,M,DE,Berlin,mobile,basic,5086,kids,54.6,PG,5002,native,sidebar,retail,5.71,3,0,0,0,27.9,2,7.61,1.25,0.01,0.02,2024-09-21 10:00:00,10,5,9
873749,35.0,M,UK,Manchester,mobile,premium,9833,comedy,33.5,R,5377,banner,post_roll,auto,5.67,1,1,0,1,25.1,6,9.86,0.99,0.6,0.16,2024-12-13 08:00:00,8,4,12
216144,48.0,M,DE,Berlin,desktop,family,5469,sports,24.5,PG,5925,video,mid_roll,retail,4.66,5,0,0,0,22.6,8,8.73,0.99,0.02,0.04,2024-04-21 02:00:00,2,6,4
912556,44.0,M,BR,Sao Paulo,desktop,free,3622,sports,43.1,R,5823,native,sidebar,gaming,5.03,11,1,0,1,36.1,1,14.42,0.61,0.43,0.25,2024-08-13 01:00:00,1,1,8
514614,69.0,M,DE,Berlin,mobile,free,7857,kids,43.1,G,5825,native,post_roll,auto,10.47,4,0,0,0,19.2,2,12.63,1.19,0.02,0.05,2024-05-29 16:00:00,16,2,5
548264,52.0,Other,IN,Mumbai,mobile,free,6391,music,76.1,G,5685,banner,sidebar,cpg,5.11,8,0,0,0,52.6,5,5.82,0.67,0.02,0.05,2024-11-26 08:00:00,8,1,11
584470,22.0,F,AU,Melbourne,mobile,free,4328,kids,40.6,PG-13,5839,audio,sidebar,healthcare,2.98,5,0,0,0,19.6,3,7.65,0.25,0.02,0.04,2025-03-26 11:00:00,11,2,3
759046,16.0,M,BR,Sao Paulo,mobile,free,8853,kids,31.3,G,5714,video,sidebar,tech,1.52,7,0,0,0,19.3,1,6.23,0.62,0.02,0.04,2025-08-05 23:00:00,23,1,8
272153,53.0,M,IN,Hyderabad,mobile,basic,7187,gaming,2.0,PG-13,5365,video,pre_roll,finance,3.53,5,1,0,1,0.5,4,10.54,2.02,1.23,0.36,2024-09-27 02:00:00,2,4,9
208991,68.0,F,US,New York,mobile,free,1938,drama,10.1,PG-13,5683,audio,mid_roll,retail,3.31,10,1,0,1,6.3,1,6.32,0.82,0.52,0.19,2025-06-10 03:00:00,3,1,6
848596,43.0,F,US,Chicago,mobile,premium,4510,news,52.4,G,5483,video,mid_roll,retail,4.26,8,1,0,1,18.3,0,8.66,0.96,0.6,0.21,2024-06-24 20:00:00,20,0,6
184183,61.0,M,UK,London,desktop,basic,4061,kids,23.0,PG-13,5315,video,pre_roll,healthcare,3.58,6,1,0,1,3.4,0,5.64,1.06,0.65,0.19,2025-04-26 11:00:00,11,5,4
737871,39.0,F,US,Chicago,tablet,free,2629,gaming,24.5,G,5910,native,pre_roll,travel,3.53,3,0,0,0,25.7,5,8.91,0.98,0.01,0.03,2024-12-29 20:00:00,20,6,12
158909,72.0,Other,US,Austin,mobile,free,2322,music,35.3,PG-13,5790,interstitial,in_feed,gaming,4.74,4,0,0,0,46.9,2,11.8,1.35,0.02,0.05,2025-04-14 09:00:00,9,0,4
302779,32.0,M,MX,Mexico City,mobile,free,6357,gaming,44.5,PG,5524,native,pre_roll,finance,1.66,7,1,0,1,47.6,10,10.87,0.62,0.4,0.17,2025-04-12 23:00:00,23,5,4
683985,58.0,M,MX,Mexico City,desktop,basic,3886,documentary,38.1,PG,5786,video,post_roll,travel,8.96,9,1,0,1,32.7,2,11.06,1.57,0.98,0.34,2024-12-13 12:00:00,12,4,12
823688,61.0,M,JP,Tokyo,mobile,free,2979,documentary,67.5,PG-13,5885,native,sidebar,gaming,7.31,1,0,0,0,44.1,3,10.27,1.26,0.0,0.01,2024-07-18 00:00:00,0,3,7
181070,30.0,M,US,New York,mobile,premium,1409,news,2.0,PG,5781,native,mid_roll,auto,6.72,2,0,0,0,0.5,3,9.29,1.49,0.01,0.02,2024-12-10 03:00:00,3,1,12
627110,13.0,F,AU,Sydney,mobile,premium,1832,gaming,21.9,PG-13,5263,audio,sidebar,travel,10.19,10,0,0,0,20.6,3,6.71,2.11,0.03,0.07,2025-05-21 11:00:00,11,2,5
117364,17.0,F,UK,London,mobile,premium,6045,documentary,51.6,R,5410,banner,mid_roll,travel,3.14,8,0,0,0,22.0,2,9.24,1.02,0.03,0.07,2025-08-07 03:00:00,3,3,8
385390,34.0,F,US,Chicago,mobile,basic,4404,kids,39.6,PG-13,5997,banner,in_feed,travel,3.07,9,0,0,0,43.3,7,7.58,0.95,0.03,0.07,2025-07-14 20:00:00,20,0,7
861784,73.0,M,US,New York,mobile,free,8467,documentary,28.9,PG-13,5824,interstitial,sidebar,finance,4.0,3,1,0,1,3.6,3,7.93,0.66,0.41,0.12,2024-06-06 23:00:00,23,3,6
845585,24.0,M,AU,Melbourne,smart_tv,basic,9308,news,44.4,R,5362,banner,mid_roll,healthcare,5.73,6,0,0,0,27.2,5,6.3,0.42,0.02,0.04,2025-01-17 14:00:00,14,4,1
557651,13.0,F,IN,Hyderabad,tablet,free,6889,kids,51.6,PG-13,5503,video,mid_roll,retail,11.0,2,0,0,0,39.9,2,17.76,2.03,0.01,0.04,2024-04-26 11:00:00,11,4,4
560948,28.0,F,UK,London,mobile,basic,3419,documentary,63.9,PG-13,5652,interstitial,in_feed,travel,7.19,8,0,0,0,27.4,4,11.63,1.41,0.04,0.09,2025-02-25 05:00:00,5,1,2
283270,68.0,F,MX,Mexico City,tablet,free,4884,comedy,52.1,PG-13,5583,audio,pre_roll,cpg,7.27,3,0,0,0,42.3,8,3.75,0.68,0.0,0.01,2025-08-18 20:00:00,20,0,8
493523,13.0,F,AU,Melbourne,tablet,free,1443,comedy,20.0,PG-13,5460,banner,mid_roll,cpg,4.55,5,0,0,0,12.5,4,9.37,1.3,0.02,0.05,2024-03-29 09:00:00,9,4,3
189939,38.0,M,CA,Vancouver,mobile,basic,1169,comedy,2.0,R,5011,banner,in_feed,cpg,4.42,1,0,0,0,6.4,6,14.28,1.3,0.01,0.01,2025-02-18 13:00:00,13,1,2
114320,54.0,M,US,Austin,mobile,premium,5691,news,22.1,PG-13,5383,interstitial,mid_roll,healthcare,2.01,9,0,0,0,0.5,4,9.56,0.62,0.03,0.09,2025-07-24 13:00:00,13,3,7
305748,13.0,M,IN,Mumbai,desktop,basic,9167,music,51.7,PG-13,5858,native,pre_roll,travel,2.6,5,0,0,0,19.7,2,9.22,0.84,0.02,0.05,2025-06-01 11:00:00,11,6,6
839129,20.0,M,US,Seattle,tablet,free,4747,drama,36.2,PG-13,5797,interstitial,in_feed,gaming,7.6,7,0,0,0,18.2,5,9.71,1.44,0.03,0.07,2024-09-28 22:00:00,22,5,9
472245,22.0,Other,JP,Osaka,mobile,free,7380,news,69.5,PG,5610,audio,pre_roll,retail,8.92,7,0,0,0,53.2,3,11.62,2.04,0.03,0.08,2024-04-26 02:00:00,2,4,4
348575,16.0,F,US,Seattle,mobile,basic,4104,documentary,10.9,PG-13,5337,banner,post_roll,cpg,4.03,10,0,0,0,13.4,11,8.41,0.83,0.03,0.08,2025-07-12 21:00:00,21,5,7
193257,72.0,M,US,Seattle,desktop,free,7315,documentary,30.2,PG,5358,interstitial,mid_roll,finance,11.12,10,0,0,0,3.5,1,8.54,1.3,0.03,0.09,2025-07-11 12:00:00,12,4,7
361385,34.0,F,DE,Munich,desktop,basic,6916,gaming,45.1,PG,5565,audio,in_feed,finance,5.36,10,2,1,1,35.3,0,11.68,1.98,17.24,0.71,2025-01-07 15:00:00,15,1,1
496447,49.0,F,JP,Osaka,mobile,free,3512,comedy,20.3,PG,5781,interstitial,pre_roll,healthcare,1.37,5,0,0,0,0.5,1,8.14,1.2,0.02,0.04,2025-08-11 14:00:00,14,0,8
851944,23.0,F,IN,Hyderabad,mobile,basic,6488,comedy,2.0,PG,5228,interstitial,pre_roll,finance,5.48,2,0,0,0,8.7,1,12.19,0.95,0.01,0.02,2024-03-03 11:00:00,11,6,3
229187,51.0,M,CA,Toronto,mobile,free,6576,kids,42.8,G,5254,video,sidebar,retail,1.98,4,0,0,0,50.0,4,9.02,0.62,0.01,0.04,2025-01-27 23:00:00,23,0,1
177653,54.0,M,US,Chicago,desktop,premium,5607,comedy,63.4,PG-13,5726,interstitial,post_roll,gaming,10.63,9,0,0,0,49.3,5,6.06,1.26,0.02,0.05,2024-03-21 19:00:00,19,3,3
150462,27.0,M,UK,London,mobile,free,3989,documentary,2.0,PG-13,5338,interstitial,post_roll,gaming,5.38,11,0,0,0,3.1,5,15.54,1.34,0.07,0.17,2025-07-19 06:00:00,6,5,7
959070,53.0,M,US,Austin,desktop,premium,7534,music,51.3,PG-13,5907,audio,sidebar,tech,7.33,10,1,0,1,34.8,4,12.18,1.47,0.93,0.34,2025-03-03 10:00:00,10,0,3
966382,14.0,F,US,New York,console,basic,3181,kids,45.5,PG-13,5772,interstitial,post_roll,tech,1.24,2,0,0,0,18.8,1,8.61,0.68,0.01,0.02,2025-07-07 06:00:00,6,0,7
398097,46.0,M,IN,Bengaluru,smart_tv,premium,5535,news,57.9,R,5455,banner,in_feed,healthcare,3.63,2,0,0,0,50.8,2,6.64,1.22,0.01,0.01,2024-12-29 20:00:00,20,6,12
397102,60.0,M,IN,Bengaluru,mobile,premium,9727,documentary,21.0,R,5431,video,post_roll,retail,5.56,5,0,0,0,24.5,2,12.33,1.03,0.02,0.06,2024-04-14 23:00:00,23,6,4
400158,71.0,F,BR,Sao Paulo,tablet,free,9366,kids,2.0,PG,5855,banner,mid_roll,finance,4.09,4,1,0,1,9.3,0,13.13,0.88,0.55,0.18,2024-03-15 07:00:00,7,4,3
192610,31.0,M,US,New York,desktop,family,7048,documentary,27.0,R,5381,audio,mid_roll,tech,8.47,11,1,0,1,9.6,2,13.48,1.86,1.18,0.43,2024-08-29 05:00:00,5,3,8
729207,63.0,F,BR,Rio de Janeiro,mobile,free,2961,drama,42.4,G,5523,native,post_roll,healthcare,5.43,3,0,0,0,14.3,3,9.69,1.0,0.01,0.03,2025-04-06 11:00:00,11,6,4
985100,38.0,M,UK,Manchester,desktop,premium,9595,comedy,56.3,G,5862,audio,pre_roll,gaming,5.73,11,4,1,1,29.0,1,10.6,1.63,6.96,1.09,2024-05-21 13:00:00,13,1,5
424844,47.0,M,UK,London,mobile,free,5997,comedy,51.8,PG-13,5899,native,mid_roll,healthcare,2.42,6,1,0,1,48.4,10,6.76,0.59,0.37,0.13,2025-06-04 03:00:00,3,2,6
317460,40.0,M,AU,Melbourne,smart_tv,free,5051,news,47.2,PG-13,5627,video,sidebar,healthcare,2.85,4,0,0,0,18.1,2,7.71,1.3,0.01,0.03,2024-07-08 07:00:00,7,0,7
343782,68.0,M,FR,Paris,mobile,premium,3396,news,3.6,R,5699,banner,pre_roll,tech,8.48,9,0,0,0,0.5,3,10.25,1.5,0.04,0.09,2024-11-24 01:00:00,1,6,11
317952,18.0,M,JP,Osaka,desktop,free,1689,music,9.7,PG-13,5321,video,mid_roll,gaming,3.09,5,0,0,0,14.0,1,8.21,0.31,0.02,0.04,2024-06-18 15:00:00,15,1,6
243413,30.0,F,JP,Tokyo,mobile,premium,7911,documentary,44.7,PG-13,5006,banner,post_roll,retail,7.84,7,1,0,1,36.0,2,9.91,1.69,1.04,0.32,2024-11-07 12:00:00,12,3,11
771490,28.0,F,IN,Mumbai,mobile,free,5016,drama,36.6,PG,5809,native,post_roll,travel,6.3,11,0,0,0,24.9,0,6.61,1.14,0.03,0.07,2024-10-31 04:00:00,4,3,10
398740,40.0,M,IN,Bengaluru,desktop,free,3739,comedy,27.3,R,5280,banner,in_feed,travel,3.94,1,0,0,0,19.5,2,8.82,0.53,0.0,0.01,2024-03-03 22:00:00,22,6,3
566383,40.0,F,AU,Sydney,mobile,free,6182,kids,2.0,PG,5684,native,sidebar,auto,5.72,5,0,0,0,0.5,0,13.4,1.12,0.03,0.07,2025-01-01 14:00:00,14,2,1
975253,44.0,M,IN,Bengaluru,mobile,family,1588,kids,36.9,G,5787,banner,mid_roll,retail,2.21,10,0,0,0,41.9,3,8.79,1.09,0.04,0.09,2025-04-29 18:00:00,18,1,4
465271,40.0,F,CA,Vancouver,smart_tv,premium,8436,music,55.3,PG-13,5087,audio,pre_roll,retail,6.45,1,0,0,0,43.2,6,8.79,1.15,0.0,0.01,2025-07-19 14:00:00,14,5,7
218011,22.0,F,MX,Mexico City,mobile,free,3485,kids,2.5,PG,5350,banner,sidebar,cpg,3.74,11,0,0,0,5.7,0,12.65,0.59,0.06,0.14,2024-08-26 14:00:00,14,0,8
269080,73.0,F,BR,Sao Paulo,tablet,premium,1015,drama,33.7,R,5721,audio,in_feed,healthcare,1.76,5,1,0,1,13.4,6,13.27,1.51,0.93,0.29,2025-06-19 12:00:00,12,3,6
942507,66.0,F,AU,Sydney,desktop,basic,9987,documentary,88.5,PG-13,5532,interstitial,post_roll,gaming,12.52,4,0,0,0,61.0,7,14.42,1.66,0.02,0.06,2025-06-18 12:00:00,12,2,6
737615,17.0,M,US,Seattle,tablet,family,4782,comedy,9.4,R,5449,video,post_roll,travel,3.69,1,0,0,0,0.6,5,15.15,1.91,0.01,0.02,2025-08-16 17:00:00,17,5,8
616882,23.0,M,IN,Bengaluru,mobile,family,5982,kids,47.7,PG,5053,banner,mid_roll,cpg,4.3,3,1,0,1,43.3,3,14.68,0.95,0.59,0.19,2024-09-18 10:00:00,10,2,9
197660,39.0,F,CA,Vancouver,mobile,free,8138,comedy,13.0,R,5458,interstitial,sidebar,gaming,5.53,3,0,0,0,15.6,0,3.07,2.04,0.0,0.01,2025-06-03 11:00:00,11,1,6
707270,37.0,F,FR,Paris,desktop,free,1861,comedy,29.6,G,5551,native,pre_roll,tech,2.59,3,0,0,0,26.7,3,6.24,0.77,0.01,0.02,2024-12-31 03:00:00,3,1,12
207449,67.0,M,FR,Lyon,desktop,basic,3066,drama,27.8,PG-13,5654,audio,mid_roll,travel,2.66,3,0,0,0,21.9,3,13.04,0.7,0.02,0.04,2024-04-01 11:00:00,11,0,4
816107,58.0,M,IN,Hyderabad,smart_tv,free,1995,news,57.0,PG,5215,audio,sidebar,gaming,1.78,2,0,0,0,34.0,0,11.06,1.34,0.01,0.02,2024-07-24 23:00:00,23,2,7
413741,42.0,F,DE,Munich,desktop,premium,3361,gaming,16.1,PG,5432,interstitial,mid_roll,retail,1.96,5,1,0,1,0.5,3,4.27,0.05,0.04,0.03,2025-02-26 21:00:00,21,2,2
139774,25.0,M,US,Austin,tablet,free,2416,documentary,52.0,PG-13,5148,video,mid_roll,tech,3.88,1,0,0,0,30.4,2,9.61,1.1,0.0,0.01,2024-05-26 17:00:00,17,6,5
876357,44.0,F,CA,Vancouver,mobile,free,4273,music,51.4,PG,5954,interstitial,post_roll,healthcare,4.03,10,0,0,0,34.0,4,9.55,1.42,0.04,0.1,2024-10-21 18:00:00,18,0,10
976932,31.0,M,CA,Vancouver,mobile,basic,6316,sports,30.4,PG,5707,interstitial,in_feed,auto,4.0,5,0,0,0,11.4,3,14.08,0.74,0.03,0.07,2025-04-23 10:00:00,10,2,4
735941,45.0,M,BR,Rio de Janeiro,mobile,basic,2382,kids,29.7,PG-13,5169,audio,mid_roll,cpg,3.21,6,0,0,0,23.6,0,12.58,1.75,0.03,0.08,2024-05-20 20:00:00,20,0,5
783724,42.0,M,UK,London,desktop,basic,5134,documentary,7.8,G,5123,video,sidebar,healthcare,2.36,1,0,0,0,2.6,4,13.95,0.92,0.01,0.01,2024-11-24 03:00:00,3,6,11
503735,57.0,F,MX,Guadalajara,tablet,premium,6652,gaming,40.7,PG-13,5870,banner,post_roll,auto,9.3,6,0,0,0,20.1,3,7.34,1.8,0.02,0.04,2024-06-25 00:00:00,0,1,6
821818,69.0,Other,JP,Tokyo,desktop,free,3927,drama,35.4,PG,5493,video,sidebar,retail,5.55,1,0,0,0,22.2,4,7.59,1.72,0.0,0.01,2024-12-15 16:00:00,16,6,12
275551,56.0,F,IN,Bengaluru,smart_tv,basic,2819,kids,25.1,R,5762,native,mid_roll,retail,12.23,2,0,0,0,15.6,3,7.75,1.19,0.01,0.02,2024-07-08 23:00:00,23,0,7
483110,13.0,F,US,Chicago,mobile,premium,6617,documentary,51.3,PG-13,5055,audio,post_roll,auto,5.69,4,0,0,0,21.1,2,9.32,0.62,0.01,0.04,2025-08-04 07:00:00,7,0,8
918261,44.0,F,AU,Melbourne,desktop,basic,9182,documentary,17.8,G,5596,interstitial,post_roll,gaming,6.74,2,0,0,0,15.2,4,10.49,1.68,0.01,0.02,2024-04-11 10:00:00,10,3,4
637439,19.0,F,AU,Sydney,mobile,free,3791,sports,22.1,R,5500,audio,in_feed,retail,6.01,2,0,0,0,21.3,1,17.62,1.16,0.01,0.04,2025-08-03 07:00:00,7,6,8
651472,45.0,F,US,Seattle,desktop,premium,9178,comedy,36.0,PG-13,5630,audio,pre_roll,auto,7.35,7,0,0,0,20.6,2,12.18,0.4,0.03,0.09,2025-05-02 14:00:00,14,4,5
605232,68.0,F,UK,Manchester,mobile,free,3069,kids,44.4,G,5080,audio,mid_roll,travel,0.91,5,0,0,0,15.4,1,9.47,0.34,0.02,0.05,2025-06-06 01:00:00,1,4,6
238970,52.0,M,US,New York,mobile,basic,3266,drama,2.0,PG-13,5783,audio,post_roll,travel,3.44,2,0,0,0,2.6,3,7.66,0.71,0.01,0.02,2025-06-03 19:00:00,19,1,6
188288,32.0,M,IN,Bengaluru,tablet,free,4453,kids,43.9,PG-13,5232,interstitial,pre_roll,retail,3.96,11,1,0,1,38.6,4,8.54,0.11,0.1,0.11,2024-06-10 07:00:00,7,0,6
147593,53.0,F,IN,Bengaluru,tablet,premium,5019,music,14.3,PG-13,5289,video,post_roll,tech,3.92,8,1,0,1,4.0,7,4.43,1.06,0.65,0.19,2025-07-16 18:00:00,18,2,7
274267,69.0,M,UK,Manchester,desktop,premium,9771,kids,55.7,R,5388,audio,in_feed,retail,3.78,10,0,0,0,47.3,4,12.82,0.96,0.05,0.13,2025-01-15 21:00:00,21,2,1
244536,50.0,F,UK,Manchester,mobile,free,6981,documentary,38.0,PG,5172,video,mid_roll,finance,3.88,9,0,0,0,12.3,1,11.19,0.47,0.04,0.1,2025-08-02 13:00:00,13,5,8
791817,34.0,M,US,Austin,mobile,free,5411,sports,45.1,R,5072,native,pre_roll,healthcare,6.53,10,1,0,1,19.5,4,12.6,1.49,0.94,0.35,2025-06-18 04:00:00,4,2,6
659218,14.0,F,BR,Rio de Janeiro,tablet,premium,9120,drama,45.9,PG-13,5401,interstitial,in_feed,healthcare,5.88,11,0,0,0,26.9,2,11.41,0.79,0.05,0.13,2025-01-07 23:00:00,23,1,1
544799,33.0,F,US,New York,mobile,free,9855,sports,38.5,PG,5428,audio,sidebar,cpg,5.65,10,1,1,1,13.2,2,12.41,0.88,7.16,0.26,2024-09-19 05:00:00,5,3,9
437626,73.0,F,BR,Rio de Janeiro,mobile,premium,1454,gaming,45.5,R,5603,native,pre_roll,healthcare,3.46,3,0,0,0,25.8,0,11.59,0.47,0.01,0.03,2024-05-03 08:00:00,8,4,5
267054,51.0,M,MX,Mexico City,mobile,premium,3322,comedy,20.3,PG,5043,native,pre_roll,healthcare,6.55,4,0,0,0,0.5,3,6.36,1.16,0.01,0.03,2024-04-24 14:00:00,14,2,4
702172,74.0,F,UK,Manchester,desktop,free,2400,drama,44.3,PG-13,5368,interstitial,in_feed,tech,6.49,11,2,0,1,41.5,4,15.35,1.16,1.46,0.52,2024-09-27 10:00:00,10,4,9
871664,13.0,F,AU,Sydney,mobile,free,5035,documentary,66.4,PG-13,5627,audio,sidebar,tech,10.91,6,0,0,0,49.7,3,16.58,1.84,0.04,0.1,2025-05-12 22:00:00,22,0,5
618749,40.0,F,US,Chicago,mobile,free,5450,kids,81.8,R,5088,video,sidebar,cpg,9.62,11,0,0,0,76.5,4,6.57,1.72,0.03,0.07,2024-11-28 21:00:00,21,3,11
253461,41.0,M,BR,Rio de Janeiro,mobile,free,1529,comedy,74.9,PG,5424,banner,mid_roll,finance,3.76,6,1,0,1,73.3,7,12.35,0.96,0.61,0.22,2024-11-16 03:00:00,3,5,11
524530,20.0,M,JP,Tokyo,mobile,premium,5541,sports,71.8,R,5241,video,mid_roll,finance,3.7,9,0,0,0,41.7,3,10.17,1.3,0.04,0.09,2024-07-11 00:00:00,0,3,7
931001,18.0,M,US,New York,mobile,premium,6881,comedy,26.9,R,5690,banner,in_feed,tech,6.95,11,0,0,0,18.1,4,7.82,0.86,0.03,0.09,2024-12-30 18:00:00,18,0,12
768144,48.0,M,US,Austin,desktop,premium,1248,news,24.4,PG,5709,video,post_roll,healthcare,4.21,5,0,0,0,5.3,2,9.83,0.73,0.02,0.05,2025-02-08 13:00:00,13,5,2
779331,14.0,F,US,New York,desktop,free,7789,comedy,23.8,G,5915,banner,sidebar,tech,3.81,10,1,1,1,0.5,4,8.31,1.13,25.27,0.25,2025-08-13 08:00:00,8,2,8
325815,23.0,F,IN,Hyderabad,smart_tv,free,3935,drama,36.3,PG-13,5552,video,pre_roll,travel,3.86,3,0,0,0,23.1,1,10.04,2.03,0.01,0.03,2025-03-29 21:00:00,21,5,3
834002,19.0,F,US,Seattle,mobile,family,4918,comedy,2.0,PG-13,5397,banner,sidebar,cpg,11.02,9,0,0,0,7.1,4,11.32,1.66,0.04,0.1,2025-01-22 21:00:00,21,2,1
755232,59.0,M,DE,Berlin,mobile,free,8354,gaming,21.2,PG,5240,audio,pre_roll,auto,4.56,6,0,0,0,20.6,4,11.83,1.84,0.03,0.07,2025-07-05 10:00:00,10,5,7
554875,36.0,F,US,Chicago,desktop,free,7241,comedy,71.5,PG-13,5926,audio,mid_roll,auto,2.28,10,1,0,1,38.9,3,7.53,0.83,0.53,0.2,2024-10-16 11:00:00,11,2,10
979604,27.0,M,JP,Tokyo,mobile,free,9900,comedy,47.8,PG-13,5004,interstitial,post_roll,healthcare,4.54,10,1,0,1,46.6,4,8.89,1.29,0.81,0.28,2025-07-18 20:00:00,20,4,7
551944,65.0,F,UK,Manchester,desktop,free,8125,drama,55.4,G,5511,video,post_roll,travel,1.11,8,1,0,1,43.6,5,7.83,0.64,0.41,0.16,2024-09-16 18:00:00,18,0,9
286480,45.0,M,FR,Paris,tablet,premium,8985,drama,74.1,PG-13,5514,native,mid_roll,auto,5.9,11,0,0,0,30.6,4,9.92,1.25,0.04,0.11,2024-05-09 00:00:00,0,3,5
207966,37.0,F,JP,Tokyo,desktop,free,9866,music,51.7,R,5432,interstitial,pre_roll,healthcare,3.02,10,0,0,0,37.3,3,7.23,0.96,0.03,0.07,2024-10-12 12:00:00,12,5,10
248479,45.0,F,US,Seattle,mobile,premium,8389,documentary,28.6,R,5962,video,post_roll,travel,4.49,10,1,1,1,0.5,2,8.88,1.2,13.27,0.27,2024-05-09 12:00:00,12,3,5
940529,51.0,F,UK,London,mobile,premium,6464,documentary,14.2,PG-13,5560,interstitial,post_roll,finance,7.86,7,0,0,0,0.5,3,12.15,0.5,0.03,0.09,2024-05-03 22:00:00,22,4,5
614283,65.0,Other,JP,Osaka,mobile,free,5242,comedy,34.0,PG,5584,native,sidebar,auto,4.93,10,0,0,0,16.3,5,10.65,1.32,0.04,0.11,2025-06-19 20:00:00,20,3,6
450559,62.0,F,DE,Munich,desktop,free,1551,comedy,24.2,PG-13,5784,interstitial,in_feed,auto,4.41,5,0,0,0,17.2,8,8.4,1.06,0.02,0.04,2025-05-04 03:00:00,3,6,5
351602,41.0,M,IN,Bengaluru,desktop,family,2975,comedy,35.4,R,5424,video,pre_roll,tech,7.68,10,0,0,0,35.1,3,10.63,1.53,0.04,0.11,2024-06-28 10:00:00,10,4,6
613452,45.0,M,UK,London,tablet,premium,8902,documentary,26.1,G,5023,banner,pre_roll,travel,1.65,3,0,0,0,12.5,2,5.1,1.18,0.01,0.02,2025-05-27 08:00:00,8,1,5
913254,74.0,F,FR,Paris,mobile,free,6185,music,31.4,G,5875,banner,in_feed,retail,4.17,8,0,0,0,21.2,6,7.77,1.53,0.02,0.06,2024-04-07 04:00:00,4,6,4
165325,47.0,F,DE,Munich,tablet,basic,6247,drama,25.7,PG,5797,audio,sidebar,travel,1.67,5,0,0,0,0.5,9,6.63,1.41,0.01,0.03,2024-08-01 13:00:00,13,3,8
744852,34.0,F,UK,London,smart_tv,free,6851,music,4.2,PG,5178,interstitial,sidebar,finance,6.38,2,0,0,0,2.3,2,14.58,0.86,0.01,0.03,2025-03-17 07:00:00,7,0,3
278550,48.0,M,CA,Vancouver,tablet,premium,6977,news,77.8,G,5798,video,sidebar,finance,7.15,4,0,0,0,20.6,4,13.54,0.97,0.02,0.05,2024-08-12 01:00:00,1,0,8
464687,54.0,F,US,Chicago,mobile,basic,8201,documentary,38.7,PG-13,5004,video,sidebar,auto,5.28,10,0,0,0,14.3,2,10.84,1.46,0.04,0.11,2025-03-30 11:00:00,11,6,3
882917,18.0,F,IN,Hyderabad,smart_tv,basic,9105,music,28.9,G,5007,banner,mid_roll,travel,11.88,4,0,0,0,20.3,1,14.02,1.75,0.02,0.06,2025-06-16 03:00:00,3,0,6
734081,71.0,M,CA,Vancouver,mobile,free,1431,documentary,49.7,PG,5359,banner,in_feed,gaming,7.89,10,0,0,0,6.4,1,15.33,0.93,0.06,0.15,2024-04-05 16:00:00,16,4,4
492751,73.0,F,FR,Lyon,mobile,premium,6163,kids,2.0,R,5214,banner,mid_roll,healthcare,3.34,10,2,0,1,11.0,6,10.08,1.45,1.78,0.54,2024-03-13 22:00:00,22,2,3
903625,14.0,F,UK,London,mobile,free,9356,kids,48.9,PG-13,5564,video,post_roll,cpg,3.38,5,0,0,0,24.6,7,14.82,1.57,0.03,0.07,2025-07-21 14:00:00,14,0,7
445755,42.0,M,JP,Osaka,desktop,basic,5819,gaming,33.6,R,5383,native,post_roll,healthcare,6.9,1,0,0,0,43.6,8,10.52,1.26,0.0,0.01,2024-12-07 01:00:00,1,5,12
398512,64.0,M,IN,Mumbai,smart_tv,free,2439,drama,27.3,PG,5110,video,post_roll,auto,4.75,6,1,0,1,33.4,3,5.67,1.19,0.73,0.21,2024-11-29 11:00:00,11,4,11
336603,13.0,F,FR,Lyon,desktop,premium,4332,drama,48.5,PG-13,5031,banner,in_feed,retail,3.67,7,0,0,0,40.5,6,5.75,2.1,0.02,0.04,2024-11-06 09:00:00,9,2,11
842572,36.0,M,IN,Bengaluru,mobile,free,9908,kids,54.7,R,5754,interstitial,post_roll,finance,1.74,7,0,0,0,32.4,3,7.7,1.25,0.02,0.05,2024-10-21 03:00:00,3,0,10
963549,41.0,M,JP,Osaka,mobile,free,3688,music,22.1,PG-13,5064,banner,sidebar,auto,9.28,11,0,0,0,2.6,2,10.5,1.13,0.05,0.12,2025-03-08 16:00:00,16,5,3
390512,25.0,F,BR,Sao Paulo,desktop,basic,3284,sports,46.3,PG-13,5757,video,sidebar,healthcare,5.55,7,1,0,1,16.7,3,13.74,0.99,0.63,0.24,2025-01-08 01:00:00,1,2,1
707870,18.0,F,UK,Manchester,mobile,free,5168,kids,2.0,G,5439,interstitial,sidebar,tech,7.66,9,1,0,1,0.5,1,15.3,1.22,0.79,0.32,2024-05-28 05:00:00,5,1,5
648417,54.0,F,UK,Manchester,mobile,free,3397,gaming,30.7,G,5171,interstitial,mid_roll,gaming,4.32,9,1,0,1,11.0,3,9.58,1.13,0.71,0.26,2025-02-02 09:00:00,9,6,2
544376,65.0,M,US,Austin,mobile,free,6924,comedy,17.9,G,5452,audio,in_feed,healthcare,5.24,6,0,0,0,17.1,4,8.83,0.92,0.02,0.05,2025-02-24 21:00:00,21,0,2
514586,70.0,M,AU,Melbourne,desktop,free,7118,documentary,73.8,R,5932,interstitial,post_roll,auto,11.46,5,1,0,1,45.6,4,14.4,2.37,1.45,0.43,2024-05-01 08:00:00,8,2,5
959440,23.0,F,IN,Bengaluru,mobile,premium,6180,gaming,45.0,PG-13,5753,audio,post_roll,travel,5.65,7,0,0,0,27.6,2,5.22,0.93,0.01,0.04,2024-09-20 10:00:00,10,4,9
887024,13.0,F,BR,Rio de Janeiro,mobile,free,3907,sports,51.1,PG-13,5209,audio,pre_roll,retail,5.16,11,0,0,0,34.4,3,11.15,1.39,0.05,0.12,2025-05-01 20:00:00,20,3,5
617695,48.0,F,MX,Mexico City,desktop,basic,6560,drama,48.7,PG,5280,interstitial,post_roll,auto,4.26,11,1,0,1,28.6,7,9.36,1.04,0.67,0.26,2025-01-29 02:00:00,2,2,1
597973,21.0,F,FR,Paris,mobile,free,2980,music,40.4,G,5155,native,pre_roll,healthcare,7.62,1,0,0,0,33.9,2,14.47,1.78,0.01,0.01,2024-05-13 15:00:00,15,0,5
937449,26.0,M,UK,London,tablet,basic,6492,comedy,51.5,PG-13,5049,native,post_roll,travel,4.43,5,0,0,0,19.3,3,1.37,1.04,0.0,0.01,2024-03-22 15:00:00,15,4,3
322877,15.0,M,US,New York,smart_tv,basic,5140,news,34.3,PG,5007,banner,sidebar,travel,2.84,2,0,0,0,25.5,3,11.52,0.84,0.01,0.02,2025-01-08 20:00:00,20,2,1
243621,23.0,F,US,New York,smart_tv,basic,4788,comedy,2.0,G,5979,interstitial,pre_roll,cpg,6.86,6,0,0,0,5.2,3,10.05,0.76,0.02,0.06,2024-11-05 07:00:00,7,1,11
790308,49.0,M,UK,London,mobile,basic,4947,gaming,52.7,PG,5359,video,in_feed,retail,3.04,7,0,0,0,29.7,6,9.85,1.95,0.03,0.07,2025-08-01 23:00:00,23,4,8
469508,70.0,M,US,Chicago,mobile,free,3137,gaming,51.7,PG,5426,video,in_feed,finance,4.31,4,0,0,0,20.6,4,9.27,0.63,0.01,0.04,2024-12-08 00:00:00,0,6,12
145361,54.0,M,US,New York,desktop,family,8825,drama,26.4,PG-13,5171,video,post_roll,healthcare,2.51,4,0,0,0,19.1,1,1.13,0.96,0.0,0.0,2025-07-17 00:00:00,0,3,7
592319,59.0,F,DE,Munich,tablet,free,1961,news,26.9,PG,5410,audio,sidebar,gaming,9.97,4,0,0,0,25.4,1,14.59,1.88,0.02,0.06,2024-06-24 17:00:00,17,0,6
960717,43.0,M,UK,London,mobile,free,6378,music,12.1,PG,5235,native,sidebar,finance,5.81,2,0,0,0,0.5,2,10.37,1.31,0.01,0.02,2024-10-28 13:00:00,13,0,10
260840,20.0,F,BR,Rio de Janeiro,desktop,basic,4243,news,28.7,PG-13,5108,banner,sidebar,healthcare,2.37,7,1,0,1,12.5,2,6.85,1.01,0.63,0.2,2024-05-15 09:00:00,9,2,5
919932,33.0,M,IN,Mumbai,smart_tv,free,5034,news,40.3,G,5294,native,mid_roll,healthcare,2.67,4,0,0,0,27.6,3,7.57,0.86,0.01,0.03,2025-01-05 02:00:00,2,6,1
671321,32.0,M,UK,Manchester,mobile,basic,7112,documentary,67.2,PG,5529,interstitial,pre_roll,travel,3.38,11,0,0,0,41.4,5,3.68,0.61,0.02,0.04,2024-06-10 18:00:00,18,0,6
984443,41.0,Other,US,Austin,mobile,family,6687,comedy,38.6,PG,5773,video,pre_roll,retail,3.6,1,0,0,0,95.05050000000048,7,10.04,0.83,0.0,0.01,2024-11-21 19:00:00,19,3,11
763380,40.0,F,IN,Bengaluru,desktop,premium,3470,kids,7.9,R,5712,native,pre_roll,retail,9.58,3,0,0,0,6.7,3,9.33,1.27,0.01,0.03,2024-09-02 20:00:00,20,0,9
963486,45.0,F,CA,Toronto,mobile,free,8482,kids,57.5,R,5282,native,in_feed,finance,5.14,8,0,0,0,28.5,3,15.48,1.42,0.05,0.12,2024-06-09 07:00:00,7,6,6
315192,15.0,F,UK,London,tablet,free,6462,gaming,3.5,PG-13,5987,native,in_feed,finance,4.96,4,1,1,1,0.5,2,11.74,1.62,28.92,0.29,2024-04-22 06:00:00,6,0,4
512485,32.0,F,IN,Hyderabad,tablet,free,2509,drama,45.7,PG-13,5662,video,post_roll,retail,3.75,5,0,0,0,22.7,2,10.06,1.43,0.02,0.05,2024-12-02 12:00:00,12,0,12
453633,35.0,M,US,Seattle,smart_tv,free,1452,sports,33.7,PG,5735,interstitial,pre_roll,travel,8.99,8,0,0,0,18.5,3,17.05,1.73,0.05,0.14,2025-07-25 13:00:00,13,4,7
659036,33.0,F,UK,Manchester,console,basic,8305,drama,16.8,R,5556,interstitial,pre_roll,tech,6.85,6,0,0,0,20.6,0,5.92,1.34,0.01,0.04,2024-06-16 07:00:00,7,6,6
935251,67.0,F,US,New York,mobile,free,6311,news,2.0,R,5952,native,in_feed,auto,8.36,11,1,1,1,0.7,4,9.69,0.75,23.85,0.22,2024-10-05 16:00:00,16,5,10
645287,25.0,M,JP,Osaka,tablet,premium,4937,sports,29.7,R,5183,interstitial,post_roll,gaming,7.03,9,0,0,0,22.8,3,10.43,1.41,0.04,0.09,2024-06-30 06:00:00,6,6,6
630178,68.0,F,US,Austin,mobile,free,6281,sports,41.8,PG,5568,audio,pre_roll,finance,3.61,2,0,0,0,28.9,4,14.91,1.21,0.01,0.03,2025-05-11 20:00:00,20,6,5
800600,44.0,F,US,Seattle,mobile,premium,1019,comedy,58.2,PG-13,5202,interstitial,post_roll,retail,9.66,11,0,0,0,24.3,2,13.9,0.93,0.06,0.15,2024-10-11 01:00:00,1,4,10
726264,36.0,M,IN,Bengaluru,desktop,family,5727,documentary,46.3,R,5842,native,in_feed,healthcare,5.78,9,1,0,1,43.7,4,12.29,0.25,0.19,0.15,2025-08-09 04:00:00,4,5,8
224918,61.0,M,IN,Mumbai,mobile,free,7967,sports,40.8,PG-13,5801,audio,in_feed,travel,7.24,1,0,0,0,23.7,1,13.22,0.78,0.01,0.01,2024-07-11 09:00:00,9,3,7
816031,70.0,M,AU,Sydney,mobile,family,6692,music,24.8,R,5204,interstitial,pre_roll,gaming,3.88,1,0,0,0,14.3,4,5.48,0.73,0.0,0.01,2024-04-13 14:00:00,14,5,4
611135,50.0,F,MX,Mexico City,mobile,free,8584,drama,28.2,PG,5143,audio,sidebar,retail,4.29,8,0,0,0,33.0,6,6.55,0.55,0.02,0.05,2025-01-09 13:00:00,13,3,1
298279,31.0,M,UK,Manchester,mobile,basic,9324,sports,72.5,PG-13,5917,banner,post_roll,retail,7.17,11,1,0,1,62.4,5,9.03,1.19,0.75,0.28,2025-02-15 21:00:00,21,5,2
281730,26.0,F,BR,Sao Paulo,mobile,premium,6271,music,45.1,PG-13,5750,interstitial,pre_roll,auto,2.34,4,0,0,0,33.5,6,2.58,1.32,0.0,0.01,2025-08-18 00:00:00,0,0,8
746767,39.0,F,US,Seattle,mobile,family,1258,music,33.6,R,5428,video,sidebar,cpg,5.47,8,0,0,0,18.3,4,12.95,1.75,0.04,0.1,2025-06-14 13:00:00,13,5,6
813546,71.0,M,IN,Bengaluru,mobile,family,7320,kids,64.4,PG,5344,interstitial,pre_roll,travel,12.69,8,0,0,0,33.0,4,9.76,1.16,0.03,0.08,2025-06-21 10:00:00,10,5,6
897579,58.0,F,US,New York,desktop,premium,8562,documentary,22.8,PG-13,5735,audio,post_roll,auto,4.43,11,1,0,1,5.1,3,9.91,2.17,1.35,0.43,2025-02-06 11:00:00,11,3,2
338644,53.0,M,IN,Mumbai,mobile,free,2294,sports,32.6,PG-13,5866,interstitial,mid_roll,auto,2.15,1,0,0,0,15.8,3,13.04,0.23,0.01,0.01,2024-09-11 07:00:00,7,2,9
957733,66.0,F,US,Seattle,desktop,free,3273,news,28.3,PG-13,5278,video,mid_roll,finance,2.87,9,0,0,0,2.6,3,7.27,0.86,0.03,0.07,2024-10-18 16:00:00,16,4,10
319779,52.0,Other,IN,Hyderabad,mobile,premium,3772,gaming,56.2,G,5490,video,in_feed,cpg,4.23,5,0,0,0,30.6,3,7.85,1.14,0.02,0.04,2024-05-12 05:00:00,5,6,5
188997,17.0,F,BR,Sao Paulo,mobile,basic,8042,drama,76.2,PG-13,5130,audio,pre_roll,retail,8.37,7,0,0,0,80.6,9,17.75,1.17,0.05,0.12,2024-10-19 18:00:00,18,5,10
295482,62.0,M,DE,Munich,desktop,basic,8534,comedy,21.0,PG-13,5064,banner,pre_roll,tech,5.25,9,0,0,0,7.6,1,12.1,0.64,0.04,0.11,2024-09-13 19:00:00,19,4,9
287782,26.0,M,AU,Melbourne,mobile,free,7896,music,20.7,R,5190,audio,sidebar,travel,2.09,6,0,0,0,4.8,1,14.06,0.7,0.03,0.08,2024-03-20 09:00:00,9,2,3
151735,58.0,M,US,New York,mobile,free,9412,sports,31.1,PG-13,5708,video,sidebar,auto,1.67,8,2,1,1,31.3,5,11.84,0.54,21.64,0.26,2024-06-19 09:00:00,9,2,6
105568,33.0,M,CA,Vancouver,console,premium,7941,kids,49.2,R,5820,banner,pre_roll,finance,7.69,9,1,1,1,60.3,8,14.57,1.45,34.13005000000005,0.35,2024-12-14 16:00:00,16,5,12
116584,38.0,F,CA,Toronto,mobile,free,9440,kids,17.7,PG-13,5950,banner,in_feed,cpg,8.21,4,0,0,0,17.5,1,9.1,1.16,0.01,0.04,2024-09-16 10:00:00,10,0,9
456565,37.0,M,US,Seattle,tablet,basic,5804,kids,53.7,R,5859,native,pre_roll,finance,5.77,8,0,0,0,21.1,1,9.1,1.53,0.03,0.07,2025-08-19 12:00:00,12,1,8
169585,56.0,M,IN,Mumbai,tablet,free,6086,kids,41.2,PG,5232,video,mid_roll,gaming,2.31,5,0,0,0,0.5,5,7.2,0.85,0.01,0.04,2024-11-14 09:00:00,9,3,11
370869,67.0,F,FR,Paris,tablet,free,4768,gaming,39.5,PG-13,5376,video,in_feed,finance,9.2,2,0,0,0,24.9,6,9.56,1.18,0.01,0.02,2025-07-31 16:00:00,16,3,7
518199,48.0,F,UK,Manchester,mobile,free,4222,documentary,10.4,PG,5479,audio,in_feed,healthcare,6.2,10,0,0,0,16.2,5,3.24,1.48,0.01,0.03,2025-02-20 18:00:00,18,3,2
628797,34.0,M,AU,Melbourne,mobile,basic,9541,music,14.0,PG,5984,native,mid_roll,healthcare,9.91,3,0,0,0,12.9,3,12.06,1.13,0.01,0.04,2024-03-22 19:00:00,19,4,3
255693,69.0,F,US,Seattle,smart_tv,premium,2084,kids,54.6,G,5251,native,post_roll,finance,6.84,6,0,0,0,33.6,2,2.66,0.88,0.01,0.02,2024-06-18 20:00:00,20,1,6
319810,72.0,M,UK,Manchester,mobile,premium,9184,drama,41.5,R,5065,banner,sidebar,healthcare,5.55,1,0,0,0,13.1,0,7.12,0.9,0.0,0.01,2025-03-17 03:00:00,3,0,3
818115,43.0,F,AU,Unknown,tablet,family,1981,drama,22.6,PG-13,5539,audio,pre_roll,tech,4.08,6,0,0,0,7.7,4,8.91,0.94,0.02,0.05,2024-12-20 08:00:00,8,4,12
730092,17.0,F,IN,Bengaluru,mobile,free,7843,comedy,20.4,PG-13,5476,native,mid_roll,auto,11.08,1,0,0,0,38.4,2,8.71,1.82,0.0,0.01,2024-08-10 22:00:00,22,5,8
466167,61.0,M,IN,Mumbai,mobile,free,1221,documentary,66.7,PG,5876,audio,in_feed,auto,12.59,3,0,0,0,55.8,5,10.67,1.4,0.01,0.03,2024-12-07 22:00:00,22,5,12
963799,63.0,F,CA,Toronto,mobile,free,7568,news,17.7,PG,5870,video,post_roll,tech,3.05,9,0,0,0,11.7,1,10.06,1.61,0.04,0.09,2025-07-01 14:00:00,14,1,7
560044,67.0,M,US,Austin,tablet,basic,3120,sports,33.3,PG-13,5706,video,sidebar,cpg,2.1,1,0,0,0,15.4,1,8.15,0.74,0.0,0.01,2024-09-26 21:00:00,21,3,9
191045,46.0,F,US,Chicago,mobile,free,3845,news,46.3,R,5835,interstitial,mid_roll,gaming,5.99,1,0,0,0,17.7,1,11.92,1.08,0.0,0.01,2024-03-25 08:00:00,8,0,3
196105,72.0,F,US,Seattle,desktop,free,7862,music,44.6,PG,5564,native,pre_roll,retail,5.85,1,0,0,0,35.9,7,12.84,1.18,0.01,0.01,2024-08-15 22:00:00,22,3,8
293176,54.0,M,DE,Berlin,desktop,basic,2739,comedy,51.8,PG-13,5248,audio,post_roll,cpg,8.01,6,0,0,0,29.0,4,10.8,1.76,0.03,0.06,2025-07-19 08:00:00,8,5,7
370611,52.0,F,DE,Munich,desktop,free,6032,news,46.0,G,5395,video,sidebar,auto,4.28,10,1,0,1,20.9,1,8.46,0.62,0.41,0.18,2025-04-16 08:00:00,8,2,4
274867,36.0,F,FR,Lyon,desktop,basic,2214,gaming,21.5,PG,5088,interstitial,sidebar,healthcare,5.35,8,0,0,0,10.9,5,8.89,2.12,0.03,0.07,2025-05-27 05:00:00,5,1,5
770541,59.0,F,US,Austin,mobile,free,3681,documentary,53.5,PG-13,5701,video,post_roll,auto,5.02,7,0,0,0,30.1,3,10.16,1.61,0.03,0.07,2025-07-06 06:00:00,6,6,7
981062,24.0,F,US,New York,mobile,free,3389,comedy,37.9,PG-13,5440,video,mid_roll,tech,8.22,4,0,0,0,24.6,0,10.69,0.89,0.02,0.04,2024-05-03 10:00:00,10,4,5
568450,58.0,F,CA,Toronto,smart_tv,free,1455,sports,41.1,PG-13,5078,native,post_roll,retail,1.05,6,0,0,0,43.4,5,10.3,0.6,0.02,0.06,2024-07-31 15:00:00,15,2,7
622891,20.0,F,BR,Sao Paulo,mobile,free,9424,drama,37.7,PG-13,5468,video,post_roll,healthcare,9.95,6,0,0,0,10.2,2,22.33,1.37,0.05,0.13,2024-04-02 07:00:00,7,1,4
903322,62.0,F,UK,Manchester,mobile,basic,3018,music,12.6,R,5441,native,post_roll,travel,10.19,1,0,0,0,0.5,1,12.3,1.68,0.0,0.01,2024-03-03 13:00:00,13,6,3
380846,21.0,F,FR,Paris,desktop,basic,9529,music,37.3,R,5594,video,in_feed,retail,2.99,5,0,0,0,33.8,4,10.13,1.34,0.02,0.05,2025-05-25 17:00:00,17,6,5
622464,15.0,F,US,New York,tablet,basic,7750,sports,11.1,PG-13,5003,banner,mid_roll,healthcare,2.93,3,0,0,0,11.4,5,11.66,1.01,0.01,0.03,2025-07-19 22:00:00,22,5,7
442622,58.0,M,UK,Manchester,mobile,free,5646,news,49.2,PG,5854,audio,post_roll,cpg,3.34,2,0,0,0,38.8,4,12.98,1.6,0.01,0.03,2024-05-24 02:00:00,2,4,5
942772,59.0,M,BR,Rio de Janeiro,mobile,free,9166,music,38.9,PG,5385,video,sidebar,healthcare,2.46,7,0,0,0,38.9,4,1.41,0.84,0.0,0.01,2025-03-25 23:00:00,23,1,3
831803,32.0,M,UK,London,mobile,basic,8075,kids,65.7,R,5141,audio,mid_roll,healthcare,9.86,9,1,0,1,61.0,2,14.35,1.31,0.84,0.33,2024-12-14 20:00:00,20,5,12
654072,30.0,M,UK,London,smart_tv,basic,5384,news,30.5,G,5656,audio,pre_roll,healthcare,5.64,3,0,0,0,14.7,3,12.13,1.13,0.01,0.04,2024-04-07 09:00:00,9,6,4
777238,37.0,M,US,Seattle,mobile,family,9499,news,2.0,PG-13,5893,video,post_roll,retail,3.15,11,1,0,1,15.1,2,10.12,1.13,0.72,0.28,2025-07-08 12:00:00,12,1,7
826074,34.0,M,AU,Sydney,mobile,premium,9630,comedy,34.1,R,5487,audio,in_feed,healthcare,6.75,7,0,0,0,3.0,1,8.86,1.87,0.02,0.06,2025-06-14 11:00:00,11,5,6
476788,57.0,M,BR,Sao Paulo,desktop,family,9559,kids,2.0,PG-13,5464,audio,pre_roll,travel,3.8,6,1,1,1,0.5,2,10.83,0.94,30.28,0.21,2025-01-01 10:00:00,10,2,1
589097,74.0,F,DE,Berlin,mobile,basic,9964,kids,10.4,PG,5319,banner,post_roll,finance,4.98,8,0,0,0,0.5,4,8.39,1.43,0.03,0.07,2025-03-18 06:00:00,6,1,3
356330,31.0,M,BR,Sao Paulo,desktop,premium,8805,sports,61.3,G,5307,banner,post_roll,travel,7.53,3,0,0,0,45.5,5,14.1,1.31,0.02,0.04,2024-10-01 12:00:00,12,1,10
246301,48.0,F,AU,Sydney,mobile,premium,7796,drama,47.4,PG,5325,audio,mid_roll,healthcare,9.44,8,0,0,0,22.1,2,11.84,1.6,0.04,0.09,2025-05-03 03:00:00,3,5,5
961749,64.0,M,US,Chicago,mobile,premium,8860,music,43.7,PG,5311,interstitial,mid_roll,tech,4.91,2,1,0,1,20.5,3,11.01,1.44,0.87,0.24,2024-10-27 07:00:00,7,6,10
231721,50.0,F,FR,Paris,desktop,family,7842,kids,17.3,PG,5046,native,in_feed,cpg,8.26,1,0,0,0,15.1,1,15.15,1.2,0.01,0.02,2025-08-17 03:00:00,3,6,8
852696,37.0,F,UK,London,tablet,basic,5612,gaming,17.1,PG-13,5910,banner,mid_roll,tech,11.46,5,1,0,1,1.2,4,6.53,1.42,0.87,0.25,2024-04-04 01:00:00,1,3,4
617688,45.0,F,CA,Toronto,desktop,free,4393,documentary,2.0,PG-13,5385,interstitial,post_roll,tech,4.17,2,0,0,0,0.9,3,13.48,0.93,0.01,0.03,2024-06-01 23:00:00,23,5,6
105824,46.0,M,US,Seattle,desktop,basic,6255,drama,58.0,PG-13,5236,interstitial,mid_roll,finance,3.97,1,0,0,0,25.1,0,7.74,0.79,0.0,0.01,2025-08-06 03:00:00,3,2,8
805941,38.0,F,US,Chicago,smart_tv,free,1167,sports,13.1,PG,5552,audio,in_feed,travel,2.95,5,0,0,0,12.3,3,11.58,0.84,0.02,0.06,2024-08-03 22:00:00,22,5,8
558384,19.0,F,CA,Toronto,desktop,free,5282,news,44.9,R,5954,native,sidebar,auto,10.48,4,0,0,0,37.3,2,9.71,1.76,0.02,0.04,2024-08-15 18:00:00,18,3,8
264506,44.0,M,IN,Mumbai,mobile,free,1938,gaming,74.6,PG-13,5450,native,sidebar,cpg,5.85,4,0,0,0,61.6,6,8.06,1.39,0.01,0.03,2025-05-02 06:00:00,6,4,5
138433,15.0,F,IN,Hyderabad,mobile,premium,8193,sports,23.8,R,5282,video,post_roll,tech,5.58,3,0,0,0,0.5,2,12.93,0.79,0.02,0.04,2024-06-11 06:00:00,6,1,6
772558,25.0,F,CA,Toronto,tablet,basic,3888,documentary,29.8,PG,5539,native,pre_roll,healthcare,6.6,9,0,0,0,7.8,5,8.73,1.01,0.03,0.08,2024-12-03 07:00:00,7,1,12
593055,65.0,F,DE,Munich,tablet,free,4137,comedy,2.0,PG,5818,audio,pre_roll,retail,7.39,8,0,0,0,3.4,3,12.6,1.44,0.04,0.1,2024-08-02 11:00:00,11,4,8
515431,33.0,F,DE,Berlin,desktop,basic,3302,news,61.4,PG-13,5658,banner,in_feed,auto,4.4,8,1,1,1,55.1,3,9.32,1.06,25.33,0.23,2024-06-15 21:00:00,21,5,6
948870,39.0,F,FR,Lyon,desktop,premium,9778,comedy,13.4,PG,5691,native,post_roll,tech,5.38,8,0,0,0,0.8,1,8.45,1.6,0.03,0.07,2025-08-03 18:00:00,18,6,8
941597,54.0,F,BR,Sao Paulo,tablet,free,9030,news,54.8,R,5654,native,post_roll,tech,6.42,9,2,0,1,58.1,6,13.22,1.44,31.659709027149592,0.55,2024-06-16 22:00:00,22,6,6
117961,42.0,F,BR,Sao Paulo,console,free,5354,drama,27.6,R,5762,video,pre_roll,healthcare,8.02,11,0,0,0,17.3,5,6.41,1.63,0.03,0.07,2024-04-20 21:00:00,21,5,4
344222,49.0,F,BR,Rio de Janeiro,mobile,basic,3003,comedy,29.2,PG,5349,audio,mid_roll,finance,1.92,6,1,0,1,13.4,0,8.85,0.54,0.35,0.13,2025-02-27 22:00:00,22,3,2
375504,14.0,F,CA,Toronto,smart_tv,free,1829,comedy,19.2,PG-13,5622,audio,pre_roll,retail,3.36,10,0,0,0,8.2,3,8.72,0.42,0.03,0.09,2025-06-12 08:00:00,8,3,6
471040,44.0,M,US,Chicago,smart_tv,basic,3653,kids,30.9,R,5453,banner,in_feed,retail,4.92,5,0,0,0,32.9,7,13.63,1.9,0.03,0.07,2024-05-08 20:00:00,20,2,5
552282,33.0,M,CA,Vancouver,tablet,free,3176,documentary,21.0,PG,5361,video,sidebar,gaming,6.99,1,0,0,0,14.4,2,9.26,1.45,0.0,0.01,2025-03-18 05:00:00,5,1,3
749481,17.0,F,BR,Rio de Janeiro,mobile,free,4146,documentary,86.5,PG-13,5785,native,post_roll,cpg,5.85,8,0,0,0,45.9,4,6.04,1.99,0.02,0.05,2024-12-18 00:00:00,0,2,12
330387,61.0,F,UK,Manchester,mobile,family,3341,gaming,42.1,PG-13,5131,native,pre_roll,cpg,7.01,4,0,0,0,36.0,5,12.58,2.03,0.02,0.05,2025-05-23 05:00:00,5,4,5
390295,14.0,M,US,Austin,tablet,basic,5141,music,2.0,G,5354,audio,sidebar,tech,3.35,1,0,0,0,0.5,4,7.41,1.83,0.0,0.01,2024-05-08 13:00:00,13,2,5
208937,56.0,M,UK,London,mobile,premium,2506,documentary,28.8,PG-13,5068,interstitial,in_feed,healthcare,2.14,6,0,0,0,21.8,4,12.18,0.24,0.03,0.07,2025-08-09 23:00:00,23,5,8
118953,24.0,M,FR,Lyon,mobile,family,3167,kids,34.1,R,5975,audio,in_feed,finance,2.82,1,0,0,0,27.3,1,9.25,1.76,0.0,0.01,2025-01-29 07:00:00,7,2,1
343829,23.0,F,US,Austin,desktop,basic,2527,drama,26.3,PG,5302,banner,pre_roll,finance,7.67,1,0,0,0,95.05050000000048,3,8.17,1.23,0.0,0.01,2025-05-29 18:00:00,18,3,5
671034,15.0,F,US,Austin,tablet,basic,1029,drama,32.1,PG-13,5056,native,sidebar,finance,14.13,11,0,0,0,21.1,4,10.26,1.77,0.05,0.11,2024-09-12 11:00:00,11,3,9
448275,25.0,M,BR,Sao Paulo,mobile,basic,4320,comedy,12.6,R,5980,audio,mid_roll,retail,4.77,10,0,0,0,5.3,2,14.77,1.04,0.06,0.15,2025-07-23 10:00:00,10,2,7
312107,52.0,M,US,Seattle,mobile,free,4633,gaming,55.0,PG-13,5908,audio,post_roll,auto,6.54,8,0,0,0,22.7,1,7.5,1.38,0.02,0.06,2025-02-02 05:00:00,5,6,2
380201,52.0,M,US,Austin,smart_tv,free,6095,drama,11.9,PG-13,5985,banner,post_roll,finance,11.84,3,0,0,0,5.2,0,12.38,2.14,0.01,0.04,2024-05-08 13:00:00,13,2,5
967844,26.0,F,IN,Mumbai,mobile,free,9860,news,49.8,PG-13,5439,native,pre_roll,tech,5.38,8,0,0,0,30.8,2,7.31,1.29,0.02,0.06,2025-07-12 08:00:00,8,5,7
994582,38.0,F,CA,Toronto,desktop,family,3064,drama,34.8,G,5155,banner,in_feed,cpg,8.27,11,0,0,0,23.2,4,9.33,1.78,0.04,0.1,2025-05-04 17:00:00,17,6,5
628995,45.0,F,US,Seattle,desktop,premium,2691,news,37.0,PG,5020,audio,sidebar,travel,2.92,7,1,0,1,24.0,3,8.18,1.5,0.92,0.28,2024-08-10 02:00:00,2,5,8
965491,15.0,F,US,New York,mobile,basic,5578,news,2.4,G,5014,native,pre_roll,auto,7.68,10,0,0,0,3.9,6,13.97,0.6,0.06,0.14,2024-12-20 15:00:00,15,4,12
973796,35.0,M,BR,Sao Paulo,desktop,basic,6015,kids,2.0,PG-13,5161,interstitial,mid_roll,finance,4.4,8,0,0,0,1.8,1,12.19,1.71,0.04,0.1,2024-09-26 13:00:00,13,3,9
669993,60.0,M,JP,Tokyo,tablet,family,6574,gaming,15.0,R,5986,video,sidebar,gaming,6.93,10,1,0,1,18.8,6,10.63,1.25,0.79,0.29,2024-12-19 11:00:00,11,3,12
810576,32.0,F,US,New York,mobile,free,9694,documentary,24.4,PG-13,5952,audio,post_roll,gaming,2.64,3,0,0,0,17.9,1,12.01,1.61,0.01,0.04,2025-08-04 07:00:00,7,0,8
149083,31.0,M,MX,Guadalajara,smart_tv,basic,5779,gaming,16.0,PG-13,5773,banner,post_roll,finance,3.16,7,1,0,1,13.0,0,11.32,1.74,1.08,0.34,2025-06-29 10:00:00,10,6,6
274594,24.0,F,CA,Toronto,tablet,basic,9148,gaming,62.2,PG,5579,native,pre_roll,auto,6.21,2,0,0,0,41.4,1,10.04,0.81,0.01,0.02,2024-06-25 09:00:00,9,1,6
170626,14.0,M,IN,Mumbai,mobile,premium,7918,music,6.1,PG-13,5621,video,post_roll,gaming,6.58,8,0,0,0,8.4,2,11.66,1.82,0.04,0.09,2025-08-07 18:00:00,18,3,8
772214,65.0,F,US,Austin,desktop,free,8165,music,82.4,G,5155,banner,in_feed,tech,1.61,2,0,0,0,52.5,3,10.33,1.58,0.01,0.02,2024-10-23 11:00:00,11,2,10
729588,21.0,M,IN,Hyderabad,mobile,free,8884,documentary,67.3,PG,5134,native,mid_roll,auto,4.87,1,0,0,0,37.0,5,14.56,1.87,0.01,0.01,2025-03-16 14:00:00,14,6,3
530520,19.0,M,UK,London,mobile,basic,8443,music,29.2,G,5373,banner,sidebar,auto,7.74,9,0,0,0,21.0,1,14.32,1.58,0.05,0.13,2025-04-17 16:00:00,16,3,4
701444,53.0,M,FR,Lyon,mobile,family,3501,gaming,67.1,G,5963,native,mid_roll,cpg,11.78,1,0,0,0,88.6,7,9.06,1.72,0.0,0.01,2024-11-16 18:00:00,18,5,11
904010,22.0,F,AU,Melbourne,mobile,free,9082,comedy,50.8,PG-13,5096,interstitial,pre_roll,cpg,4.77,1,0,0,0,30.4,5,7.74,1.25,0.0,0.01,2024-11-02 14:00:00,14,5,11
261857,29.0,F,US,Chicago,tablet,free,5481,comedy,28.2,PG,5623,video,in_feed,healthcare,2.77,11,2,0,1,23.5,4,10.47,1.92,2.35,0.69,2024-11-02 10:00:00,10,5,11
747315,22.0,M,US,Austin,console,premium,5152,music,15.3,PG,5753,native,sidebar,travel,3.11,8,0,0,0,10.9,4,9.31,0.05,0.03,0.07,2025-06-09 18:00:00,18,0,6
895711,47.0,M,US,Chicago,console,free,7118,music,31.4,R,5607,audio,pre_roll,cpg,2.48,10,0,0,0,9.2,2,13.53,0.05,0.05,0.14,2024-09-25 14:00:00,14,2,9
769297,49.0,M,DE,Munich,mobile,premium,4712,gaming,31.7,PG,5668,audio,mid_roll,healthcare,2.13,8,0,0,0,5.2,3,6.24,1.97,0.02,0.05,2024-07-30 03:00:00,3,1,7
747729,36.0,F,US,Chicago,mobile,basic,2589,gaming,33.5,PG-13,5926,video,post_roll,travel,5.52,3,0,0,0,18.0,0,10.42,1.26,0.01,0.03,2024-09-12 06:00:00,6,3,9
753393,37.0,M,JP,Tokyo,mobile,free,1529,sports,72.6,G,5125,audio,mid_roll,retail,5.96,3,0,0,0,37.3,6,18.06,1.24,0.7251437052145318,0.05,2024-06-14 05:00:00,5,4,6
281947,43.0,F,JP,Tokyo,desktop,free,4339,comedy,12.9,PG,5988,interstitial,post_roll,healthcare,5.24,11,1,0,1,1.9,0,11.0,1.59,1.0,0.36,2024-09-28 09:00:00,9,5,9
295330,37.0,M,CA,Toronto,mobile,family,7196,kids,3.0,R,5790,banner,sidebar,tech,5.89,11,0,0,0,0.5,4,6.66,1.07,0.03,0.07,2024-05-01 14:00:00,14,2,5
914581,71.0,M,US,New York,mobile,basic,9121,news,51.5,PG-13,5258,native,mid_roll,auto,4.32,1,0,0,0,35.3,3,10.23,0.98,0.0,0.01,2024-04-18 11:00:00,11,3,4
327792,39.0,F,IN,Mumbai,desktop,premium,6784,news,47.6,G,5686,native,pre_roll,cpg,4.64,3,0,0,0,23.8,4,7.56,1.04,0.01,0.02,2025-03-26 21:00:00,21,2,3
762919,21.0,F,US,Austin,mobile,free,4659,drama,16.6,PG-13,5054,native,post_roll,gaming,8.71,1,0,0,0,0.5,7,13.18,1.2,0.01,0.01,2024-04-11 19:00:00,19,3,4
505514,71.0,F,CA,Toronto,mobile,family,3735,drama,22.8,R,5620,interstitial,pre_roll,finance,4.1,5,0,0,0,9.6,3,5.2,1.19,0.01,0.03,2025-01-01 19:00:00,19,2,1
917086,14.0,M,IN,Mumbai,mobile,free,4211,comedy,23.0,PG,5354,video,mid_roll,auto,4.71,4,0,0,0,10.7,5,7.49,1.69,0.01,0.03,2025-04-26 03:00:00,3,5,4
356724,63.0,F,IN,Bengaluru,mobile,premium,9282,music,39.7,PG,5822,interstitial,mid_roll,cpg,4.94,10,1,0,1,23.0,3,10.0,1.51,0.95,0.33,2025-03-27 05:00:00,5,3,3
901879,50.0,Other,CA,Toronto,tablet,free,6487,sports,29.4,G,5525,banner,in_feed,cpg,4.1,4,0,0,0,12.5,8,12.21,1.06,0.02,0.05,2024-10-27 21:00:00,21,6,10
896904,61.0,M,MX,Mexico City,desktop,free,6744,kids,38.9,PG,5355,banner,pre_roll,cpg,6.91,6,1,0,1,16.3,9,13.14,2.05,1.26,0.39,2024-06-13 13:00:00,13,3,6
103090,22.0,F,JP,Osaka,tablet,basic,3088,comedy,35.3,R,5207,native,in_feed,auto,6.93,8,1,0,1,25.0,2,12.73,1.13,0.72,0.27,2025-07-16 13:00:00,13,2,7
676955,26.0,M,MX,Guadalajara,mobile,premium,4246,music,42.0,PG,5521,interstitial,post_roll,tech,4.54,6,0,0,0,38.3,3,11.99,0.45,0.03,0.07,2025-05-25 23:00:00,23,6,5
584455,42.0,F,CA,Toronto,mobile,basic,7413,music,24.8,G,5883,interstitial,pre_roll,travel,1.13,5,0,0,0,0.5,3,8.11,1.04,0.02,0.04,2025-01-25 14:00:00,14,5,1
521834,44.0,M,US,Chicago,mobile,family,5519,sports,23.0,PG-13,5294,interstitial,sidebar,auto,4.46,8,0,0,0,32.2,8,7.81,0.73,0.02,0.06,2024-04-16 20:00:00,20,1,4
191264,15.0,F,BR,Sao Paulo,desktop,basic,1123,music,49.1,PG-13,5072,native,in_feed,finance,2.49,7,1,0,1,29.4,3,14.37,1.25,0.79,0.29,2024-03-19 23:00:00,23,1,3
696723,44.0,M,IN,Bengaluru,mobile,free,5936,documentary,44.9,R,5454,audio,post_roll,finance,5.59,3,0,0,0,27.1,4,6.15,0.87,0.01,0.02,2024-08-18 05:00:00,5,6,8
406298,73.0,F,US,New York,mobile,free,2400,drama,29.2,G,5439,interstitial,pre_roll,retail,4.53,7,0,0,0,15.8,2,12.18,0.54,0.03,0.09,2024-05-25 01:00:00,1,5,5
580063,69.0,M,US,Chicago,smart_tv,free,8432,comedy,17.8,PG,5013,interstitial,pre_roll,retail,4.8,5,0,0,0,14.1,3,13.0,1.65,0.03,0.06,2025-06-08 14:00:00,14,6,6
368400,64.0,F,DE,Berlin,desktop,basic,2122,comedy,69.2,PG-13,5232,interstitial,mid_roll,finance,9.31,11,0,0,0,51.5,1,16.84,0.54,0.07,0.19,2024-06-20 03:00:00,3,3,6
863203,62.0,F,CA,Vancouver,tablet,family,1217,comedy,53.3,G,5085,banner,in_feed,auto,4.95,5,1,0,1,35.4,3,10.36,1.42,0.87,0.26,2024-07-31 15:00:00,15,2,7
561373,58.0,F,US,Seattle,mobile,free,4517,kids,76.1,PG-13,5764,native,pre_roll,auto,5.47,1,0,0,0,56.7,4,10.73,0.79,0.0,0.01,2025-08-09 21:00:00,21,5,8
506160,26.0,F,DE,Berlin,mobile,free,9525,comedy,38.5,PG,5663,video,in_feed,travel,1.53,4,0,0,0,16.5,9,7.97,1.37,0.01,0.03,2025-05-16 20:00:00,20,4,5
861841,53.0,M,US,Chicago,mobile,basic,2273,sports,45.1,PG-13,5051,video,sidebar,auto,13.51,10,0,0,0,30.7,5,13.69,1.33,0.05,0.14,2024-06-27 02:00:00,2,3,6
181550,59.0,M,IN,Hyderabad,mobile,free,7121,music,34.6,G,5772,audio,pre_roll,auto,3.62,7,0,0,0,9.2,0,10.57,1.56,0.03,0.07,2024-09-24 02:00:00,2,1,9
230757,46.0,F,US,Seattle,smart_tv,basic,4504,sports,55.9,PG-13,5110,native,in_feed,tech,5.18,11,1,0,1,42.9,6,9.68,0.65,9.239034864886838,0.2,2024-12-04 12:00:00,12,2,12
271862,26.0,M,US,Chicago,mobile,basic,8813,gaming,27.5,PG,5181,video,pre_roll,retail,1.47,2,0,0,0,18.7,3,8.74,1.07,0.01,0.02,2025-02-22 16:00:00,16,5,2
520106,70.0,M,AU,Melbourne,desktop,free,2473,drama,57.8,PG-13,5008,banner,in_feed,tech,8.12,10,0,0,0,47.4,2,4.79,1.71,0.02,0.05,2025-07-19 12:00:00,12,5,7
202767,32.0,F,US,Chicago,mobile,free,4853,news,37.7,PG-13,5614,native,sidebar,retail,5.75,3,0,0,0,17.8,2,7.22,1.29,0.01,0.02,2025-06-14 09:00:00,9,5,6
868437,53.0,M,CA,Vancouver,desktop,basic,7852,news,20.2,R,5485,audio,pre_roll,gaming,1.6,1,0,0,0,25.4,5,10.86,1.36,0.0,0.01,2025-08-10 16:00:00,16,6,8
702272,45.0,F,US,New York,mobile,premium,5500,documentary,2.9,PG-13,5277,banner,sidebar,auto,5.83,10,1,0,1,1.7,4,11.26,0.92,0.6,0.25,2024-03-22 22:00:00,22,4,3
520725,70.0,F,DE,Munich,mobile,free,7271,music,45.2,PG,5991,audio,mid_roll,gaming,5.39,1,1,0,1,95.05050000000048,5,11.09,0.81,0.49,0.13,2024-07-06 15:00:00,15,5,7
409126,73.0,M,US,Seattle,mobile,basic,3608,gaming,20.4,PG-13,5918,native,pre_roll,retail,5.47,5,0,0,0,10.9,0,5.77,1.28,0.01,0.03,2024-12-30 00:00:00,0,0,12
342072,43.0,M,MX,Guadalajara,console,free,9928,gaming,58.5,PG,5756,video,pre_roll,retail,4.49,10,0,0,0,49.7,4,4.99,0.87,0.02,0.05,2024-03-27 12:00:00,12,2,3
986878,18.0,M,JP,Tokyo,desktop,free,4685,music,32.9,R,5646,audio,mid_roll,retail,6.59,7,0,0,0,20.8,5,14.28,1.08,0.04,0.1,2024-09-08 21:00:00,21,6,9
605006,56.0,Unknown,DE,Munich,tablet,free,2977,news,39.8,R,5256,banner,pre_roll,finance,3.37,10,0,0,0,36.5,5,8.75,1.21,0.04,0.09,2024-05-22 22:00:00,22,2,5
491686,41.0,F,UK,Manchester,smart_tv,basic,4277,documentary,46.3,R,5488,banner,post_roll,travel,8.48,11,0,0,0,25.5,1,9.96,1.6,0.04,0.11,2025-07-17 18:00:00,18,3,7
114765,16.0,F,BR,Rio de Janeiro,desktop,free,5941,documentary,30.2,PG-13,5413,video,in_feed,auto,7.58,1,0,0,0,0.5,1,13.6,1.72,0.01,0.01,2024-04-04 04:00:00,4,3,4
303410,17.0,M,CA,Toronto,desktop,free,1047,documentary,20.8,PG-13,5476,audio,mid_roll,cpg,4.02,3,0,0,0,10.8,0,9.32,1.46,0.01,0.03,2024-05-20 03:00:00,3,0,5
508735,45.0,Unknown,IN,Mumbai,desktop,premium,8781,kids,16.6,PG,5290,interstitial,post_roll,travel,6.13,3,1,0,1,8.0,3,11.93,1.29,0.79,0.23,2024-06-14 08:00:00,8,4,6
505483,74.0,M,DE,Munich,desktop,premium,9468,kids,68.5,R,5376,audio,mid_roll,gaming,1.82,6,0,0,0,52.2,4,5.99,0.74,0.01,0.04,2024-05-20 05:00:00,5,0,5
572707,62.0,F,US,Chicago,desktop,free,5330,kids,38.0,PG-13,5946,banner,sidebar,travel,11.4,11,1,0,1,18.5,2,12.59,0.75,0.51,0.25,2025-01-02 00:00:00,0,3,1
190747,28.0,F,DE,Berlin,desktop,family,2729,comedy,33.1,G,5263,banner,post_roll,travel,1.8,6,1,0,1,12.4,2,6.1,0.93,0.57,0.18,2024-09-13 17:00:00,17,4,9
298658,43.0,F,BR,Rio de Janeiro,smart_tv,basic,3152,music,34.0,PG,5971,video,pre_roll,finance,10.93,9,1,0,1,21.4,5,13.33,1.06,0.68,0.28,2025-07-06 17:00:00,17,6,7
458799,61.0,F,DE,Munich,desktop,basic,5178,kids,28.6,PG-13,5169,audio,mid_roll,travel,6.19,8,1,0,1,21.0,1,12.1,1.08,0.69,0.26,2024-07-19 20:00:00,20,4,7
326137,67.0,F,IN,Bengaluru,desktop,family,4977,news,38.7,G,5406,audio,pre_roll,tech,4.33,1,0,0,0,6.5,1,8.09,1.18,0.0,0.01,2024-12-16 02:00:00,2,0,12
216082,21.0,F,CA,Vancouver,tablet,premium,8368,news,50.7,PG-13,5348,banner,pre_roll,travel,4.29,3,0,0,0,30.6,2,10.63,0.71,0.01,0.03,2025-02-20 10:00:00,10,3,2
193247,29.0,F,UK,London,desktop,free,9251,gaming,25.5,R,5834,interstitial,mid_roll,healthcare,5.18,6,1,1,1,29.2,2,7.65,0.89,18.06,0.18,2025-02-02 00:00:00,0,6,2
883922,74.0,F,BR,Sao Paulo,desktop,free,4755,gaming,52.4,R,5829,interstitial,sidebar,gaming,2.2,7,0,0,0,39.6,2,9.45,0.46,0.03,0.07,2025-05-05 01:00:00,1,0,5
904083,59.0,M,BR,Sao Paulo,mobile,free,8539,music,22.0,PG-13,5955,native,pre_roll,cpg,7.05,6,0,0,0,13.5,2,12.9,1.14,0.03,0.08,2024-06-18 00:00:00,0,1,6
849693,45.0,F,JP,Osaka,desktop,family,8371,gaming,35.3,R,5455,audio,pre_roll,healthcare,3.9,2,0,0,0,20.6,4,13.53,1.82,0.01,0.03,2024-11-30 00:00:00,0,5,11
144154,20.0,F,US,New York,mobile,free,4708,news,25.1,PG,5865,audio,mid_roll,travel,2.67,7,0,0,0,20.6,5,14.47,0.96,0.04,0.1,2025-05-07 07:00:00,7,2,5
732462,57.0,M,UK,Manchester,console,basic,5035,drama,47.5,PG,5337,interstitial,mid_roll,auto,3.43,8,0,0,0,0.5,0,11.92,1.19,0.04,0.1,2025-06-10 00:00:00,0,1,6
902614,24.0,M,BR,Rio de Janeiro,mobile,free,1735,drama,19.8,G,5340,banner,pre_roll,retail,8.51,5,0,0,0,3.8,3,10.64,1.13,0.02,0.05,2025-01-28 14:00:00,14,1,1
212526,72.0,M,DE,Berlin,desktop,free,1597,drama,59.5,PG-13,5821,audio,mid_roll,gaming,7.11,1,0,0,0,19.1,0,7.64,0.59,0.0,0.01,2025-02-16 00:00:00,0,6,2
963980,14.0,F,IN,Hyderabad,desktop,basic,8303,comedy,56.7,PG-13,5083,banner,mid_roll,healthcare,6.53,8,1,0,1,4.2,2,8.35,1.26,0.78,0.26,2025-06-10 15:00:00,15,1,6
734548,65.0,M,AU,Melbourne,mobile,premium,9569,sports,13.2,PG,5621,video,post_roll,retail,5.98,6,0,0,0,2.8,10,10.9,1.21,0.03,0.07,2025-02-01 10:00:00,10,5,2
617509,73.0,F,IN,Bengaluru,desktop,basic,6580,music,53.1,PG-13,5992,native,sidebar,cpg,5.62,11,1,0,1,46.3,2,3.58,0.49,0.31,0.11,2025-07-26 09:00:00,9,5,7
229339,66.0,F,BR,Rio de Janeiro,desktop,basic,1439,comedy,33.1,R,5163,banner,mid_roll,auto,3.78,11,1,1,1,27.6,3,6.78,1.02,32.27,0.23,2024-05-08 21:00:00,21,2,5
902683,65.0,M,FR,Paris,tablet,basic,7541,news,38.0,PG-13,5240,audio,post_roll,auto,5.45,1,0,0,0,13.7,5,7.15,1.01,0.0,0.01,2024-09-04 20:00:00,20,2,9
966635,62.0,F,US,Austin,mobile,free,1318,gaming,49.2,G,5789,video,sidebar,cpg,3.23,2,0,0,0,37.2,4,6.0,0.33,0.0,0.01,2024-04-30 13:00:00,13,1,4
568598,26.0,F,US,Austin,desktop,family,9755,gaming,50.3,PG-13,5048,audio,in_feed,auto,4.64,7,0,0,0,40.7,2,11.69,1.18,0.03,0.08,2024-04-18 21:00:00,21,3,4
586875,17.0,M,DE,Berlin,desktop,basic,9397,comedy,70.9,PG-13,5614,video,sidebar,auto,2.94,8,0,0,0,72.8,6,7.16,0.74,0.02,0.06,2024-11-10 20:00:00,20,6,11
130768,30.0,F,IN,Mumbai,desktop,basic,3993,gaming,12.3,R,5459,audio,sidebar,finance,6.05,5,0,0,0,0.5,1,10.92,1.6,0.02,0.05,2024-07-01 00:00:00,0,0,7
173617,69.0,F,DE,Berlin,desktop,basic,7419,gaming,16.6,R,5589,video,sidebar,travel,4.71,2,0,0,0,12.3,7,12.16,0.73,0.01,0.02,2024-10-06 20:00:00,20,6,10
323170,48.0,F,US,Chicago,tablet,basic,2961,music,37.5,R,5672,banner,sidebar,tech,6.28,6,0,0,0,20.7,5,13.83,1.66,0.03,0.08,2024-10-23 10:00:00,10,2,10
168013,17.0,M,AU,Sydney,mobile,premium,1174,gaming,24.9,G,5498,video,pre_roll,healthcare,4.71,1,0,0,0,15.8,5,17.35,0.65,0.01,0.02,2025-01-30 07:00:00,7,3,1
974046,61.0,M,FR,Lyon,desktop,premium,4712,documentary,27.4,PG-13,5413,interstitial,mid_roll,travel,5.61,10,0,0,0,28.5,3,11.86,1.21,0.05,0.12,2025-07-24 16:00:00,16,3,7
475967,32.0,F,JP,Osaka,mobile,free,1658,music,39.4,R,5130,interstitial,sidebar,finance,2.04,8,2,1,1,22.1,7,14.47,0.9,26.69,0.39,2025-06-02 16:00:00,16,0,6
832069,61.0,M,US,Austin,mobile,free,8431,music,51.3,PG,5030,native,in_feed,tech,3.41,1,0,0,0,22.3,4,12.1,1.28,0.0,0.01,2024-09-21 06:00:00,6,5,9
402252,34.0,M,CA,Vancouver,desktop,free,3839,drama,58.4,R,5651,video,pre_roll,retail,8.62,5,0,0,0,60.7,5,11.17,1.4,0.02,0.06,2024-08-23 19:00:00,19,4,8
984727,26.0,F,BR,Sao Paulo,smart_tv,free,9638,drama,45.0,R,5429,audio,sidebar,travel,1.42,4,0,0,0,27.5,5,19.61,0.51,0.03,0.08,2025-04-21 05:00:00,5,0,4
610925,62.0,F,UK,London,tablet,free,4207,music,31.3,R,5921,native,mid_roll,finance,17.06,9,0,0,0,19.0,2,11.58,1.67,0.04,0.1,2024-05-06 18:00:00,18,0,5
485208,63.0,F,AU,Sydney,mobile,free,5798,news,32.5,PG,5407,native,post_roll,finance,1.4,2,0,0,0,27.9,5,6.16,0.88,0.0,0.01,2024-12-17 20:00:00,20,1,12
121041,25.0,M,IN,Bengaluru,mobile,free,5673,gaming,41.4,PG-13,5078,audio,sidebar,tech,4.97,4,0,0,0,18.8,2,7.53,1.39,0.01,0.03,2024-10-15 10:00:00,10,1,10
304252,13.0,M,US,Seattle,desktop,free,7029,gaming,45.6,PG,5048,video,post_roll,healthcare,4.08,2,0,0,0,25.7,3,13.19,0.54,0.01,0.03,2024-06-07 17:00:00,17,4,6
350906,38.0,F,CA,Vancouver,desktop,premium,1538,documentary,30.0,PG,5415,video,mid_roll,healthcare,5.73,8,0,0,0,20.5,1,11.69,1.6,0.04,0.09,2025-01-27 21:00:00,21,0,1
339478,34.0,F,AU,Melbourne,mobile,free,9097,drama,43.0,R,5801,interstitial,post_roll,retail,3.91,3,0,0,0,17.4,0,9.58,0.29,0.01,0.03,2024-08-21 04:00:00,4,2,8
365032,63.0,F,US,Chicago,mobile,basic,9729,news,18.5,PG,5063,interstitial,mid_roll,travel,2.15,7,0,0,0,1.2,5,7.98,0.61,0.02,0.06,2024-06-09 05:00:00,5,6,6
843529,48.0,M,UK,Manchester,desktop,basic,2014,gaming,48.7,PG,5256,native,mid_roll,finance,4.59,3,0,0,0,39.2,9,11.07,1.41,0.01,0.03,2025-02-16 17:00:00,17,6,2
734810,41.0,M,UK,Manchester,mobile,free,7192,music,8.8,G,5654,native,sidebar,cpg,5.48,3,0,0,0,16.0,4,4.67,1.13,0.01,0.01,2024-06-03 01:00:00,1,0,6
281743,61.0,M,DE,Berlin,mobile,premium,2898,news,70.7,PG-13,5603,interstitial,mid_roll,tech,2.37,11,0,0,0,24.3,0,12.7,1.06,0.06,0.14,2025-02-27 08:00:00,8,3,2
542841,69.0,M,IN,Mumbai,desktop,free,2787,comedy,38.7,PG-13,5190,interstitial,sidebar,auto,2.38,4,0,0,0,17.6,0,7.05,1.48,0.01,0.03,2024-05-27 12:00:00,12,0,5
647096,58.0,M,IN,Mumbai,smart_tv,free,9933,documentary,48.8,G,5972,native,sidebar,travel,4.61,5,0,0,0,29.9,5,7.73,0.91,0.02,0.04,2024-10-21 18:00:00,18,0,10
842330,55.0,F,US,Seattle,mobile,premium,2768,comedy,46.7,PG-13,5103,audio,post_roll,finance,7.92,6,1,0,1,29.8,3,9.16,1.42,0.87,0.27,2025-05-11 07:00:00,7,6,5
909628,20.0,F,BR,Unknown,desktop,free,1072,comedy,49.7,R,5524,native,pre_roll,auto,4.17,1,0,0,0,20.6,3,10.32,1.09,0.0,0.01,2024-07-02 11:00:00,11,1,7
436935,44.0,M,BR,Sao Paulo,desktop,basic,5687,comedy,56.8,PG-13,5693,banner,pre_roll,healthcare,3.1,7,0,0,0,31.6,4,14.6,0.92,0.04,0.1,2025-04-19 12:00:00,12,5,4
833186,39.0,F,BR,Sao Paulo,mobile,basic,1202,sports,65.0,G,5411,audio,mid_roll,healthcare,4.43,1,0,0,0,66.9,5,11.25,1.41,0.0,0.01,2025-03-25 19:00:00,19,1,3
281922,39.0,Other,FR,Paris,desktop,basic,3417,music,54.3,R,5423,video,pre_roll,gaming,1.9,7,0,0,0,20.9,2,10.83,0.75,0.03,0.08,2025-07-01 10:00:00,10,1,7
480494,64.0,F,MX,Mexico City,mobile,free,5105,music,68.9,G,5451,audio,in_feed,travel,7.71,3,0,0,0,32.4,3,11.31,0.46,0.01,0.03,2024-05-31 04:00:00,4,4,5
372246,31.0,M,IN,Hyderabad,mobile,basic,8300,documentary,55.5,PG-13,5360,audio,pre_roll,healthcare,9.32,2,1,0,1,24.5,5,12.01,1.12,0.68,0.19,2025-03-22 03:00:00,3,5,3
450831,62.0,F,FR,Lyon,desktop,free,6225,news,42.5,PG,5132,native,post_roll,gaming,5.89,2,0,0,0,27.3,7,12.23,1.25,0.01,0.02,2025-07-19 19:00:00,19,5,7
260229,59.0,M,BR,Rio de Janeiro,mobile,premium,1671,gaming,25.2,PG,5913,video,pre_roll,tech,2.55,10,0,0,0,11.7,1,10.78,0.98,0.04,0.11,2025-04-17 00:00:00,0,3,4
635028,25.0,M,US,Austin,mobile,premium,4844,gaming,31.7,PG-13,5435,banner,pre_roll,auto,11.25,3,0,0,0,7.4,1,11.39,2.4,0.01,0.03,2024-06-10 11:00:00,11,0,6
861738,14.0,F,IN,Hyderabad,mobile,basic,2746,news,29.7,R,5826,banner,sidebar,auto,2.17,9,1,0,1,15.9,3,6.51,1.11,0.69,0.23,2025-05-18 23:00:00,23,6,5
493782,17.0,M,AU,Sydney,tablet,free,8283,gaming,32.2,PG,5984,audio,sidebar,travel,8.46,2,0,0,0,26.7,3,12.49,1.33,0.01,0.02,2024-04-27 22:00:00,22,5,4
371411,67.0,F,US,Seattle,mobile,basic,5190,drama,17.5,R,5843,banner,pre_roll,healthcare,2.64,1,0,0,0,6.4,3,7.03,1.17,0.0,0.01,2025-01-12 23:00:00,23,6,1
347184,44.0,Unknown,JP,Tokyo,mobile,free,2849,comedy,37.5,PG,5232,interstitial,mid_roll,tech,7.77,6,0,0,0,43.3,6,13.81,1.15,0.03,0.08,2024-11-24 17:00:00,17,6,11
552745,52.0,F,BR,Sao Paulo,mobile,family,5553,documentary,29.8,R,5766,native,mid_roll,tech,4.31,5,0,0,0,16.4,7,8.69,1.16,0.02,0.04,2024-12-12 18:00:00,18,3,12
201815,32.0,F,FR,Paris,desktop,family,7918,gaming,9.6,G,5458,audio,pre_roll,auto,2.86,1,0,0,0,0.5,4,7.54,0.11,0.0,0.01,2024-12-06 13:00:00,13,4,12
298521,38.0,M,JP,Tokyo,mobile,premium,9260,news,55.7,PG-13,5290,audio,pre_roll,retail,4.49,3,0,0,0,47.2,1,13.42,0.97,0.02,0.04,2024-03-17 23:00:00,23,6,3
380400,27.0,F,BR,Rio de Janeiro,mobile,free,7996,documentary,39.1,G,5937,banner,in_feed,auto,2.42,7,0,0,0,30.9,4,11.91,1.73,0.03,0.08,2024-11-30 10:00:00,10,5,11
638079,15.0,F,BR,Sao Paulo,mobile,family,8705,sports,42.3,PG-13,5725,audio,in_feed,finance,4.24,3,0,0,0,53.9,2,7.74,0.05,0.01,0.02,2025-07-19 20:00:00,20,5,7
226684,34.0,M,DE,Berlin,desktop,free,1300,sports,67.8,PG-13,5692,banner,post_roll,healthcare,5.64,11,0,0,0,53.8,7,11.7,2.27,0.05,0.13,2024-10-22 19:00:00,19,1,10
917253,52.0,F,US,Chicago,mobile,family,7795,music,31.3,R,5444,native,pre_roll,cpg,8.48,7,0,0,0,22.7,0,10.96,1.35,0.03,0.08,2024-07-28 12:00:00,12,6,7
156352,19.0,M,DE,Berlin,smart_tv,free,7138,music,59.8,PG,5502,interstitial,in_feed,cpg,4.87,6,0,0,0,28.4,4,11.8,0.28,0.03,0.07,2025-08-20 04:00:00,4,2,8
806913,46.0,F,DE,Munich,desktop,free,1295,kids,42.4,PG-13,5443,interstitial,sidebar,gaming,1.22,7,0,0,0,25.8,3,7.24,0.77,0.02,0.05,2024-04-23 10:00:00,10,1,4
906196,38.0,M,DE,Munich,desktop,free,7070,documentary,57.2,R,5276,video,sidebar,healthcare,5.52,1,0,0,0,38.5,4,7.51,1.07,0.0,0.01,2024-11-18 14:00:00,14,0,11
972440,51.0,F,UK,London,mobile,premium,9203,music,49.2,PG,5560,video,sidebar,finance,1.75,7,1,0,1,28.6,6,8.66,1.22,0.76,0.24,2024-12-02 19:00:00,19,0,12
693832,14.0,F,US,Chicago,desktop,free,9151,drama,58.0,R,5995,native,mid_roll,tech,6.64,1,1,0,1,49.9,3,7.32,0.59,0.36,0.1,2024-11-14 02:00:00,2,3,11
858164,65.0,M,US,New York,mobile,family,3950,gaming,76.6,R,5772,banner,post_roll,cpg,5.97,8,0,0,0,55.5,2,15.22,0.98,0.05,0.12,2025-07-11 17:00:00,17,4,7
968013,13.0,M,BR,Rio de Janeiro,mobile,basic,8932,sports,46.6,PG,5891,interstitial,pre_roll,retail,4.21,3,0,0,0,35.9,9,6.28,1.85,0.01,0.02,2024-10-14 18:00:00,18,0,10
369356,62.0,M,BR,Sao Paulo,desktop,free,9240,news,30.8,PG,5871,banner,post_roll,retail,4.87,9,0,0,0,13.7,3,5.76,0.74,0.02,0.05,2025-08-08 13:00:00,13,4,8
772113,46.0,M,IN,Mumbai,mobile,basic,1087,drama,56.4,PG,5641,native,mid_roll,healthcare,8.73,11,2,0,1,37.8,2,7.17,0.84,1.04,0.33,2024-04-06 02:00:00,2,5,4
186565,35.0,F,IN,Bengaluru,mobile,free,5711,gaming,6.8,PG-13,5252,interstitial,pre_roll,travel,4.57,8,0,0,0,0.5,0,7.4,1.27,0.02,0.06,2025-04-01 07:00:00,7,1,4
757326,64.0,M,MX,Guadalajara,desktop,free,2224,comedy,35.1,R,5423,audio,mid_roll,auto,5.93,7,0,0,0,30.8,6,3.94,0.94,0.01,0.03,2025-01-15 04:00:00,4,2,1
751232,59.0,M,FR,Lyon,desktop,free,9530,documentary,2.0,R,5295,interstitial,sidebar,retail,7.46,4,1,0,1,15.7,1,10.31,1.06,0.65,0.2,2024-07-08 21:00:00,21,0,7
529735,18.0,F,DE,Berlin,smart_tv,free,6300,comedy,19.1,R,5644,banner,mid_roll,retail,6.06,4,0,0,0,3.8,1,8.7,1.44,0.01,0.03,2024-07-02 02:00:00,2,1,7
226336,31.0,M,US,Chicago,mobile,free,6685,gaming,51.1,PG,5234,interstitial,pre_roll,finance,5.71,4,0,0,0,42.4,5,10.67,1.79,0.02,0.04,2025-03-24 15:00:00,15,0,3
657355,29.0,M,IN,Hyderabad,mobile,premium,1139,comedy,69.8,PG,5811,interstitial,mid_roll,finance,2.99,11,0,0,0,36.1,2,11.7,0.72,0.05,0.13,2025-02-08 07:00:00,7,5,2
189044,19.0,F,IN,Bengaluru,desktop,free,7059,comedy,49.8,PG,5052,audio,sidebar,gaming,5.27,11,0,0,0,14.3,5,10.47,1.26,0.05,0.12,2025-01-25 00:00:00,0,5,1
186284,47.0,F,CA,Toronto,mobile,free,3921,kids,34.2,PG,5865,interstitial,in_feed,auto,7.65,7,0,0,0,13.2,0,6.86,2.16,0.02,0.05,2024-03-28 10:00:00,10,3,3
604801,67.0,F,US,Seattle,mobile,basic,2616,kids,75.4,PG,5482,interstitial,pre_roll,retail,11.67,6,0,0,0,51.4,3,6.82,0.91,0.02,0.04,2025-01-17 20:00:00,20,4,1
697755,65.0,M,FR,Paris,tablet,basic,9444,music,16.5,R,5758,interstitial,pre_roll,cpg,7.74,3,0,0,0,17.7,7,9.84,1.67,0.01,0.03,2025-08-12 22:00:00,22,1,8
453255,52.0,F,JP,Osaka,mobile,free,4058,documentary,43.6,R,5292,video,sidebar,finance,7.38,9,0,0,0,15.9,3,9.7,1.23,0.03,0.09,2024-03-10 08:00:00,8,6,3
678305,36.0,F,UK,London,smart_tv,premium,4598,documentary,17.7,PG,5797,video,sidebar,tech,7.26,6,0,0,0,5.2,4,13.0,1.33,0.03,0.08,2024-11-09 06:00:00,6,5,11
691672,47.0,M,IN,Mumbai,mobile,free,7907,music,63.0,PG-13,5484,audio,mid_roll,gaming,2.36,10,0,0,0,53.7,7,13.6,0.56,0.05,0.14,2024-11-22 23:00:00,23,4,11
540246,66.0,M,DE,Munich,mobile,free,9181,news,2.0,PG-13,5520,banner,mid_roll,retail,6.48,9,0,0,0,20.6,1,9.28,0.41,0.03,0.08,2025-06-28 05:00:00,5,5,6
633402,50.0,M,IN,Hyderabad,mobile,free,4151,kids,34.7,PG-13,5754,video,in_feed,tech,3.67,3,0,0,0,23.3,6,12.34,0.59,0.01,0.04,2024-07-31 17:00:00,17,2,7
690737,18.0,F,IN,Mumbai,mobile,free,7477,news,27.3,G,5488,audio,in_feed,cpg,6.35,2,0,0,0,3.2,1,3.34,1.3,0.0,0.01,2024-11-12 19:00:00,19,1,11
687304,64.0,M,US,Austin,mobile,family,3142,drama,69.3,PG,5045,banner,in_feed,healthcare,11.07,10,0,0,0,82.3,6,11.03,1.65,0.04,0.11,2025-03-23 06:00:00,6,6,3
826019,52.0,M,BR,Rio de Janeiro,desktop,free,9155,documentary,52.0,PG,5701,video,sidebar,auto,6.08,1,0,0,0,0.5,0,11.02,0.85,0.0,0.01,2024-04-02 13:00:00,13,1,4
659879,57.0,F,US,Seattle,mobile,basic,7631,gaming,30.1,PG-13,5771,interstitial,in_feed,tech,4.58,10,0,0,0,23.8,1,6.1,0.82,0.02,0.06,2025-05-07 14:00:00,14,2,5
474486,45.0,F,CA,Toronto,tablet,free,9984,gaming,33.5,R,5358,interstitial,mid_roll,cpg,3.05,11,0,0,0,40.1,9,7.65,1.13,0.03,0.08,2025-05-18 23:00:00,23,6,5
282076,44.0,F,BR,Sao Paulo,desktop,free,4234,news,50.4,G,5348,interstitial,sidebar,finance,7.11,9,0,0,0,38.4,1,10.88,2.07,0.04,0.1,2025-03-24 14:00:00,14,0,3
394109,55.0,F,US,Seattle,desktop,basic,4251,news,26.3,PG-13,5845,native,pre_roll,retail,5.81,5,0,0,0,15.8,1,9.09,0.94,0.02,0.05,2025-02-14 00:00:00,0,4,2
520947,38.0,M,IN,Hyderabad,mobile,free,6457,kids,28.7,R,5922,video,in_feed,tech,13.34,4,0,0,0,20.6,2,9.25,2.51,0.01,0.04,2025-04-08 17:00:00,17,1,4
364307,21.0,F,CA,Vancouver,mobile,basic,2950,comedy,30.9,PG,5932,audio,sidebar,finance,2.92,11,2,0,1,11.7,1,12.89,1.01,1.27,0.44,2025-04-27 03:00:00,3,6,4
105917,26.0,M,US,Austin,tablet,free,3797,kids,20.9,PG-13,5776,video,in_feed,retail,5.7,11,0,0,0,15.0,5,8.55,1.27,0.04,0.09,2025-07-01 19:00:00,19,1,7
887836,57.0,M,US,Austin,mobile,free,8142,kids,38.1,PG,5327,interstitial,pre_roll,retail,7.81,1,0,0,0,10.9,3,14.66,0.57,0.01,0.01,2024-10-18 05:00:00,5,4,10
735887,26.0,F,US,Austin,mobile,family,4129,music,56.9,PG-13,5035,video,sidebar,gaming,6.54,6,0,0,0,37.2,3,9.58,1.68,0.02,0.06,2024-11-02 06:00:00,6,5,11
970195,14.0,M,BR,Rio de Janeiro,desktop,premium,6904,drama,2.0,R,5813,native,sidebar,auto,1.34,3,0,0,0,5.8,5,8.42,1.14,0.01,0.03,2025-02-08 11:00:00,11,5,2
898423,22.0,F,IN,Bengaluru,mobile,free,8592,news,28.9,PG-13,5305,video,post_roll,cpg,6.37,10,0,0,0,16.8,2,13.51,0.84,0.05,0.14,2024-06-13 06:00:00,6,3,6
824618,38.0,M,US,Seattle,desktop,free,4705,kids,38.0,R,5429,native,mid_roll,auto,2.55,7,0,0,0,31.3,2,8.61,0.56,0.02,0.06,2025-06-06 08:00:00,8,4,6
955599,73.0,M,US,New York,mobile,free,8440,drama,38.4,PG,5003,banner,sidebar,auto,2.61,9,1,0,1,18.8,2,5.8,0.94,0.58,0.19,2025-04-21 01:00:00,1,0,4
723390,35.0,F,UK,Manchester,mobile,family,4969,sports,17.8,PG-13,5386,audio,post_roll,travel,5.34,3,0,0,0,8.3,5,12.57,0.63,0.02,0.04,2025-02-04 18:00:00,18,1,2
980373,60.0,F,US,New York,desktop,family,9276,music,23.7,R,5747,interstitial,post_roll,travel,6.41,5,0,0,0,15.5,7,11.21,0.97,0.02,0.06,2024-08-10 21:00:00,21,5,8
856908,47.0,F,IN,Mumbai,mobile,basic,4763,kids,23.7,PG-13,5335,video,post_roll,travel,4.59,6,0,0,0,8.6,1,6.21,0.8,0.01,0.04,2024-09-04 17:00:00,17,2,9
595206,43.0,M,UK,Manchester,mobile,family,6171,music,45.2,PG-13,5429,audio,mid_roll,tech,5.34,8,0,0,0,12.1,2,7.75,1.38,0.02,0.06,2024-10-21 21:00:00,21,0,10
788899,53.0,M,IN,Hyderabad,mobile,free,8408,comedy,37.8,PG,5111,banner,mid_roll,tech,10.99,6,0,0,0,8.3,2,6.79,1.41,0.02,0.04,2025-02-21 18:00:00,18,4,2
